                                                                      Page 1
                                                              C:\Windows\TEMP\gh_000098c3.si
Command Line: D:\ts_mirr\gh\ARM.V2017.1.4\comp_201714\asarm.exe -elf -b0 -I. -ICryptoLib/DummyCrypto/usercode -IFBL/FBL_Output/inc -IFBL/Integration_Code/integration_FBL_F/fixedcode -IFBL/Integration_Code/integration_FBL_F/usercode -IFBL/Integration_Code/integration_FBL_F/usercode/infineon_ucb/TC3XX -IFBL/Modules/b_autosar_cdd_FBL_common/delivery/aut_hsm -IFBL/Modules/b_autosar_cdd_FBL_common/delivery/btl -IFBL/Modules/b_autosar_cdd_FBL_common/delivery/comm -IFBL/Modules/b_autosar_cdd_FBL_common/delivery/diag -IFBL/Modules/b_autosar_cdd_FBL_common/delivery/mem -IFBL/Modules/b_autosar_cdd_FBL_common/delivery/misc -IFBL/Modules/b_autosar_cdd_FBL_common/delivery/sec -IFBL/Modules/b_autosar_cdd_FBL_cytxxx/delivery -IFBL/Modules/b_autosar_cdd_FBL_cytxxx/delivery/ip/CYT2B7 -IFBL/Modules/b_autosar_cdd_FBL_cytxxx/delivery/ip/CYT2B9 -IFBL/Modules/b_autosar_cdd_FBL_cytxxx/delivery/ip/CYT2BL -IFBL/Modules/b_autosar_cdd_FBL_cytxxx/delivery/ip/CYT3BB -IFBL/Modules/b_autosar_cdd_FBL_cytxxx/delivery/ip/CYT4BB -IFBL/Modules/b_autosar_cdd_FBL_cytxxx/delivery/ip/CYT4BF -Iinc -ID:\ts_mirr\gh\ARM.V2017.1.4\comp_201714\lib\thumb2 -cpu=cortexm4f -fpu=vfpv3_d16 -fpu=single -patch_dbo=C:\Working\AUTOSAR\WPC\01_SWP_Backup\ksn_backup\e_ka4_pe_wpc_v200_220519_1\FBL\Debug_FBL\CryptoLib\DummyCrypto\usercode\Dummy_HaeCryptoLib.dbo -source=Dummy_HaeCryptoLib.c -o FBL\Debug_FBL\CryptoLib\DummyCrypto\usercode\gh_000098c3.o -list=FBL/Debug_FBL/CryptoLib/DummyCrypto/usercode/Dummy_HaeCryptoLib.lst C:\Windows\TEMP\gh_000098c3.si 
Original File: C:\Windows\TEMP\gh_000098c3.si
Source File: Dummy_HaeCryptoLib.c
Directory: C:\Working\AUTOSAR\WPC\01_SWP_Backup\ksn_backup\e_ka4_pe_wpc_v200_220519_1
Host OS: Windows
EASE: Copyright (C) 1983-2016 Green Hills Software.  All Rights Reserved.
Release: Compiler v2017.1.4
Build Directory: [Directory] COMP-VAL-WIN47:l:/compiler/release-branch-2017-1-comp/build/v2017.1-2017-04-09/win32-comp-ecom
Revision: [VCInfo] http://toolsvc/branches/release-branch-2017-1-comp/src@589570 (built by auto-compiler)
Revision Date: Mon Apr 10 11:52:57 2017

Release Date: Mon Apr 10 09:00:05 2017

                       1 ;Driver Command: ccarm -o
                       2 ;		FBL/Debug_FBL/CryptoLib/DummyCrypto/usercode/Dummy_HaeCryptoLib.o
                       3 ;		-D__GHS__ --no_alternative_tokens --no_commons --prototype_errors
                       4 ;		--short_enum -DCPU_BOARD_REVC -DCYT2B98CAE -DCY_USE_PSVP=0
                       5 ;		-D__ghs__ -Dcyt2b9 -Dtviibe2m -G -OI -Ointerproc -Olink -Omax
                       6 ;		-Ospeed -Wformat -Wimplicit-int -Wshadow -Wtrigraphs -Wundef
                       7 ;		-align4 -asm3g -c -cpu=cortexm4f -dwarf2 -fsingle
                       8 ;		-globalcheck=normal -globalcheck_qualifiers -list -nostartfiles
                       9 ;		-preprocess_assembly_files -reject_duplicates -thumb -thumb_lib
                      10 ;		--gnu_asm -D__cortexm4__ -DFLASH_START -DGHS -DIN_BOOT
                      11 ;		-D_GHS_C_ARM_ -D__EDG__ -DDISABLE_MCAL_INTERMODULE_ASR_CHECK -I.
                      12 ;		-ICryptoLib/DummyCrypto/usercode -IFBL/FBL_Output/inc
                      13 ;		-IFBL/Integration_Code/integration_FBL_F/fixedcode
                      14 ;		-IFBL/Integration_Code/integration_FBL_F/usercode
                      15 ;		-IFBL/Integration_Code/integration_FBL_F/usercode/infineon_ucb/TC3XX
                      16 ;		-IFBL/Modules/b_autosar_cdd_FBL_common/delivery/aut_hsm
                      17 ;		-IFBL/Modules/b_autosar_cdd_FBL_common/delivery/btl
                      18 ;		-IFBL/Modules/b_autosar_cdd_FBL_common/delivery/comm
                      19 ;		-IFBL/Modules/b_autosar_cdd_FBL_common/delivery/diag
                      20 ;		-IFBL/Modules/b_autosar_cdd_FBL_common/delivery/mem
                      21 ;		-IFBL/Modules/b_autosar_cdd_FBL_common/delivery/misc
                      22 ;		-IFBL/Modules/b_autosar_cdd_FBL_common/delivery/sec
                      23 ;		-IFBL/Modules/b_autosar_cdd_FBL_cytxxx/delivery
                      24 ;		-IFBL/Modules/b_autosar_cdd_FBL_cytxxx/delivery/ip/CYT2B7
                      25 ;		-IFBL/Modules/b_autosar_cdd_FBL_cytxxx/delivery/ip/CYT2B9
                      26 ;		-IFBL/Modules/b_autosar_cdd_FBL_cytxxx/delivery/ip/CYT2BL
                      27 ;		-IFBL/Modules/b_autosar_cdd_FBL_cytxxx/delivery/ip/CYT3BB
                      28 ;		-IFBL/Modules/b_autosar_cdd_FBL_cytxxx/delivery/ip/CYT4BB
                      29 ;		-IFBL/Modules/b_autosar_cdd_FBL_cytxxx/delivery/ip/CYT4BF -Iinc
                      30 ;		CryptoLib/DummyCrypto/usercode/Dummy_HaeCryptoLib.c
                      31 ;Source File:   CryptoLib/DummyCrypto/usercode/Dummy_HaeCryptoLib.c
                      32 ;Directory:     
                      33 ;		C:\Working\AUTOSAR\WPC\01_SWP_Backup\ksn_backup\e_ka4_pe_wpc_v200_220519_1
                      34 ;Compile Date:  Wed May 25 13:50:59 2022
                      35 ;Host OS:       Win32
                      36 ;Version:       C-ARM 2017.1.4 RELEASE VERSION
                      37 ;Release:       Compiler v2017.1.4
                      38 ;Revision Date: Tue Apr 11 02:37:22 2017
                      39 ;Release Date:  Mon Apr 10 09:00:05 2017
                      40 ; ecom  -g -w -OLM
                      41 	.text
                      42 ..bof.C.3A.5CWorking.5CAUTOSAR.5CWPC.5C01_SWP_Backup.5Cksn_backup.5Ce_ka4_pe_wpc_v200_220519_1.5CFBL.5CDebug_FBL.5CCryptoLib.5CDummyCrypto.5Cusercode.5CDummy_HaeCryptoLib...43.3A.5CWorking.5CAUTOSAR.5CWPC.5C01_SWP_Backup.5Cksn_backup.5Ce_ka4_pe_wpc_v200_220519_1..628DB5B4..0::
                      43 	.align	2
                      44 ..gh.f.f.1.a.1.e.0:
                      45 	.endo	..gh.f.f.1.a.1.e.0
                      46 	.thumb2
                      47 Hmg_GetVersionInfo::
                      48 .LDW01:
00000000 2000         49 	movs	r0,0
                      50 .LDW11:

                                                                      Page 2
                                                              C:\Windows\TEMP\gh_000098c3.si
00000002 4770         51 	ret
                      52 __ghs_eofn_Hmg_GetVersionInfo::
                      53 	.endf	Hmg_GetVersionInfo
                      54 
                      55 	.section ".bss","awb"
                      56 .L48:
                      57 	.endo	.L48
                      58 	.text
                      59 ..gh.f.f.1.a.1.e.1:
                      60 	.endo	..gh.f.f.1.a.1.e.1
                      61 Hmg_SetCallbackFunc::
                      62 .LDW21:
                      63 .LDW31:
00000004 4770         64 	ret
                      65 __ghs_eofn_Hmg_SetCallbackFunc::
                      66 	.endf	Hmg_SetCallbackFunc
                      67 
                      68 ;callbackFunc	none	param
                      69 
                      70 	.section ".bss","awb"
                      71 .L106:
                      72 	.endo	.L106
                      73 	.text
                      74 ..gh.f.f.1.a.1.e.2:
                      75 	.endo	..gh.f.f.1.a.1.e.2
                      76 Hmg_ExecCallback::
                      77 .LDW41:
                      78 .LDW51:
00000006 4770         79 	ret
                      80 __ghs_eofn_Hmg_ExecCallback::
                      81 	.endf	Hmg_ExecCallback
                      82 
                      83 	.section ".bss","awb"
                      84 .L170:
                      85 	.endo	.L170
                      86 	.text
                      87 ..gh.f.f.1.a.1.e.3:
                      88 	.endo	..gh.f.f.1.a.1.e.3
                      89 Hmg_AesSetKey::
                      90 .LDW61:
00000008 2001         91 	movs	r0,1
                      92 .LDW71:
0000000a 4770         93 	ret
                      94 __ghs_eofn_Hmg_AesSetKey::
                      95 	.endf	Hmg_AesSetKey
                      96 
                      97 ;aesCtx	none	param
                      98 ;key	none	param
                      99 ;keylen	none	param
                     100 
                     101 	.section ".bss","awb"
                     102 .L240:
                     103 	.endo	.L240
                     104 	.text
                     105 ..gh.f.f.1.a.1.e.4:
                     106 	.endo	..gh.f.f.1.a.1.e.4
                     107 Hmg_AesEcbEnc::
                     108 .LDW81:
0000000c 2001        109 	movs	r0,1
                     110 .LDW91:
0000000e 4770        111 	ret

                                                                      Page 3
                                                              C:\Windows\TEMP\gh_000098c3.si
                     112 __ghs_eofn_Hmg_AesEcbEnc::
                     113 	.endf	Hmg_AesEcbEnc
                     114 
                     115 ;aesCtx	none	param
                     116 ;cipher	none	param
                     117 ;plain	none	param
                     118 ;plainLen	none	param
                     119 
                     120 	.section ".bss","awb"
                     121 .L304:
                     122 	.endo	.L304
                     123 	.text
                     124 ..gh.f.f.1.a.1.e.5:
                     125 	.endo	..gh.f.f.1.a.1.e.5
                     126 Hmg_AesEcbDec::
                     127 .LDW02:
00000010 2001        128 	movs	r0,1
                     129 .LDW12:
00000012 4770        130 	ret
                     131 __ghs_eofn_Hmg_AesEcbDec::
                     132 	.endf	Hmg_AesEcbDec
                     133 
                     134 ;aesCtx	none	param
                     135 ;plain	none	param
                     136 ;cipher	none	param
                     137 ;cipherLen	none	param
                     138 
                     139 	.section ".bss","awb"
                     140 .L368:
                     141 	.endo	.L368
                     142 	.text
                     143 ..gh.f.f.1.a.1.e.6:
                     144 	.endo	..gh.f.f.1.a.1.e.6
                     145 Hmg_AesCbcEnc::
                     146 .LDW22:
00000014 2001        147 	movs	r0,1
                     148 .LDW32:
00000016 4770        149 	ret
                     150 __ghs_eofn_Hmg_AesCbcEnc::
                     151 	.endf	Hmg_AesCbcEnc
                     152 
                     153 ;aesCtx	none	param
                     154 ;iv	none	param
                     155 ;cipher	none	param
                     156 ;plain	none	param
                     157 ;plainLen	none	param
                     158 
                     159 	.section ".bss","awb"
                     160 .L432:
                     161 	.endo	.L432
                     162 	.text
                     163 ..gh.f.f.1.a.1.e.7:
                     164 	.endo	..gh.f.f.1.a.1.e.7
                     165 Hmg_AesCbcDec::
                     166 .LDW42:
00000018 2001        167 	movs	r0,1
                     168 .LDW52:
0000001a 4770        169 	ret
                     170 __ghs_eofn_Hmg_AesCbcDec::
                     171 	.endf	Hmg_AesCbcDec
                     172 

                                                                      Page 4
                                                              C:\Windows\TEMP\gh_000098c3.si
                     173 ;aesCtx	none	param
                     174 ;iv	none	param
                     175 ;plain	none	param
                     176 ;cipher	none	param
                     177 ;cipherLen	none	param
                     178 
                     179 	.section ".bss","awb"
                     180 .L496:
                     181 	.endo	.L496
                     182 	.text
                     183 ..gh.f.f.1.a.1.e.8:
                     184 	.endo	..gh.f.f.1.a.1.e.8
                     185 Hmg_AesCtrStart::
                     186 .LDW62:
0000001c 2001        187 	movs	r0,1
                     188 .LDW72:
0000001e 4770        189 	ret
                     190 __ghs_eofn_Hmg_AesCtrStart::
                     191 	.endf	Hmg_AesCtrStart
                     192 
                     193 ;aesCtrCtx	none	param
                     194 ;iv	none	param
                     195 ;key	none	param
                     196 ;keyLen	none	param
                     197 
                     198 	.section ".bss","awb"
                     199 .L560:
                     200 	.endo	.L560
                     201 	.text
                     202 ..gh.f.f.1.a.1.e.9:
                     203 	.endo	..gh.f.f.1.a.1.e.9
                     204 Hmg_AesCtrUpdate::
                     205 .LDW82:
00000020 2001        206 	movs	r0,1
                     207 .LDW92:
00000022 4770        208 	ret
                     209 __ghs_eofn_Hmg_AesCtrUpdate::
                     210 	.endf	Hmg_AesCtrUpdate
                     211 
                     212 ;aesCtrCtx	none	param
                     213 ;out	none	param
                     214 ;in	none	param
                     215 ;inLen	none	param
                     216 
                     217 	.section ".bss","awb"
                     218 .L624:
                     219 	.endo	.L624
                     220 	.text
                     221 ..gh.f.f.1.a.1.e.10:
                     222 	.endo	..gh.f.f.1.a.1.e.10
                     223 Hmg_AesCtrFinish::
                     224 .LDW03:
00000024 2001        225 	movs	r0,1
                     226 .LDW13:
00000026 4770        227 	ret
                     228 __ghs_eofn_Hmg_AesCtrFinish::
                     229 	.endf	Hmg_AesCtrFinish
                     230 
                     231 ;aesCtrCtx	none	param
                     232 ;totalLen	none	param
                     233 

                                                                      Page 5
                                                              C:\Windows\TEMP\gh_000098c3.si
                     234 	.section ".bss","awb"
                     235 .L688:
                     236 	.endo	.L688
                     237 	.text
                     238 ..gh.f.f.1.a.1.e.11:
                     239 	.endo	..gh.f.f.1.a.1.e.11
                     240 Hmg_AesCtr::
                     241 .LDW23:
00000028 2001        242 	movs	r0,1
                     243 .LDW33:
0000002a 4770        244 	ret
                     245 __ghs_eofn_Hmg_AesCtr::
                     246 	.endf	Hmg_AesCtr
                     247 
                     248 ;aesCtx	none	param
                     249 ;iv	none	param
                     250 ;out	none	param
                     251 ;in	none	param
                     252 ;inLen	none	param
                     253 
                     254 	.section ".bss","awb"
                     255 .L752:
                     256 	.endo	.L752
                     257 	.text
                     258 ..gh.f.f.1.a.1.e.12:
                     259 	.endo	..gh.f.f.1.a.1.e.12
                     260 Hmg_AesCmacStart::
                     261 .LDW43:
0000002c 2001        262 	movs	r0,1
                     263 .LDW53:
0000002e 4770        264 	ret
                     265 __ghs_eofn_Hmg_AesCmacStart::
                     266 	.endf	Hmg_AesCmacStart
                     267 
                     268 ;cmacCtx	none	param
                     269 ;key	none	param
                     270 ;keyLen	none	param
                     271 
                     272 	.section ".bss","awb"
                     273 .L816:
                     274 	.endo	.L816
                     275 	.text
                     276 ..gh.f.f.1.a.1.e.13:
                     277 	.endo	..gh.f.f.1.a.1.e.13
                     278 Hmg_AesGcmEnc::
                     279 .LDW63:
00000030 2001        280 	movs	r0,1
                     281 .LDW73:
00000032 4770        282 	ret
                     283 __ghs_eofn_Hmg_AesGcmEnc::
                     284 	.endf	Hmg_AesGcmEnc
                     285 
                     286 ;cipher	none	param
                     287 ;tag	none	param
                     288 ;gcmCtx	none	param
                     289 
                     290 	.section ".bss","awb"
                     291 .L880:
                     292 	.endo	.L880
                     293 	.text
                     294 ..gh.f.f.1.a.1.e.14:

                                                                      Page 6
                                                              C:\Windows\TEMP\gh_000098c3.si
                     295 	.endo	..gh.f.f.1.a.1.e.14
                     296 Hmg_AesGcmDec::
                     297 .LDW83:
00000034 2001        298 	movs	r0,1
                     299 .LDW93:
00000036 4770        300 	ret
                     301 __ghs_eofn_Hmg_AesGcmDec::
                     302 	.endf	Hmg_AesGcmDec
                     303 
                     304 ;plain	none	param
                     305 ;tag	none	param
                     306 ;gcmCtx	none	param
                     307 
                     308 	.section ".bss","awb"
                     309 .L944:
                     310 	.endo	.L944
                     311 	.text
                     312 ..gh.f.f.1.a.1.e.15:
                     313 	.endo	..gh.f.f.1.a.1.e.15
                     314 Hmg_AesCmacUpdate::
                     315 .LDW04:
00000038 2001        316 	movs	r0,1
                     317 .LDW14:
0000003a 4770        318 	ret
                     319 __ghs_eofn_Hmg_AesCmacUpdate::
                     320 	.endf	Hmg_AesCmacUpdate
                     321 
                     322 ;cmacCtx	none	param
                     323 ;msg	none	param
                     324 ;msgLen	none	param
                     325 
                     326 	.section ".bss","awb"
                     327 .L1008:
                     328 	.endo	.L1008
                     329 	.text
                     330 ..gh.f.f.1.a.1.e.16:
                     331 	.endo	..gh.f.f.1.a.1.e.16
                     332 Hmg_AesCmacFinish::
                     333 .LDW24:
0000003c 2001        334 	movs	r0,1
                     335 .LDW34:
0000003e 4770        336 	ret
                     337 __ghs_eofn_Hmg_AesCmacFinish::
                     338 	.endf	Hmg_AesCmacFinish
                     339 
                     340 ;cmacCtx	none	param
                     341 ;tag	none	param
                     342 
                     343 	.section ".bss","awb"
                     344 .L1072:
                     345 	.endo	.L1072
                     346 	.text
                     347 ..gh.f.f.1.a.1.e.17:
                     348 	.endo	..gh.f.f.1.a.1.e.17
                     349 Hmg_AesCmac::
                     350 .LDW44:
00000040 2001        351 	movs	r0,1
                     352 .LDW54:
00000042 4770        353 	ret
                     354 __ghs_eofn_Hmg_AesCmac::
                     355 	.endf	Hmg_AesCmac

                                                                      Page 7
                                                              C:\Windows\TEMP\gh_000098c3.si
                     356 
                     357 ;tag	none	param
                     358 ;key	none	param
                     359 ;keyLen	none	param
                     360 ;msg	none	param
                     361 ;msgLen	none	param
                     362 
                     363 	.section ".bss","awb"
                     364 .L1136:
                     365 	.endo	.L1136
                     366 	.text
                     367 ..gh.f.f.1.a.1.e.18:
                     368 	.endo	..gh.f.f.1.a.1.e.18
                     369 Hmg_EcckeyGenerate::
                     370 .LDW64:
00000044 2001        371 	movs	r0,1
                     372 .LDW74:
00000046 4770        373 	ret
                     374 __ghs_eofn_Hmg_EcckeyGenerate::
                     375 	.endf	Hmg_EcckeyGenerate
                     376 
                     377 ;publickey	none	param
                     378 ;privatekey	none	param
                     379 
                     380 	.section ".bss","awb"
                     381 .L1200:
                     382 	.endo	.L1200
                     383 	.text
                     384 ..gh.f.f.1.a.1.e.19:
                     385 	.endo	..gh.f.f.1.a.1.e.19
                     386 Hmg_EccEcdhStart::
                     387 .LDW84:
00000048 2001        388 	movs	r0,1
                     389 .LDW94:
0000004a 4770        390 	ret
                     391 __ghs_eofn_Hmg_EccEcdhStart::
                     392 	.endf	Hmg_EccEcdhStart
                     393 
                     394 ;Ecc_ctx	none	param
                     395 ;privatekeyA	none	param
                     396 ;publickeyB	none	param
                     397 
                     398 	.section ".bss","awb"
                     399 .L1264:
                     400 	.endo	.L1264
                     401 	.text
                     402 ..gh.f.f.1.a.1.e.20:
                     403 	.endo	..gh.f.f.1.a.1.e.20
                     404 Hmg_EccEcdhUpdate::
                     405 .LDW05:
0000004c 2001        406 	movs	r0,1
                     407 .LDW15:
0000004e 4770        408 	ret
                     409 __ghs_eofn_Hmg_EccEcdhUpdate::
                     410 	.endf	Hmg_EccEcdhUpdate
                     411 
                     412 ;Ecc_ctx	none	param
                     413 
                     414 	.section ".bss","awb"
                     415 .L1328:
                     416 	.endo	.L1328

                                                                      Page 8
                                                              C:\Windows\TEMP\gh_000098c3.si
                     417 	.text
                     418 ..gh.f.f.1.a.1.e.21:
                     419 	.endo	..gh.f.f.1.a.1.e.21
                     420 Hmg_EccEcdhFinish::
                     421 .LDW25:
00000050 2001        422 	movs	r0,1
                     423 .LDW35:
00000052 4770        424 	ret
                     425 __ghs_eofn_Hmg_EccEcdhFinish::
                     426 	.endf	Hmg_EccEcdhFinish
                     427 
                     428 ;Ecc_ctx	none	param
                     429 ;secretValue	none	param
                     430 
                     431 	.section ".bss","awb"
                     432 .L1392:
                     433 	.endo	.L1392
                     434 	.text
                     435 ..gh.f.f.1.a.1.e.22:
                     436 	.endo	..gh.f.f.1.a.1.e.22
                     437 Hmg_EccEcdh::
                     438 .LDW45:
00000054 2001        439 	movs	r0,1
                     440 .LDW55:
00000056 4770        441 	ret
                     442 __ghs_eofn_Hmg_EccEcdh::
                     443 	.endf	Hmg_EccEcdh
                     444 
                     445 ;secretValue	none	param
                     446 ;privatekeyA	none	param
                     447 ;publickeyB	none	param
                     448 
                     449 	.section ".bss","awb"
                     450 .L1456:
                     451 	.endo	.L1456
                     452 	.text
                     453 ..gh.f.f.1.a.1.e.23:
                     454 	.endo	..gh.f.f.1.a.1.e.23
                     455 Hmg_EccEcdsaSignStart::
                     456 .LDW65:
00000058 2001        457 	movs	r0,1
                     458 .LDW75:
0000005a 4770        459 	ret
                     460 __ghs_eofn_Hmg_EccEcdsaSignStart::
                     461 	.endf	Hmg_EccEcdsaSignStart
                     462 
                     463 ;Ecc_ctx	none	param
                     464 ;secretNumber	none	param
                     465 
                     466 	.section ".bss","awb"
                     467 .L1520:
                     468 	.endo	.L1520
                     469 	.text
                     470 ..gh.f.f.1.a.1.e.24:
                     471 	.endo	..gh.f.f.1.a.1.e.24
                     472 Hmg_EccEcdsaSignUpdate::
                     473 .LDW85:
0000005c 2001        474 	movs	r0,1
                     475 .LDW95:
0000005e 4770        476 	ret
                     477 __ghs_eofn_Hmg_EccEcdsaSignUpdate::

                                                                      Page 9
                                                              C:\Windows\TEMP\gh_000098c3.si
                     478 	.endf	Hmg_EccEcdsaSignUpdate
                     479 
                     480 ;Ecc_ctx	none	param
                     481 
                     482 	.section ".bss","awb"
                     483 .L1584:
                     484 	.endo	.L1584
                     485 	.text
                     486 ..gh.f.f.1.a.1.e.25:
                     487 	.endo	..gh.f.f.1.a.1.e.25
                     488 Hmg_EccEcdsaSignFinish::
                     489 .LDW06:
00000060 2001        490 	movs	r0,1
                     491 .LDW16:
00000062 4770        492 	ret
                     493 __ghs_eofn_Hmg_EccEcdsaSignFinish::
                     494 	.endf	Hmg_EccEcdsaSignFinish
                     495 
                     496 ;Ecc_ctx	none	param
                     497 ;signature	none	param
                     498 ;hashedMessage	none	param
                     499 ;privatekey	none	param
                     500 
                     501 	.section ".bss","awb"
                     502 .L1648:
                     503 	.endo	.L1648
                     504 	.text
                     505 ..gh.f.f.1.a.1.e.26:
                     506 	.endo	..gh.f.f.1.a.1.e.26
                     507 Hmg_EccEcdsaSign::
                     508 .LDW26:
00000064 2001        509 	movs	r0,1
                     510 .LDW36:
00000066 4770        511 	ret
                     512 __ghs_eofn_Hmg_EccEcdsaSign::
                     513 	.endf	Hmg_EccEcdsaSign
                     514 
                     515 ;signature	none	param
                     516 ;hashedMessage	none	param
                     517 ;secretNumber	none	param
                     518 ;privatekey	none	param
                     519 
                     520 	.section ".bss","awb"
                     521 .L1712:
                     522 	.endo	.L1712
                     523 	.text
                     524 ..gh.f.f.1.a.1.e.27:
                     525 	.endo	..gh.f.f.1.a.1.e.27
                     526 Hmg_EccEcdsaVerifyStart::
                     527 .LDW46:
00000068 2001        528 	movs	r0,1
                     529 .LDW56:
0000006a 4770        530 	ret
                     531 __ghs_eofn_Hmg_EccEcdsaVerifyStart::
                     532 	.endf	Hmg_EccEcdsaVerifyStart
                     533 
                     534 ;Ecc_ctx	none	param
                     535 ;signature	none	param
                     536 ;hashedMessage	none	param
                     537 ;publickey	none	param
                     538 

                                                                      Page 10
                                                              C:\Windows\TEMP\gh_000098c3.si
                     539 	.section ".bss","awb"
                     540 .L1776:
                     541 	.endo	.L1776
                     542 	.text
                     543 ..gh.f.f.1.a.1.e.28:
                     544 	.endo	..gh.f.f.1.a.1.e.28
                     545 Hmg_EccEcdsaVerifyUpdate::
                     546 .LDW66:
0000006c 2001        547 	movs	r0,1
                     548 .LDW76:
0000006e 4770        549 	ret
                     550 __ghs_eofn_Hmg_EccEcdsaVerifyUpdate::
                     551 	.endf	Hmg_EccEcdsaVerifyUpdate
                     552 
                     553 ;Ecc_ctx	none	param
                     554 
                     555 	.section ".bss","awb"
                     556 .L1840:
                     557 	.endo	.L1840
                     558 	.text
                     559 ..gh.f.f.1.a.1.e.29:
                     560 	.endo	..gh.f.f.1.a.1.e.29
                     561 Hmg_EccEcdsaVerifyFinish::
                     562 .LDW86:
00000070 2001        563 	movs	r0,1
                     564 .LDW96:
00000072 4770        565 	ret
                     566 __ghs_eofn_Hmg_EccEcdsaVerifyFinish::
                     567 	.endf	Hmg_EccEcdsaVerifyFinish
                     568 
                     569 ;Ecc_ctx	none	param
                     570 
                     571 	.section ".bss","awb"
                     572 .L1904:
                     573 	.endo	.L1904
                     574 	.text
                     575 ..gh.f.f.1.a.1.e.30:
                     576 	.endo	..gh.f.f.1.a.1.e.30
                     577 Hmg_EccEcdsaVerify::
                     578 .LDW07:
00000074 2001        579 	movs	r0,1
                     580 .LDW17:
00000076 4770        581 	ret
                     582 __ghs_eofn_Hmg_EccEcdsaVerify::
                     583 	.endf	Hmg_EccEcdsaVerify
                     584 
                     585 ;signature	none	param
                     586 ;hashedMessage	none	param
                     587 ;publickey	none	param
                     588 
                     589 	.section ".bss","awb"
                     590 .L1968:
                     591 	.endo	.L1968
                     592 	.text
                     593 ..gh.f.f.1.a.1.e.31:
                     594 	.endo	..gh.f.f.1.a.1.e.31
                     595 Hmg_EciesEncryptStart::
                     596 .LDW27:
00000078 2001        597 	movs	r0,1
                     598 .LDW37:
0000007a 4770        599 	ret

                                                                      Page 11
                                                              C:\Windows\TEMP\gh_000098c3.si
                     600 __ghs_eofn_Hmg_EciesEncryptStart::
                     601 	.endf	Hmg_EciesEncryptStart
                     602 
                     603 ;slCtx	none	param
                     604 ;privateKeyA	none	param
                     605 ;publicKeyB	none	param
                     606 
                     607 	.section ".bss","awb"
                     608 .L2032:
                     609 	.endo	.L2032
                     610 	.text
                     611 ..gh.f.f.1.a.1.e.32:
                     612 	.endo	..gh.f.f.1.a.1.e.32
                     613 Hmg_EciesEncryptUpdate::
                     614 .LDW47:
0000007c 2001        615 	movs	r0,1
                     616 .LDW57:
0000007e 4770        617 	ret
                     618 __ghs_eofn_Hmg_EciesEncryptUpdate::
                     619 	.endf	Hmg_EciesEncryptUpdate
                     620 
                     621 ;slCtx	none	param
                     622 
                     623 	.section ".bss","awb"
                     624 .L2096:
                     625 	.endo	.L2096
                     626 	.text
                     627 ..gh.f.f.1.a.1.e.33:
                     628 	.endo	..gh.f.f.1.a.1.e.33
                     629 Hmg_EciesEncryptFinish::
                     630 .LDW67:
00000080 2001        631 	movs	r0,1
                     632 .LDW77:
00000082 4770        633 	ret
                     634 __ghs_eofn_Hmg_EciesEncryptFinish::
                     635 	.endf	Hmg_EciesEncryptFinish
                     636 
                     637 ;slCtx	none	param
                     638 ;sPdu	none	param
                     639 ;publicKeyA	none	param
                     640 ;message	none	param
                     641 ;mLen	none	param
                     642 ;param1	none	param
                     643 ;encMode	none	param
                     644 
                     645 	.section ".bss","awb"
                     646 .L2160:
                     647 	.endo	.L2160
                     648 	.text
                     649 ..gh.f.f.1.a.1.e.34:
                     650 	.endo	..gh.f.f.1.a.1.e.34
                     651 Hmg_EciesEncrypt::
                     652 .LDW87:
00000084 2001        653 	movs	r0,1
                     654 .LDW97:
00000086 4770        655 	ret
                     656 __ghs_eofn_Hmg_EciesEncrypt::
                     657 	.endf	Hmg_EciesEncrypt
                     658 
                     659 ;sPdu	none	param
                     660 ;privateKeyA	none	param

                                                                      Page 12
                                                              C:\Windows\TEMP\gh_000098c3.si
                     661 ;publicKeyA	none	param
                     662 ;publicKeyB	none	param
                     663 ;message	none	param
                     664 ;mLen	none	param
                     665 ;param1	none	param
                     666 ;encMode	none	param
                     667 
                     668 	.section ".bss","awb"
                     669 .L2224:
                     670 	.endo	.L2224
                     671 	.text
                     672 ..gh.f.f.1.a.1.e.35:
                     673 	.endo	..gh.f.f.1.a.1.e.35
                     674 Hmg_EciesDecryptStart::
                     675 .LDW08:
00000088 2001        676 	movs	r0,1
                     677 .LDW18:
0000008a 4770        678 	ret
                     679 __ghs_eofn_Hmg_EciesDecryptStart::
                     680 	.endf	Hmg_EciesDecryptStart
                     681 
                     682 ;slCtx	none	param
                     683 ;privKey	none	param
                     684 ;pubKey	none	param
                     685 
                     686 	.section ".bss","awb"
                     687 .L2288:
                     688 	.endo	.L2288
                     689 	.text
                     690 ..gh.f.f.1.a.1.e.36:
                     691 	.endo	..gh.f.f.1.a.1.e.36
                     692 Hmg_EciesDecryptUpdate::
                     693 .LDW28:
0000008c 2001        694 	movs	r0,1
                     695 .LDW38:
0000008e 4770        696 	ret
                     697 __ghs_eofn_Hmg_EciesDecryptUpdate::
                     698 	.endf	Hmg_EciesDecryptUpdate
                     699 
                     700 ;slCtx	none	param
                     701 
                     702 	.section ".bss","awb"
                     703 .L2352:
                     704 	.endo	.L2352
                     705 	.text
                     706 ..gh.f.f.1.a.1.e.37:
                     707 	.endo	..gh.f.f.1.a.1.e.37
                     708 Hmg_EciesDecryptFinish::
                     709 .LDW48:
00000090 2001        710 	movs	r0,1
                     711 .LDW58:
00000092 4770        712 	ret
                     713 __ghs_eofn_Hmg_EciesDecryptFinish::
                     714 	.endf	Hmg_EciesDecryptFinish
                     715 
                     716 ;slCtx	none	param
                     717 ;decMessage	none	param
                     718 ;sPdu	none	param
                     719 ;param1	none	param
                     720 ;encMode	none	param
                     721 

                                                                      Page 13
                                                              C:\Windows\TEMP\gh_000098c3.si
                     722 	.section ".bss","awb"
                     723 .L2416:
                     724 	.endo	.L2416
                     725 	.text
                     726 ..gh.f.f.1.a.1.e.38:
                     727 	.endo	..gh.f.f.1.a.1.e.38
                     728 Hmg_EciesDecrypt::
                     729 .LDW68:
00000094 2001        730 	movs	r0,1
                     731 .LDW78:
00000096 4770        732 	ret
                     733 __ghs_eofn_Hmg_EciesDecrypt::
                     734 	.endf	Hmg_EciesDecrypt
                     735 
                     736 ;decMessage	none	param
                     737 ;sPdu	none	param
                     738 ;privKey	none	param
                     739 ;param1	none	param
                     740 ;encMode	none	param
                     741 
                     742 	.section ".bss","awb"
                     743 .L2480:
                     744 	.endo	.L2480
                     745 	.text
                     746 ..gh.f.f.1.a.1.e.39:
                     747 	.endo	..gh.f.f.1.a.1.e.39
                     748 Hmg_HmacSha160Start::
                     749 .LDW88:
00000098 2001        750 	movs	r0,1
                     751 .LDW98:
0000009a 4770        752 	ret
                     753 __ghs_eofn_Hmg_HmacSha160Start::
                     754 	.endf	Hmg_HmacSha160Start
                     755 
                     756 ;HmacSha160Ctx	none	param
                     757 ;key	none	param
                     758 ;keyLen	none	param
                     759 
                     760 	.section ".bss","awb"
                     761 .L2544:
                     762 	.endo	.L2544
                     763 	.text
                     764 ..gh.f.f.1.a.1.e.40:
                     765 	.endo	..gh.f.f.1.a.1.e.40
                     766 Hmg_HmacSha160Update::
                     767 .LDW09:
0000009c 2001        768 	movs	r0,1
                     769 .LDW19:
0000009e 4770        770 	ret
                     771 __ghs_eofn_Hmg_HmacSha160Update::
                     772 	.endf	Hmg_HmacSha160Update
                     773 
                     774 ;HmacSha160Ctx	none	param
                     775 ;data	none	param
                     776 ;dataLen	none	param
                     777 
                     778 	.section ".bss","awb"
                     779 .L2608:
                     780 	.endo	.L2608
                     781 	.text
                     782 ..gh.f.f.1.a.1.e.41:

                                                                      Page 14
                                                              C:\Windows\TEMP\gh_000098c3.si
                     783 	.endo	..gh.f.f.1.a.1.e.41
                     784 Hmg_HmacSha160Finish::
                     785 .LDW29:
000000a0 2001        786 	movs	r0,1
                     787 .LDW39:
000000a2 4770        788 	ret
                     789 __ghs_eofn_Hmg_HmacSha160Finish::
                     790 	.endf	Hmg_HmacSha160Finish
                     791 
                     792 ;HmacSha160Ctx	none	param
                     793 ;hmacValue	none	param
                     794 
                     795 	.section ".bss","awb"
                     796 .L2672:
                     797 	.endo	.L2672
                     798 	.text
                     799 ..gh.f.f.1.a.1.e.42:
                     800 	.endo	..gh.f.f.1.a.1.e.42
                     801 Hmg_HmacSha160::
                     802 .LDW49:
000000a4 2001        803 	movs	r0,1
                     804 .LDW59:
000000a6 4770        805 	ret
                     806 __ghs_eofn_Hmg_HmacSha160::
                     807 	.endf	Hmg_HmacSha160
                     808 
                     809 ;hmacValue	none	param
                     810 ;key	none	param
                     811 ;keyLen	none	param
                     812 ;data	none	param
                     813 ;dataLen	none	param
                     814 
                     815 	.section ".bss","awb"
                     816 .L2736:
                     817 	.endo	.L2736
                     818 	.text
                     819 ..gh.f.f.1.a.1.e.43:
                     820 	.endo	..gh.f.f.1.a.1.e.43
                     821 Hmg_HmacSha224Start::
                     822 .LDW69:
000000a8 2001        823 	movs	r0,1
                     824 .LDW79:
000000aa 4770        825 	ret
                     826 __ghs_eofn_Hmg_HmacSha224Start::
                     827 	.endf	Hmg_HmacSha224Start
                     828 
                     829 ;HmacSha224Ctx	none	param
                     830 ;key	none	param
                     831 ;keyLen	none	param
                     832 
                     833 	.section ".bss","awb"
                     834 .L2800:
                     835 	.endo	.L2800
                     836 	.text
                     837 ..gh.f.f.1.a.1.e.44:
                     838 	.endo	..gh.f.f.1.a.1.e.44
                     839 Hmg_HmacSha224Update::
                     840 .LDW89:
000000ac 2001        841 	movs	r0,1
                     842 .LDW99:
000000ae 4770        843 	ret

                                                                      Page 15
                                                              C:\Windows\TEMP\gh_000098c3.si
                     844 __ghs_eofn_Hmg_HmacSha224Update::
                     845 	.endf	Hmg_HmacSha224Update
                     846 
                     847 ;HmacSha224Ctx	none	param
                     848 ;data	none	param
                     849 ;dataLen	none	param
                     850 
                     851 	.section ".bss","awb"
                     852 .L2864:
                     853 	.endo	.L2864
                     854 	.text
                     855 ..gh.f.f.1.a.1.e.45:
                     856 	.endo	..gh.f.f.1.a.1.e.45
                     857 Hmg_HmacSha224Finish::
                     858 .LDW001:
000000b0 2001        859 	movs	r0,1
                     860 .LDW101:
000000b2 4770        861 	ret
                     862 __ghs_eofn_Hmg_HmacSha224Finish::
                     863 	.endf	Hmg_HmacSha224Finish
                     864 
                     865 ;HmacSha224Ctx	none	param
                     866 ;hmacValue	none	param
                     867 
                     868 	.section ".bss","awb"
                     869 .L2928:
                     870 	.endo	.L2928
                     871 	.text
                     872 ..gh.f.f.1.a.1.e.46:
                     873 	.endo	..gh.f.f.1.a.1.e.46
                     874 Hmg_HmacSha256Start::
                     875 .LDW201:
000000b4 2001        876 	movs	r0,1
                     877 .LDW301:
000000b6 4770        878 	ret
                     879 __ghs_eofn_Hmg_HmacSha256Start::
                     880 	.endf	Hmg_HmacSha256Start
                     881 
                     882 ;HmacSha256Ctx	none	param
                     883 ;key	none	param
                     884 ;keyLen	none	param
                     885 
                     886 	.section ".bss","awb"
                     887 .L2992:
                     888 	.endo	.L2992
                     889 	.text
                     890 ..gh.f.f.1.a.1.e.47:
                     891 	.endo	..gh.f.f.1.a.1.e.47
                     892 Hmg_HmacSha256Update::
                     893 .LDW401:
000000b8 2001        894 	movs	r0,1
                     895 .LDW501:
000000ba 4770        896 	ret
                     897 __ghs_eofn_Hmg_HmacSha256Update::
                     898 	.endf	Hmg_HmacSha256Update
                     899 
                     900 ;HmacSha256Ctx	none	param
                     901 ;data	none	param
                     902 ;dataLen	none	param
                     903 
                     904 	.section ".bss","awb"

                                                                      Page 16
                                                              C:\Windows\TEMP\gh_000098c3.si
                     905 .L3056:
                     906 	.endo	.L3056
                     907 	.text
                     908 ..gh.f.f.1.a.1.e.48:
                     909 	.endo	..gh.f.f.1.a.1.e.48
                     910 Hmg_HmacSha256Finish::
                     911 .LDW601:
000000bc 2001        912 	movs	r0,1
                     913 .LDW701:
000000be 4770        914 	ret
                     915 __ghs_eofn_Hmg_HmacSha256Finish::
                     916 	.endf	Hmg_HmacSha256Finish
                     917 
                     918 ;HmacSha256Ctx	none	param
                     919 ;hmacValue	none	param
                     920 
                     921 	.section ".bss","awb"
                     922 .L3120:
                     923 	.endo	.L3120
                     924 	.text
                     925 ..gh.f.f.1.a.1.e.49:
                     926 	.endo	..gh.f.f.1.a.1.e.49
                     927 Hmg_HmacSha256::
                     928 .LDW801:
000000c0 2001        929 	movs	r0,1
                     930 .LDW901:
000000c2 4770        931 	ret
                     932 __ghs_eofn_Hmg_HmacSha256::
                     933 	.endf	Hmg_HmacSha256
                     934 
                     935 ;hmacValue	none	param
                     936 ;key	none	param
                     937 ;keyLen	none	param
                     938 ;data	none	param
                     939 ;dataLen	none	param
                     940 
                     941 	.section ".bss","awb"
                     942 .L3184:
                     943 	.endo	.L3184
                     944 	.text
                     945 ..gh.f.f.1.a.1.e.50:
                     946 	.endo	..gh.f.f.1.a.1.e.50
                     947 Hmg_PBKDF2::
                     948 .LDW011:
000000c4 2001        949 	movs	r0,1
                     950 .LDW111:
000000c6 4770        951 	ret
                     952 __ghs_eofn_Hmg_PBKDF2::
                     953 	.endf	Hmg_PBKDF2
                     954 
                     955 ;derivedkey	none	param
                     956 ;dkLen	none	param
                     957 ;password	none	param
                     958 ;pLen	none	param
                     959 ;salt	none	param
                     960 ;sLen	none	param
                     961 ;icount	none	param
                     962 
                     963 	.section ".bss","awb"
                     964 .L3248:
                     965 	.endo	.L3248

                                                                      Page 17
                                                              C:\Windows\TEMP\gh_000098c3.si
                     966 	.text
                     967 ..gh.f.f.1.a.1.e.51:
                     968 	.endo	..gh.f.f.1.a.1.e.51
                     969 Hmg_RsaPkcs1v15SignStart::
                     970 .LDW211:
000000c8 2001        971 	movs	r0,1
                     972 .LDW311:
000000ca 4770        973 	ret
                     974 __ghs_eofn_Hmg_RsaPkcs1v15SignStart::
                     975 	.endf	Hmg_RsaPkcs1v15SignStart
                     976 
                     977 ;rsa_ctx	none	param
                     978 ;pDigest	none	param
                     979 ;hashAlgorithm	none	param
                     980 ;privatekey	none	param
                     981 
                     982 	.section ".bss","awb"
                     983 .L3312:
                     984 	.endo	.L3312
                     985 	.text
                     986 ..gh.f.f.1.a.1.e.52:
                     987 	.endo	..gh.f.f.1.a.1.e.52
                     988 Hmg_RsaPkcs1v15SignUpdate::
                     989 .LDW411:
000000cc 2001        990 	movs	r0,1
                     991 .LDW511:
000000ce 4770        992 	ret
                     993 __ghs_eofn_Hmg_RsaPkcs1v15SignUpdate::
                     994 	.endf	Hmg_RsaPkcs1v15SignUpdate
                     995 
                     996 ;rsa_ctx	none	param
                     997 
                     998 	.section ".bss","awb"
                     999 .L3376:
                    1000 	.endo	.L3376
                    1001 	.text
                    1002 ..gh.f.f.1.a.1.e.53:
                    1003 	.endo	..gh.f.f.1.a.1.e.53
                    1004 Hmg_RsaPkcs1v15SignFinish::
                    1005 .LDW611:
000000d0 2001       1006 	movs	r0,1
                    1007 .LDW711:
000000d2 4770       1008 	ret
                    1009 __ghs_eofn_Hmg_RsaPkcs1v15SignFinish::
                    1010 	.endf	Hmg_RsaPkcs1v15SignFinish
                    1011 
                    1012 ;rsa_ctx	none	param
                    1013 ;pSign	none	param
                    1014 
                    1015 	.section ".bss","awb"
                    1016 .L3440:
                    1017 	.endo	.L3440
                    1018 	.text
                    1019 ..gh.f.f.1.a.1.e.54:
                    1020 	.endo	..gh.f.f.1.a.1.e.54
                    1021 Hmg_RsaPkcs1v15Sign::
                    1022 .LDW811:
000000d4 2001       1023 	movs	r0,1
                    1024 .LDW911:
000000d6 4770       1025 	ret
                    1026 __ghs_eofn_Hmg_RsaPkcs1v15Sign::

                                                                      Page 18
                                                              C:\Windows\TEMP\gh_000098c3.si
                    1027 	.endf	Hmg_RsaPkcs1v15Sign
                    1028 
                    1029 ;pSign	none	param
                    1030 ;pDigest	none	param
                    1031 ;hashAlgorithm	none	param
                    1032 ;privatekey	none	param
                    1033 
                    1034 	.section ".bss","awb"
                    1035 .L3504:
                    1036 	.endo	.L3504
                    1037 	.text
                    1038 ..gh.f.f.1.a.1.e.55:
                    1039 	.endo	..gh.f.f.1.a.1.e.55
                    1040 Hmg_RsaPkcs1v15VerifyStart::
                    1041 .LDW021:
000000d8 2001       1042 	movs	r0,1
                    1043 .LDW121:
000000da 4770       1044 	ret
                    1045 __ghs_eofn_Hmg_RsaPkcs1v15VerifyStart::
                    1046 	.endf	Hmg_RsaPkcs1v15VerifyStart
                    1047 
                    1048 ;rsa_ctx	none	param
                    1049 ;pSign	none	param
                    1050 ;publickey	none	param
                    1051 
                    1052 	.section ".bss","awb"
                    1053 .L3568:
                    1054 	.endo	.L3568
                    1055 	.text
                    1056 ..gh.f.f.1.a.1.e.56:
                    1057 	.endo	..gh.f.f.1.a.1.e.56
                    1058 Hmg_RsaPkcs1v15VerifyUpdate::
                    1059 .LDW221:
000000dc 2001       1060 	movs	r0,1
                    1061 .LDW321:
000000de 4770       1062 	ret
                    1063 __ghs_eofn_Hmg_RsaPkcs1v15VerifyUpdate::
                    1064 	.endf	Hmg_RsaPkcs1v15VerifyUpdate
                    1065 
                    1066 ;rsa_ctx	none	param
                    1067 
                    1068 	.section ".bss","awb"
                    1069 .L3632:
                    1070 	.endo	.L3632
                    1071 	.text
                    1072 ..gh.f.f.1.a.1.e.57:
                    1073 	.endo	..gh.f.f.1.a.1.e.57
                    1074 Hmg_RsaPkcs1v15VerifyFinish::
                    1075 .LDW421:
000000e0 2001       1076 	movs	r0,1
                    1077 .LDW521:
000000e2 4770       1078 	ret
                    1079 __ghs_eofn_Hmg_RsaPkcs1v15VerifyFinish::
                    1080 	.endf	Hmg_RsaPkcs1v15VerifyFinish
                    1081 
                    1082 ;rsa_ctx	none	param
                    1083 ;pDigest	none	param
                    1084 ;hashAlgorithm	none	param
                    1085 
                    1086 	.section ".bss","awb"
                    1087 .L3696:

                                                                      Page 19
                                                              C:\Windows\TEMP\gh_000098c3.si
                    1088 	.endo	.L3696
                    1089 	.text
                    1090 ..gh.f.f.1.a.1.e.58:
                    1091 	.endo	..gh.f.f.1.a.1.e.58
                    1092 Hmg_RsaPkcs1v15Verify::
                    1093 .LDW621:
000000e4 2001       1094 	movs	r0,1
                    1095 .LDW721:
000000e6 4770       1096 	ret
                    1097 __ghs_eofn_Hmg_RsaPkcs1v15Verify::
                    1098 	.endf	Hmg_RsaPkcs1v15Verify
                    1099 
                    1100 ;pSign	none	param
                    1101 ;pDigest	none	param
                    1102 ;hashAlgorithm	none	param
                    1103 ;publickey	none	param
                    1104 
                    1105 	.section ".bss","awb"
                    1106 .L3760:
                    1107 	.endo	.L3760
                    1108 	.text
                    1109 ..gh.f.f.1.a.1.e.59:
                    1110 	.endo	..gh.f.f.1.a.1.e.59
                    1111 Hmg_RsaPkcs1PssSignStart::
                    1112 .LDW821:
000000e8 2001       1113 	movs	r0,1
                    1114 .LDW921:
000000ea 4770       1115 	ret
                    1116 __ghs_eofn_Hmg_RsaPkcs1PssSignStart::
                    1117 	.endf	Hmg_RsaPkcs1PssSignStart
                    1118 
                    1119 ;rsa_ctx	none	param
                    1120 ;pssCtx	none	param
                    1121 ;privatekey	none	param
                    1122 
                    1123 	.section ".bss","awb"
                    1124 .L3824:
                    1125 	.endo	.L3824
                    1126 	.text
                    1127 ..gh.f.f.1.a.1.e.60:
                    1128 	.endo	..gh.f.f.1.a.1.e.60
                    1129 Hmg_RsaPkcs1PssSignUpdate::
                    1130 .LDW031:
000000ec 2001       1131 	movs	r0,1
                    1132 .LDW131:
000000ee 4770       1133 	ret
                    1134 __ghs_eofn_Hmg_RsaPkcs1PssSignUpdate::
                    1135 	.endf	Hmg_RsaPkcs1PssSignUpdate
                    1136 
                    1137 ;rsa_ctx	none	param
                    1138 
                    1139 	.section ".bss","awb"
                    1140 .L3888:
                    1141 	.endo	.L3888
                    1142 	.text
                    1143 ..gh.f.f.1.a.1.e.61:
                    1144 	.endo	..gh.f.f.1.a.1.e.61
                    1145 Hmg_RsaPkcs1PssSignFinish::
                    1146 .LDW231:
000000f0 2001       1147 	movs	r0,1
                    1148 .LDW331:

                                                                      Page 20
                                                              C:\Windows\TEMP\gh_000098c3.si
000000f2 4770       1149 	ret
                    1150 __ghs_eofn_Hmg_RsaPkcs1PssSignFinish::
                    1151 	.endf	Hmg_RsaPkcs1PssSignFinish
                    1152 
                    1153 ;rsa_ctx	none	param
                    1154 ;pSign	none	param
                    1155 
                    1156 	.section ".bss","awb"
                    1157 .L3952:
                    1158 	.endo	.L3952
                    1159 	.text
                    1160 ..gh.f.f.1.a.1.e.62:
                    1161 	.endo	..gh.f.f.1.a.1.e.62
                    1162 Hmg_RsaPkcs1PssSign::
                    1163 .LDW431:
000000f4 2001       1164 	movs	r0,1
                    1165 .LDW531:
000000f6 4770       1166 	ret
                    1167 __ghs_eofn_Hmg_RsaPkcs1PssSign::
                    1168 	.endf	Hmg_RsaPkcs1PssSign
                    1169 
                    1170 ;pSign	none	param
                    1171 ;pssCtx	none	param
                    1172 ;privatekey	none	param
                    1173 
                    1174 	.section ".bss","awb"
                    1175 .L4016:
                    1176 	.endo	.L4016
                    1177 	.text
                    1178 ..gh.f.f.1.a.1.e.63:
                    1179 	.endo	..gh.f.f.1.a.1.e.63
                    1180 Hmg_RsaPkcs1PssVerifyStart::
                    1181 .LDW631:
000000f8 2001       1182 	movs	r0,1
                    1183 .LDW731:
000000fa 4770       1184 	ret
                    1185 __ghs_eofn_Hmg_RsaPkcs1PssVerifyStart::
                    1186 	.endf	Hmg_RsaPkcs1PssVerifyStart
                    1187 
                    1188 ;rsa_ctx	none	param
                    1189 ;pSign	none	param
                    1190 ;publickey	none	param
                    1191 
                    1192 	.section ".bss","awb"
                    1193 .L4080:
                    1194 	.endo	.L4080
                    1195 	.text
                    1196 ..gh.f.f.1.a.1.e.64:
                    1197 	.endo	..gh.f.f.1.a.1.e.64
                    1198 Hmg_RsaPkcs1PssVerifyUpdate::
                    1199 .LDW831:
000000fc 2001       1200 	movs	r0,1
                    1201 .LDW931:
000000fe 4770       1202 	ret
                    1203 __ghs_eofn_Hmg_RsaPkcs1PssVerifyUpdate::
                    1204 	.endf	Hmg_RsaPkcs1PssVerifyUpdate
                    1205 
                    1206 ;rsa_ctx	none	param
                    1207 
                    1208 	.section ".bss","awb"
                    1209 .L4144:

                                                                      Page 21
                                                              C:\Windows\TEMP\gh_000098c3.si
                    1210 	.endo	.L4144
                    1211 	.text
                    1212 ..gh.f.f.1.a.1.e.65:
                    1213 	.endo	..gh.f.f.1.a.1.e.65
                    1214 Hmg_RsaPkcs1PssVerifyFinish::
                    1215 .LDW041:
00000100 2001       1216 	movs	r0,1
                    1217 .LDW141:
00000102 4770       1218 	ret
                    1219 __ghs_eofn_Hmg_RsaPkcs1PssVerifyFinish::
                    1220 	.endf	Hmg_RsaPkcs1PssVerifyFinish
                    1221 
                    1222 ;rsa_ctx	none	param
                    1223 ;pssCtx	none	param
                    1224 
                    1225 	.section ".bss","awb"
                    1226 .L4208:
                    1227 	.endo	.L4208
                    1228 	.text
                    1229 ..gh.f.f.1.a.1.e.66:
                    1230 	.endo	..gh.f.f.1.a.1.e.66
                    1231 Hmg_RsaPkcs1PssVerify::
                    1232 .LDW241:
00000104 2001       1233 	movs	r0,1
                    1234 .LDW341:
00000106 4770       1235 	ret
                    1236 __ghs_eofn_Hmg_RsaPkcs1PssVerify::
                    1237 	.endf	Hmg_RsaPkcs1PssVerify
                    1238 
                    1239 ;pSign	none	param
                    1240 ;pssCtx	none	param
                    1241 ;publickey	none	param
                    1242 
                    1243 	.section ".bss","awb"
                    1244 .L4272:
                    1245 	.endo	.L4272
                    1246 	.text
                    1247 ..gh.f.f.1.a.1.e.67:
                    1248 	.endo	..gh.f.f.1.a.1.e.67
                    1249 Hmg_RsaPkcs1v15EncryptStart::
                    1250 .LDW441:
00000108 2001       1251 	movs	r0,1
                    1252 .LDW541:
0000010a 4770       1253 	ret
                    1254 __ghs_eofn_Hmg_RsaPkcs1v15EncryptStart::
                    1255 	.endf	Hmg_RsaPkcs1v15EncryptStart
                    1256 
                    1257 ;rsa_ctx	none	param
                    1258 ;msg	none	param
                    1259 ;mLen	none	param
                    1260 ;publickey	none	param
                    1261 
                    1262 	.section ".bss","awb"
                    1263 .L4336:
                    1264 	.endo	.L4336
                    1265 	.text
                    1266 ..gh.f.f.1.a.1.e.68:
                    1267 	.endo	..gh.f.f.1.a.1.e.68
                    1268 Hmg_RsaPkcs1v15EncryptUpdate::
                    1269 .LDW641:
0000010c 2001       1270 	movs	r0,1

                                                                      Page 22
                                                              C:\Windows\TEMP\gh_000098c3.si
                    1271 .LDW741:
0000010e 4770       1272 	ret
                    1273 __ghs_eofn_Hmg_RsaPkcs1v15EncryptUpdate::
                    1274 	.endf	Hmg_RsaPkcs1v15EncryptUpdate
                    1275 
                    1276 ;rsa_ctx	none	param
                    1277 
                    1278 	.section ".bss","awb"
                    1279 .L4400:
                    1280 	.endo	.L4400
                    1281 	.text
                    1282 ..gh.f.f.1.a.1.e.69:
                    1283 	.endo	..gh.f.f.1.a.1.e.69
                    1284 Hmg_RsaPkcs1v15EncryptFinish::
                    1285 .LDW841:
00000110 2001       1286 	movs	r0,1
                    1287 .LDW941:
00000112 4770       1288 	ret
                    1289 __ghs_eofn_Hmg_RsaPkcs1v15EncryptFinish::
                    1290 	.endf	Hmg_RsaPkcs1v15EncryptFinish
                    1291 
                    1292 ;rsa_ctx	none	param
                    1293 ;cipher	none	param
                    1294 
                    1295 	.section ".bss","awb"
                    1296 .L4464:
                    1297 	.endo	.L4464
                    1298 	.text
                    1299 ..gh.f.f.1.a.1.e.70:
                    1300 	.endo	..gh.f.f.1.a.1.e.70
                    1301 Hmg_RsaPkcs1v15Encrypt::
                    1302 .LDW051:
00000114 2001       1303 	movs	r0,1
                    1304 .LDW151:
00000116 4770       1305 	ret
                    1306 __ghs_eofn_Hmg_RsaPkcs1v15Encrypt::
                    1307 	.endf	Hmg_RsaPkcs1v15Encrypt
                    1308 
                    1309 ;cipher	none	param
                    1310 ;msg	none	param
                    1311 ;mLen	none	param
                    1312 ;publickey	none	param
                    1313 
                    1314 	.section ".bss","awb"
                    1315 .L4528:
                    1316 	.endo	.L4528
                    1317 	.text
                    1318 ..gh.f.f.1.a.1.e.71:
                    1319 	.endo	..gh.f.f.1.a.1.e.71
                    1320 Hmg_RsaPkcs1v15DecryptStart::
                    1321 .LDW251:
00000118 2001       1322 	movs	r0,1
                    1323 .LDW351:
0000011a 4770       1324 	ret
                    1325 __ghs_eofn_Hmg_RsaPkcs1v15DecryptStart::
                    1326 	.endf	Hmg_RsaPkcs1v15DecryptStart
                    1327 
                    1328 ;rsa_ctx	none	param
                    1329 ;cipher	none	param
                    1330 ;privatekey	none	param
                    1331 

                                                                      Page 23
                                                              C:\Windows\TEMP\gh_000098c3.si
                    1332 	.section ".bss","awb"
                    1333 .L4592:
                    1334 	.endo	.L4592
                    1335 	.text
                    1336 ..gh.f.f.1.a.1.e.72:
                    1337 	.endo	..gh.f.f.1.a.1.e.72
                    1338 Hmg_RsaPkcs1v15DecryptUpdate::
                    1339 .LDW451:
0000011c 2001       1340 	movs	r0,1
                    1341 .LDW551:
0000011e 4770       1342 	ret
                    1343 __ghs_eofn_Hmg_RsaPkcs1v15DecryptUpdate::
                    1344 	.endf	Hmg_RsaPkcs1v15DecryptUpdate
                    1345 
                    1346 ;rsa_ctx	none	param
                    1347 
                    1348 	.section ".bss","awb"
                    1349 .L4656:
                    1350 	.endo	.L4656
                    1351 	.text
                    1352 ..gh.f.f.1.a.1.e.73:
                    1353 	.endo	..gh.f.f.1.a.1.e.73
                    1354 Hmg_RsaPkcs1v15DecryptFinish::
                    1355 .LDW651:
00000120 2001       1356 	movs	r0,1
                    1357 .LDW751:
00000122 4770       1358 	ret
                    1359 __ghs_eofn_Hmg_RsaPkcs1v15DecryptFinish::
                    1360 	.endf	Hmg_RsaPkcs1v15DecryptFinish
                    1361 
                    1362 ;rsa_ctx	none	param
                    1363 ;msg	none	param
                    1364 ;mLen	none	param
                    1365 
                    1366 	.section ".bss","awb"
                    1367 .L4720:
                    1368 	.endo	.L4720
                    1369 	.text
                    1370 ..gh.f.f.1.a.1.e.74:
                    1371 	.endo	..gh.f.f.1.a.1.e.74
                    1372 Hmg_RsaPkcs1v15Decrypt::
                    1373 .LDW851:
00000124 2001       1374 	movs	r0,1
                    1375 .LDW951:
00000126 4770       1376 	ret
                    1377 __ghs_eofn_Hmg_RsaPkcs1v15Decrypt::
                    1378 	.endf	Hmg_RsaPkcs1v15Decrypt
                    1379 
                    1380 ;msg	none	param
                    1381 ;mLen	none	param
                    1382 ;cipher	none	param
                    1383 ;privatekey	none	param
                    1384 
                    1385 	.section ".bss","awb"
                    1386 .L4784:
                    1387 	.endo	.L4784
                    1388 	.text
                    1389 ..gh.f.f.1.a.1.e.75:
                    1390 	.endo	..gh.f.f.1.a.1.e.75
                    1391 Hmg_RsaPkcs1OaepEncryptStart::
                    1392 .LDW061:

                                                                      Page 24
                                                              C:\Windows\TEMP\gh_000098c3.si
00000128 2001       1393 	movs	r0,1
                    1394 .LDW161:
0000012a 4770       1395 	ret
                    1396 __ghs_eofn_Hmg_RsaPkcs1OaepEncryptStart::
                    1397 	.endf	Hmg_RsaPkcs1OaepEncryptStart
                    1398 
                    1399 ;rsa_ctx	none	param
                    1400 ;msg	none	param
                    1401 ;mLen	none	param
                    1402 ;oaepCtx	none	param
                    1403 ;publickey	none	param
                    1404 
                    1405 	.section ".bss","awb"
                    1406 .L4848:
                    1407 	.endo	.L4848
                    1408 	.text
                    1409 ..gh.f.f.1.a.1.e.76:
                    1410 	.endo	..gh.f.f.1.a.1.e.76
                    1411 Hmg_RsaPkcs1OaepEncryptUpdate::
                    1412 .LDW261:
0000012c 2001       1413 	movs	r0,1
                    1414 .LDW361:
0000012e 4770       1415 	ret
                    1416 __ghs_eofn_Hmg_RsaPkcs1OaepEncryptUpdate::
                    1417 	.endf	Hmg_RsaPkcs1OaepEncryptUpdate
                    1418 
                    1419 ;rsa_ctx	none	param
                    1420 
                    1421 	.section ".bss","awb"
                    1422 .L4912:
                    1423 	.endo	.L4912
                    1424 	.text
                    1425 ..gh.f.f.1.a.1.e.77:
                    1426 	.endo	..gh.f.f.1.a.1.e.77
                    1427 Hmg_RsaPkcs1OaepEncryptFinish::
                    1428 .LDW461:
00000130 2001       1429 	movs	r0,1
                    1430 .LDW561:
00000132 4770       1431 	ret
                    1432 __ghs_eofn_Hmg_RsaPkcs1OaepEncryptFinish::
                    1433 	.endf	Hmg_RsaPkcs1OaepEncryptFinish
                    1434 
                    1435 ;rsa_ctx	none	param
                    1436 ;cipher	none	param
                    1437 
                    1438 	.section ".bss","awb"
                    1439 .L4976:
                    1440 	.endo	.L4976
                    1441 	.text
                    1442 ..gh.f.f.1.a.1.e.78:
                    1443 	.endo	..gh.f.f.1.a.1.e.78
                    1444 Hmg_RsaPkcs1OaepEncrypt::
                    1445 .LDW661:
00000134 2001       1446 	movs	r0,1
                    1447 .LDW761:
00000136 4770       1448 	ret
                    1449 __ghs_eofn_Hmg_RsaPkcs1OaepEncrypt::
                    1450 	.endf	Hmg_RsaPkcs1OaepEncrypt
                    1451 
                    1452 ;cipher	none	param
                    1453 ;msg	none	param

                                                                      Page 25
                                                              C:\Windows\TEMP\gh_000098c3.si
                    1454 ;mLen	none	param
                    1455 ;oaepCtx	none	param
                    1456 ;publickey	none	param
                    1457 
                    1458 	.section ".bss","awb"
                    1459 .L5040:
                    1460 	.endo	.L5040
                    1461 	.text
                    1462 ..gh.f.f.1.a.1.e.79:
                    1463 	.endo	..gh.f.f.1.a.1.e.79
                    1464 Hmg_RsaPkcs1OaepDecryptStart::
                    1465 .LDW861:
00000138 2001       1466 	movs	r0,1
                    1467 .LDW961:
0000013a 4770       1468 	ret
                    1469 __ghs_eofn_Hmg_RsaPkcs1OaepDecryptStart::
                    1470 	.endf	Hmg_RsaPkcs1OaepDecryptStart
                    1471 
                    1472 ;rsa_ctx	none	param
                    1473 ;cipher	none	param
                    1474 ;privatekey	none	param
                    1475 
                    1476 	.section ".bss","awb"
                    1477 .L5104:
                    1478 	.endo	.L5104
                    1479 	.text
                    1480 ..gh.f.f.1.a.1.e.80:
                    1481 	.endo	..gh.f.f.1.a.1.e.80
                    1482 Hmg_RsaPkcs1OaepDecryptUpdate::
                    1483 .LDW071:
0000013c 2001       1484 	movs	r0,1
                    1485 .LDW171:
0000013e 4770       1486 	ret
                    1487 __ghs_eofn_Hmg_RsaPkcs1OaepDecryptUpdate::
                    1488 	.endf	Hmg_RsaPkcs1OaepDecryptUpdate
                    1489 
                    1490 ;rsa_ctx	none	param
                    1491 
                    1492 	.section ".bss","awb"
                    1493 .L5168:
                    1494 	.endo	.L5168
                    1495 	.text
                    1496 ..gh.f.f.1.a.1.e.81:
                    1497 	.endo	..gh.f.f.1.a.1.e.81
                    1498 Hmg_RsaPkcs1OaepDecryptFinish::
                    1499 .LDW271:
00000140 2001       1500 	movs	r0,1
                    1501 .LDW371:
00000142 4770       1502 	ret
                    1503 __ghs_eofn_Hmg_RsaPkcs1OaepDecryptFinish::
                    1504 	.endf	Hmg_RsaPkcs1OaepDecryptFinish
                    1505 
                    1506 ;rsa_ctx	none	param
                    1507 ;msg	none	param
                    1508 ;mLen	none	param
                    1509 ;oaepCtx	none	param
                    1510 
                    1511 	.section ".bss","awb"
                    1512 .L5232:
                    1513 	.endo	.L5232
                    1514 	.text

                                                                      Page 26
                                                              C:\Windows\TEMP\gh_000098c3.si
                    1515 ..gh.f.f.1.a.1.e.82:
                    1516 	.endo	..gh.f.f.1.a.1.e.82
                    1517 Hmg_RsaPkcs1OaepDecrypt::
                    1518 .LDW471:
00000144 2001       1519 	movs	r0,1
                    1520 .LDW571:
00000146 4770       1521 	ret
                    1522 __ghs_eofn_Hmg_RsaPkcs1OaepDecrypt::
                    1523 	.endf	Hmg_RsaPkcs1OaepDecrypt
                    1524 
                    1525 ;msg	none	param
                    1526 ;mLen	none	param
                    1527 ;cipher	none	param
                    1528 ;oaepCtx	none	param
                    1529 ;privatekey	none	param
                    1530 
                    1531 	.section ".bss","awb"
                    1532 .L5296:
                    1533 	.endo	.L5296
                    1534 	.text
                    1535 ..gh.f.f.1.a.1.e.83:
                    1536 	.endo	..gh.f.f.1.a.1.e.83
                    1537 Hmg_DiffieHellmanKeypairGen::
                    1538 .LDW671:
00000148 2001       1539 	movs	r0,1
                    1540 .LDW771:
0000014a 4770       1541 	ret
                    1542 __ghs_eofn_Hmg_DiffieHellmanKeypairGen::
                    1543 	.endf	Hmg_DiffieHellmanKeypairGen
                    1544 
                    1545 ;prngCtx	none	param
                    1546 ;publicValue	none	param
                    1547 ;privateValue	none	param
                    1548 ;baseG	none	param
                    1549 ;primeP	none	param
                    1550 
                    1551 	.section ".bss","awb"
                    1552 .L5360:
                    1553 	.endo	.L5360
                    1554 	.text
                    1555 ..gh.f.f.1.a.1.e.84:
                    1556 	.endo	..gh.f.f.1.a.1.e.84
                    1557 Hmg_DiffieHellmanSharedvalueGen::
                    1558 .LDW871:
0000014c 2001       1559 	movs	r0,1
                    1560 .LDW971:
0000014e 4770       1561 	ret
                    1562 __ghs_eofn_Hmg_DiffieHellmanSharedvalueGen::
                    1563 	.endf	Hmg_DiffieHellmanSharedvalueGen
                    1564 
                    1565 ;secretValue	none	param
                    1566 ;publicValue	none	param
                    1567 ;privateValue	none	param
                    1568 ;primeP	none	param
                    1569 
                    1570 	.section ".bss","awb"
                    1571 .L5424:
                    1572 	.endo	.L5424
                    1573 	.text
                    1574 ..gh.f.f.1.a.1.e.85:
                    1575 	.endo	..gh.f.f.1.a.1.e.85

                                                                      Page 27
                                                              C:\Windows\TEMP\gh_000098c3.si
                    1576 Hmg_PrngInit::
                    1577 .LDW081:
                    1578 .LDW181:
00000150 4770       1579 	ret
                    1580 __ghs_eofn_Hmg_PrngInit::
                    1581 	.endf	Hmg_PrngInit
                    1582 
                    1583 ;hpc	none	param
                    1584 
                    1585 	.section ".bss","awb"
                    1586 .L5482:
                    1587 	.endo	.L5482
                    1588 	.text
                    1589 ..gh.f.f.1.a.1.e.86:
                    1590 	.endo	..gh.f.f.1.a.1.e.86
                    1591 Hmg_PrngReseed::
                    1592 .LDW281:
                    1593 .LDW381:
00000152 4770       1594 	ret
                    1595 __ghs_eofn_Hmg_PrngReseed::
                    1596 	.endf	Hmg_PrngReseed
                    1597 
                    1598 ;hpc	none	param
                    1599 ;entropy	none	param
                    1600 
                    1601 	.section ".bss","awb"
                    1602 .L5546:
                    1603 	.endo	.L5546
                    1604 	.text
                    1605 ..gh.f.f.1.a.1.e.87:
                    1606 	.endo	..gh.f.f.1.a.1.e.87
                    1607 Hmg_PrngGetRand::
                    1608 .LDW481:
00000154 2001       1609 	movs	r0,1
                    1610 .LDW581:
00000156 4770       1611 	ret
                    1612 __ghs_eofn_Hmg_PrngGetRand::
                    1613 	.endf	Hmg_PrngGetRand
                    1614 
                    1615 ;hpc	none	param
                    1616 ;rndout	none	param
                    1617 ;len	none	param
                    1618 
                    1619 	.section ".bss","awb"
                    1620 .L5616:
                    1621 	.endo	.L5616
                    1622 	.text
                    1623 ..gh.f.f.1.a.1.e.88:
                    1624 	.endo	..gh.f.f.1.a.1.e.88
                    1625 Hmg_RsaModExponentLongStart::
                    1626 .LDW681:
00000158 2001       1627 	movs	r0,1
                    1628 .LDW781:
0000015a 4770       1629 	ret
                    1630 __ghs_eofn_Hmg_RsaModExponentLongStart::
                    1631 	.endf	Hmg_RsaModExponentLongStart
                    1632 
                    1633 ;rsaCtx	none	param
                    1634 ;pEM	none	param
                    1635 ;Privatekey	none	param
                    1636 

                                                                      Page 28
                                                              C:\Windows\TEMP\gh_000098c3.si
                    1637 	.section ".bss","awb"
                    1638 .L5680:
                    1639 	.endo	.L5680
                    1640 	.text
                    1641 ..gh.f.f.1.a.1.e.89:
                    1642 	.endo	..gh.f.f.1.a.1.e.89
                    1643 Hmg_RsaModExponentLongUpdate::
                    1644 .LDW881:
0000015c 2001       1645 	movs	r0,1
                    1646 .LDW981:
0000015e 4770       1647 	ret
                    1648 __ghs_eofn_Hmg_RsaModExponentLongUpdate::
                    1649 	.endf	Hmg_RsaModExponentLongUpdate
                    1650 
                    1651 ;rsaCtx	none	param
                    1652 
                    1653 	.section ".bss","awb"
                    1654 .L5744:
                    1655 	.endo	.L5744
                    1656 	.text
                    1657 ..gh.f.f.1.a.1.e.90:
                    1658 	.endo	..gh.f.f.1.a.1.e.90
                    1659 Hmg_RsaModExponentLongFinish::
                    1660 .LDW091:
00000160 2001       1661 	movs	r0,1
                    1662 .LDW191:
00000162 4770       1663 	ret
                    1664 __ghs_eofn_Hmg_RsaModExponentLongFinish::
                    1665 	.endf	Hmg_RsaModExponentLongFinish
                    1666 
                    1667 ;rsaCtx	none	param
                    1668 ;pCM	none	param
                    1669 
                    1670 	.section ".bss","awb"
                    1671 .L5808:
                    1672 	.endo	.L5808
                    1673 	.text
                    1674 ..gh.f.f.1.a.1.e.91:
                    1675 	.endo	..gh.f.f.1.a.1.e.91
                    1676 Hmg_RsaModExponentLong::
                    1677 .LDW291:
00000164 2001       1678 	movs	r0,1
                    1679 .LDW391:
00000166 4770       1680 	ret
                    1681 __ghs_eofn_Hmg_RsaModExponentLong::
                    1682 	.endf	Hmg_RsaModExponentLong
                    1683 
                    1684 ;pCM	none	param
                    1685 ;pEM	none	param
                    1686 ;Privatekey	none	param
                    1687 
                    1688 	.section ".bss","awb"
                    1689 .L5872:
                    1690 	.endo	.L5872
                    1691 	.text
                    1692 ..gh.f.f.1.a.1.e.92:
                    1693 	.endo	..gh.f.f.1.a.1.e.92
                    1694 Hmg_RsaModExponentStart::
                    1695 .LDW491:
00000168 2001       1696 	movs	r0,1
                    1697 .LDW591:

                                                                      Page 29
                                                              C:\Windows\TEMP\gh_000098c3.si
0000016a 4770       1698 	ret
                    1699 __ghs_eofn_Hmg_RsaModExponentStart::
                    1700 	.endf	Hmg_RsaModExponentStart
                    1701 
                    1702 ;rsaCtx	none	param
                    1703 ;pEM	none	param
                    1704 ;Publickey	none	param
                    1705 
                    1706 	.section ".bss","awb"
                    1707 .L5936:
                    1708 	.endo	.L5936
                    1709 	.text
                    1710 ..gh.f.f.1.a.1.e.93:
                    1711 	.endo	..gh.f.f.1.a.1.e.93
                    1712 Hmg_RsaModExponentUpdate::
                    1713 .LDW691:
0000016c 2001       1714 	movs	r0,1
                    1715 .LDW791:
0000016e 4770       1716 	ret
                    1717 __ghs_eofn_Hmg_RsaModExponentUpdate::
                    1718 	.endf	Hmg_RsaModExponentUpdate
                    1719 
                    1720 ;rsaCtx	none	param
                    1721 
                    1722 	.section ".bss","awb"
                    1723 .L6000:
                    1724 	.endo	.L6000
                    1725 	.text
                    1726 ..gh.f.f.1.a.1.e.94:
                    1727 	.endo	..gh.f.f.1.a.1.e.94
                    1728 Hmg_RsaModExponentFinish::
                    1729 .LDW891:
00000170 2001       1730 	movs	r0,1
                    1731 .LDW991:
00000172 4770       1732 	ret
                    1733 __ghs_eofn_Hmg_RsaModExponentFinish::
                    1734 	.endf	Hmg_RsaModExponentFinish
                    1735 
                    1736 ;rsaCtx	none	param
                    1737 ;pCM	none	param
                    1738 
                    1739 	.section ".bss","awb"
                    1740 .L6064:
                    1741 	.endo	.L6064
                    1742 	.text
                    1743 ..gh.f.f.1.a.1.e.95:
                    1744 	.endo	..gh.f.f.1.a.1.e.95
                    1745 Hmg_RsaModExponent::
                    1746 .LDW002:
00000174 2001       1747 	movs	r0,1
                    1748 .LDW102:
00000176 4770       1749 	ret
                    1750 __ghs_eofn_Hmg_RsaModExponent::
                    1751 	.endf	Hmg_RsaModExponent
                    1752 
                    1753 ;pCM	none	param
                    1754 ;pEM	none	param
                    1755 ;Publickey	none	param
                    1756 
                    1757 	.section ".bss","awb"
                    1758 .L6128:

                                                                      Page 30
                                                              C:\Windows\TEMP\gh_000098c3.si
                    1759 	.endo	.L6128
                    1760 	.text
                    1761 ..gh.f.f.1.a.1.e.96:
                    1762 	.endo	..gh.f.f.1.a.1.e.96
                    1763 Hmg_Sha160Start::
                    1764 .LDW202:
00000178 2001       1765 	movs	r0,1
                    1766 .LDW302:
0000017a 4770       1767 	ret
                    1768 __ghs_eofn_Hmg_Sha160Start::
                    1769 	.endf	Hmg_Sha160Start
                    1770 
                    1771 ;sha160Ctx	none	param
                    1772 
                    1773 	.section ".bss","awb"
                    1774 .L6192:
                    1775 	.endo	.L6192
                    1776 	.text
                    1777 ..gh.f.f.1.a.1.e.97:
                    1778 	.endo	..gh.f.f.1.a.1.e.97
                    1779 Hmg_Sha160Update::
                    1780 .LDW402:
0000017c 2001       1781 	movs	r0,1
                    1782 .LDW502:
0000017e 4770       1783 	ret
                    1784 __ghs_eofn_Hmg_Sha160Update::
                    1785 	.endf	Hmg_Sha160Update
                    1786 
                    1787 ;sha160Ctx	none	param
                    1788 ;data	none	param
                    1789 ;dataLen	none	param
                    1790 
                    1791 	.section ".bss","awb"
                    1792 .L6256:
                    1793 	.endo	.L6256
                    1794 	.text
                    1795 ..gh.f.f.1.a.1.e.98:
                    1796 	.endo	..gh.f.f.1.a.1.e.98
                    1797 Hmg_Sha160Finish::
                    1798 .LDW602:
00000180 2001       1799 	movs	r0,1
                    1800 .LDW702:
00000182 4770       1801 	ret
                    1802 __ghs_eofn_Hmg_Sha160Finish::
                    1803 	.endf	Hmg_Sha160Finish
                    1804 
                    1805 ;sha160Ctx	none	param
                    1806 ;digest	none	param
                    1807 
                    1808 	.section ".bss","awb"
                    1809 .L6320:
                    1810 	.endo	.L6320
                    1811 	.text
                    1812 ..gh.f.f.1.a.1.e.99:
                    1813 	.endo	..gh.f.f.1.a.1.e.99
                    1814 Hmg_Sha160::
                    1815 .LDW802:
00000184 2001       1816 	movs	r0,1
                    1817 .LDW902:
00000186 4770       1818 	ret
                    1819 __ghs_eofn_Hmg_Sha160::

                                                                      Page 31
                                                              C:\Windows\TEMP\gh_000098c3.si
                    1820 	.endf	Hmg_Sha160
                    1821 
                    1822 ;digest	none	param
                    1823 ;data	none	param
                    1824 ;dataLen	none	param
                    1825 
                    1826 	.section ".bss","awb"
                    1827 .L6384:
                    1828 	.endo	.L6384
                    1829 	.text
                    1830 ..gh.f.f.1.a.1.e.100:
                    1831 	.endo	..gh.f.f.1.a.1.e.100
                    1832 Hmg_Sha256Start::
                    1833 .LDW012:
00000188 2001       1834 	movs	r0,1
                    1835 .LDW112:
0000018a 4770       1836 	ret
                    1837 __ghs_eofn_Hmg_Sha256Start::
                    1838 	.endf	Hmg_Sha256Start
                    1839 
                    1840 ;sha256Ctx	none	param
                    1841 
                    1842 	.section ".bss","awb"
                    1843 .L6448:
                    1844 	.endo	.L6448
                    1845 	.text
                    1846 ..gh.f.f.1.a.1.e.101:
                    1847 	.endo	..gh.f.f.1.a.1.e.101
                    1848 Hmg_Sha256Update::
                    1849 .LDW212:
0000018c 2001       1850 	movs	r0,1
                    1851 .LDW312:
0000018e 4770       1852 	ret
                    1853 __ghs_eofn_Hmg_Sha256Update::
                    1854 	.endf	Hmg_Sha256Update
                    1855 
                    1856 ;sha256Ctx	none	param
                    1857 ;data	none	param
                    1858 ;dataLen	none	param
                    1859 
                    1860 	.section ".bss","awb"
                    1861 .L6512:
                    1862 	.endo	.L6512
                    1863 	.text
                    1864 ..gh.f.f.1.a.1.e.102:
                    1865 	.endo	..gh.f.f.1.a.1.e.102
                    1866 Hmg_Sha256Finish::
                    1867 .LDW412:
00000190 2001       1868 	movs	r0,1
                    1869 .LDW512:
00000192 4770       1870 	ret
                    1871 __ghs_eofn_Hmg_Sha256Finish::
                    1872 	.endf	Hmg_Sha256Finish
                    1873 
                    1874 ;sha256Ctx	none	param
                    1875 ;digest	none	param
                    1876 
                    1877 	.section ".bss","awb"
                    1878 .L6576:
                    1879 	.endo	.L6576
                    1880 	.text

                                                                      Page 32
                                                              C:\Windows\TEMP\gh_000098c3.si
                    1881 ..gh.f.f.1.a.1.e.103:
                    1882 	.endo	..gh.f.f.1.a.1.e.103
                    1883 Hmg_Sha256::
                    1884 .LDW612:
00000194 2001       1885 	movs	r0,1
                    1886 .LDW712:
00000196 4770       1887 	ret
                    1888 __ghs_eofn_Hmg_Sha256::
                    1889 	.endf	Hmg_Sha256
                    1890 
                    1891 ;digest	none	param
                    1892 ;data	none	param
                    1893 ;dataLen	none	param
                    1894 
                    1895 	.section ".bss","awb"
                    1896 .L6640:
                    1897 	.endo	.L6640
                    1898 	.text
                    1899 
                    1900 	.ghsnote info, 19, 3, 640
                    1901 	.align	2
                    1902 ..eof.C.3A.5CWorking.5CAUTOSAR.5CWPC.5C01_SWP_Backup.5Cksn_backup.5Ce_ka4_pe_wpc_v200_220519_1.5CFBL.5CDebug_FBL.5CCryptoLib.5CDummyCrypto.5Cusercode.5CDummy_HaeCryptoLib...43.3A.5CWorking.5CAUTOSAR.5CWPC.5C01_SWP_Backup.5Cksn_backup.5Ce_ka4_pe_wpc_v200_220519_1..628DB5B4..0::
                    1903 	.section	.debug_info
                    1904 .Ldw_begin:
00000000 00000000*  1905 	.data.w	.Ldw_end-.Ldw_begin-4
00000004 0002       1906 	.data.b	2,0
00000006 00000000*  1907 	.data.w	.Ldw_abbr_begin
0000000a 04         1908 	.data.b	4
                    1909 	.section	.debug_abbrev
                    1910 .Ldw_abbr_begin:
                    1911 	.section	.debug_info
0000000b 01         1912 	.data.b	1
0000000c 00000000*  1913 	.data.w	..bof.C.3A.5CWorking.5CAUTOSAR.5CWPC.5C01_SWP_Backup.5Cksn_backup.5Ce_ka4_pe_wpc_v200_220519_1.5CFBL.5CDebug_FBL.5CCryptoLib.5CDummyCrypto.5Cusercode.5CDummy_HaeCryptoLib...43.3A.5CWorking.5CAUTOSAR.5CWPC.5C01_SWP_Backup.5Cksn_backup.5Ce_ka4_pe_wpc_v200_220519_1..628DB5B4..0
00000010 00000000*  1914 	.data.w	..eof.C.3A.5CWorking.5CAUTOSAR.5CWPC.5C01_SWP_Backup.5Cksn_backup.5Ce_ka4_pe_wpc_v200_220519_1.5CFBL.5CDebug_FBL.5CCryptoLib.5CDummyCrypto.5Cusercode.5CDummy_HaeCryptoLib...43.3A.5CWorking.5CAUTOSAR.5CWPC.5C01_SWP_Backup.5Cksn_backup.5Ce_ka4_pe_wpc_v200_220519_1..628DB5B4..0
00000014 70797243   1915 	.data.b	67,114,121,112,116,111,76,105,98,47,68,117,109,109,121,67,114,121,112,116,111,47,117,115,101,114,99,111,100,101,47,68,117,109,109,121,95,72,97,101,67,114,121,112,116,111,76,105,98,46,99,0
00000018 694c6f74 
0000001c 75442f62 
00000020 43796d6d 
00000024 74707972 
00000028 73752f6f 
0000002c 6f637265 
00000030 442f6564 
00000034 796d6d75 
00000038 6561485f 
0000003c 70797243 
00000040 694c6f74 
00000044 00632e62 
00000048 575c3a43   1916 	.data.b	67,58,92,87,111,114,107,105,110,103,92,65,85,84,79,83,65,82,92,87,80,67,92,48,49,95,83,87,80,95,66,97,99,107,117,112,92,107,115,110,95,98,97,99,107,117,112,92,101,95,107,97,52,95,112,101,95,119,112,99
0000004c 696b726f 
00000050 415c676e 
00000054 534f5455 
00000058 575c5241 
0000005c 305c4350 
00000060 57535f31 
00000064 61425f50 
00000068 70756b63 
0000006c 6e736b5c 
00000070 6361625f 
00000074 5c70756b 
00000078 616b5f65 
0000007c 65705f34 

                                                                      Page 33
                                                              C:\Windows\TEMP\gh_000098c3.si
00000080 6370775f 
00000084 3032765f   1917 	.data.b	95,118,50,48,48,95,50,50,48,53,49,57,95,49,0
00000088 32325f30 
0000008c 39313530 
00000090 00315f 
00000093 20534847   1918 	.data.b	71,72,83,32,67,32,50,48,49,55,46,49,46,52,32,91,100,117,97,108,93,0
00000097 30322043 
0000009b 312e3731 
0000009f 5b20342e 
000000a3 6c617564 
000000a7 005d 
000000a9 0001       1919 	.data.b	1,0
000000ab 00000000*  1920 	.data.w	.Ldw_line_begin
000000af 00000000*  1921 	.data.w	.Ldw_macinfo_begin
000000b3 00         1922 	.data.b	0
                    1923 
                    1924 	.section	.debug_abbrev
00000000 01         1925 	.data.b	1
00000001 11         1926 	.data.b	17
00000002 01         1927 	.data.b	1
00000003 0111       1928 	.data.b	17,1
00000005 0112       1929 	.data.b	18,1
00000007 0803       1930 	.data.b	3,8
00000009 081b       1931 	.data.b	27,8
0000000b 0825       1932 	.data.b	37,8
0000000d 0513       1933 	.data.b	19,5
0000000f 0610       1934 	.data.b	16,6
00000011 0643       1935 	.data.b	67,6
00000013 0b42       1936 	.data.b	66,11
00000015 0000       1937 	.data.b	0,0
                    1938 
                    1939 	.section	.debug_line
                    1940 .Ldw_line_begin:
00000000 00000000*  1941 	.data.w	.Ldw_line_end-.Ldw_line_begin-4
00000004 0002       1942 	.data.b	2,0
00000006 00000000*  1943 	.data.w	.Ldw_lpro_end-.Ldw_lpro_begin
                    1944 .Ldw_lpro_begin:
0000000a 01         1945 	.data.b	1
0000000b 00         1946 	.data.b	0
0000000c 00         1947 	.data.b	0
0000000d 04         1948 	.data.b	4
0000000e 0a         1949 	.data.b	10
0000000f 010100     1950 	.data.b	0,1,1
00000012 000101     1951 	.data.b	1,1,0
00000015 010000     1952 	.data.b	0,0,1
00000018 00         1953 	.data.b	0
00000019 70797243   1954 	.data.b	67,114,121,112,116,111,76,105,98,47,68,117,109,109,121,67,114,121,112,116,111,47,117,115,101,114,99,111,100,101,47,68,117,109,109,121,95,72,97,101,67,114,121,112,116,111,76,105,98,46,99,0
0000001d 694c6f74 
00000021 75442f62 
00000025 43796d6d 
00000029 74707972 
0000002d 73752f6f 
00000031 6f637265 
00000035 442f6564 
00000039 796d6d75 
0000003d 6561485f 
00000041 70797243 
00000045 694c6f74 
00000049 00632e62 
0000004d 000000     1955 	.data.b	0,0,0
00000050 70797243   1956 	.data.b	67,114,121,112,116,111,76,105,98,47,68,117,109,109,121,67,114,121,112,116,111,47,117,115,101,114,99,111,100,101,47,68,117,109,109,121,95,72,97,101,67,114,121,112,116,111,76,105,98,46,104,0

                                                                      Page 34
                                                              C:\Windows\TEMP\gh_000098c3.si
00000054 694c6f74 
00000058 75442f62 
0000005c 43796d6d 
00000060 74707972 
00000064 73752f6f 
00000068 6f637265 
0000006c 442f6564 
00000070 796d6d75 
00000074 6561485f 
00000078 70797243 
0000007c 694c6f74 
00000080 00682e62 
00000084 000000     1957 	.data.b	0,0,0
00000087 00         1958 	.data.b	0
                    1959 .Ldw_lpro_end:
                    1960 	.section	.debug_macinfo
                    1961 .Ldw_macinfo_begin:
                    1962 	.section	.debug_frame
                    1963 .LDW_4a14d18:
00000000 00000000*  1964 	.data.w	.LDW_unq_2-.LDW_unq_1
                    1965 .LDW_unq_1:
00000004 ffffffff   1966 	.data.b	255,255,255,255
00000008 01         1967 	.data.b	1
00000009 00         1968 	.data.b	0
0000000a 01         1969 	.data.b	1
0000000b 01         1970 	.data.b	1
0000000c 00         1971 	.data.b	0
0000000d 0c         1972 	.data.b	12
0000000e 0d         1973 	.data.b	13
0000000f 00         1974 	.data.b	0
00000010 07         1975 	.data.b	7
00000011 00         1976 	.data.b	0
00000012 07         1977 	.data.b	7
00000013 01         1978 	.data.b	1
00000014 07         1979 	.data.b	7
00000015 02         1980 	.data.b	2
00000016 07         1981 	.data.b	7
00000017 03         1982 	.data.b	3
00000018 07         1983 	.data.b	7
00000019 04         1984 	.data.b	4
0000001a 07         1985 	.data.b	7
0000001b 05         1986 	.data.b	5
0000001c 07         1987 	.data.b	7
0000001d 06         1988 	.data.b	6
0000001e 07         1989 	.data.b	7
0000001f 07         1990 	.data.b	7
00000020 07         1991 	.data.b	7
00000021 08         1992 	.data.b	8
00000022 07         1993 	.data.b	7
00000023 09         1994 	.data.b	9
00000024 07         1995 	.data.b	7
00000025 0a         1996 	.data.b	10
00000026 07         1997 	.data.b	7
00000027 0b         1998 	.data.b	11
00000028 07         1999 	.data.b	7
00000029 0c         2000 	.data.b	12
0000002a 07         2001 	.data.b	7
0000002b 0d         2002 	.data.b	13
0000002c 07         2003 	.data.b	7
0000002d 0e         2004 	.data.b	14
0000002e 07         2005 	.data.b	7

                                                                      Page 35
                                                              C:\Windows\TEMP\gh_000098c3.si
0000002f 0f         2006 	.data.b	15
00000030 07         2007 	.data.b	7
00000031 10         2008 	.data.b	16
00000032 07         2009 	.data.b	7
00000033 11         2010 	.data.b	17
00000034 07         2011 	.data.b	7
00000035 12         2012 	.data.b	18
00000036 07         2013 	.data.b	7
00000037 13         2014 	.data.b	19
00000038 07         2015 	.data.b	7
00000039 14         2016 	.data.b	20
0000003a 07         2017 	.data.b	7
0000003b 15         2018 	.data.b	21
0000003c 07         2019 	.data.b	7
0000003d 16         2020 	.data.b	22
0000003e 07         2021 	.data.b	7
0000003f 17         2022 	.data.b	23
00000040 07         2023 	.data.b	7
00000041 18         2024 	.data.b	24
00000042 07         2025 	.data.b	7
00000043 19         2026 	.data.b	25
00000044 07         2027 	.data.b	7
00000045 1a         2028 	.data.b	26
00000046 07         2029 	.data.b	7
00000047 1b         2030 	.data.b	27
00000048 07         2031 	.data.b	7
00000049 1c         2032 	.data.b	28
0000004a 07         2033 	.data.b	7
0000004b 1d         2034 	.data.b	29
0000004c 07         2035 	.data.b	7
0000004d 1e         2036 	.data.b	30
0000004e 07         2037 	.data.b	7
0000004f 1f         2038 	.data.b	31
00000050 07         2039 	.data.b	7
00000051 20         2040 	.data.b	32
00000052 07         2041 	.data.b	7
00000053 21         2042 	.data.b	33
00000054 07         2043 	.data.b	7
00000055 22         2044 	.data.b	34
00000056 07         2045 	.data.b	7
00000057 23         2046 	.data.b	35
00000058 07         2047 	.data.b	7
00000059 24         2048 	.data.b	36
0000005a 07         2049 	.data.b	7
0000005b 25         2050 	.data.b	37
0000005c 07         2051 	.data.b	7
0000005d 26         2052 	.data.b	38
0000005e 07         2053 	.data.b	7
0000005f 27         2054 	.data.b	39
00000060 07         2055 	.data.b	7
00000061 28         2056 	.data.b	40
00000062 07         2057 	.data.b	7
00000063 29         2058 	.data.b	41
00000064 07         2059 	.data.b	7
00000065 2a         2060 	.data.b	42
00000066 07         2061 	.data.b	7
00000067 2b         2062 	.data.b	43
00000068 07         2063 	.data.b	7
00000069 2c         2064 	.data.b	44
0000006a 07         2065 	.data.b	7
0000006b 2d         2066 	.data.b	45

                                                                      Page 36
                                                              C:\Windows\TEMP\gh_000098c3.si
0000006c 07         2067 	.data.b	7
0000006d 2e         2068 	.data.b	46
0000006e 07         2069 	.data.b	7
0000006f 2f         2070 	.data.b	47
00000070 07         2071 	.data.b	7
00000071 30         2072 	.data.b	48
00000072 07         2073 	.data.b	7
00000073 31         2074 	.data.b	49
00000074 07         2075 	.data.b	7
00000075 32         2076 	.data.b	50
00000076 07         2077 	.data.b	7
00000077 33         2078 	.data.b	51
00000078 07         2079 	.data.b	7
00000079 34         2080 	.data.b	52
0000007a 07         2081 	.data.b	7
0000007b 35         2082 	.data.b	53
0000007c 07         2083 	.data.b	7
0000007d 36         2084 	.data.b	54
0000007e 07         2085 	.data.b	7
0000007f 37         2086 	.data.b	55
00000080 07         2087 	.data.b	7
00000081 38         2088 	.data.b	56
00000082 07         2089 	.data.b	7
00000083 39         2090 	.data.b	57
00000084 07         2091 	.data.b	7
00000085 3a         2092 	.data.b	58
00000086 07         2093 	.data.b	7
00000087 3b         2094 	.data.b	59
00000088 07         2095 	.data.b	7
00000089 3c         2096 	.data.b	60
0000008a 07         2097 	.data.b	7
0000008b 3d         2098 	.data.b	61
0000008c 07         2099 	.data.b	7
0000008d 3e         2100 	.data.b	62
0000008e 07         2101 	.data.b	7
0000008f 3f         2102 	.data.b	63
                    2103 .LDW_unq_2:
                    2104 	.section	.debug_info
                    2105 .LDW_3732a50:
000000b4 27         2106 	.data.b	39
000000b5 69736e75   2107 	.data.b	117,110,115,105,103,110,101,100,32,108,111,110,103,0
000000b9 64656e67 
000000bd 6e6f6c20 
000000c1 0067 
000000c3 07         2108 	.data.b	7
000000c4 04         2109 	.data.b	4
                    2110 
                    2111 	.section	.debug_abbrev
00000017 27         2112 	.data.b	39
00000018 24         2113 	.data.b	36
00000019 00         2114 	.data.b	0
0000001a 0803       2115 	.data.b	3,8
0000001c 0b3e       2116 	.data.b	62,11
0000001e 0b0b       2117 	.data.b	11,11
00000020 0000       2118 	.data.b	0,0
                    2119 
                    2120 	.section	.debug_info
                    2121 .LDW_3732c80:
000000c5 46         2122 	.data.b	70
000000c6 00000000*  2123 	.data.w	.LDW_4956658
000000ca 00         2124 	.data.b	0

                                                                      Page 37
                                                              C:\Windows\TEMP\gh_000098c3.si
                    2125 
                    2126 	.section	.debug_abbrev
00000022 46         2127 	.data.b	70
00000023 15         2128 	.data.b	21
00000024 01         2129 	.data.b	1
00000025 1049       2130 	.data.b	73,16
00000027 0c27       2131 	.data.b	39,12
00000029 0000       2132 	.data.b	0,0
                    2133 
                    2134 	.section	.debug_info
000000cb 00         2135 	.data.b	0
                    2136 
                    2137 .LDW_3732b30:
000000cc 47         2138 	.data.b	71
000000cd 01         2139 	.data.b	1
                    2140 
                    2141 	.section	.debug_abbrev
0000002b 47         2142 	.data.b	71
0000002c 15         2143 	.data.b	21
0000002d 01         2144 	.data.b	1
0000002e 0c27       2145 	.data.b	39,12
00000030 0000       2146 	.data.b	0,0
                    2147 
                    2148 	.section	.debug_info
000000ce 00         2149 	.data.b	0
                    2150 
                    2151 .LDW_3732cf0:
000000cf 31         2152 	.data.b	49
000000d0 00000000*  2153 	.data.w	.LDW_3732b30
                    2154 
                    2155 	.section	.debug_abbrev
00000032 31         2156 	.data.b	49
00000033 0f         2157 	.data.b	15
00000034 00         2158 	.data.b	0
00000035 1049       2159 	.data.b	73,16
00000037 0000       2160 	.data.b	0,0
                    2161 
                    2162 	.section	.debug_info
                    2163 .LDW_3732cb8:
000000d4 47         2164 	.data.b	71
000000d5 01         2165 	.data.b	1
                    2166 
                    2167 .LDW_36efd08:
000000d6 14         2168 	.data.b	20
000000d7 00000000*  2169 	.data.w	.LDW_4956748
000000db 00         2170 	.data.b	0
                    2171 
                    2172 	.section	.debug_abbrev
00000039 14         2173 	.data.b	20
0000003a 05         2174 	.data.b	5
0000003b 00         2175 	.data.b	0
0000003c 1049       2176 	.data.b	73,16
0000003e 0c4b       2177 	.data.b	75,12
00000040 0000       2178 	.data.b	0,0
                    2179 
                    2180 	.section	.debug_info
000000dc 00         2181 	.data.b	0
                    2182 
                    2183 .LDW_3732d28:
000000dd 47         2184 	.data.b	71
000000de 01         2185 	.data.b	1

                                                                      Page 38
                                                              C:\Windows\TEMP\gh_000098c3.si
                    2186 
000000df 00         2187 	.data.b	0
                    2188 
                    2189 .LDW_3732ba0:
000000e0 27         2190 	.data.b	39
000000e1 69736e75   2191 	.data.b	117,110,115,105,103,110,101,100,32,99,104,97,114,0
000000e5 64656e67 
000000e9 61686320 
000000ed 0072 
000000ef 08         2192 	.data.b	8
000000f0 01         2193 	.data.b	1
                    2194 
                    2195 .LDW_3732fc8:
000000f1 31         2196 	.data.b	49
000000f2 00000000*  2197 	.data.w	.LDW_49569d8
                    2198 
                    2199 .LDW_49c5af8:
000000f6 2b         2200 	.data.b	43
000000f7 00000000*  2201 	.data.w	.LDW_4956a30
                    2202 
                    2203 	.section	.debug_abbrev
00000042 2b         2204 	.data.b	43
00000043 26         2205 	.data.b	38
00000044 00         2206 	.data.b	0
00000045 1049       2207 	.data.b	73,16
00000047 0000       2208 	.data.b	0,0
                    2209 
                    2210 	.section	.debug_info
                    2211 .LDW_3732c10:
000000fb 31         2212 	.data.b	49
000000fc 00000000*  2213 	.data.w	.LDW_49c5af8
                    2214 
                    2215 .LDW_3732bd8:
00000100 46         2216 	.data.b	70
00000101 00000000*  2217 	.data.w	.LDW_4956928
00000105 01         2218 	.data.b	1
                    2219 
                    2220 .LDW_36efe88:
00000106 14         2221 	.data.b	20
00000107 00000000*  2222 	.data.w	.LDW_3732fc8
0000010b 00         2223 	.data.b	0
                    2224 
                    2225 .LDW_36efd98:
0000010c 14         2226 	.data.b	20
0000010d 00000000*  2227 	.data.w	.LDW_3732c10
00000111 00         2228 	.data.b	0
                    2229 
                    2230 .LDW_36efdc8:
00000112 14         2231 	.data.b	20
00000113 00000000*  2232 	.data.w	.LDW_49c5af8
00000117 00         2233 	.data.b	0
                    2234 
00000118 00         2235 	.data.b	0
                    2236 
                    2237 .LDW_3732d60:
00000119 31         2238 	.data.b	49
0000011a 00000000*  2239 	.data.w	.LDW_4956a30
                    2240 
                    2241 .LDW_49c9cf8:
0000011e 2b         2242 	.data.b	43
0000011f 00000000*  2243 	.data.w	.LDW_4956658

                                                                      Page 39
                                                              C:\Windows\TEMP\gh_000098c3.si
                    2244 
                    2245 .LDW_3732a88:
00000123 46         2246 	.data.b	70
00000124 00000000*  2247 	.data.w	.LDW_4956928
00000128 01         2248 	.data.b	1
                    2249 
                    2250 .LDW_36efeb8:
00000129 14         2251 	.data.b	20
0000012a 00000000*  2252 	.data.w	.LDW_3732fc8
0000012e 00         2253 	.data.b	0
                    2254 
                    2255 .LDW_36efee8:
0000012f 14         2256 	.data.b	20
00000130 00000000*  2257 	.data.w	.LDW_3732d60
00000134 00         2258 	.data.b	0
                    2259 
                    2260 .LDW_36eff18:
00000135 14         2261 	.data.b	20
00000136 00000000*  2262 	.data.w	.LDW_3732c10
0000013a 00         2263 	.data.b	0
                    2264 
                    2265 .LDW_36eff48:
0000013b 14         2266 	.data.b	20
0000013c 00000000*  2267 	.data.w	.LDW_49c9cf8
00000140 00         2268 	.data.b	0
                    2269 
00000141 00         2270 	.data.b	0
                    2271 
                    2272 .LDW_3732dd0:
00000142 46         2273 	.data.b	70
00000143 00000000*  2274 	.data.w	.LDW_4956928
00000147 01         2275 	.data.b	1
                    2276 
                    2277 .LDW_49caa30:
00000148 14         2278 	.data.b	20
00000149 00000000*  2279 	.data.w	.LDW_3732fc8
0000014d 00         2280 	.data.b	0
                    2281 
                    2282 .LDW_49ca9d0:
0000014e 14         2283 	.data.b	20
0000014f 00000000*  2284 	.data.w	.LDW_3732d60
00000153 00         2285 	.data.b	0
                    2286 
                    2287 .LDW_49caa60:
00000154 14         2288 	.data.b	20
00000155 00000000*  2289 	.data.w	.LDW_3732c10
00000159 00         2290 	.data.b	0
                    2291 
                    2292 .LDW_49ca760:
0000015a 14         2293 	.data.b	20
0000015b 00000000*  2294 	.data.w	.LDW_49c9cf8
0000015f 00         2295 	.data.b	0
                    2296 
00000160 00         2297 	.data.b	0
                    2298 
                    2299 .LDW_3732970:
00000161 46         2300 	.data.b	70
00000162 00000000*  2301 	.data.w	.LDW_4956928
00000166 01         2302 	.data.b	1
                    2303 
                    2304 .LDW_49ca820:

                                                                      Page 40
                                                              C:\Windows\TEMP\gh_000098c3.si
00000167 14         2305 	.data.b	20
00000168 00000000*  2306 	.data.w	.LDW_3732fc8
0000016c 00         2307 	.data.b	0
                    2308 
                    2309 .LDW_49ca790:
0000016d 14         2310 	.data.b	20
0000016e 00000000*  2311 	.data.w	.LDW_3732d60
00000172 00         2312 	.data.b	0
                    2313 
                    2314 .LDW_49ca7c0:
00000173 14         2315 	.data.b	20
00000174 00000000*  2316 	.data.w	.LDW_3732d60
00000178 00         2317 	.data.b	0
                    2318 
                    2319 .LDW_49ca700:
00000179 14         2320 	.data.b	20
0000017a 00000000*  2321 	.data.w	.LDW_3732c10
0000017e 00         2322 	.data.b	0
                    2323 
                    2324 .LDW_49cac10:
0000017f 14         2325 	.data.b	20
00000180 00000000*  2326 	.data.w	.LDW_49c9cf8
00000184 00         2327 	.data.b	0
                    2328 
00000185 00         2329 	.data.b	0
                    2330 
                    2331 .LDW_3732e78:
00000186 46         2332 	.data.b	70
00000187 00000000*  2333 	.data.w	.LDW_4956928
0000018b 01         2334 	.data.b	1
                    2335 
                    2336 .LDW_49ca850:
0000018c 14         2337 	.data.b	20
0000018d 00000000*  2338 	.data.w	.LDW_3732fc8
00000191 00         2339 	.data.b	0
                    2340 
                    2341 .LDW_49cab80:
00000192 14         2342 	.data.b	20
00000193 00000000*  2343 	.data.w	.LDW_3732d60
00000197 00         2344 	.data.b	0
                    2345 
                    2346 .LDW_49ca7f0:
00000198 14         2347 	.data.b	20
00000199 00000000*  2348 	.data.w	.LDW_3732d60
0000019d 00         2349 	.data.b	0
                    2350 
                    2351 .LDW_49ca8b0:
0000019e 14         2352 	.data.b	20
0000019f 00000000*  2353 	.data.w	.LDW_3732c10
000001a3 00         2354 	.data.b	0
                    2355 
                    2356 .LDW_49ca970:
000001a4 14         2357 	.data.b	20
000001a5 00000000*  2358 	.data.w	.LDW_49c9cf8
000001a9 00         2359 	.data.b	0
                    2360 
000001aa 00         2361 	.data.b	0
                    2362 
                    2363 .LDW_3732e08:
000001ab 31         2364 	.data.b	49
000001ac 00000000*  2365 	.data.w	.LDW_49ca440

                                                                      Page 41
                                                              C:\Windows\TEMP\gh_000098c3.si
                    2366 
                    2367 .LDW_3732d98:
000001b0 46         2368 	.data.b	70
000001b1 00000000*  2369 	.data.w	.LDW_4956928
000001b5 01         2370 	.data.b	1
                    2371 
                    2372 .LDW_49ca8e0:
000001b6 14         2373 	.data.b	20
000001b7 00000000*  2374 	.data.w	.LDW_3732e08
000001bb 00         2375 	.data.b	0
                    2376 
                    2377 .LDW_49cac70:
000001bc 14         2378 	.data.b	20
000001bd 00000000*  2379 	.data.w	.LDW_3732c10
000001c1 00         2380 	.data.b	0
                    2381 
                    2382 .LDW_49ca910:
000001c2 14         2383 	.data.b	20
000001c3 00000000*  2384 	.data.w	.LDW_3732c10
000001c7 00         2385 	.data.b	0
                    2386 
                    2387 .LDW_49ca940:
000001c8 14         2388 	.data.b	20
000001c9 00000000*  2389 	.data.w	.LDW_49c5af8
000001cd 00         2390 	.data.b	0
                    2391 
000001ce 00         2392 	.data.b	0
                    2393 
                    2394 .LDW_3732eb0:
000001cf 46         2395 	.data.b	70
000001d0 00000000*  2396 	.data.w	.LDW_4956928
000001d4 01         2397 	.data.b	1
                    2398 
                    2399 .LDW_49caac0:
000001d5 14         2400 	.data.b	20
000001d6 00000000*  2401 	.data.w	.LDW_3732e08
000001da 00         2402 	.data.b	0
                    2403 
                    2404 .LDW_49ca9a0:
000001db 14         2405 	.data.b	20
000001dc 00000000*  2406 	.data.w	.LDW_3732d60
000001e0 00         2407 	.data.b	0
                    2408 
                    2409 .LDW_49caa00:
000001e1 14         2410 	.data.b	20
000001e2 00000000*  2411 	.data.w	.LDW_3732c10
000001e6 00         2412 	.data.b	0
                    2413 
                    2414 .LDW_49caaf0:
000001e7 14         2415 	.data.b	20
000001e8 00000000*  2416 	.data.w	.LDW_49c9cf8
000001ec 00         2417 	.data.b	0
                    2418 
000001ed 00         2419 	.data.b	0
                    2420 
                    2421 .LDW_3732f58:
000001ee 31         2422 	.data.b	49
000001ef 00000000*  2423 	.data.w	.LDW_4956658
                    2424 
                    2425 .LDW_3732ee8:
000001f3 46         2426 	.data.b	70

                                                                      Page 42
                                                              C:\Windows\TEMP\gh_000098c3.si
000001f4 00000000*  2427 	.data.w	.LDW_4956928
000001f8 01         2428 	.data.b	1
                    2429 
                    2430 .LDW_49cab50:
000001f9 14         2431 	.data.b	20
000001fa 00000000*  2432 	.data.w	.LDW_3732e08
000001fe 00         2433 	.data.b	0
                    2434 
                    2435 .LDW_49cabb0:
000001ff 14         2436 	.data.b	20
00000200 00000000*  2437 	.data.w	.LDW_3732f58
00000204 00         2438 	.data.b	0
                    2439 
00000205 00         2440 	.data.b	0
                    2441 
                    2442 .LDW_3732f90:
00000206 46         2443 	.data.b	70
00000207 00000000*  2444 	.data.w	.LDW_4956928
0000020b 01         2445 	.data.b	1
                    2446 
                    2447 .LDW_49ca6d0:
0000020c 14         2448 	.data.b	20
0000020d 00000000*  2449 	.data.w	.LDW_3732fc8
00000211 00         2450 	.data.b	0
                    2451 
                    2452 .LDW_49ca730:
00000212 14         2453 	.data.b	20
00000213 00000000*  2454 	.data.w	.LDW_3732d60
00000217 00         2455 	.data.b	0
                    2456 
                    2457 .LDW_49cadc0:
00000218 14         2458 	.data.b	20
00000219 00000000*  2459 	.data.w	.LDW_3732d60
0000021d 00         2460 	.data.b	0
                    2461 
                    2462 .LDW_49cae50:
0000021e 14         2463 	.data.b	20
0000021f 00000000*  2464 	.data.w	.LDW_3732c10
00000223 00         2465 	.data.b	0
                    2466 
                    2467 .LDW_49cad90:
00000224 14         2468 	.data.b	20
00000225 00000000*  2469 	.data.w	.LDW_49c9cf8
00000229 00         2470 	.data.b	0
                    2471 
0000022a 00         2472 	.data.b	0
                    2473 
                    2474 .LDW_3733070:
0000022b 31         2475 	.data.b	49
0000022c 00000000*  2476 	.data.w	.LDW_49cb330
                    2477 
                    2478 .LDW_3733000:
00000230 46         2479 	.data.b	70
00000231 00000000*  2480 	.data.w	.LDW_4956928
00000235 01         2481 	.data.b	1
                    2482 
                    2483 .LDW_49cad30:
00000236 14         2484 	.data.b	20
00000237 00000000*  2485 	.data.w	.LDW_3733070
0000023b 00         2486 	.data.b	0
                    2487 

                                                                      Page 43
                                                              C:\Windows\TEMP\gh_000098c3.si
                    2488 .LDW_49cad60:
0000023c 14         2489 	.data.b	20
0000023d 00000000*  2490 	.data.w	.LDW_3732c10
00000241 00         2491 	.data.b	0
                    2492 
                    2493 .LDW_49cad00:
00000242 14         2494 	.data.b	20
00000243 00000000*  2495 	.data.w	.LDW_49c5af8
00000247 00         2496 	.data.b	0
                    2497 
00000248 00         2498 	.data.b	0
                    2499 
                    2500 .LDW_49cb1d0:
00000249 2b         2501 	.data.b	43
0000024a 00000000*  2502 	.data.w	.LDW_49cba10
                    2503 
                    2504 .LDW_37330a8:
0000024e 31         2505 	.data.b	49
0000024f 00000000*  2506 	.data.w	.LDW_49cb1d0
                    2507 
                    2508 .LDW_3733038:
00000253 46         2509 	.data.b	70
00000254 00000000*  2510 	.data.w	.LDW_4956928
00000258 01         2511 	.data.b	1
                    2512 
                    2513 .LDW_49cacd0:
00000259 14         2514 	.data.b	20
0000025a 00000000*  2515 	.data.w	.LDW_3732d60
0000025e 00         2516 	.data.b	0
                    2517 
                    2518 .LDW_49cc790:
0000025f 14         2519 	.data.b	20
00000260 00000000*  2520 	.data.w	.LDW_3732d60
00000264 00         2521 	.data.b	0
                    2522 
                    2523 .LDW_49cc580:
00000265 14         2524 	.data.b	20
00000266 00000000*  2525 	.data.w	.LDW_37330a8
0000026a 00         2526 	.data.b	0
                    2527 
0000026b 00         2528 	.data.b	0
                    2529 
                    2530 .LDW_49ccd58:
0000026c 46         2531 	.data.b	70
0000026d 00000000*  2532 	.data.w	.LDW_4956928
00000271 01         2533 	.data.b	1
                    2534 
                    2535 .LDW_49cc520:
00000272 14         2536 	.data.b	20
00000273 00000000*  2537 	.data.w	.LDW_3732d60
00000277 00         2538 	.data.b	0
                    2539 
                    2540 .LDW_49cc550:
00000278 14         2541 	.data.b	20
00000279 00000000*  2542 	.data.w	.LDW_3732c10
0000027d 00         2543 	.data.b	0
                    2544 
                    2545 .LDW_49cc7f0:
0000027e 14         2546 	.data.b	20
0000027f 00000000*  2547 	.data.w	.LDW_37330a8
00000283 00         2548 	.data.b	0

                                                                      Page 44
                                                              C:\Windows\TEMP\gh_000098c3.si
                    2549 
00000284 00         2550 	.data.b	0
                    2551 
                    2552 .LDW_49cd298:
00000285 46         2553 	.data.b	70
00000286 00000000*  2554 	.data.w	.LDW_4956928
0000028a 01         2555 	.data.b	1
                    2556 
                    2557 .LDW_49cc4c0:
0000028b 14         2558 	.data.b	20
0000028c 00000000*  2559 	.data.w	.LDW_3733070
00000290 00         2560 	.data.b	0
                    2561 
                    2562 .LDW_49cc460:
00000291 14         2563 	.data.b	20
00000292 00000000*  2564 	.data.w	.LDW_3732c10
00000296 00         2565 	.data.b	0
                    2566 
                    2567 .LDW_49cc6d0:
00000297 14         2568 	.data.b	20
00000298 00000000*  2569 	.data.w	.LDW_49c9cf8
0000029c 00         2570 	.data.b	0
                    2571 
0000029d 00         2572 	.data.b	0
                    2573 
                    2574 .LDW_49cd068:
0000029e 46         2575 	.data.b	70
0000029f 00000000*  2576 	.data.w	.LDW_4956928
000002a3 01         2577 	.data.b	1
                    2578 
                    2579 .LDW_49cc5b0:
000002a4 14         2580 	.data.b	20
000002a5 00000000*  2581 	.data.w	.LDW_3733070
000002a9 00         2582 	.data.b	0
                    2583 
                    2584 .LDW_49cc3a0:
000002aa 14         2585 	.data.b	20
000002ab 00000000*  2586 	.data.w	.LDW_3732d60
000002af 00         2587 	.data.b	0
                    2588 
000002b0 00         2589 	.data.b	0
                    2590 
                    2591 .LDW_49cd1f0:
000002b1 46         2592 	.data.b	70
000002b2 00000000*  2593 	.data.w	.LDW_4956928
000002b6 01         2594 	.data.b	1
                    2595 
                    2596 .LDW_49cc820:
000002b7 14         2597 	.data.b	20
000002b8 00000000*  2598 	.data.w	.LDW_3732d60
000002bc 00         2599 	.data.b	0
                    2600 
                    2601 .LDW_49cc970:
000002bd 14         2602 	.data.b	20
000002be 00000000*  2603 	.data.w	.LDW_3732c10
000002c2 00         2604 	.data.b	0
                    2605 
                    2606 .LDW_49cc8b0:
000002c3 14         2607 	.data.b	20
000002c4 00000000*  2608 	.data.w	.LDW_49c5af8
000002c8 00         2609 	.data.b	0

                                                                      Page 45
                                                              C:\Windows\TEMP\gh_000098c3.si
                    2610 
                    2611 .LDW_49cc610:
000002c9 14         2612 	.data.b	20
000002ca 00000000*  2613 	.data.w	.LDW_3732c10
000002ce 00         2614 	.data.b	0
                    2615 
                    2616 .LDW_49cc850:
000002cf 14         2617 	.data.b	20
000002d0 00000000*  2618 	.data.w	.LDW_49c9cf8
000002d4 00         2619 	.data.b	0
                    2620 
000002d5 00         2621 	.data.b	0
                    2622 
                    2623 .LDW_49cd228:
000002d6 31         2624 	.data.b	49
000002d7 00000000*  2625 	.data.w	.LDW_49cbfe8
                    2626 
                    2627 .LDW_49cd2d0:
000002db 46         2628 	.data.b	70
000002dc 00000000*  2629 	.data.w	.LDW_4956928
000002e0 01         2630 	.data.b	1
                    2631 
                    2632 .LDW_49cc670:
000002e1 14         2633 	.data.b	20
000002e2 00000000*  2634 	.data.w	.LDW_49cd228
000002e6 00         2635 	.data.b	0
                    2636 
                    2637 .LDW_49cc6a0:
000002e7 14         2638 	.data.b	20
000002e8 00000000*  2639 	.data.w	.LDW_3732c10
000002ec 00         2640 	.data.b	0
                    2641 
000002ed 00         2642 	.data.b	0
                    2643 
                    2644 .LDW_49cce00:
000002ee 31         2645 	.data.b	49
000002ef 00000000*  2646 	.data.w	.LDW_49cc098
                    2647 
                    2648 .LDW_49cbe88:
000002f3 2b         2649 	.data.b	43
000002f4 00000000*  2650 	.data.w	.LDW_49cbfe8
                    2651 
                    2652 .LDW_49ccf50:
000002f8 31         2653 	.data.b	49
000002f9 00000000*  2654 	.data.w	.LDW_49cbe88
                    2655 
                    2656 .LDW_49cd308:
000002fd 46         2657 	.data.b	70
000002fe 00000000*  2658 	.data.w	.LDW_4956928
00000302 01         2659 	.data.b	1
                    2660 
                    2661 .LDW_49cc880:
00000303 14         2662 	.data.b	20
00000304 00000000*  2663 	.data.w	.LDW_49cce00
00000308 00         2664 	.data.b	0
                    2665 
                    2666 .LDW_49cc430:
00000309 14         2667 	.data.b	20
0000030a 00000000*  2668 	.data.w	.LDW_3732c10
0000030e 00         2669 	.data.b	0
                    2670 

                                                                      Page 46
                                                              C:\Windows\TEMP\gh_000098c3.si
                    2671 .LDW_49cc3d0:
0000030f 14         2672 	.data.b	20
00000310 00000000*  2673 	.data.w	.LDW_49ccf50
00000314 00         2674 	.data.b	0
                    2675 
00000315 00         2676 	.data.b	0
                    2677 
                    2678 .LDW_49ccd20:
00000316 46         2679 	.data.b	70
00000317 00000000*  2680 	.data.w	.LDW_4956928
0000031b 01         2681 	.data.b	1
                    2682 
                    2683 .LDW_49cc760:
0000031c 14         2684 	.data.b	20
0000031d 00000000*  2685 	.data.w	.LDW_49cce00
00000321 00         2686 	.data.b	0
                    2687 
00000322 00         2688 	.data.b	0
                    2689 
                    2690 .LDW_49ccdc8:
00000323 46         2691 	.data.b	70
00000324 00000000*  2692 	.data.w	.LDW_4956928
00000328 01         2693 	.data.b	1
                    2694 
                    2695 .LDW_49cc8e0:
00000329 14         2696 	.data.b	20
0000032a 00000000*  2697 	.data.w	.LDW_49cce00
0000032e 00         2698 	.data.b	0
                    2699 
                    2700 .LDW_49cc940:
0000032f 14         2701 	.data.b	20
00000330 00000000*  2702 	.data.w	.LDW_3732d60
00000334 00         2703 	.data.b	0
                    2704 
00000335 00         2705 	.data.b	0
                    2706 
                    2707 .LDW_49cce38:
00000336 46         2708 	.data.b	70
00000337 00000000*  2709 	.data.w	.LDW_4956928
0000033b 01         2710 	.data.b	1
                    2711 
                    2712 .LDW_49cc9d0:
0000033c 14         2713 	.data.b	20
0000033d 00000000*  2714 	.data.w	.LDW_3732d60
00000341 00         2715 	.data.b	0
                    2716 
                    2717 .LDW_49cca30:
00000342 14         2718 	.data.b	20
00000343 00000000*  2719 	.data.w	.LDW_3732c10
00000347 00         2720 	.data.b	0
                    2721 
                    2722 .LDW_49ccb20:
00000348 14         2723 	.data.b	20
00000349 00000000*  2724 	.data.w	.LDW_49ccf50
0000034d 00         2725 	.data.b	0
                    2726 
0000034e 00         2727 	.data.b	0
                    2728 
                    2729 .LDW_49ccf88:
0000034f 46         2730 	.data.b	70
00000350 00000000*  2731 	.data.w	.LDW_4956928

                                                                      Page 47
                                                              C:\Windows\TEMP\gh_000098c3.si
00000354 01         2732 	.data.b	1
                    2733 
                    2734 .LDW_49ccac0:
00000355 14         2735 	.data.b	20
00000356 00000000*  2736 	.data.w	.LDW_49cce00
0000035a 00         2737 	.data.b	0
                    2738 
                    2739 .LDW_49ccaf0:
0000035b 14         2740 	.data.b	20
0000035c 00000000*  2741 	.data.w	.LDW_3732c10
00000360 00         2742 	.data.b	0
                    2743 
00000361 00         2744 	.data.b	0
                    2745 
                    2746 .LDW_49cce70:
00000362 46         2747 	.data.b	70
00000363 00000000*  2748 	.data.w	.LDW_4956928
00000367 01         2749 	.data.b	1
                    2750 
                    2751 .LDW_49cca60:
00000368 14         2752 	.data.b	20
00000369 00000000*  2753 	.data.w	.LDW_49cce00
0000036d 00         2754 	.data.b	0
                    2755 
0000036e 00         2756 	.data.b	0
                    2757 
                    2758 .LDW_49ccff8:
0000036f 31         2759 	.data.b	49
00000370 00000000*  2760 	.data.w	.LDW_49d2848
                    2761 
                    2762 .LDW_49ccfc0:
00000374 46         2763 	.data.b	70
00000375 00000000*  2764 	.data.w	.LDW_4956928
00000379 01         2765 	.data.b	1
                    2766 
                    2767 .LDW_49d3c90:
0000037a 14         2768 	.data.b	20
0000037b 00000000*  2769 	.data.w	.LDW_49cce00
0000037f 00         2770 	.data.b	0
                    2771 
                    2772 .LDW_49d3a50:
00000380 14         2773 	.data.b	20
00000381 00000000*  2774 	.data.w	.LDW_49ccff8
00000385 00         2775 	.data.b	0
                    2776 
                    2777 .LDW_49d3d50:
00000386 14         2778 	.data.b	20
00000387 00000000*  2779 	.data.w	.LDW_3732c10
0000038b 00         2780 	.data.b	0
                    2781 
                    2782 .LDW_49d39f0:
0000038c 14         2783 	.data.b	20
0000038d 00000000*  2784 	.data.w	.LDW_3732c10
00000391 00         2785 	.data.b	0
                    2786 
00000392 00         2787 	.data.b	0
                    2788 
                    2789 .LDW_49cd0d8:
00000393 46         2790 	.data.b	70
00000394 00000000*  2791 	.data.w	.LDW_4956928
00000398 01         2792 	.data.b	1

                                                                      Page 48
                                                              C:\Windows\TEMP\gh_000098c3.si
                    2793 
                    2794 .LDW_49d3b70:
00000399 14         2795 	.data.b	20
0000039a 00000000*  2796 	.data.w	.LDW_49ccff8
0000039e 00         2797 	.data.b	0
                    2798 
                    2799 .LDW_49d3990:
0000039f 14         2800 	.data.b	20
000003a0 00000000*  2801 	.data.w	.LDW_3732c10
000003a4 00         2802 	.data.b	0
                    2803 
                    2804 .LDW_49d3ba0:
000003a5 14         2805 	.data.b	20
000003a6 00000000*  2806 	.data.w	.LDW_3732c10
000003aa 00         2807 	.data.b	0
                    2808 
                    2809 .LDW_49d3a20:
000003ab 14         2810 	.data.b	20
000003ac 00000000*  2811 	.data.w	.LDW_3732c10
000003b0 00         2812 	.data.b	0
                    2813 
000003b1 00         2814 	.data.b	0
                    2815 
                    2816 .LDW_49d2638:
000003b2 2b         2817 	.data.b	43
000003b3 00000000*  2818 	.data.w	.LDW_49d2848
                    2819 
                    2820 .LDW_49cd0a0:
000003b7 31         2821 	.data.b	49
000003b8 00000000*  2822 	.data.w	.LDW_49d2638
                    2823 
                    2824 .LDW_49cd148:
000003bc 46         2825 	.data.b	70
000003bd 00000000*  2826 	.data.w	.LDW_4956928
000003c1 01         2827 	.data.b	1
                    2828 
                    2829 .LDW_49d3f60:
000003c2 14         2830 	.data.b	20
000003c3 00000000*  2831 	.data.w	.LDW_49cce00
000003c7 00         2832 	.data.b	0
                    2833 
                    2834 .LDW_49d3a80:
000003c8 14         2835 	.data.b	20
000003c9 00000000*  2836 	.data.w	.LDW_49cd0a0
000003cd 00         2837 	.data.b	0
                    2838 
                    2839 .LDW_49d3cc0:
000003ce 14         2840 	.data.b	20
000003cf 00000000*  2841 	.data.w	.LDW_3732c10
000003d3 00         2842 	.data.b	0
                    2843 
                    2844 .LDW_49d3cf0:
000003d4 14         2845 	.data.b	20
000003d5 00000000*  2846 	.data.w	.LDW_49ccf50
000003d9 00         2847 	.data.b	0
                    2848 
000003da 00         2849 	.data.b	0
                    2850 
                    2851 .LDW_49ccd90:
000003db 46         2852 	.data.b	70
000003dc 00000000*  2853 	.data.w	.LDW_4956928

                                                                      Page 49
                                                              C:\Windows\TEMP\gh_000098c3.si
000003e0 01         2854 	.data.b	1
                    2855 
                    2856 .LDW_49d3ab0:
000003e1 14         2857 	.data.b	20
000003e2 00000000*  2858 	.data.w	.LDW_49cce00
000003e6 00         2859 	.data.b	0
                    2860 
000003e7 00         2861 	.data.b	0
                    2862 
                    2863 .LDW_49ccce8:
000003e8 46         2864 	.data.b	70
000003e9 00000000*  2865 	.data.w	.LDW_4956928
000003ed 01         2866 	.data.b	1
                    2867 
                    2868 .LDW_49d3db0:
000003ee 14         2869 	.data.b	20
000003ef 00000000*  2870 	.data.w	.LDW_49cce00
000003f3 00         2871 	.data.b	0
                    2872 
000003f4 00         2873 	.data.b	0
                    2874 
                    2875 .LDW_49cd030:
000003f5 46         2876 	.data.b	70
000003f6 00000000*  2877 	.data.w	.LDW_4956928
000003fa 01         2878 	.data.b	1
                    2879 
                    2880 .LDW_49d3d80:
000003fb 14         2881 	.data.b	20
000003fc 00000000*  2882 	.data.w	.LDW_49cd0a0
00000400 00         2883 	.data.b	0
                    2884 
                    2885 .LDW_49d3b10:
00000401 14         2886 	.data.b	20
00000402 00000000*  2887 	.data.w	.LDW_3732c10
00000406 00         2888 	.data.b	0
                    2889 
                    2890 .LDW_49d3f30:
00000407 14         2891 	.data.b	20
00000408 00000000*  2892 	.data.w	.LDW_49ccf50
0000040c 00         2893 	.data.b	0
                    2894 
0000040d 00         2895 	.data.b	0
                    2896 
                    2897 .LDW_49cccb0:
0000040e 46         2898 	.data.b	70
0000040f 00000000*  2899 	.data.w	.LDW_4956928
00000413 01         2900 	.data.b	1
                    2901 
                    2902 .LDW_49d39c0:
00000414 14         2903 	.data.b	20
00000415 00000000*  2904 	.data.w	.LDW_49cce00
00000419 00         2905 	.data.b	0
                    2906 
                    2907 .LDW_49d3b40:
0000041a 14         2908 	.data.b	20
0000041b 00000000*  2909 	.data.w	.LDW_3732c10
0000041f 00         2910 	.data.b	0
                    2911 
                    2912 .LDW_49d3c00:
00000420 14         2913 	.data.b	20
00000421 00000000*  2914 	.data.w	.LDW_49ccf50

                                                                      Page 50
                                                              C:\Windows\TEMP\gh_000098c3.si
00000425 00         2915 	.data.b	0
                    2916 
00000426 00         2917 	.data.b	0
                    2918 
                    2919 .LDW_49ccf18:
00000427 46         2920 	.data.b	70
00000428 00000000*  2921 	.data.w	.LDW_4956928
0000042c 01         2922 	.data.b	1
                    2923 
                    2924 .LDW_49d3de0:
0000042d 14         2925 	.data.b	20
0000042e 00000000*  2926 	.data.w	.LDW_49cce00
00000432 00         2927 	.data.b	0
                    2928 
00000433 00         2929 	.data.b	0
                    2930 
                    2931 .LDW_49ccee0:
00000434 31         2932 	.data.b	49
00000435 00000000*  2933 	.data.w	.LDW_49d30e0
                    2934 
                    2935 .LDW_49ccea8:
00000439 46         2936 	.data.b	70
0000043a 00000000*  2937 	.data.w	.LDW_4956928
0000043e 01         2938 	.data.b	1
                    2939 
                    2940 .LDW_49d3e40:
0000043f 14         2941 	.data.b	20
00000440 00000000*  2942 	.data.w	.LDW_49cce00
00000444 00         2943 	.data.b	0
                    2944 
                    2945 .LDW_49d3ea0:
00000445 14         2946 	.data.b	20
00000446 00000000*  2947 	.data.w	.LDW_49ccee0
0000044a 00         2948 	.data.b	0
                    2949 
                    2950 .LDW_49d3ed0:
0000044b 14         2951 	.data.b	20
0000044c 00000000*  2952 	.data.w	.LDW_49ccf50
00000450 00         2953 	.data.b	0
                    2954 
                    2955 .LDW_49d3f90:
00000451 14         2956 	.data.b	20
00000452 00000000*  2957 	.data.w	.LDW_3732c10
00000456 00         2958 	.data.b	0
                    2959 
                    2960 .LDW_49d3fc0:
00000457 14         2961 	.data.b	20
00000458 00000000*  2962 	.data.w	.LDW_49c9cf8
0000045c 00         2963 	.data.b	0
                    2964 
                    2965 .LDW_49d3ff0:
0000045d 14         2966 	.data.b	20
0000045e 00000000*  2967 	.data.w	.LDW_3732c10
00000462 00         2968 	.data.b	0
                    2969 
                    2970 .LDW_49d40b0:
00000463 14         2971 	.data.b	20
00000464 00000000*  2972 	.data.w	.LDW_49c5af8
00000468 00         2973 	.data.b	0
                    2974 
00000469 00         2975 	.data.b	0

                                                                      Page 51
                                                              C:\Windows\TEMP\gh_000098c3.si
                    2976 
                    2977 .LDW_49cd260:
0000046a 46         2978 	.data.b	70
0000046b 00000000*  2979 	.data.w	.LDW_4956928
0000046f 01         2980 	.data.b	1
                    2981 
                    2982 .LDW_49d4110:
00000470 14         2983 	.data.b	20
00000471 00000000*  2984 	.data.w	.LDW_49ccee0
00000475 00         2985 	.data.b	0
                    2986 
                    2987 .LDW_49d4050:
00000476 14         2988 	.data.b	20
00000477 00000000*  2989 	.data.w	.LDW_3732c10
0000047b 00         2990 	.data.b	0
                    2991 
                    2992 .LDW_49d4080:
0000047c 14         2993 	.data.b	20
0000047d 00000000*  2994 	.data.w	.LDW_49ccf50
00000481 00         2995 	.data.b	0
                    2996 
                    2997 .LDW_49d40e0:
00000482 14         2998 	.data.b	20
00000483 00000000*  2999 	.data.w	.LDW_49ccf50
00000487 00         3000 	.data.b	0
                    3001 
                    3002 .LDW_49e4980:
00000488 14         3003 	.data.b	20
00000489 00000000*  3004 	.data.w	.LDW_3732c10
0000048d 00         3005 	.data.b	0
                    3006 
                    3007 .LDW_49e48f0:
0000048e 14         3008 	.data.b	20
0000048f 00000000*  3009 	.data.w	.LDW_49c9cf8
00000493 00         3010 	.data.b	0
                    3011 
                    3012 .LDW_49e4c50:
00000494 14         3013 	.data.b	20
00000495 00000000*  3014 	.data.w	.LDW_3732c10
00000499 00         3015 	.data.b	0
                    3016 
                    3017 .LDW_49e4a40:
0000049a 14         3018 	.data.b	20
0000049b 00000000*  3019 	.data.w	.LDW_49c5af8
0000049f 00         3020 	.data.b	0
                    3021 
000004a0 00         3022 	.data.b	0
                    3023 
                    3024 .LDW_49ccc40:
000004a1 46         3025 	.data.b	70
000004a2 00000000*  3026 	.data.w	.LDW_4956928
000004a6 01         3027 	.data.b	1
                    3028 
                    3029 .LDW_49e4cb0:
000004a7 14         3030 	.data.b	20
000004a8 00000000*  3031 	.data.w	.LDW_49cce00
000004ac 00         3032 	.data.b	0
                    3033 
                    3034 .LDW_49e4920:
000004ad 14         3035 	.data.b	20
000004ae 00000000*  3036 	.data.w	.LDW_3732c10

                                                                      Page 52
                                                              C:\Windows\TEMP\gh_000098c3.si
000004b2 00         3037 	.data.b	0
                    3038 
                    3039 .LDW_49e4a70:
000004b3 14         3040 	.data.b	20
000004b4 00000000*  3041 	.data.w	.LDW_49ccf50
000004b8 00         3042 	.data.b	0
                    3043 
000004b9 00         3044 	.data.b	0
                    3045 
                    3046 .LDW_49ccc78:
000004ba 46         3047 	.data.b	70
000004bb 00000000*  3048 	.data.w	.LDW_4956928
000004bf 01         3049 	.data.b	1
                    3050 
                    3051 .LDW_49e4bf0:
000004c0 14         3052 	.data.b	20
000004c1 00000000*  3053 	.data.w	.LDW_49cce00
000004c5 00         3054 	.data.b	0
                    3055 
000004c6 00         3056 	.data.b	0
                    3057 
                    3058 .LDW_49e5620:
000004c7 2b         3059 	.data.b	43
000004c8 00000000*  3060 	.data.w	.LDW_49d30e0
                    3061 
                    3062 .LDW_49cd180:
000004cc 31         3063 	.data.b	49
000004cd 00000000*  3064 	.data.w	.LDW_49e5620
                    3065 
                    3066 .LDW_49cd110:
000004d1 46         3067 	.data.b	70
000004d2 00000000*  3068 	.data.w	.LDW_4956928
000004d6 01         3069 	.data.b	1
                    3070 
                    3071 .LDW_49e4b00:
000004d7 14         3072 	.data.b	20
000004d8 00000000*  3073 	.data.w	.LDW_49cce00
000004dc 00         3074 	.data.b	0
                    3075 
                    3076 .LDW_49e47d0:
000004dd 14         3077 	.data.b	20
000004de 00000000*  3078 	.data.w	.LDW_3732d60
000004e2 00         3079 	.data.b	0
                    3080 
                    3081 .LDW_49e4d10:
000004e3 14         3082 	.data.b	20
000004e4 00000000*  3083 	.data.w	.LDW_49cd180
000004e8 00         3084 	.data.b	0
                    3085 
                    3086 .LDW_49e4b30:
000004e9 14         3087 	.data.b	20
000004ea 00000000*  3088 	.data.w	.LDW_3732c10
000004ee 00         3089 	.data.b	0
                    3090 
                    3091 .LDW_49e4d40:
000004ef 14         3092 	.data.b	20
000004f0 00000000*  3093 	.data.w	.LDW_49c5af8
000004f4 00         3094 	.data.b	0
                    3095 
000004f5 00         3096 	.data.b	0
                    3097 

                                                                      Page 53
                                                              C:\Windows\TEMP\gh_000098c3.si
                    3098 .LDW_49cd1b8:
000004f6 46         3099 	.data.b	70
000004f7 00000000*  3100 	.data.w	.LDW_4956928
000004fb 01         3101 	.data.b	1
                    3102 
                    3103 .LDW_49e4b90:
000004fc 14         3104 	.data.b	20
000004fd 00000000*  3105 	.data.w	.LDW_3732d60
00000501 00         3106 	.data.b	0
                    3107 
                    3108 .LDW_49e48c0:
00000502 14         3109 	.data.b	20
00000503 00000000*  3110 	.data.w	.LDW_49cd180
00000507 00         3111 	.data.b	0
                    3112 
                    3113 .LDW_49e4aa0:
00000508 14         3114 	.data.b	20
00000509 00000000*  3115 	.data.w	.LDW_3732c10
0000050d 00         3116 	.data.b	0
                    3117 
                    3118 .LDW_49e4bc0:
0000050e 14         3119 	.data.b	20
0000050f 00000000*  3120 	.data.w	.LDW_3732c10
00000513 00         3121 	.data.b	0
                    3122 
                    3123 .LDW_49e4860:
00000514 14         3124 	.data.b	20
00000515 00000000*  3125 	.data.w	.LDW_49c5af8
00000519 00         3126 	.data.b	0
                    3127 
0000051a 00         3128 	.data.b	0
                    3129 
                    3130 .LDW_49cd3b0:
0000051b 31         3131 	.data.b	49
0000051c 00000000*  3132 	.data.w	.LDW_49e5308
                    3133 
                    3134 .LDW_49cd378:
00000520 46         3135 	.data.b	70
00000521 00000000*  3136 	.data.w	.LDW_4956928
00000525 01         3137 	.data.b	1
                    3138 
                    3139 .LDW_49e4c20:
00000526 14         3140 	.data.b	20
00000527 00000000*  3141 	.data.w	.LDW_49cd3b0
0000052b 00         3142 	.data.b	0
                    3143 
                    3144 .LDW_49e4ce0:
0000052c 14         3145 	.data.b	20
0000052d 00000000*  3146 	.data.w	.LDW_3732c10
00000531 00         3147 	.data.b	0
                    3148 
                    3149 .LDW_49e4890:
00000532 14         3150 	.data.b	20
00000533 00000000*  3151 	.data.w	.LDW_49c9cf8
00000537 00         3152 	.data.b	0
                    3153 
00000538 00         3154 	.data.b	0
                    3155 
                    3156 .LDW_49cd340:
00000539 46         3157 	.data.b	70
0000053a 00000000*  3158 	.data.w	.LDW_4956928

                                                                      Page 54
                                                              C:\Windows\TEMP\gh_000098c3.si
0000053e 01         3159 	.data.b	1
                    3160 
                    3161 .LDW_49e4800:
0000053f 14         3162 	.data.b	20
00000540 00000000*  3163 	.data.w	.LDW_49cd3b0
00000544 00         3164 	.data.b	0
                    3165 
                    3166 .LDW_49e4830:
00000545 14         3167 	.data.b	20
00000546 00000000*  3168 	.data.w	.LDW_3732c10
0000054a 00         3169 	.data.b	0
                    3170 
                    3171 .LDW_49e4950:
0000054b 14         3172 	.data.b	20
0000054c 00000000*  3173 	.data.w	.LDW_49c9cf8
00000550 00         3174 	.data.b	0
                    3175 
00000551 00         3176 	.data.b	0
                    3177 
                    3178 .LDW_49eb310:
00000552 46         3179 	.data.b	70
00000553 00000000*  3180 	.data.w	.LDW_4956928
00000557 01         3181 	.data.b	1
                    3182 
                    3183 .LDW_49e4a10:
00000558 14         3184 	.data.b	20
00000559 00000000*  3185 	.data.w	.LDW_49cd3b0
0000055d 00         3186 	.data.b	0
                    3187 
                    3188 .LDW_49e4da0:
0000055e 14         3189 	.data.b	20
0000055f 00000000*  3190 	.data.w	.LDW_3732d60
00000563 00         3191 	.data.b	0
                    3192 
00000564 00         3193 	.data.b	0
                    3194 
                    3195 .LDW_49eb6c8:
00000565 46         3196 	.data.b	70
00000566 00000000*  3197 	.data.w	.LDW_4956928
0000056a 01         3198 	.data.b	1
                    3199 
                    3200 .LDW_49e4e60:
0000056b 14         3201 	.data.b	20
0000056c 00000000*  3202 	.data.w	.LDW_3732d60
00000570 00         3203 	.data.b	0
                    3204 
                    3205 .LDW_49e5010:
00000571 14         3206 	.data.b	20
00000572 00000000*  3207 	.data.w	.LDW_3732c10
00000576 00         3208 	.data.b	0
                    3209 
                    3210 .LDW_49e5040:
00000577 14         3211 	.data.b	20
00000578 00000000*  3212 	.data.w	.LDW_49c9cf8
0000057c 00         3213 	.data.b	0
                    3214 
                    3215 .LDW_49e4fe0:
0000057d 14         3216 	.data.b	20
0000057e 00000000*  3217 	.data.w	.LDW_3732c10
00000582 00         3218 	.data.b	0
                    3219 

                                                                      Page 55
                                                              C:\Windows\TEMP\gh_000098c3.si
                    3220 .LDW_49e4f50:
00000583 14         3221 	.data.b	20
00000584 00000000*  3222 	.data.w	.LDW_49c9cf8
00000588 00         3223 	.data.b	0
                    3224 
00000589 00         3225 	.data.b	0
                    3226 
                    3227 .LDW_49eb7e0:
0000058a 31         3228 	.data.b	49
0000058b 00000000*  3229 	.data.w	.LDW_49e5d00
                    3230 
                    3231 .LDW_49eb1c0:
0000058f 46         3232 	.data.b	70
00000590 00000000*  3233 	.data.w	.LDW_4956928
00000594 01         3234 	.data.b	1
                    3235 
                    3236 .LDW_49e4ec0:
00000595 14         3237 	.data.b	20
00000596 00000000*  3238 	.data.w	.LDW_49eb7e0
0000059a 00         3239 	.data.b	0
                    3240 
                    3241 .LDW_49e5130:
0000059b 14         3242 	.data.b	20
0000059c 00000000*  3243 	.data.w	.LDW_3732c10
000005a0 00         3244 	.data.b	0
                    3245 
                    3246 .LDW_49e4ef0:
000005a1 14         3247 	.data.b	20
000005a2 00000000*  3248 	.data.w	.LDW_49c9cf8
000005a6 00         3249 	.data.b	0
                    3250 
000005a7 00         3251 	.data.b	0
                    3252 
                    3253 .LDW_49eb700:
000005a8 46         3254 	.data.b	70
000005a9 00000000*  3255 	.data.w	.LDW_4956928
000005ad 01         3256 	.data.b	1
                    3257 
                    3258 .LDW_49e5070:
000005ae 14         3259 	.data.b	20
000005af 00000000*  3260 	.data.w	.LDW_49eb7e0
000005b3 00         3261 	.data.b	0
                    3262 
                    3263 .LDW_49e50d0:
000005b4 14         3264 	.data.b	20
000005b5 00000000*  3265 	.data.w	.LDW_3732c10
000005b9 00         3266 	.data.b	0
                    3267 
                    3268 .LDW_49e4dd0:
000005ba 14         3269 	.data.b	20
000005bb 00000000*  3270 	.data.w	.LDW_49c9cf8
000005bf 00         3271 	.data.b	0
                    3272 
000005c0 00         3273 	.data.b	0
                    3274 
                    3275 .LDW_49eb818:
000005c1 46         3276 	.data.b	70
000005c2 00000000*  3277 	.data.w	.LDW_4956928
000005c6 01         3278 	.data.b	1
                    3279 
                    3280 .LDW_49e4e00:

                                                                      Page 56
                                                              C:\Windows\TEMP\gh_000098c3.si
000005c7 14         3281 	.data.b	20
000005c8 00000000*  3282 	.data.w	.LDW_49eb7e0
000005cc 00         3283 	.data.b	0
                    3284 
                    3285 .LDW_49e4f80:
000005cd 14         3286 	.data.b	20
000005ce 00000000*  3287 	.data.w	.LDW_3732d60
000005d2 00         3288 	.data.b	0
                    3289 
000005d3 00         3290 	.data.b	0
                    3291 
                    3292 .LDW_49eb3f0:
000005d4 31         3293 	.data.b	49
000005d5 00000000*  3294 	.data.w	.LDW_49e6070
                    3295 
                    3296 .LDW_49eb1f8:
000005d9 46         3297 	.data.b	70
000005da 00000000*  3298 	.data.w	.LDW_4956928
000005de 01         3299 	.data.b	1
                    3300 
                    3301 .LDW_49e4fb0:
000005df 14         3302 	.data.b	20
000005e0 00000000*  3303 	.data.w	.LDW_49eb3f0
000005e4 00         3304 	.data.b	0
                    3305 
                    3306 .LDW_49e41d0:
000005e5 14         3307 	.data.b	20
000005e6 00000000*  3308 	.data.w	.LDW_3732c10
000005ea 00         3309 	.data.b	0
                    3310 
                    3311 .LDW_49e4380:
000005eb 14         3312 	.data.b	20
000005ec 00000000*  3313 	.data.w	.LDW_49c9cf8
000005f0 00         3314 	.data.b	0
                    3315 
000005f1 00         3316 	.data.b	0
                    3317 
                    3318 .LDW_49eb850:
000005f2 46         3319 	.data.b	70
000005f3 00000000*  3320 	.data.w	.LDW_4956928
000005f7 01         3321 	.data.b	1
                    3322 
                    3323 .LDW_49e45f0:
000005f8 14         3324 	.data.b	20
000005f9 00000000*  3325 	.data.w	.LDW_49eb3f0
000005fd 00         3326 	.data.b	0
                    3327 
                    3328 .LDW_49e4710:
000005fe 14         3329 	.data.b	20
000005ff 00000000*  3330 	.data.w	.LDW_3732c10
00000603 00         3331 	.data.b	0
                    3332 
                    3333 .LDW_49e42c0:
00000604 14         3334 	.data.b	20
00000605 00000000*  3335 	.data.w	.LDW_49c9cf8
00000609 00         3336 	.data.b	0
                    3337 
0000060a 00         3338 	.data.b	0
                    3339 
                    3340 .LDW_49eb2a0:
0000060b 46         3341 	.data.b	70

                                                                      Page 57
                                                              C:\Windows\TEMP\gh_000098c3.si
0000060c 00000000*  3342 	.data.w	.LDW_4956928
00000610 01         3343 	.data.b	1
                    3344 
                    3345 .LDW_49e42f0:
00000611 14         3346 	.data.b	20
00000612 00000000*  3347 	.data.w	.LDW_49eb3f0
00000616 00         3348 	.data.b	0
                    3349 
                    3350 .LDW_49e45c0:
00000617 14         3351 	.data.b	20
00000618 00000000*  3352 	.data.w	.LDW_3732d60
0000061c 00         3353 	.data.b	0
                    3354 
0000061d 00         3355 	.data.b	0
                    3356 
                    3357 .LDW_49eb658:
0000061e 46         3358 	.data.b	70
0000061f 00000000*  3359 	.data.w	.LDW_4956928
00000623 01         3360 	.data.b	1
                    3361 
                    3362 .LDW_49e44a0:
00000624 14         3363 	.data.b	20
00000625 00000000*  3364 	.data.w	.LDW_3732d60
00000629 00         3365 	.data.b	0
                    3366 
                    3367 .LDW_49e4260:
0000062a 14         3368 	.data.b	20
0000062b 00000000*  3369 	.data.w	.LDW_3732c10
0000062f 00         3370 	.data.b	0
                    3371 
                    3372 .LDW_49e4200:
00000630 14         3373 	.data.b	20
00000631 00000000*  3374 	.data.w	.LDW_49c9cf8
00000635 00         3375 	.data.b	0
                    3376 
                    3377 .LDW_49e43e0:
00000636 14         3378 	.data.b	20
00000637 00000000*  3379 	.data.w	.LDW_3732c10
0000063b 00         3380 	.data.b	0
                    3381 
                    3382 .LDW_49e4410:
0000063c 14         3383 	.data.b	20
0000063d 00000000*  3384 	.data.w	.LDW_49c9cf8
00000641 00         3385 	.data.b	0
                    3386 
00000642 00         3387 	.data.b	0
                    3388 
                    3389 .LDW_49eb770:
00000643 46         3390 	.data.b	70
00000644 00000000*  3391 	.data.w	.LDW_4956928
00000648 01         3392 	.data.b	1
                    3393 
                    3394 .LDW_49e4770:
00000649 14         3395 	.data.b	20
0000064a 00000000*  3396 	.data.w	.LDW_3732d60
0000064e 00         3397 	.data.b	0
                    3398 
                    3399 .LDW_49e4650:
0000064f 14         3400 	.data.b	20
00000650 00000000*  3401 	.data.w	.LDW_49c9cf8
00000654 00         3402 	.data.b	0

                                                                      Page 58
                                                              C:\Windows\TEMP\gh_000098c3.si
                    3403 
                    3404 .LDW_49e4470:
00000655 14         3405 	.data.b	20
00000656 00000000*  3406 	.data.w	.LDW_3732c10
0000065a 00         3407 	.data.b	0
                    3408 
                    3409 .LDW_49e44d0:
0000065b 14         3410 	.data.b	20
0000065c 00000000*  3411 	.data.w	.LDW_49c9cf8
00000660 00         3412 	.data.b	0
                    3413 
                    3414 .LDW_49e4560:
00000661 14         3415 	.data.b	20
00000662 00000000*  3416 	.data.w	.LDW_3732c10
00000666 00         3417 	.data.b	0
                    3418 
                    3419 .LDW_49e4740:
00000667 14         3420 	.data.b	20
00000668 00000000*  3421 	.data.w	.LDW_49c9cf8
0000066c 00         3422 	.data.b	0
                    3423 
                    3424 .LDW_49e4320:
0000066d 14         3425 	.data.b	20
0000066e 00000000*  3426 	.data.w	.LDW_49c9cf8
00000672 00         3427 	.data.b	0
                    3428 
00000673 00         3429 	.data.b	0
                    3430 
                    3431 .LDW_49eb268:
00000674 31         3432 	.data.b	49
00000675 00000000*  3433 	.data.w	.LDW_49ede48
                    3434 
                    3435 .LDW_49ee318:
00000679 2b         3436 	.data.b	43
0000067a 00000000*  3437 	.data.w	.LDW_49ee108
                    3438 
                    3439 .LDW_49eb230:
0000067e 31         3440 	.data.b	49
0000067f 00000000*  3441 	.data.w	.LDW_49ee318
                    3442 
                    3443 .LDW_49eb738:
00000683 46         3444 	.data.b	70
00000684 00000000*  3445 	.data.w	.LDW_4956928
00000688 01         3446 	.data.b	1
                    3447 
                    3448 .LDW_49e46b0:
00000689 14         3449 	.data.b	20
0000068a 00000000*  3450 	.data.w	.LDW_49eb268
0000068e 00         3451 	.data.b	0
                    3452 
                    3453 .LDW_49e4500:
0000068f 14         3454 	.data.b	20
00000690 00000000*  3455 	.data.w	.LDW_3732c10
00000694 00         3456 	.data.b	0
                    3457 
                    3458 .LDW_49e4530:
00000695 14         3459 	.data.b	20
00000696 00000000*  3460 	.data.w	.LDW_49c9cf8
0000069a 00         3461 	.data.b	0
                    3462 
                    3463 .LDW_49e4590:

                                                                      Page 59
                                                              C:\Windows\TEMP\gh_000098c3.si
0000069b 14         3464 	.data.b	20
0000069c 00000000*  3465 	.data.w	.LDW_49eb230
000006a0 00         3466 	.data.b	0
                    3467 
000006a1 00         3468 	.data.b	0
                    3469 
                    3470 .LDW_49eb348:
000006a2 46         3471 	.data.b	70
000006a3 00000000*  3472 	.data.w	.LDW_4956928
000006a7 01         3473 	.data.b	1
                    3474 
                    3475 .LDW_49e41a0:
000006a8 14         3476 	.data.b	20
000006a9 00000000*  3477 	.data.w	.LDW_49eb268
000006ad 00         3478 	.data.b	0
                    3479 
000006ae 00         3480 	.data.b	0
                    3481 
                    3482 .LDW_49eb888:
000006af 46         3483 	.data.b	70
000006b0 00000000*  3484 	.data.w	.LDW_4956928
000006b4 01         3485 	.data.b	1
                    3486 
                    3487 .LDW_49e4350:
000006b5 14         3488 	.data.b	20
000006b6 00000000*  3489 	.data.w	.LDW_49eb268
000006ba 00         3490 	.data.b	0
                    3491 
                    3492 .LDW_49f3070:
000006bb 14         3493 	.data.b	20
000006bc 00000000*  3494 	.data.w	.LDW_3732d60
000006c0 00         3495 	.data.b	0
                    3496 
000006c1 00         3497 	.data.b	0
                    3498 
                    3499 .LDW_49eb2d8:
000006c2 46         3500 	.data.b	70
000006c3 00000000*  3501 	.data.w	.LDW_4956928
000006c7 01         3502 	.data.b	1
                    3503 
                    3504 .LDW_49f31c0:
000006c8 14         3505 	.data.b	20
000006c9 00000000*  3506 	.data.w	.LDW_3732d60
000006cd 00         3507 	.data.b	0
                    3508 
                    3509 .LDW_49f3550:
000006ce 14         3510 	.data.b	20
000006cf 00000000*  3511 	.data.w	.LDW_3732c10
000006d3 00         3512 	.data.b	0
                    3513 
                    3514 .LDW_49f3370:
000006d4 14         3515 	.data.b	20
000006d5 00000000*  3516 	.data.w	.LDW_49c9cf8
000006d9 00         3517 	.data.b	0
                    3518 
                    3519 .LDW_49f30a0:
000006da 14         3520 	.data.b	20
000006db 00000000*  3521 	.data.w	.LDW_49eb230
000006df 00         3522 	.data.b	0
                    3523 
000006e0 00         3524 	.data.b	0

                                                                      Page 60
                                                              C:\Windows\TEMP\gh_000098c3.si
                    3525 
                    3526 .LDW_49edb30:
000006e1 2b         3527 	.data.b	43
000006e2 00000000*  3528 	.data.w	.LDW_49ee370
                    3529 
                    3530 .LDW_49eb3b8:
000006e6 31         3531 	.data.b	49
000006e7 00000000*  3532 	.data.w	.LDW_49edb30
                    3533 
                    3534 .LDW_49eb380:
000006eb 46         3535 	.data.b	70
000006ec 00000000*  3536 	.data.w	.LDW_4956928
000006f0 01         3537 	.data.b	1
                    3538 
                    3539 .LDW_49f3310:
000006f1 14         3540 	.data.b	20
000006f2 00000000*  3541 	.data.w	.LDW_49eb268
000006f6 00         3542 	.data.b	0
                    3543 
                    3544 .LDW_49f34c0:
000006f7 14         3545 	.data.b	20
000006f8 00000000*  3546 	.data.w	.LDW_3732c10
000006fc 00         3547 	.data.b	0
                    3548 
                    3549 .LDW_49f31f0:
000006fd 14         3550 	.data.b	20
000006fe 00000000*  3551 	.data.w	.LDW_49eb3b8
00000702 00         3552 	.data.b	0
                    3553 
00000703 00         3554 	.data.b	0
                    3555 
                    3556 .LDW_49eb5e8:
00000704 46         3557 	.data.b	70
00000705 00000000*  3558 	.data.w	.LDW_4956928
00000709 01         3559 	.data.b	1
                    3560 
                    3561 .LDW_49f30d0:
0000070a 14         3562 	.data.b	20
0000070b 00000000*  3563 	.data.w	.LDW_49eb268
0000070f 00         3564 	.data.b	0
                    3565 
00000710 00         3566 	.data.b	0
                    3567 
                    3568 .LDW_49eb428:
00000711 46         3569 	.data.b	70
00000712 00000000*  3570 	.data.w	.LDW_4956928
00000716 01         3571 	.data.b	1
                    3572 
                    3573 .LDW_49f3100:
00000717 14         3574 	.data.b	20
00000718 00000000*  3575 	.data.w	.LDW_49eb268
0000071c 00         3576 	.data.b	0
                    3577 
                    3578 .LDW_49f3520:
0000071d 14         3579 	.data.b	20
0000071e 00000000*  3580 	.data.w	.LDW_3732c10
00000722 00         3581 	.data.b	0
                    3582 
                    3583 .LDW_49f3220:
00000723 14         3584 	.data.b	20
00000724 00000000*  3585 	.data.w	.LDW_49c9cf8

                                                                      Page 61
                                                              C:\Windows\TEMP\gh_000098c3.si
00000728 00         3586 	.data.b	0
                    3587 
00000729 00         3588 	.data.b	0
                    3589 
                    3590 .LDW_49eb460:
0000072a 46         3591 	.data.b	70
0000072b 00000000*  3592 	.data.w	.LDW_4956928
0000072f 01         3593 	.data.b	1
                    3594 
                    3595 .LDW_49f34f0:
00000730 14         3596 	.data.b	20
00000731 00000000*  3597 	.data.w	.LDW_3732c10
00000735 00         3598 	.data.b	0
                    3599 
                    3600 .LDW_49f3250:
00000736 14         3601 	.data.b	20
00000737 00000000*  3602 	.data.w	.LDW_3732c10
0000073b 00         3603 	.data.b	0
                    3604 
                    3605 .LDW_49f32b0:
0000073c 14         3606 	.data.b	20
0000073d 00000000*  3607 	.data.w	.LDW_49c9cf8
00000741 00         3608 	.data.b	0
                    3609 
                    3610 .LDW_49f3010:
00000742 14         3611 	.data.b	20
00000743 00000000*  3612 	.data.w	.LDW_49eb3b8
00000747 00         3613 	.data.b	0
                    3614 
00000748 00         3615 	.data.b	0
                    3616 
                    3617 .LDW_49f8440:
00000749 2b         3618 	.data.b	43
0000074a 00000000*  3619 	.data.w	.LDW_49f82e0
                    3620 
                    3621 .LDW_49eb498:
0000074e 31         3622 	.data.b	49
0000074f 00000000*  3623 	.data.w	.LDW_49f8440
                    3624 
                    3625 .LDW_49eb7a8:
00000753 46         3626 	.data.b	70
00000754 00000000*  3627 	.data.w	.LDW_4956928
00000758 01         3628 	.data.b	1
                    3629 
                    3630 .LDW_49f3130:
00000759 14         3631 	.data.b	20
0000075a 00000000*  3632 	.data.w	.LDW_49eb268
0000075e 00         3633 	.data.b	0
                    3634 
                    3635 .LDW_49f3580:
0000075f 14         3636 	.data.b	20
00000760 00000000*  3637 	.data.w	.LDW_49eb498
00000764 00         3638 	.data.b	0
                    3639 
                    3640 .LDW_49f3160:
00000765 14         3641 	.data.b	20
00000766 00000000*  3642 	.data.w	.LDW_49eb230
0000076a 00         3643 	.data.b	0
                    3644 
0000076b 00         3645 	.data.b	0
                    3646 

                                                                      Page 62
                                                              C:\Windows\TEMP\gh_000098c3.si
                    3647 .LDW_49eb620:
0000076c 46         3648 	.data.b	70
0000076d 00000000*  3649 	.data.w	.LDW_4956928
00000771 01         3650 	.data.b	1
                    3651 
                    3652 .LDW_49f35b0:
00000772 14         3653 	.data.b	20
00000773 00000000*  3654 	.data.w	.LDW_49eb268
00000777 00         3655 	.data.b	0
                    3656 
00000778 00         3657 	.data.b	0
                    3658 
                    3659 .LDW_49eb4d0:
00000779 46         3660 	.data.b	70
0000077a 00000000*  3661 	.data.w	.LDW_4956928
0000077e 01         3662 	.data.b	1
                    3663 
                    3664 .LDW_49f32e0:
0000077f 14         3665 	.data.b	20
00000780 00000000*  3666 	.data.w	.LDW_49eb268
00000784 00         3667 	.data.b	0
                    3668 
                    3669 .LDW_49f3460:
00000785 14         3670 	.data.b	20
00000786 00000000*  3671 	.data.w	.LDW_3732d60
0000078a 00         3672 	.data.b	0
                    3673 
0000078b 00         3674 	.data.b	0
                    3675 
                    3676 .LDW_49eb690:
0000078c 46         3677 	.data.b	70
0000078d 00000000*  3678 	.data.w	.LDW_4956928
00000791 01         3679 	.data.b	1
                    3680 
                    3681 .LDW_49f33a0:
00000792 14         3682 	.data.b	20
00000793 00000000*  3683 	.data.w	.LDW_3732d60
00000797 00         3684 	.data.b	0
                    3685 
                    3686 .LDW_49f37f0:
00000798 14         3687 	.data.b	20
00000799 00000000*  3688 	.data.w	.LDW_49eb498
0000079d 00         3689 	.data.b	0
                    3690 
                    3691 .LDW_49f36a0:
0000079e 14         3692 	.data.b	20
0000079f 00000000*  3693 	.data.w	.LDW_49eb230
000007a3 00         3694 	.data.b	0
                    3695 
000007a4 00         3696 	.data.b	0
                    3697 
                    3698 .LDW_49eb540:
000007a5 46         3699 	.data.b	70
000007a6 00000000*  3700 	.data.w	.LDW_4956928
000007aa 01         3701 	.data.b	1
                    3702 
                    3703 .LDW_49f3670:
000007ab 14         3704 	.data.b	20
000007ac 00000000*  3705 	.data.w	.LDW_49eb268
000007b0 00         3706 	.data.b	0
                    3707 

                                                                      Page 63
                                                              C:\Windows\TEMP\gh_000098c3.si
                    3708 .LDW_49f3640:
000007b1 14         3709 	.data.b	20
000007b2 00000000*  3710 	.data.w	.LDW_3732c10
000007b6 00         3711 	.data.b	0
                    3712 
                    3713 .LDW_49f3760:
000007b7 14         3714 	.data.b	20
000007b8 00000000*  3715 	.data.w	.LDW_49eb3b8
000007bc 00         3716 	.data.b	0
                    3717 
000007bd 00         3718 	.data.b	0
                    3719 
                    3720 .LDW_49eb508:
000007be 46         3721 	.data.b	70
000007bf 00000000*  3722 	.data.w	.LDW_4956928
000007c3 01         3723 	.data.b	1
                    3724 
                    3725 .LDW_49f3940:
000007c4 14         3726 	.data.b	20
000007c5 00000000*  3727 	.data.w	.LDW_49eb268
000007c9 00         3728 	.data.b	0
                    3729 
000007ca 00         3730 	.data.b	0
                    3731 
                    3732 .LDW_49eb578:
000007cb 46         3733 	.data.b	70
000007cc 00000000*  3734 	.data.w	.LDW_4956928
000007d0 01         3735 	.data.b	1
                    3736 
                    3737 .LDW_49f3820:
000007d1 14         3738 	.data.b	20
000007d2 00000000*  3739 	.data.w	.LDW_49eb268
000007d6 00         3740 	.data.b	0
                    3741 
                    3742 .LDW_49f36d0:
000007d7 14         3743 	.data.b	20
000007d8 00000000*  3744 	.data.w	.LDW_49eb498
000007dc 00         3745 	.data.b	0
                    3746 
000007dd 00         3747 	.data.b	0
                    3748 
                    3749 .LDW_49eb5b0:
000007de 46         3750 	.data.b	70
000007df 00000000*  3751 	.data.w	.LDW_4956928
000007e3 01         3752 	.data.b	1
                    3753 
                    3754 .LDW_49f3610:
000007e4 14         3755 	.data.b	20
000007e5 00000000*  3756 	.data.w	.LDW_3732c10
000007e9 00         3757 	.data.b	0
                    3758 
                    3759 .LDW_49f3700:
000007ea 14         3760 	.data.b	20
000007eb 00000000*  3761 	.data.w	.LDW_49eb498
000007ef 00         3762 	.data.b	0
                    3763 
                    3764 .LDW_49f3850:
000007f0 14         3765 	.data.b	20
000007f1 00000000*  3766 	.data.w	.LDW_49eb3b8
000007f5 00         3767 	.data.b	0
                    3768 

                                                                      Page 64
                                                              C:\Windows\TEMP\gh_000098c3.si
000007f6 00         3769 	.data.b	0
                    3770 
                    3771 .LDW_49eb8f8:
000007f7 46         3772 	.data.b	70
000007f8 00000000*  3773 	.data.w	.LDW_4956928
000007fc 01         3774 	.data.b	1
                    3775 
                    3776 .LDW_49f3730:
000007fd 14         3777 	.data.b	20
000007fe 00000000*  3778 	.data.w	.LDW_49eb268
00000802 00         3779 	.data.b	0
                    3780 
                    3781 .LDW_49f3880:
00000803 14         3782 	.data.b	20
00000804 00000000*  3783 	.data.w	.LDW_3732c10
00000808 00         3784 	.data.b	0
                    3785 
                    3786 .LDW_49f3970:
00000809 14         3787 	.data.b	20
0000080a 00000000*  3788 	.data.w	.LDW_49c9cf8
0000080e 00         3789 	.data.b	0
                    3790 
                    3791 .LDW_49f38b0:
0000080f 14         3792 	.data.b	20
00000810 00000000*  3793 	.data.w	.LDW_49eb3b8
00000814 00         3794 	.data.b	0
                    3795 
00000815 00         3796 	.data.b	0
                    3797 
                    3798 .LDW_49eb8c0:
00000816 46         3799 	.data.b	70
00000817 00000000*  3800 	.data.w	.LDW_4956928
0000081b 01         3801 	.data.b	1
                    3802 
                    3803 .LDW_49f2ce0:
0000081c 14         3804 	.data.b	20
0000081d 00000000*  3805 	.data.w	.LDW_49eb268
00000821 00         3806 	.data.b	0
                    3807 
00000822 00         3808 	.data.b	0
                    3809 
                    3810 .LDW_49eb930:
00000823 46         3811 	.data.b	70
00000824 00000000*  3812 	.data.w	.LDW_4956928
00000828 01         3813 	.data.b	1
                    3814 
                    3815 .LDW_49f2f50:
00000829 14         3816 	.data.b	20
0000082a 00000000*  3817 	.data.w	.LDW_49eb268
0000082e 00         3818 	.data.b	0
                    3819 
                    3820 .LDW_49f2b90:
0000082f 14         3821 	.data.b	20
00000830 00000000*  3822 	.data.w	.LDW_3732d60
00000834 00         3823 	.data.b	0
                    3824 
00000835 00         3825 	.data.b	0
                    3826 
                    3827 .LDW_4a09170:
00000836 46         3828 	.data.b	70
00000837 00000000*  3829 	.data.w	.LDW_4956928

                                                                      Page 65
                                                              C:\Windows\TEMP\gh_000098c3.si
0000083b 01         3830 	.data.b	1
                    3831 
                    3832 .LDW_49f2bc0:
0000083c 14         3833 	.data.b	20
0000083d 00000000*  3834 	.data.w	.LDW_3732d60
00000841 00         3835 	.data.b	0
                    3836 
                    3837 .LDW_49f2ec0:
00000842 14         3838 	.data.b	20
00000843 00000000*  3839 	.data.w	.LDW_3732c10
00000847 00         3840 	.data.b	0
                    3841 
                    3842 .LDW_49f2bf0:
00000848 14         3843 	.data.b	20
00000849 00000000*  3844 	.data.w	.LDW_49c9cf8
0000084d 00         3845 	.data.b	0
                    3846 
                    3847 .LDW_49f2ad0:
0000084e 14         3848 	.data.b	20
0000084f 00000000*  3849 	.data.w	.LDW_49eb3b8
00000853 00         3850 	.data.b	0
                    3851 
00000854 00         3852 	.data.b	0
                    3853 
                    3854 .LDW_4a09100:
00000855 46         3855 	.data.b	70
00000856 00000000*  3856 	.data.w	.LDW_4956928
0000085a 01         3857 	.data.b	1
                    3858 
                    3859 .LDW_49f2d10:
0000085b 14         3860 	.data.b	20
0000085c 00000000*  3861 	.data.w	.LDW_49eb268
00000860 00         3862 	.data.b	0
                    3863 
                    3864 .LDW_49f2c20:
00000861 14         3865 	.data.b	20
00000862 00000000*  3866 	.data.w	.LDW_3732c10
00000866 00         3867 	.data.b	0
                    3868 
                    3869 .LDW_49f2ef0:
00000867 14         3870 	.data.b	20
00000868 00000000*  3871 	.data.w	.LDW_49eb230
0000086c 00         3872 	.data.b	0
                    3873 
0000086d 00         3874 	.data.b	0
                    3875 
                    3876 .LDW_4a09138:
0000086e 46         3877 	.data.b	70
0000086f 00000000*  3878 	.data.w	.LDW_4956928
00000873 01         3879 	.data.b	1
                    3880 
                    3881 .LDW_49f2d70:
00000874 14         3882 	.data.b	20
00000875 00000000*  3883 	.data.w	.LDW_49eb268
00000879 00         3884 	.data.b	0
                    3885 
0000087a 00         3886 	.data.b	0
                    3887 
                    3888 .LDW_4a08f08:
0000087b 46         3889 	.data.b	70
0000087c 00000000*  3890 	.data.w	.LDW_4956928

                                                                      Page 66
                                                              C:\Windows\TEMP\gh_000098c3.si
00000880 01         3891 	.data.b	1
                    3892 
                    3893 .LDW_49f2f80:
00000881 14         3894 	.data.b	20
00000882 00000000*  3895 	.data.w	.LDW_49eb268
00000886 00         3896 	.data.b	0
                    3897 
                    3898 .LDW_49f2b00:
00000887 14         3899 	.data.b	20
00000888 00000000*  3900 	.data.w	.LDW_3732d60
0000088c 00         3901 	.data.b	0
                    3902 
                    3903 .LDW_49f2aa0:
0000088d 14         3904 	.data.b	20
0000088e 00000000*  3905 	.data.w	.LDW_3732f58
00000892 00         3906 	.data.b	0
                    3907 
00000893 00         3908 	.data.b	0
                    3909 
                    3910 .LDW_4a08b88:
00000894 46         3911 	.data.b	70
00000895 00000000*  3912 	.data.w	.LDW_4956928
00000899 01         3913 	.data.b	1
                    3914 
                    3915 .LDW_49f2da0:
0000089a 14         3916 	.data.b	20
0000089b 00000000*  3917 	.data.w	.LDW_3732d60
0000089f 00         3918 	.data.b	0
                    3919 
                    3920 .LDW_49f2c80:
000008a0 14         3921 	.data.b	20
000008a1 00000000*  3922 	.data.w	.LDW_3732f58
000008a5 00         3923 	.data.b	0
                    3924 
                    3925 .LDW_49f2e00:
000008a6 14         3926 	.data.b	20
000008a7 00000000*  3927 	.data.w	.LDW_3732c10
000008ab 00         3928 	.data.b	0
                    3929 
                    3930 .LDW_49f2e30:
000008ac 14         3931 	.data.b	20
000008ad 00000000*  3932 	.data.w	.LDW_49eb230
000008b1 00         3933 	.data.b	0
                    3934 
000008b2 00         3935 	.data.b	0
                    3936 
                    3937 .LDW_4a09628:
000008b3 2b         3938 	.data.b	43
000008b4 00000000*  3939 	.data.w	.LDW_4a09470
                    3940 
                    3941 .LDW_4a08aa8:
000008b8 31         3942 	.data.b	49
000008b9 00000000*  3943 	.data.w	.LDW_4a09628
                    3944 
                    3945 .LDW_4a08f78:
000008bd 46         3946 	.data.b	70
000008be 00000000*  3947 	.data.w	.LDW_4956928
000008c2 01         3948 	.data.b	1
                    3949 
                    3950 .LDW_49f2e90:
000008c3 14         3951 	.data.b	20

                                                                      Page 67
                                                              C:\Windows\TEMP\gh_000098c3.si
000008c4 00000000*  3952 	.data.w	.LDW_49eb268
000008c8 00         3953 	.data.b	0
                    3954 
                    3955 .LDW_49f2fb0:
000008c9 14         3956 	.data.b	20
000008ca 00000000*  3957 	.data.w	.LDW_3732c10
000008ce 00         3958 	.data.b	0
                    3959 
                    3960 .LDW_49f2a70:
000008cf 14         3961 	.data.b	20
000008d0 00000000*  3962 	.data.w	.LDW_49c9cf8
000008d4 00         3963 	.data.b	0
                    3964 
                    3965 .LDW_49f2f20:
000008d5 14         3966 	.data.b	20
000008d6 00000000*  3967 	.data.w	.LDW_4a08aa8
000008da 00         3968 	.data.b	0
                    3969 
                    3970 .LDW_49f2a10:
000008db 14         3971 	.data.b	20
000008dc 00000000*  3972 	.data.w	.LDW_49eb3b8
000008e0 00         3973 	.data.b	0
                    3974 
000008e1 00         3975 	.data.b	0
                    3976 
                    3977 .LDW_4a08e98:
000008e2 46         3978 	.data.b	70
000008e3 00000000*  3979 	.data.w	.LDW_4956928
000008e7 01         3980 	.data.b	1
                    3981 
                    3982 .LDW_4a12788:
000008e8 14         3983 	.data.b	20
000008e9 00000000*  3984 	.data.w	.LDW_49eb268
000008ed 00         3985 	.data.b	0
                    3986 
000008ee 00         3987 	.data.b	0
                    3988 
                    3989 .LDW_4a08a00:
000008ef 46         3990 	.data.b	70
000008f0 00000000*  3991 	.data.w	.LDW_4956928
000008f4 01         3992 	.data.b	1
                    3993 
                    3994 .LDW_4a12548:
000008f5 14         3995 	.data.b	20
000008f6 00000000*  3996 	.data.w	.LDW_49eb268
000008fa 00         3997 	.data.b	0
                    3998 
                    3999 .LDW_4a126f8:
000008fb 14         4000 	.data.b	20
000008fc 00000000*  4001 	.data.w	.LDW_3732d60
00000900 00         4002 	.data.b	0
                    4003 
00000901 00         4004 	.data.b	0
                    4005 
                    4006 .LDW_4a08a70:
00000902 46         4007 	.data.b	70
00000903 00000000*  4008 	.data.w	.LDW_4956928
00000907 01         4009 	.data.b	1
                    4010 
                    4011 .LDW_4a125a8:
00000908 14         4012 	.data.b	20

                                                                      Page 68
                                                              C:\Windows\TEMP\gh_000098c3.si
00000909 00000000*  4013 	.data.w	.LDW_3732d60
0000090d 00         4014 	.data.b	0
                    4015 
                    4016 .LDW_4a122d8:
0000090e 14         4017 	.data.b	20
0000090f 00000000*  4018 	.data.w	.LDW_3732c10
00000913 00         4019 	.data.b	0
                    4020 
                    4021 .LDW_4a123f8:
00000914 14         4022 	.data.b	20
00000915 00000000*  4023 	.data.w	.LDW_49c9cf8
00000919 00         4024 	.data.b	0
                    4025 
                    4026 .LDW_4a12668:
0000091a 14         4027 	.data.b	20
0000091b 00000000*  4028 	.data.w	.LDW_4a08aa8
0000091f 00         4029 	.data.b	0
                    4030 
                    4031 .LDW_4a123c8:
00000920 14         4032 	.data.b	20
00000921 00000000*  4033 	.data.w	.LDW_49eb3b8
00000925 00         4034 	.data.b	0
                    4035 
00000926 00         4036 	.data.b	0
                    4037 
                    4038 .LDW_4a08ae0:
00000927 46         4039 	.data.b	70
00000928 00000000*  4040 	.data.w	.LDW_4956928
0000092c 01         4041 	.data.b	1
                    4042 
                    4043 .LDW_4a12638:
0000092d 14         4044 	.data.b	20
0000092e 00000000*  4045 	.data.w	.LDW_49eb268
00000932 00         4046 	.data.b	0
                    4047 
                    4048 .LDW_4a124e8:
00000933 14         4049 	.data.b	20
00000934 00000000*  4050 	.data.w	.LDW_3732c10
00000938 00         4051 	.data.b	0
                    4052 
                    4053 .LDW_4a12428:
00000939 14         4054 	.data.b	20
0000093a 00000000*  4055 	.data.w	.LDW_49eb230
0000093e 00         4056 	.data.b	0
                    4057 
0000093f 00         4058 	.data.b	0
                    4059 
                    4060 .LDW_4a08b18:
00000940 46         4061 	.data.b	70
00000941 00000000*  4062 	.data.w	.LDW_4956928
00000945 01         4063 	.data.b	1
                    4064 
                    4065 .LDW_4a12368:
00000946 14         4066 	.data.b	20
00000947 00000000*  4067 	.data.w	.LDW_49eb268
0000094b 00         4068 	.data.b	0
                    4069 
0000094c 00         4070 	.data.b	0
                    4071 
                    4072 .LDW_4a09058:
0000094d 46         4073 	.data.b	70

                                                                      Page 69
                                                              C:\Windows\TEMP\gh_000098c3.si
0000094e 00000000*  4074 	.data.w	.LDW_4956928
00000952 01         4075 	.data.b	1
                    4076 
                    4077 .LDW_4a12338:
00000953 14         4078 	.data.b	20
00000954 00000000*  4079 	.data.w	.LDW_49eb268
00000958 00         4080 	.data.b	0
                    4081 
                    4082 .LDW_4a12398:
00000959 14         4083 	.data.b	20
0000095a 00000000*  4084 	.data.w	.LDW_3732d60
0000095e 00         4085 	.data.b	0
                    4086 
                    4087 .LDW_4a12578:
0000095f 14         4088 	.data.b	20
00000960 00000000*  4089 	.data.w	.LDW_3732f58
00000964 00         4090 	.data.b	0
                    4091 
                    4092 .LDW_4a12488:
00000965 14         4093 	.data.b	20
00000966 00000000*  4094 	.data.w	.LDW_4a08aa8
0000096a 00         4095 	.data.b	0
                    4096 
0000096b 00         4097 	.data.b	0
                    4098 
                    4099 .LDW_4a08ca0:
0000096c 46         4100 	.data.b	70
0000096d 00000000*  4101 	.data.w	.LDW_4956928
00000971 01         4102 	.data.b	1
                    4103 
                    4104 .LDW_4a12518:
00000972 14         4105 	.data.b	20
00000973 00000000*  4106 	.data.w	.LDW_3732d60
00000977 00         4107 	.data.b	0
                    4108 
                    4109 .LDW_4a12248:
00000978 14         4110 	.data.b	20
00000979 00000000*  4111 	.data.w	.LDW_3732f58
0000097d 00         4112 	.data.b	0
                    4113 
                    4114 .LDW_4a125d8:
0000097e 14         4115 	.data.b	20
0000097f 00000000*  4116 	.data.w	.LDW_3732c10
00000983 00         4117 	.data.b	0
                    4118 
                    4119 .LDW_4a12608:
00000984 14         4120 	.data.b	20
00000985 00000000*  4121 	.data.w	.LDW_4a08aa8
00000989 00         4122 	.data.b	0
                    4123 
                    4124 .LDW_4a126c8:
0000098a 14         4125 	.data.b	20
0000098b 00000000*  4126 	.data.w	.LDW_49eb230
0000098f 00         4127 	.data.b	0
                    4128 
00000990 00         4129 	.data.b	0
                    4130 
                    4131 .LDW_4a08b50:
00000991 31         4132 	.data.b	49
00000992 00000000*  4133 	.data.w	.LDW_4a09b50
                    4134 

                                                                      Page 70
                                                              C:\Windows\TEMP\gh_000098c3.si
                    4135 .LDW_4a08bc0:
00000996 46         4136 	.data.b	70
00000997 00000000*  4137 	.data.w	.LDW_4956928
0000099b 01         4138 	.data.b	1
                    4139 
                    4140 .LDW_4a12278:
0000099c 14         4141 	.data.b	20
0000099d 00000000*  4142 	.data.w	.LDW_4a08b50
000009a1 00         4143 	.data.b	0
                    4144 
                    4145 .LDW_4a127e8:
000009a2 14         4146 	.data.b	20
000009a3 00000000*  4147 	.data.w	.LDW_3732d60
000009a7 00         4148 	.data.b	0
                    4149 
                    4150 .LDW_4a12758:
000009a8 14         4151 	.data.b	20
000009a9 00000000*  4152 	.data.w	.LDW_3732d60
000009ad 00         4153 	.data.b	0
                    4154 
                    4155 .LDW_4a122a8:
000009ae 14         4156 	.data.b	20
000009af 00000000*  4157 	.data.w	.LDW_3732c10
000009b3 00         4158 	.data.b	0
                    4159 
                    4160 .LDW_4a12ba8:
000009b4 14         4161 	.data.b	20
000009b5 00000000*  4162 	.data.w	.LDW_3732c10
000009b9 00         4163 	.data.b	0
                    4164 
000009ba 00         4165 	.data.b	0
                    4166 
                    4167 .LDW_4a08c68:
000009bb 46         4168 	.data.b	70
000009bc 00000000*  4169 	.data.w	.LDW_4956928
000009c0 01         4170 	.data.b	1
                    4171 
                    4172 .LDW_4a12a58:
000009c1 14         4173 	.data.b	20
000009c2 00000000*  4174 	.data.w	.LDW_3732d60
000009c6 00         4175 	.data.b	0
                    4176 
                    4177 .LDW_4a12908:
000009c7 14         4178 	.data.b	20
000009c8 00000000*  4179 	.data.w	.LDW_3732c10
000009cc 00         4180 	.data.b	0
                    4181 
                    4182 .LDW_4a12ab8:
000009cd 14         4183 	.data.b	20
000009ce 00000000*  4184 	.data.w	.LDW_3732c10
000009d2 00         4185 	.data.b	0
                    4186 
                    4187 .LDW_4a12b18:
000009d3 14         4188 	.data.b	20
000009d4 00000000*  4189 	.data.w	.LDW_3732c10
000009d8 00         4190 	.data.b	0
                    4191 
000009d9 00         4192 	.data.b	0
                    4193 
                    4194 .LDW_4a08bf8:
000009da 47         4195 	.data.b	71

                                                                      Page 71
                                                              C:\Windows\TEMP\gh_000098c3.si
000009db 01         4196 	.data.b	1
                    4197 
                    4198 .LDW_4a12c98:
000009dc 14         4199 	.data.b	20
000009dd 00000000*  4200 	.data.w	.LDW_4a08b50
000009e1 00         4201 	.data.b	0
                    4202 
000009e2 00         4203 	.data.b	0
                    4204 
                    4205 .LDW_4a08cd8:
000009e3 47         4206 	.data.b	71
000009e4 01         4207 	.data.b	1
                    4208 
                    4209 .LDW_4a12cc8:
000009e5 14         4210 	.data.b	20
000009e6 00000000*  4211 	.data.w	.LDW_4a08b50
000009ea 00         4212 	.data.b	0
                    4213 
                    4214 .LDW_4a12b48:
000009eb 14         4215 	.data.b	20
000009ec 00000000*  4216 	.data.w	.LDW_3732c10
000009f0 00         4217 	.data.b	0
                    4218 
000009f1 00         4219 	.data.b	0
                    4220 
                    4221 .LDW_4a08f40:
000009f2 46         4222 	.data.b	70
000009f3 00000000*  4223 	.data.w	.LDW_4956928
000009f7 01         4224 	.data.b	1
                    4225 
                    4226 .LDW_4a12878:
000009f8 14         4227 	.data.b	20
000009f9 00000000*  4228 	.data.w	.LDW_4a08b50
000009fd 00         4229 	.data.b	0
                    4230 
                    4231 .LDW_4a12848:
000009fe 14         4232 	.data.b	20
000009ff 00000000*  4233 	.data.w	.LDW_3732d60
00000a03 00         4234 	.data.b	0
                    4235 
                    4236 .LDW_4a129f8:
00000a04 14         4237 	.data.b	20
00000a05 00000000*  4238 	.data.w	.LDW_49c9cf8
00000a09 00         4239 	.data.b	0
                    4240 
00000a0a 00         4241 	.data.b	0
                    4242 
                    4243 .LDW_4a08d10:
00000a0b 46         4244 	.data.b	70
00000a0c 00000000*  4245 	.data.w	.LDW_4956928
00000a10 01         4246 	.data.b	1
                    4247 
                    4248 .LDW_4a128a8:
00000a11 14         4249 	.data.b	20
00000a12 00000000*  4250 	.data.w	.LDW_49eb268
00000a16 00         4251 	.data.b	0
                    4252 
                    4253 .LDW_4a12bd8:
00000a17 14         4254 	.data.b	20
00000a18 00000000*  4255 	.data.w	.LDW_3732c10
00000a1c 00         4256 	.data.b	0

                                                                      Page 72
                                                              C:\Windows\TEMP\gh_000098c3.si
                    4257 
                    4258 .LDW_4a12c68:
00000a1d 14         4259 	.data.b	20
00000a1e 00000000*  4260 	.data.w	.LDW_49eb230
00000a22 00         4261 	.data.b	0
                    4262 
00000a23 00         4263 	.data.b	0
                    4264 
                    4265 .LDW_4a08e28:
00000a24 46         4266 	.data.b	70
00000a25 00000000*  4267 	.data.w	.LDW_4956928
00000a29 01         4268 	.data.b	1
                    4269 
                    4270 .LDW_4a129c8:
00000a2a 14         4271 	.data.b	20
00000a2b 00000000*  4272 	.data.w	.LDW_49eb268
00000a2f 00         4273 	.data.b	0
                    4274 
00000a30 00         4275 	.data.b	0
                    4276 
                    4277 .LDW_4a08d48:
00000a31 46         4278 	.data.b	70
00000a32 00000000*  4279 	.data.w	.LDW_4956928
00000a36 01         4280 	.data.b	1
                    4281 
                    4282 .LDW_4a128d8:
00000a37 14         4283 	.data.b	20
00000a38 00000000*  4284 	.data.w	.LDW_49eb268
00000a3c 00         4285 	.data.b	0
                    4286 
                    4287 .LDW_4a12ae8:
00000a3d 14         4288 	.data.b	20
00000a3e 00000000*  4289 	.data.w	.LDW_3732d60
00000a42 00         4290 	.data.b	0
                    4291 
00000a43 00         4292 	.data.b	0
                    4293 
                    4294 .LDW_4a08c30:
00000a44 46         4295 	.data.b	70
00000a45 00000000*  4296 	.data.w	.LDW_4956928
00000a49 01         4297 	.data.b	1
                    4298 
                    4299 .LDW_4a12c08:
00000a4a 14         4300 	.data.b	20
00000a4b 00000000*  4301 	.data.w	.LDW_3732d60
00000a4f 00         4302 	.data.b	0
                    4303 
                    4304 .LDW_4a12d58:
00000a50 14         4305 	.data.b	20
00000a51 00000000*  4306 	.data.w	.LDW_3732c10
00000a55 00         4307 	.data.b	0
                    4308 
                    4309 .LDW_4a12938:
00000a56 14         4310 	.data.b	20
00000a57 00000000*  4311 	.data.w	.LDW_49eb230
00000a5b 00         4312 	.data.b	0
                    4313 
00000a5c 00         4314 	.data.b	0
                    4315 
                    4316 .LDW_4a08d80:
00000a5d 46         4317 	.data.b	70

                                                                      Page 73
                                                              C:\Windows\TEMP\gh_000098c3.si
00000a5e 00000000*  4318 	.data.w	.LDW_4956928
00000a62 01         4319 	.data.b	1
                    4320 
                    4321 .LDW_4a12db8:
00000a63 14         4322 	.data.b	20
00000a64 00000000*  4323 	.data.w	.LDW_49eb268
00000a68 00         4324 	.data.b	0
                    4325 
                    4326 .LDW_4a12de8:
00000a69 14         4327 	.data.b	20
00000a6a 00000000*  4328 	.data.w	.LDW_3732c10
00000a6e 00         4329 	.data.b	0
                    4330 
                    4331 .LDW_4a12968:
00000a6f 14         4332 	.data.b	20
00000a70 00000000*  4333 	.data.w	.LDW_49eb3b8
00000a74 00         4334 	.data.b	0
                    4335 
00000a75 00         4336 	.data.b	0
                    4337 
                    4338 .LDW_4a08db8:
00000a76 46         4339 	.data.b	70
00000a77 00000000*  4340 	.data.w	.LDW_4956928
00000a7b 01         4341 	.data.b	1
                    4342 
                    4343 .LDW_4a13148:
00000a7c 14         4344 	.data.b	20
00000a7d 00000000*  4345 	.data.w	.LDW_49eb268
00000a81 00         4346 	.data.b	0
                    4347 
00000a82 00         4348 	.data.b	0
                    4349 
                    4350 .LDW_4a08df0:
00000a83 46         4351 	.data.b	70
00000a84 00000000*  4352 	.data.w	.LDW_4956928
00000a88 01         4353 	.data.b	1
                    4354 
                    4355 .LDW_4a12fc8:
00000a89 14         4356 	.data.b	20
00000a8a 00000000*  4357 	.data.w	.LDW_49eb268
00000a8e 00         4358 	.data.b	0
                    4359 
                    4360 .LDW_4a12e18:
00000a8f 14         4361 	.data.b	20
00000a90 00000000*  4362 	.data.w	.LDW_3732d60
00000a94 00         4363 	.data.b	0
                    4364 
00000a95 00         4365 	.data.b	0
                    4366 
                    4367 .LDW_4a08fe8:
00000a96 46         4368 	.data.b	70
00000a97 00000000*  4369 	.data.w	.LDW_4956928
00000a9b 01         4370 	.data.b	1
                    4371 
                    4372 .LDW_4a12ed8:
00000a9c 14         4373 	.data.b	20
00000a9d 00000000*  4374 	.data.w	.LDW_3732d60
00000aa1 00         4375 	.data.b	0
                    4376 
                    4377 .LDW_4a13178:
00000aa2 14         4378 	.data.b	20

                                                                      Page 74
                                                              C:\Windows\TEMP\gh_000098c3.si
00000aa3 00000000*  4379 	.data.w	.LDW_3732c10
00000aa7 00         4380 	.data.b	0
                    4381 
                    4382 .LDW_4a131a8:
00000aa8 14         4383 	.data.b	20
00000aa9 00000000*  4384 	.data.w	.LDW_49eb3b8
00000aad 00         4385 	.data.b	0
                    4386 
00000aae 00         4387 	.data.b	0
                    4388 
                    4389 .LDW_4a08e60:
00000aaf 31         4390 	.data.b	49
00000ab0 00000000*  4391 	.data.w	.LDW_4a25390
                    4392 
                    4393 .LDW_4a08ed0:
00000ab4 46         4394 	.data.b	70
00000ab5 00000000*  4395 	.data.w	.LDW_4956928
00000ab9 01         4396 	.data.b	1
                    4397 
                    4398 .LDW_4a130b8:
00000aba 14         4399 	.data.b	20
00000abb 00000000*  4400 	.data.w	.LDW_4a08e60
00000abf 00         4401 	.data.b	0
                    4402 
00000ac0 00         4403 	.data.b	0
                    4404 
                    4405 .LDW_4a08fb0:
00000ac1 46         4406 	.data.b	70
00000ac2 00000000*  4407 	.data.w	.LDW_4956928
00000ac6 01         4408 	.data.b	1
                    4409 
                    4410 .LDW_4a12e48:
00000ac7 14         4411 	.data.b	20
00000ac8 00000000*  4412 	.data.w	.LDW_4a08e60
00000acc 00         4413 	.data.b	0
                    4414 
                    4415 .LDW_4a13058:
00000acd 14         4416 	.data.b	20
00000ace 00000000*  4417 	.data.w	.LDW_3732c10
00000ad2 00         4418 	.data.b	0
                    4419 
                    4420 .LDW_4a12f38:
00000ad3 14         4421 	.data.b	20
00000ad4 00000000*  4422 	.data.w	.LDW_49c9cf8
00000ad8 00         4423 	.data.b	0
                    4424 
00000ad9 00         4425 	.data.b	0
                    4426 
                    4427 .LDW_4a09020:
00000ada 46         4428 	.data.b	70
00000adb 00000000*  4429 	.data.w	.LDW_4956928
00000adf 01         4430 	.data.b	1
                    4431 
                    4432 .LDW_4a12f68:
00000ae0 14         4433 	.data.b	20
00000ae1 00000000*  4434 	.data.w	.LDW_4a08e60
00000ae5 00         4435 	.data.b	0
                    4436 
                    4437 .LDW_4a12f98:
00000ae6 14         4438 	.data.b	20
00000ae7 00000000*  4439 	.data.w	.LDW_3732d60

                                                                      Page 75
                                                              C:\Windows\TEMP\gh_000098c3.si
00000aeb 00         4440 	.data.b	0
                    4441 
00000aec 00         4442 	.data.b	0
                    4443 
                    4444 .LDW_4a09090:
00000aed 46         4445 	.data.b	70
00000aee 00000000*  4446 	.data.w	.LDW_4956928
00000af2 01         4447 	.data.b	1
                    4448 
                    4449 .LDW_4a13028:
00000af3 14         4450 	.data.b	20
00000af4 00000000*  4451 	.data.w	.LDW_3732d60
00000af8 00         4452 	.data.b	0
                    4453 
                    4454 .LDW_4a284b0:
00000af9 14         4455 	.data.b	20
00000afa 00000000*  4456 	.data.w	.LDW_3732c10
00000afe 00         4457 	.data.b	0
                    4458 
                    4459 .LDW_4a28270:
00000aff 14         4460 	.data.b	20
00000b00 00000000*  4461 	.data.w	.LDW_49c9cf8
00000b04 00         4462 	.data.b	0
                    4463 
00000b05 00         4464 	.data.b	0
                    4465 
                    4466 .LDW_4a08a38:
00000b06 31         4467 	.data.b	49
00000b07 00000000*  4468 	.data.w	.LDW_4a25c28
                    4469 
                    4470 .LDW_4a090c8:
00000b0b 46         4471 	.data.b	70
00000b0c 00000000*  4472 	.data.w	.LDW_4956928
00000b10 01         4473 	.data.b	1
                    4474 
                    4475 .LDW_4a28360:
00000b11 14         4476 	.data.b	20
00000b12 00000000*  4477 	.data.w	.LDW_4a08a38
00000b16 00         4478 	.data.b	0
                    4479 
00000b17 00         4480 	.data.b	0
                    4481 
                    4482 .LDW_4a29b78:
00000b18 46         4483 	.data.b	70
00000b19 00000000*  4484 	.data.w	.LDW_4956928
00000b1d 01         4485 	.data.b	1
                    4486 
                    4487 .LDW_4a282a0:
00000b1e 14         4488 	.data.b	20
00000b1f 00000000*  4489 	.data.w	.LDW_4a08a38
00000b23 00         4490 	.data.b	0
                    4491 
                    4492 .LDW_4a28540:
00000b24 14         4493 	.data.b	20
00000b25 00000000*  4494 	.data.w	.LDW_3732c10
00000b29 00         4495 	.data.b	0
                    4496 
                    4497 .LDW_4a28480:
00000b2a 14         4498 	.data.b	20
00000b2b 00000000*  4499 	.data.w	.LDW_49c9cf8
00000b2f 00         4500 	.data.b	0

                                                                      Page 76
                                                              C:\Windows\TEMP\gh_000098c3.si
                    4501 
00000b30 00         4502 	.data.b	0
                    4503 
                    4504 .LDW_4a29d38:
00000b31 46         4505 	.data.b	70
00000b32 00000000*  4506 	.data.w	.LDW_4956928
00000b36 01         4507 	.data.b	1
                    4508 
                    4509 .LDW_4a286f0:
00000b37 14         4510 	.data.b	20
00000b38 00000000*  4511 	.data.w	.LDW_4a08a38
00000b3c 00         4512 	.data.b	0
                    4513 
                    4514 .LDW_4a28630:
00000b3d 14         4515 	.data.b	20
00000b3e 00000000*  4516 	.data.w	.LDW_3732d60
00000b42 00         4517 	.data.b	0
                    4518 
00000b43 00         4519 	.data.b	0
                    4520 
                    4521 .LDW_4a2a010:
00000b44 46         4522 	.data.b	70
00000b45 00000000*  4523 	.data.w	.LDW_4956928
00000b49 01         4524 	.data.b	1
                    4525 
                    4526 .LDW_4a28510:
00000b4a 14         4527 	.data.b	20
00000b4b 00000000*  4528 	.data.w	.LDW_3732d60
00000b4f 00         4529 	.data.b	0
                    4530 
                    4531 .LDW_4a28660:
00000b50 14         4532 	.data.b	20
00000b51 00000000*  4533 	.data.w	.LDW_3732c10
00000b55 00         4534 	.data.b	0
                    4535 
                    4536 .LDW_4a28420:
00000b56 14         4537 	.data.b	20
00000b57 00000000*  4538 	.data.w	.LDW_49c9cf8
00000b5b 00         4539 	.data.b	0
                    4540 
00000b5c 00         4541 	.data.b	0
                    4542 
                    4543 .LDW_4a29980:
00000b5d 27         4544 	.data.b	39
00000b5e 00746e69   4545 	.data.b	105,110,116,0
00000b62 05         4546 	.data.b	5
00000b63 04         4547 	.data.b	4
                    4548 
                    4549 .LDW_4a2aa28:
00000b64 3c         4550 	.data.b	60
00000b65 00         4551 	.data.b	0
00000b66 0280       4552 	.data.b	128,2
00000b68 00000000*  4553 	.data.w	.LDW_4956a30
                    4554 
                    4555 	.section	.debug_abbrev
00000049 3c         4556 	.data.b	60
0000004a 01         4557 	.data.b	1
0000004b 01         4558 	.data.b	1
0000004c 0b09       4559 	.data.b	9,11
0000004e 0f0b       4560 	.data.b	11,15
00000050 1049       4561 	.data.b	73,16

                                                                      Page 77
                                                              C:\Windows\TEMP\gh_000098c3.si
00000052 0000       4562 	.data.b	0,0
                    4563 
                    4564 	.section	.debug_info
00000b6c 34         4565 	.data.b	52
00000b6d 00000000*  4566 	.data.w	.LDW_4a29980
00000b71 04         4567 	.data.b	4
00000b72 00         4568 	.data.b	0
00000b73 01ff       4569 	.data.b	255,1
                    4570 
                    4571 	.section	.debug_abbrev
00000054 34         4572 	.data.b	52
00000055 21         4573 	.data.b	33
00000056 00         4574 	.data.b	0
00000057 1049       4575 	.data.b	73,16
00000059 0f0b       4576 	.data.b	11,15
0000005b 0d22       4577 	.data.b	34,13
0000005d 0d2f       4578 	.data.b	47,13
0000005f 0000       4579 	.data.b	0,0
                    4580 
                    4581 	.section	.debug_info
00000b75 00         4582 	.data.b	0
                    4583 
                    4584 .LDW_4a2aab0:
00000b76 3c         4585 	.data.b	60
00000b77 00         4586 	.data.b	0
00000b78 10         4587 	.data.b	16
00000b79 00000000*  4588 	.data.w	.LDW_4956a30
                    4589 
00000b7d 34         4590 	.data.b	52
00000b7e 00000000*  4591 	.data.w	.LDW_4a29980
00000b82 04         4592 	.data.b	4
00000b83 00         4593 	.data.b	0
00000b84 0f         4594 	.data.b	15
                    4595 
00000b85 00         4596 	.data.b	0
                    4597 
                    4598 .LDW_4a2ab38:
00000b86 3c         4599 	.data.b	60
00000b87 00         4600 	.data.b	0
00000b88 10         4601 	.data.b	16
00000b89 00000000*  4602 	.data.w	.LDW_4956a30
                    4603 
00000b8d 34         4604 	.data.b	52
00000b8e 00000000*  4605 	.data.w	.LDW_4a29980
00000b92 04         4606 	.data.b	4
00000b93 00         4607 	.data.b	0
00000b94 0f         4608 	.data.b	15
                    4609 
00000b95 00         4610 	.data.b	0
                    4611 
                    4612 .LDW_4a2abc0:
00000b96 3c         4613 	.data.b	60
00000b97 00         4614 	.data.b	0
00000b98 10         4615 	.data.b	16
00000b99 00000000*  4616 	.data.w	.LDW_4956a30
                    4617 
00000b9d 34         4618 	.data.b	52
00000b9e 00000000*  4619 	.data.w	.LDW_4a29980
00000ba2 04         4620 	.data.b	4
00000ba3 00         4621 	.data.b	0
00000ba4 0f         4622 	.data.b	15

                                                                      Page 78
                                                              C:\Windows\TEMP\gh_000098c3.si
                    4623 
00000ba5 00         4624 	.data.b	0
                    4625 
                    4626 .LDW_4a2ac48:
00000ba6 3c         4627 	.data.b	60
00000ba7 00         4628 	.data.b	0
00000ba8 10         4629 	.data.b	16
00000ba9 00000000*  4630 	.data.w	.LDW_4956a30
                    4631 
00000bad 34         4632 	.data.b	52
00000bae 00000000*  4633 	.data.w	.LDW_4a29980
00000bb2 04         4634 	.data.b	4
00000bb3 00         4635 	.data.b	0
00000bb4 0f         4636 	.data.b	15
                    4637 
00000bb5 00         4638 	.data.b	0
                    4639 
                    4640 .LDW_4a2acd0:
00000bb6 3c         4641 	.data.b	60
00000bb7 00         4642 	.data.b	0
00000bb8 24         4643 	.data.b	36
00000bb9 00000000*  4644 	.data.w	.LDW_4956658
                    4645 
00000bbd 34         4646 	.data.b	52
00000bbe 00000000*  4647 	.data.w	.LDW_4a29980
00000bc2 04         4648 	.data.b	4
00000bc3 00         4649 	.data.b	0
00000bc4 08         4650 	.data.b	8
                    4651 
00000bc5 00         4652 	.data.b	0
                    4653 
                    4654 .LDW_4a2ad58:
00000bc6 3c         4655 	.data.b	60
00000bc7 00         4656 	.data.b	0
00000bc8 24         4657 	.data.b	36
00000bc9 00000000*  4658 	.data.w	.LDW_4956658
                    4659 
00000bcd 34         4660 	.data.b	52
00000bce 00000000*  4661 	.data.w	.LDW_4a29980
00000bd2 04         4662 	.data.b	4
00000bd3 00         4663 	.data.b	0
00000bd4 08         4664 	.data.b	8
                    4665 
00000bd5 00         4666 	.data.b	0
                    4667 
                    4668 .LDW_4a2ade0:
00000bd6 3c         4669 	.data.b	60
00000bd7 00         4670 	.data.b	0
00000bd8 24         4671 	.data.b	36
00000bd9 00000000*  4672 	.data.w	.LDW_4956658
                    4673 
00000bdd 34         4674 	.data.b	52
00000bde 00000000*  4675 	.data.w	.LDW_4a29980
00000be2 04         4676 	.data.b	4
00000be3 00         4677 	.data.b	0
00000be4 08         4678 	.data.b	8
                    4679 
00000be5 00         4680 	.data.b	0
                    4681 
                    4682 .LDW_4a2ae68:
00000be6 3c         4683 	.data.b	60

                                                                      Page 79
                                                              C:\Windows\TEMP\gh_000098c3.si
00000be7 00         4684 	.data.b	0
00000be8 24         4685 	.data.b	36
00000be9 00000000*  4686 	.data.w	.LDW_4956658
                    4687 
00000bed 34         4688 	.data.b	52
00000bee 00000000*  4689 	.data.w	.LDW_4a29980
00000bf2 04         4690 	.data.b	4
00000bf3 00         4691 	.data.b	0
00000bf4 08         4692 	.data.b	8
                    4693 
00000bf5 00         4694 	.data.b	0
                    4695 
                    4696 .LDW_4a2aef0:
00000bf6 3c         4697 	.data.b	60
00000bf7 00         4698 	.data.b	0
00000bf8 24         4699 	.data.b	36
00000bf9 00000000*  4700 	.data.w	.LDW_4956658
                    4701 
00000bfd 34         4702 	.data.b	52
00000bfe 00000000*  4703 	.data.w	.LDW_4a29980
00000c02 04         4704 	.data.b	4
00000c03 00         4705 	.data.b	0
00000c04 08         4706 	.data.b	8
                    4707 
00000c05 00         4708 	.data.b	0
                    4709 
                    4710 .LDW_4a2af78:
00000c06 3c         4711 	.data.b	60
00000c07 00         4712 	.data.b	0
00000c08 24         4713 	.data.b	36
00000c09 00000000*  4714 	.data.w	.LDW_4956658
                    4715 
00000c0d 34         4716 	.data.b	52
00000c0e 00000000*  4717 	.data.w	.LDW_4a29980
00000c12 04         4718 	.data.b	4
00000c13 00         4719 	.data.b	0
00000c14 08         4720 	.data.b	8
                    4721 
00000c15 00         4722 	.data.b	0
                    4723 
                    4724 .LDW_4a2b000:
00000c16 3c         4725 	.data.b	60
00000c17 00         4726 	.data.b	0
00000c18 20         4727 	.data.b	32
00000c19 00000000*  4728 	.data.w	.LDW_4956a30
                    4729 
00000c1d 34         4730 	.data.b	52
00000c1e 00000000*  4731 	.data.w	.LDW_4a29980
00000c22 04         4732 	.data.b	4
00000c23 00         4733 	.data.b	0
00000c24 1f         4734 	.data.b	31
                    4735 
00000c25 00         4736 	.data.b	0
                    4737 
                    4738 .LDW_4a2b138:
00000c26 3c         4739 	.data.b	60
00000c27 00         4740 	.data.b	0
00000c28 10         4741 	.data.b	16
00000c29 00000000*  4742 	.data.w	.LDW_4956a30
                    4743 
00000c2d 34         4744 	.data.b	52

                                                                      Page 80
                                                              C:\Windows\TEMP\gh_000098c3.si
00000c2e 00000000*  4745 	.data.w	.LDW_4a29980
00000c32 04         4746 	.data.b	4
00000c33 00         4747 	.data.b	0
00000c34 0f         4748 	.data.b	15
                    4749 
00000c35 00         4750 	.data.b	0
                    4751 
                    4752 .LDW_4a2b0b0:
00000c36 3c         4753 	.data.b	60
00000c37 00         4754 	.data.b	0
00000c38 14         4755 	.data.b	20
00000c39 00000000*  4756 	.data.w	.LDW_4956658
                    4757 
00000c3d 34         4758 	.data.b	52
00000c3e 00000000*  4759 	.data.w	.LDW_4a29980
00000c42 04         4760 	.data.b	4
00000c43 00         4761 	.data.b	0
00000c44 04         4762 	.data.b	4
                    4763 
00000c45 00         4764 	.data.b	0
                    4765 
                    4766 .LDW_4a2bc60:
00000c46 3c         4767 	.data.b	60
00000c47 00         4768 	.data.b	0
00000c48 40         4769 	.data.b	64
00000c49 00000000*  4770 	.data.w	.LDW_4956658
                    4771 
00000c4d 34         4772 	.data.b	52
00000c4e 00000000*  4773 	.data.w	.LDW_4a29980
00000c52 04         4774 	.data.b	4
00000c53 00         4775 	.data.b	0
00000c54 0f         4776 	.data.b	15
                    4777 
00000c55 00         4778 	.data.b	0
                    4779 
                    4780 .LDW_4a2be80:
00000c56 3c         4781 	.data.b	60
00000c57 00         4782 	.data.b	0
00000c58 20         4783 	.data.b	32
00000c59 00000000*  4784 	.data.w	.LDW_4956658
                    4785 
00000c5d 34         4786 	.data.b	52
00000c5e 00000000*  4787 	.data.w	.LDW_4a29980
00000c62 04         4788 	.data.b	4
00000c63 00         4789 	.data.b	0
00000c64 07         4790 	.data.b	7
                    4791 
00000c65 00         4792 	.data.b	0
                    4793 
                    4794 .LDW_4a2bce8:
00000c66 3c         4795 	.data.b	60
00000c67 00         4796 	.data.b	0
00000c68 40         4797 	.data.b	64
00000c69 00000000*  4798 	.data.w	.LDW_4956658
                    4799 
00000c6d 34         4800 	.data.b	52
00000c6e 00000000*  4801 	.data.w	.LDW_4a29980
00000c72 04         4802 	.data.b	4
00000c73 00         4803 	.data.b	0
00000c74 0f         4804 	.data.b	15
                    4805 

                                                                      Page 81
                                                              C:\Windows\TEMP\gh_000098c3.si
00000c75 00         4806 	.data.b	0
                    4807 
                    4808 .LDW_4a2bac8:
00000c76 3c         4809 	.data.b	60
00000c77 00         4810 	.data.b	0
00000c78 40         4811 	.data.b	64
00000c79 00000000*  4812 	.data.w	.LDW_4956a30
                    4813 
00000c7d 34         4814 	.data.b	52
00000c7e 00000000*  4815 	.data.w	.LDW_4a29980
00000c82 04         4816 	.data.b	4
00000c83 00         4817 	.data.b	0
00000c84 3f         4818 	.data.b	63
                    4819 
00000c85 00         4820 	.data.b	0
                    4821 
                    4822 .LDW_4a2b710:
00000c86 3c         4823 	.data.b	60
00000c87 00         4824 	.data.b	0
00000c88 40         4825 	.data.b	64
00000c89 00000000*  4826 	.data.w	.LDW_4956a30
                    4827 
00000c8d 34         4828 	.data.b	52
00000c8e 00000000*  4829 	.data.w	.LDW_4a29980
00000c92 04         4830 	.data.b	4
00000c93 00         4831 	.data.b	0
00000c94 3f         4832 	.data.b	63
                    4833 
00000c95 00         4834 	.data.b	0
                    4835 
                    4836 .LDW_4a2b2d0:
00000c96 3c         4837 	.data.b	60
00000c97 00         4838 	.data.b	0
00000c98 0284       4839 	.data.b	132,2
00000c9a 00000000*  4840 	.data.w	.LDW_4956658
                    4841 
00000c9e 34         4842 	.data.b	52
00000c9f 00000000*  4843 	.data.w	.LDW_4a29980
00000ca3 04         4844 	.data.b	4
00000ca4 00         4845 	.data.b	0
00000ca5 00c0       4846 	.data.b	192,0
                    4847 
00000ca7 00         4848 	.data.b	0
                    4849 
                    4850 .LDW_4a2b798:
00000ca8 3c         4851 	.data.b	60
00000ca9 00         4852 	.data.b	0
00000caa 0284       4853 	.data.b	132,2
00000cac 00000000*  4854 	.data.w	.LDW_4956658
                    4855 
00000cb0 34         4856 	.data.b	52
00000cb1 00000000*  4857 	.data.w	.LDW_4a29980
00000cb5 04         4858 	.data.b	4
00000cb6 00         4859 	.data.b	0
00000cb7 00c0       4860 	.data.b	192,0
                    4861 
00000cb9 00         4862 	.data.b	0
                    4863 
                    4864 .LDW_4a2bd70:
00000cba 3c         4865 	.data.b	60
00000cbb 00         4866 	.data.b	0

                                                                      Page 82
                                                              C:\Windows\TEMP\gh_000098c3.si
00000cbc 0284       4867 	.data.b	132,2
00000cbe 00000000*  4868 	.data.w	.LDW_4956658
                    4869 
00000cc2 34         4870 	.data.b	52
00000cc3 00000000*  4871 	.data.w	.LDW_4a29980
00000cc7 04         4872 	.data.b	4
00000cc8 00         4873 	.data.b	0
00000cc9 00c0       4874 	.data.b	192,0
                    4875 
00000ccb 00         4876 	.data.b	0
                    4877 
                    4878 .LDW_4a2b9b8:
00000ccc 3c         4879 	.data.b	60
00000ccd 00         4880 	.data.b	0
00000cce 0488       4881 	.data.b	136,4
00000cd0 00000000*  4882 	.data.w	.LDW_4956658
                    4883 
00000cd4 34         4884 	.data.b	52
00000cd5 00000000*  4885 	.data.w	.LDW_4a29980
00000cd9 04         4886 	.data.b	4
00000cda 00         4887 	.data.b	0
00000cdb 0181       4888 	.data.b	129,1
                    4889 
00000cdd 00         4890 	.data.b	0
                    4891 
                    4892 .LDW_4a2bf08:
00000cde 3c         4893 	.data.b	60
00000cdf 00         4894 	.data.b	0
00000ce0 04         4895 	.data.b	4
00000ce1 00000000*  4896 	.data.w	.LDW_4956a30
                    4897 
00000ce5 34         4898 	.data.b	52
00000ce6 00000000*  4899 	.data.w	.LDW_4a29980
00000cea 04         4900 	.data.b	4
00000ceb 00         4901 	.data.b	0
00000cec 03         4902 	.data.b	3
                    4903 
00000ced 00         4904 	.data.b	0
                    4905 
                    4906 .LDW_4a2b1c0:
00000cee 3c         4907 	.data.b	60
00000cef 00         4908 	.data.b	0
00000cf0 10         4909 	.data.b	16
00000cf1 00000000*  4910 	.data.w	.LDW_4956a30
                    4911 
00000cf5 34         4912 	.data.b	52
00000cf6 00000000*  4913 	.data.w	.LDW_4a29980
00000cfa 04         4914 	.data.b	4
00000cfb 00         4915 	.data.b	0
00000cfc 0f         4916 	.data.b	15
                    4917 
00000cfd 00         4918 	.data.b	0
                    4919 
                    4920 .LDW_4a2b578:
00000cfe 3c         4921 	.data.b	60
00000cff 00         4922 	.data.b	0
00000d00 20         4923 	.data.b	32
00000d01 00000000*  4924 	.data.w	.LDW_4956a30
                    4925 
00000d05 34         4926 	.data.b	52
00000d06 00000000*  4927 	.data.w	.LDW_4a29980

                                                                      Page 83
                                                              C:\Windows\TEMP\gh_000098c3.si
00000d0a 04         4928 	.data.b	4
00000d0b 00         4929 	.data.b	0
00000d0c 1f         4930 	.data.b	31
                    4931 
00000d0d 00         4932 	.data.b	0
                    4933 
                    4934 .LDW_4956a30:
00000d0e 2a         4935 	.data.b	42
00000d0f 746e6975   4936 	.data.b	117,105,110,116,56,0
00000d13 0038 
00000d15 0188       4937 	.data.b	136,1
00000d17 19         4938 	.data.b	25
00000d18 02         4939 	.data.b	2
00000d19 00000000*  4940 	.data.w	.LDW_3732ba0
                    4941 
                    4942 	.section	.debug_abbrev
00000061 2a         4943 	.data.b	42
00000062 16         4944 	.data.b	22
00000063 00         4945 	.data.b	0
00000064 0803       4946 	.data.b	3,8
00000066 0f3b       4947 	.data.b	59,15
00000068 0f39       4948 	.data.b	57,15
0000006a 0f3a       4949 	.data.b	58,15
0000006c 1049       4950 	.data.b	73,16
0000006e 0000       4951 	.data.b	0,0
                    4952 
                    4953 	.section	.debug_info
                    4954 .LDW_4956658:
00000d1d 2a         4955 	.data.b	42
00000d1e 746e6975   4956 	.data.b	117,105,110,116,51,50,0
00000d22 003233 
00000d25 0192       4957 	.data.b	146,1
00000d27 1f         4958 	.data.b	31
00000d28 02         4959 	.data.b	2
00000d29 00000000*  4960 	.data.w	.LDW_3732a50
                    4961 
                    4962 .LDW_4956928:
00000d2d 2a         4963 	.data.b	42
00000d2e 6c6f6f62   4964 	.data.b	98,111,111,108,101,97,110,0
00000d32 006e6165 
00000d36 0197       4965 	.data.b	151,1
00000d38 1f         4966 	.data.b	31
00000d39 02         4967 	.data.b	2
00000d3a 00000000*  4968 	.data.w	.LDW_3732ba0
                    4969 
                    4970 .LDW_4956748:
00000d3e 2a         4971 	.data.b	42
00000d3f 5f676d48   4972 	.data.b	72,109,103,95,67,97,108,108,98,97,99,107,70,117,110,99,0
00000d43 6c6c6143 
00000d47 6b636162 
00000d4b 636e7546 
00000d4f 00 
00000d50 019b       4973 	.data.b	155,1
00000d52 10         4974 	.data.b	16
00000d53 02         4975 	.data.b	2
00000d54 00000000*  4976 	.data.w	.LDW_3732cf0
                    4977 
                    4978 .LDW_4956980:
00000d58 42         4979 	.data.b	66
00000d59 65417463   4980 	.data.b	99,116,65,101,115,67,116,120,0
00000d5d 78744373 

                                                                      Page 84
                                                              C:\Windows\TEMP\gh_000098c3.si
00000d61 00 
00000d62 01a7       4981 	.data.b	167,1
00000d64 10         4982 	.data.b	16
00000d65 02         4983 	.data.b	2
00000d66 0284       4984 	.data.b	132,2
00000d68 01         4985 	.data.b	1
                    4986 
                    4987 	.section	.debug_abbrev
00000070 42         4988 	.data.b	66
00000071 13         4989 	.data.b	19
00000072 01         4990 	.data.b	1
00000073 0803       4991 	.data.b	3,8
00000075 0f3b       4992 	.data.b	59,15
00000077 0f39       4993 	.data.b	57,15
00000079 0f3a       4994 	.data.b	58,15
0000007b 0f0b       4995 	.data.b	11,15
0000007d 0b32       4996 	.data.b	50,11
0000007f 0000       4997 	.data.b	0,0
                    4998 
                    4999 	.section	.debug_info
                    5000 .LDW_4a2a560:
00000d69 25         5001 	.data.b	37
00000d6a 6e756f72   5002 	.data.b	114,111,117,110,100,0
00000d6e 0064 
00000d70 01a9       5003 	.data.b	169,1
00000d72 08         5004 	.data.b	8
00000d73 02         5005 	.data.b	2
00000d74 00000000*  5006 	.data.w	.LDW_4956a30
00000d78 2302       5007 	.data.b	2,35
00000d7a 00         5008 	.data.b	0
00000d7b 01         5009 	.data.b	1
                    5010 
                    5011 	.section	.debug_abbrev
00000081 25         5012 	.data.b	37
00000082 0d         5013 	.data.b	13
00000083 00         5014 	.data.b	0
00000084 0803       5015 	.data.b	3,8
00000086 0f3b       5016 	.data.b	59,15
00000088 0f39       5017 	.data.b	57,15
0000008a 0f3a       5018 	.data.b	58,15
0000008c 1049       5019 	.data.b	73,16
0000008e 0a38       5020 	.data.b	56,10
00000090 0b32       5021 	.data.b	50,11
00000092 0000       5022 	.data.b	0,0
                    5023 
                    5024 	.section	.debug_info
                    5025 .LDW_4a2a3b0:
00000d7c 25         5026 	.data.b	37
00000d7d 6f6d706f   5027 	.data.b	111,112,109,111,100,101,0
00000d81 006564 
00000d84 01aa       5028 	.data.b	170,1
00000d86 08         5029 	.data.b	8
00000d87 02         5030 	.data.b	2
00000d88 00000000*  5031 	.data.w	.LDW_4956a30
00000d8c 2302       5032 	.data.b	2,35
00000d8e 01         5033 	.data.b	1
00000d8f 01         5034 	.data.b	1
                    5035 
                    5036 .LDW_4a2a248:
00000d90 25         5037 	.data.b	37
00000d91 6d6d7564   5038 	.data.b	100,117,109,109,121,49,0

                                                                      Page 85
                                                              C:\Windows\TEMP\gh_000098c3.si
00000d95 003179 
00000d98 01ab       5039 	.data.b	171,1
00000d9a 08         5040 	.data.b	8
00000d9b 02         5041 	.data.b	2
00000d9c 00000000*  5042 	.data.w	.LDW_4956a30
00000da0 2302       5043 	.data.b	2,35
00000da2 02         5044 	.data.b	2
00000da3 01         5045 	.data.b	1
                    5046 
                    5047 .LDW_4a2a878:
00000da4 25         5048 	.data.b	37
00000da5 6d6d7564   5049 	.data.b	100,117,109,109,121,50,0
00000da9 003279 
00000dac 01ac       5050 	.data.b	172,1
00000dae 08         5051 	.data.b	8
00000daf 02         5052 	.data.b	2
00000db0 00000000*  5053 	.data.w	.LDW_4956a30
00000db4 2302       5054 	.data.b	2,35
00000db6 03         5055 	.data.b	3
00000db7 01         5056 	.data.b	1
                    5057 
                    5058 .LDW_4a2a3f8:
00000db8 25         5059 	.data.b	37
00000db9 6863736b   5060 	.data.b	107,115,99,104,0
00000dbd 00 
00000dbe 01ad       5061 	.data.b	173,1
00000dc0 08         5062 	.data.b	8
00000dc1 02         5063 	.data.b	2
00000dc2 00000000*  5064 	.data.w	.LDW_4a2aa28
00000dc6 2302       5065 	.data.b	2,35
00000dc8 04         5066 	.data.b	4
00000dc9 01         5067 	.data.b	1
                    5068 
00000dca 00         5069 	.data.b	0
                    5070 
                    5071 .LDW_49569d8:
00000dcb 2a         5072 	.data.b	42
00000dcc 41676d48   5073 	.data.b	72,109,103,65,101,115,107,101,121,67,116,120,0
00000dd0 656b7365 
00000dd4 78744379 
00000dd8 00 
00000dd9 01ae       5074 	.data.b	174,1
00000ddb 03         5075 	.data.b	3
00000ddc 02         5076 	.data.b	2
00000ddd 00000000*  5077 	.data.w	.LDW_4956980
                    5078 
                    5079 .LDW_49cb490:
00000de1 42         5080 	.data.b	66
00000de2 65417463   5081 	.data.b	99,116,65,101,115,67,109,97,99,67,116,120,0
00000de6 616d4373 
00000dea 78744363 
00000dee 00 
00000def 01bd       5082 	.data.b	189,1
00000df1 10         5083 	.data.b	16
00000df2 02         5084 	.data.b	2
00000df3 02ac       5085 	.data.b	172,2
00000df5 01         5086 	.data.b	1
                    5087 
                    5088 .LDW_4a2a7e8:
00000df6 25         5089 	.data.b	37
00000df7 43736561   5090 	.data.b	97,101,115,67,116,120,0

                                                                      Page 86
                                                              C:\Windows\TEMP\gh_000098c3.si
00000dfb 007874 
00000dfe 01be       5091 	.data.b	190,1
00000e00 0f         5092 	.data.b	15
00000e01 02         5093 	.data.b	2
00000e02 00000000*  5094 	.data.w	.LDW_49569d8
00000e06 2302       5095 	.data.b	2,35
00000e08 00         5096 	.data.b	0
00000e09 01         5097 	.data.b	1
                    5098 
                    5099 .LDW_4a2a8c0:
00000e0a 25         5100 	.data.b	37
00000e0b 4463616d   5101 	.data.b	109,97,99,68,97,116,97,0
00000e0f 00617461 
00000e13 01bf       5102 	.data.b	191,1
00000e15 08         5103 	.data.b	8
00000e16 02         5104 	.data.b	2
00000e17 00000000*  5105 	.data.w	.LDW_4a2aab0
00000e1b 2303       5106 	.data.b	3,35
00000e1d 0284       5107 	.data.b	132,2
00000e1f 01         5108 	.data.b	1
                    5109 
                    5110 .LDW_4a2a290:
00000e20 25         5111 	.data.b	37
00000e21 636f6c62   5112 	.data.b	98,108,111,99,107,0
00000e25 006b 
00000e27 01c0       5113 	.data.b	192,1
00000e29 08         5114 	.data.b	8
00000e2a 02         5115 	.data.b	2
00000e2b 00000000*  5116 	.data.w	.LDW_4a2ab38
00000e2f 2303       5117 	.data.b	3,35
00000e31 0294       5118 	.data.b	148,2
00000e33 01         5119 	.data.b	1
                    5120 
                    5121 .LDW_4a2a488:
00000e34 25         5122 	.data.b	37
00000e35 636f6c62   5123 	.data.b	98,108,111,99,107,76,101,110,0
00000e39 6e654c6b 
00000e3d 00 
00000e3e 01c1       5124 	.data.b	193,1
00000e40 09         5125 	.data.b	9
00000e41 02         5126 	.data.b	2
00000e42 00000000*  5127 	.data.w	.LDW_4956658
00000e46 2303       5128 	.data.b	3,35
00000e48 02a4       5129 	.data.b	164,2
00000e4a 01         5130 	.data.b	1
                    5131 
                    5132 .LDW_4a2a908:
00000e4b 25         5133 	.data.b	37
00000e4c 61746f74   5134 	.data.b	116,111,116,97,108,76,101,110,0
00000e50 6e654c6c 
00000e54 00 
00000e55 01c2       5135 	.data.b	194,1
00000e57 09         5136 	.data.b	9
00000e58 02         5137 	.data.b	2
00000e59 00000000*  5138 	.data.w	.LDW_4956658
00000e5d 2303       5139 	.data.b	3,35
00000e5f 02a8       5140 	.data.b	168,2
00000e61 01         5141 	.data.b	1
                    5142 
00000e62 00         5143 	.data.b	0
                    5144 

                                                                      Page 87
                                                              C:\Windows\TEMP\gh_000098c3.si
                    5145 .LDW_49cb330:
00000e63 2a         5146 	.data.b	42
00000e64 41676d48   5147 	.data.b	72,109,103,65,101,115,67,109,97,99,67,116,120,0
00000e68 6d437365 
00000e6c 74436361 
00000e70 0078 
00000e72 01c3       5148 	.data.b	195,1
00000e74 03         5149 	.data.b	3
00000e75 02         5150 	.data.b	2
00000e76 00000000*  5151 	.data.w	.LDW_49cb490
                    5152 
                    5153 .LDW_49ca2e0:
00000e7a 42         5154 	.data.b	66
00000e7b 6d487473   5155 	.data.b	115,116,72,109,103,65,101,115,67,116,114,67,116,120,0
00000e7f 73654167 
00000e83 43727443 
00000e87 007874 
00000e8a 01c4       5156 	.data.b	196,1
00000e8c 10         5157 	.data.b	16
00000e8d 02         5158 	.data.b	2
00000e8e 02ac       5159 	.data.b	172,2
00000e90 01         5160 	.data.b	1
                    5161 
                    5162 .LDW_4a2a998:
00000e91 25         5163 	.data.b	37
00000e92 6b736561   5164 	.data.b	97,101,115,107,101,121,0
00000e96 007965 
00000e99 01c6       5165 	.data.b	198,1
00000e9b 0f         5166 	.data.b	15
00000e9c 02         5167 	.data.b	2
00000e9d 00000000*  5168 	.data.w	.LDW_49569d8
00000ea1 2302       5169 	.data.b	2,35
00000ea3 00         5170 	.data.b	0
00000ea4 01         5171 	.data.b	1
                    5172 
                    5173 .LDW_4a2a4d0:
00000ea5 25         5174 	.data.b	37
00000ea6 007669     5175 	.data.b	105,118,0
00000ea9 01c7       5176 	.data.b	199,1
00000eab 08         5177 	.data.b	8
00000eac 02         5178 	.data.b	2
00000ead 00000000*  5179 	.data.w	.LDW_4a2abc0
00000eb1 2303       5180 	.data.b	3,35
00000eb3 0284       5181 	.data.b	132,2
00000eb5 01         5182 	.data.b	1
                    5183 
                    5184 .LDW_4a2a2d8:
00000eb6 25         5185 	.data.b	37
00000eb7 636f6c62   5186 	.data.b	98,108,111,99,107,0
00000ebb 006b 
00000ebd 01c8       5187 	.data.b	200,1
00000ebf 08         5188 	.data.b	8
00000ec0 02         5189 	.data.b	2
00000ec1 00000000*  5190 	.data.w	.LDW_4a2ac48
00000ec5 2303       5191 	.data.b	3,35
00000ec7 0294       5192 	.data.b	148,2
00000ec9 01         5193 	.data.b	1
                    5194 
                    5195 .LDW_4a2a710:
00000eca 25         5196 	.data.b	37
00000ecb 636f6c62   5197 	.data.b	98,108,111,99,107,76,101,110,0

                                                                      Page 88
                                                              C:\Windows\TEMP\gh_000098c3.si
00000ecf 6e654c6b 
00000ed3 00 
00000ed4 01c9       5198 	.data.b	201,1
00000ed6 09         5199 	.data.b	9
00000ed7 02         5200 	.data.b	2
00000ed8 00000000*  5201 	.data.w	.LDW_4956658
00000edc 2303       5202 	.data.b	3,35
00000ede 02a4       5203 	.data.b	164,2
00000ee0 01         5204 	.data.b	1
                    5205 
                    5206 .LDW_4a2a830:
00000ee1 25         5207 	.data.b	37
00000ee2 61746f74   5208 	.data.b	116,111,116,97,108,76,101,110,0
00000ee6 6e654c6c 
00000eea 00 
00000eeb 01ca       5209 	.data.b	202,1
00000eed 09         5210 	.data.b	9
00000eee 02         5211 	.data.b	2
00000eef 00000000*  5212 	.data.w	.LDW_4956658
00000ef3 2303       5213 	.data.b	3,35
00000ef5 02a8       5214 	.data.b	168,2
00000ef7 01         5215 	.data.b	1
                    5216 
00000ef8 00         5217 	.data.b	0
                    5218 
                    5219 .LDW_49ca440:
00000ef9 2a         5220 	.data.b	42
00000efa 41676d48   5221 	.data.b	72,109,103,65,101,115,67,116,114,67,116,120,0
00000efe 74437365 
00000f02 78744372 
00000f06 00 
00000f07 01cb       5222 	.data.b	203,1
00000f09 03         5223 	.data.b	3
00000f0a 02         5224 	.data.b	2
00000f0b 00000000*  5225 	.data.w	.LDW_49ca2e0
                    5226 
                    5227 .LDW_49cbee0:
00000f0f 42         5228 	.data.b	66
00000f10 63457463   5229 	.data.b	99,116,69,99,80,117,98,108,105,99,107,101,121,0
00000f14 6c627550 
00000f18 656b6369 
00000f1c 0079 
00000f1e 01d3       5230 	.data.b	211,1
00000f20 10         5231 	.data.b	16
00000f21 02         5232 	.data.b	2
00000f22 08         5233 	.data.b	8
00000f23 01         5234 	.data.b	1
                    5235 
                    5236 .LDW_4a2a638:
00000f24 25         5237 	.data.b	37
00000f25 0078       5238 	.data.b	120,0
00000f27 01d4       5239 	.data.b	212,1
00000f29 09         5240 	.data.b	9
00000f2a 02         5241 	.data.b	2
00000f2b 00000000*  5242 	.data.w	.LDW_3732d60
00000f2f 2302       5243 	.data.b	2,35
00000f31 00         5244 	.data.b	0
00000f32 01         5245 	.data.b	1
                    5246 
                    5247 .LDW_4a2a6c8:
00000f33 25         5248 	.data.b	37

                                                                      Page 89
                                                              C:\Windows\TEMP\gh_000098c3.si
00000f34 0079       5249 	.data.b	121,0
00000f36 01d5       5250 	.data.b	213,1
00000f38 09         5251 	.data.b	9
00000f39 02         5252 	.data.b	2
00000f3a 00000000*  5253 	.data.w	.LDW_3732d60
00000f3e 2302       5254 	.data.b	2,35
00000f40 04         5255 	.data.b	4
00000f41 01         5256 	.data.b	1
                    5257 
00000f42 00         5258 	.data.b	0
                    5259 
                    5260 .LDW_49cbfe8:
00000f43 2a         5261 	.data.b	42
00000f44 45676d48   5262 	.data.b	72,109,103,69,99,80,117,98,108,105,99,107,101,121,0
00000f48 62755063 
00000f4c 6b63696c 
00000f50 007965 
00000f53 01d6       5263 	.data.b	214,1
00000f55 03         5264 	.data.b	3
00000f56 02         5265 	.data.b	2
00000f57 00000000*  5266 	.data.w	.LDW_49cbee0
                    5267 
                    5268 .LDW_49d2a58:
00000f5b 42         5269 	.data.b	66
00000f5c 63457463   5270 	.data.b	99,116,69,99,100,115,97,83,105,103,110,0
00000f60 53617364 
00000f64 006e6769 
00000f68 01d7       5271 	.data.b	215,1
00000f6a 10         5272 	.data.b	16
00000f6b 02         5273 	.data.b	2
00000f6c 08         5274 	.data.b	8
00000f6d 01         5275 	.data.b	1
                    5276 
                    5277 .LDW_4952768:
00000f6e 25         5278 	.data.b	37
00000f6f 0072       5279 	.data.b	114,0
00000f71 01d8       5280 	.data.b	216,1
00000f73 0a         5281 	.data.b	10
00000f74 02         5282 	.data.b	2
00000f75 00000000*  5283 	.data.w	.LDW_3732d60
00000f79 2302       5284 	.data.b	2,35
00000f7b 00         5285 	.data.b	0
00000f7c 01         5286 	.data.b	1
                    5287 
                    5288 .LDW_49522e8:
00000f7d 25         5289 	.data.b	37
00000f7e 0073       5290 	.data.b	115,0
00000f80 01d9       5291 	.data.b	217,1
00000f82 0a         5292 	.data.b	10
00000f83 02         5293 	.data.b	2
00000f84 00000000*  5294 	.data.w	.LDW_3732d60
00000f88 2302       5295 	.data.b	2,35
00000f8a 04         5296 	.data.b	4
00000f8b 01         5297 	.data.b	1
                    5298 
00000f8c 00         5299 	.data.b	0
                    5300 
                    5301 .LDW_49d2848:
00000f8d 2a         5302 	.data.b	42
00000f8e 45676d48   5303 	.data.b	72,109,103,69,99,100,115,97,83,105,103,110,0
00000f92 61736463 

                                                                      Page 90
                                                              C:\Windows\TEMP\gh_000098c3.si
00000f96 6e676953 
00000f9a 00 
00000f9b 01da       5304 	.data.b	218,1
00000f9d 03         5305 	.data.b	3
00000f9e 02         5306 	.data.b	2
00000f9f 00000000*  5307 	.data.w	.LDW_49d2a58
                    5308 
                    5309 .LDW_4a261a8:
00000fa3 42         5310 	.data.b	66
00000fa4 63457463   5311 	.data.b	99,116,69,99,80,111,105,110,116,0
00000fa8 6e696f50 
00000fac 0074 
00000fae 01db       5312 	.data.b	219,1
00000fb0 10         5313 	.data.b	16
00000fb1 02         5314 	.data.b	2
00000fb2 6c         5315 	.data.b	108
00000fb3 01         5316 	.data.b	1
                    5317 
                    5318 .LDW_49528d0:
00000fb4 25         5319 	.data.b	37
00000fb5 0078       5320 	.data.b	120,0
00000fb7 01dc       5321 	.data.b	220,1
00000fb9 09         5322 	.data.b	9
00000fba 02         5323 	.data.b	2
00000fbb 00000000*  5324 	.data.w	.LDW_4a2acd0
00000fbf 2302       5325 	.data.b	2,35
00000fc1 00         5326 	.data.b	0
00000fc2 01         5327 	.data.b	1
                    5328 
                    5329 .LDW_49524e0:
00000fc3 25         5330 	.data.b	37
00000fc4 0079       5331 	.data.b	121,0
00000fc6 01dd       5332 	.data.b	221,1
00000fc8 09         5333 	.data.b	9
00000fc9 02         5334 	.data.b	2
00000fca 00000000*  5335 	.data.w	.LDW_4a2ad58
00000fce 2302       5336 	.data.b	2,35
00000fd0 24         5337 	.data.b	36
00000fd1 01         5338 	.data.b	1
                    5339 
                    5340 .LDW_49527f8:
00000fd2 25         5341 	.data.b	37
00000fd3 007a       5342 	.data.b	122,0
00000fd5 01de       5343 	.data.b	222,1
00000fd7 09         5344 	.data.b	9
00000fd8 02         5345 	.data.b	2
00000fd9 00000000*  5346 	.data.w	.LDW_4a2ade0
00000fdd 2302       5347 	.data.b	2,35
00000fdf 48         5348 	.data.b	72
00000fe0 01         5349 	.data.b	1
                    5350 
00000fe1 00         5351 	.data.b	0
                    5352 
                    5353 .LDW_4a260f8:
00000fe2 2a         5354 	.data.b	42
00000fe3 45676d48   5355 	.data.b	72,109,103,69,99,80,111,105,110,116,0
00000fe7 696f5063 
00000feb 00746e 
00000fee 01df       5356 	.data.b	223,1
00000ff0 03         5357 	.data.b	3
00000ff1 02         5358 	.data.b	2

                                                                      Page 91
                                                              C:\Windows\TEMP\gh_000098c3.si
00000ff2 00000000*  5359 	.data.w	.LDW_4a261a8
                    5360 
                    5361 .LDW_49cbdd8:
00000ff6 42         5362 	.data.b	66
00000ff7 63457463   5363 	.data.b	99,116,69,99,99,83,108,105,99,101,67,116,120,0
00000ffb 696c5363 
00000fff 74436563 
00001003 0078 
00001005 01e0       5364 	.data.b	224,1
00001007 10         5365 	.data.b	16
00001008 02         5366 	.data.b	2
00001009 03b4       5367 	.data.b	180,3
0000100b 01         5368 	.data.b	1
                    5369 
                    5370 .LDW_4952210:
0000100c 25         5371 	.data.b	37
0000100d 66667562   5372 	.data.b	98,117,102,102,95,99,49,0
00001011 0031635f 
00001015 01e1       5373 	.data.b	225,1
00001017 0a         5374 	.data.b	10
00001018 02         5375 	.data.b	2
00001019 00000000*  5376 	.data.w	.LDW_4a2ae68
0000101d 2302       5377 	.data.b	2,35
0000101f 00         5378 	.data.b	0
00001020 01         5379 	.data.b	1
                    5380 
                    5381 .LDW_4952258:
00001021 25         5382 	.data.b	37
00001022 66667562   5383 	.data.b	98,117,102,102,95,99,50,0
00001026 0032635f 
0000102a 01e2       5384 	.data.b	226,1
0000102c 0a         5385 	.data.b	10
0000102d 02         5386 	.data.b	2
0000102e 00000000*  5387 	.data.w	.LDW_4a2aef0
00001032 2302       5388 	.data.b	2,35
00001034 24         5389 	.data.b	36
00001035 01         5390 	.data.b	1
                    5391 
                    5392 .LDW_4952648:
00001036 25         5393 	.data.b	37
00001037 66667562   5394 	.data.b	98,117,102,102,95,99,51,0
0000103b 0033635f 
0000103f 01e3       5395 	.data.b	227,1
00001041 0a         5396 	.data.b	10
00001042 02         5397 	.data.b	2
00001043 00000000*  5398 	.data.w	.LDW_4a2af78
00001047 2302       5399 	.data.b	2,35
00001049 48         5400 	.data.b	72
0000104a 01         5401 	.data.b	1
                    5402 
                    5403 .LDW_4952570:
0000104b 25         5404 	.data.b	37
0000104c 66667562   5405 	.data.b	98,117,102,102,95,100,115,116,0
00001050 7473645f 
00001054 00 
00001055 01e4       5406 	.data.b	228,1
00001057 0d         5407 	.data.b	13
00001058 02         5408 	.data.b	2
00001059 00000000*  5409 	.data.w	.LDW_4a260f8
0000105d 2302       5410 	.data.b	2,35
0000105f 6c         5411 	.data.b	108

                                                                      Page 92
                                                              C:\Windows\TEMP\gh_000098c3.si
00001060 01         5412 	.data.b	1
                    5413 
                    5414 .LDW_49521c8:
00001061 25         5415 	.data.b	37
00001062 66667562   5416 	.data.b	98,117,102,102,95,115,114,99,0
00001066 6372735f 
0000106a 00 
0000106b 01e5       5417 	.data.b	229,1
0000106d 0d         5418 	.data.b	13
0000106e 02         5419 	.data.b	2
0000106f 00000000*  5420 	.data.w	.LDW_4a260f8
00001073 2303       5421 	.data.b	3,35
00001075 01d8       5422 	.data.b	216,1
00001077 01         5423 	.data.b	1
                    5424 
                    5425 .LDW_4952498:
00001078 25         5426 	.data.b	37
00001079 66667562   5427 	.data.b	98,117,102,102,95,116,109,112,0
0000107d 706d745f 
00001081 00 
00001082 01e6       5428 	.data.b	230,1
00001084 0d         5429 	.data.b	13
00001085 02         5430 	.data.b	2
00001086 00000000*  5431 	.data.w	.LDW_4a260f8
0000108a 2303       5432 	.data.b	3,35
0000108c 02c4       5433 	.data.b	196,2
0000108e 01         5434 	.data.b	1
                    5435 
                    5436 .LDW_49525b8:
0000108f 25         5437 	.data.b	37
00001090 6e756f63   5438 	.data.b	99,111,117,110,116,101,114,0
00001094 00726574 
00001098 01e7       5439 	.data.b	231,1
0000109a 09         5440 	.data.b	9
0000109b 02         5441 	.data.b	2
0000109c 00000000*  5442 	.data.w	.LDW_4956658
000010a0 2303       5443 	.data.b	3,35
000010a2 03b0       5444 	.data.b	176,3
000010a4 01         5445 	.data.b	1
                    5446 
000010a5 00         5447 	.data.b	0
                    5448 
                    5449 .LDW_49cc098:
000010a6 2a         5450 	.data.b	42
000010a7 45676d48   5451 	.data.b	72,109,103,69,99,99,83,108,105,99,101,67,116,120,0
000010ab 6c536363 
000010af 43656369 
000010b3 007874 
000010b6 01e8       5452 	.data.b	232,1
000010b8 03         5453 	.data.b	3
000010b9 02         5454 	.data.b	2
000010ba 00000000*  5455 	.data.w	.LDW_49cbdd8
                    5456 
                    5457 .LDW_49d3088:
000010be 43         5458 	.data.b	67
000010bf 01eb       5459 	.data.b	235,1
000010c1 10         5460 	.data.b	16
000010c2 02         5461 	.data.b	2
000010c3 38         5462 	.data.b	56
000010c4 01         5463 	.data.b	1
                    5464 

                                                                      Page 93
                                                              C:\Windows\TEMP\gh_000098c3.si
                    5465 	.section	.debug_abbrev
00000094 43         5466 	.data.b	67
00000095 13         5467 	.data.b	19
00000096 01         5468 	.data.b	1
00000097 0f3b       5469 	.data.b	59,15
00000099 0f39       5470 	.data.b	57,15
0000009b 0f3a       5471 	.data.b	58,15
0000009d 0f0b       5472 	.data.b	11,15
0000009f 0b32       5473 	.data.b	50,11
000000a1 0000       5474 	.data.b	0,0
                    5475 
                    5476 	.section	.debug_info
                    5477 .LDW_4952138:
000010c5 25         5478 	.data.b	37
000010c6 4b627570   5479 	.data.b	112,117,98,75,101,121,0
000010ca 007965 
000010cd 01ec       5480 	.data.b	236,1
000010cf 18         5481 	.data.b	24
000010d0 02         5482 	.data.b	2
000010d1 00000000*  5483 	.data.w	.LDW_49ccf50
000010d5 2302       5484 	.data.b	2,35
000010d7 00         5485 	.data.b	0
000010d8 01         5486 	.data.b	1
                    5487 
                    5488 .LDW_4952600:
000010d9 25         5489 	.data.b	37
000010da 4d636e65   5490 	.data.b	101,110,99,77,115,103,76,101,110,0
000010de 654c6773 
000010e2 006e 
000010e4 01ed       5491 	.data.b	237,1
000010e6 09         5492 	.data.b	9
000010e7 02         5493 	.data.b	2
000010e8 00000000*  5494 	.data.w	.LDW_4956658
000010ec 2302       5495 	.data.b	2,35
000010ee 04         5496 	.data.b	4
000010ef 01         5497 	.data.b	1
                    5498 
                    5499 .LDW_49520a8:
000010f0 25         5500 	.data.b	37
000010f1 4d636e65   5501 	.data.b	101,110,99,77,115,103,0
000010f5 006773 
000010f8 01ee       5502 	.data.b	238,1
000010fa 08         5503 	.data.b	8
000010fb 02         5504 	.data.b	2
000010fc 00000000*  5505 	.data.w	.LDW_4a2b000
00001100 2302       5506 	.data.b	2,35
00001102 08         5507 	.data.b	8
00001103 01         5508 	.data.b	1
                    5509 
                    5510 .LDW_4952840:
00001104 25         5511 	.data.b	37
00001105 5463616d   5512 	.data.b	109,97,99,84,97,103,0
00001109 006761 
0000110c 01ef       5513 	.data.b	239,1
0000110e 08         5514 	.data.b	8
0000110f 02         5515 	.data.b	2
00001110 00000000*  5516 	.data.w	.LDW_4a2b138
00001114 2302       5517 	.data.b	2,35
00001116 28         5518 	.data.b	40
00001117 01         5519 	.data.b	1
                    5520 

                                                                      Page 94
                                                              C:\Windows\TEMP\gh_000098c3.si
00001118 00         5521 	.data.b	0
                    5522 
                    5523 .LDW_49d30e0:
00001119 2a         5524 	.data.b	42
0000111a 45676d48   5525 	.data.b	72,109,103,69,99,105,101,115,95,115,80,68,85,0
0000111e 73656963 
00001122 4450735f 
00001126 0055 
00001128 01f0       5526 	.data.b	240,1
0000112a 03         5527 	.data.b	3
0000112b 02         5528 	.data.b	2
0000112c 00000000*  5529 	.data.w	.LDW_49d3088
                    5530 
                    5531 .LDW_4a25808:
00001130 42         5532 	.data.b	66
00001131 68537463   5533 	.data.b	99,116,83,104,97,49,54,48,67,116,120,0
00001135 30363161 
00001139 00787443 
0000113d 01f4       5534 	.data.b	244,1
0000113f 10         5535 	.data.b	16
00001140 02         5536 	.data.b	2
00001141 5c         5537 	.data.b	92
00001142 01         5538 	.data.b	1
                    5539 
                    5540 .LDW_4952528:
00001143 25         5541 	.data.b	37
00001144 68736168   5542 	.data.b	104,97,115,104,0
00001148 00 
00001149 01f5       5543 	.data.b	245,1
0000114b 09         5544 	.data.b	9
0000114c 02         5545 	.data.b	2
0000114d 00000000*  5546 	.data.w	.LDW_4a2b0b0
00001151 2302       5547 	.data.b	2,35
00001153 00         5548 	.data.b	0
00001154 01         5549 	.data.b	1
                    5550 
                    5551 .LDW_4952060:
00001155 25         5552 	.data.b	37
00001156 636f6c62   5553 	.data.b	98,108,111,99,107,0
0000115a 006b 
0000115c 01f6       5554 	.data.b	246,1
0000115e 09         5555 	.data.b	9
0000115f 02         5556 	.data.b	2
00001160 00000000*  5557 	.data.w	.LDW_4a2bc60
00001164 2302       5558 	.data.b	2,35
00001166 14         5559 	.data.b	20
00001167 01         5560 	.data.b	1
                    5561 
                    5562 .LDW_4952720:
00001168 25         5563 	.data.b	37
00001169 636f6c62   5564 	.data.b	98,108,111,99,107,76,101,110,0
0000116d 6e654c6b 
00001171 00 
00001172 01f7       5565 	.data.b	247,1
00001174 09         5566 	.data.b	9
00001175 02         5567 	.data.b	2
00001176 00000000*  5568 	.data.w	.LDW_4956658
0000117a 2302       5569 	.data.b	2,35
0000117c 54         5570 	.data.b	84
0000117d 01         5571 	.data.b	1
                    5572 

                                                                      Page 95
                                                              C:\Windows\TEMP\gh_000098c3.si
                    5573 .LDW_49522a0:
0000117e 25         5574 	.data.b	37
0000117f 61746164   5575 	.data.b	100,97,116,97,76,101,110,76,111,119,0
00001183 4c6e654c 
00001187 00776f 
0000118a 01f8       5576 	.data.b	248,1
0000118c 09         5577 	.data.b	9
0000118d 02         5578 	.data.b	2
0000118e 00000000*  5579 	.data.w	.LDW_4956658
00001192 2302       5580 	.data.b	2,35
00001194 58         5581 	.data.b	88
00001195 01         5582 	.data.b	1
                    5583 
00001196 00         5584 	.data.b	0
                    5585 
                    5586 .LDW_4a25390:
00001197 2a         5587 	.data.b	42
00001198 53676d48   5588 	.data.b	72,109,103,83,104,97,49,54,48,67,116,120,0
0000119c 36316168 
000011a0 78744330 
000011a4 00 
000011a5 01f9       5589 	.data.b	249,1
000011a7 03         5590 	.data.b	3
000011a8 02         5591 	.data.b	2
000011a9 00000000*  5592 	.data.w	.LDW_4a25808
                    5593 
                    5594 .LDW_4a25bd0:
000011ad 42         5595 	.data.b	66
000011ae 68537463   5596 	.data.b	99,116,83,104,97,50,53,54,67,116,120,0
000011b2 36353261 
000011b6 00787443 
000011ba 01fd       5597 	.data.b	253,1
000011bc 10         5598 	.data.b	16
000011bd 02         5599 	.data.b	2
000011be 68         5600 	.data.b	104
000011bf 01         5601 	.data.b	1
                    5602 
                    5603 .LDW_49526d8:
000011c0 25         5604 	.data.b	37
000011c1 68736168   5605 	.data.b	104,97,115,104,0
000011c5 00 
000011c6 01fe       5606 	.data.b	254,1
000011c8 09         5607 	.data.b	9
000011c9 02         5608 	.data.b	2
000011ca 00000000*  5609 	.data.w	.LDW_4a2be80
000011ce 2302       5610 	.data.b	2,35
000011d0 00         5611 	.data.b	0
000011d1 01         5612 	.data.b	1
                    5613 
                    5614 .LDW_4952330:
000011d2 25         5615 	.data.b	37
000011d3 636f6c62   5616 	.data.b	98,108,111,99,107,0
000011d7 006b 
000011d9 01ff       5617 	.data.b	255,1
000011db 09         5618 	.data.b	9
000011dc 02         5619 	.data.b	2
000011dd 00000000*  5620 	.data.w	.LDW_4a2bce8
000011e1 2302       5621 	.data.b	2,35
000011e3 20         5622 	.data.b	32
000011e4 01         5623 	.data.b	1
                    5624 

                                                                      Page 96
                                                              C:\Windows\TEMP\gh_000098c3.si
                    5625 .LDW_4952690:
000011e5 25         5626 	.data.b	37
000011e6 636f6c62   5627 	.data.b	98,108,111,99,107,76,101,110,0
000011ea 6e654c6b 
000011ee 00 
000011ef 0280       5628 	.data.b	128,2
000011f1 09         5629 	.data.b	9
000011f2 02         5630 	.data.b	2
000011f3 00000000*  5631 	.data.w	.LDW_4956658
000011f7 2302       5632 	.data.b	2,35
000011f9 60         5633 	.data.b	96
000011fa 01         5634 	.data.b	1
                    5635 
                    5636 .LDW_49527b0:
000011fb 25         5637 	.data.b	37
000011fc 61746164   5638 	.data.b	100,97,116,97,76,101,110,76,111,119,0
00001200 4c6e654c 
00001204 00776f 
00001207 0281       5639 	.data.b	129,2
00001209 09         5640 	.data.b	9
0000120a 02         5641 	.data.b	2
0000120b 00000000*  5642 	.data.w	.LDW_4956658
0000120f 2302       5643 	.data.b	2,35
00001211 64         5644 	.data.b	100
00001212 01         5645 	.data.b	1
                    5646 
00001213 00         5647 	.data.b	0
                    5648 
                    5649 .LDW_4a25c28:
00001214 2a         5650 	.data.b	42
00001215 53676d48   5651 	.data.b	72,109,103,83,104,97,50,53,54,67,116,120,0
00001219 35326168 
0000121d 78744336 
00001221 00 
00001222 0283       5652 	.data.b	131,2
00001224 03         5653 	.data.b	3
00001225 02         5654 	.data.b	2
00001226 00000000*  5655 	.data.w	.LDW_4a25bd0
                    5656 
                    5657 .LDW_49cb598:
0000122a 42         5658 	.data.b	66
0000122b 65417463   5659 	.data.b	99,116,65,101,115,71,99,109,67,116,120,0
0000122f 6d634773 
00001233 00787443 
00001237 0286       5660 	.data.b	134,2
00001239 10         5661 	.data.b	16
0000123a 02         5662 	.data.b	2
0000123b 20         5663 	.data.b	32
0000123c 01         5664 	.data.b	1
                    5665 
                    5666 .LDW_4952888:
0000123d 25         5667 	.data.b	37
0000123e 0079656b   5668 	.data.b	107,101,121,0
00001242 0287       5669 	.data.b	135,2
00001244 09         5670 	.data.b	9
00001245 02         5671 	.data.b	2
00001246 00000000*  5672 	.data.w	.LDW_3732d60
0000124a 2302       5673 	.data.b	2,35
0000124c 00         5674 	.data.b	0
0000124d 01         5675 	.data.b	1
                    5676 

                                                                      Page 97
                                                              C:\Windows\TEMP\gh_000098c3.si
                    5677 .LDW_4952378:
0000124e 25         5678 	.data.b	37
0000124f 4c79656b   5679 	.data.b	107,101,121,76,101,110,0
00001253 006e65 
00001256 0288       5680 	.data.b	136,2
00001258 08         5681 	.data.b	8
00001259 02         5682 	.data.b	2
0000125a 00000000*  5683 	.data.w	.LDW_4956a30
0000125e 2302       5684 	.data.b	2,35
00001260 04         5685 	.data.b	4
00001261 01         5686 	.data.b	1
                    5687 
                    5688 .LDW_49523c0:
00001262 25         5689 	.data.b	37
00001263 007669     5690 	.data.b	105,118,0
00001266 0289       5691 	.data.b	137,2
00001268 09         5692 	.data.b	9
00001269 02         5693 	.data.b	2
0000126a 00000000*  5694 	.data.w	.LDW_3732d60
0000126e 2302       5695 	.data.b	2,35
00001270 08         5696 	.data.b	8
00001271 01         5697 	.data.b	1
                    5698 
                    5699 .LDW_4952018:
00001272 25         5700 	.data.b	37
00001273 654c7669   5701 	.data.b	105,118,76,101,110,0
00001277 006e 
00001279 028a       5702 	.data.b	138,2
0000127b 09         5703 	.data.b	9
0000127c 02         5704 	.data.b	2
0000127d 00000000*  5705 	.data.w	.LDW_4956658
00001281 2302       5706 	.data.b	2,35
00001283 0c         5707 	.data.b	12
00001284 01         5708 	.data.b	1
                    5709 
                    5710 .LDW_49520f0:
00001285 25         5711 	.data.b	37
00001286 61746164   5712 	.data.b	100,97,116,97,0
0000128a 00 
0000128b 028b       5713 	.data.b	139,2
0000128d 09         5714 	.data.b	9
0000128e 02         5715 	.data.b	2
0000128f 00000000*  5716 	.data.w	.LDW_3732d60
00001293 2302       5717 	.data.b	2,35
00001295 10         5718 	.data.b	16
00001296 01         5719 	.data.b	1
                    5720 
                    5721 .LDW_4952180:
00001297 25         5722 	.data.b	37
00001298 61746164   5723 	.data.b	100,97,116,97,76,101,110,0
0000129c 006e654c 
000012a0 028c       5724 	.data.b	140,2
000012a2 09         5725 	.data.b	9
000012a3 02         5726 	.data.b	2
000012a4 00000000*  5727 	.data.w	.LDW_4956658
000012a8 2302       5728 	.data.b	2,35
000012aa 14         5729 	.data.b	20
000012ab 01         5730 	.data.b	1
                    5731 
                    5732 .LDW_4952408:
000012ac 25         5733 	.data.b	37

                                                                      Page 98
                                                              C:\Windows\TEMP\gh_000098c3.si
000012ad 00646161   5734 	.data.b	97,97,100,0
000012b1 028d       5735 	.data.b	141,2
000012b3 09         5736 	.data.b	9
000012b4 02         5737 	.data.b	2
000012b5 00000000*  5738 	.data.w	.LDW_3732d60
000012b9 2302       5739 	.data.b	2,35
000012bb 18         5740 	.data.b	24
000012bc 01         5741 	.data.b	1
                    5742 
                    5743 .LDW_4952450:
000012bd 25         5744 	.data.b	37
000012be 4c646161   5745 	.data.b	97,97,100,76,101,110,0
000012c2 006e65 
000012c5 028e       5746 	.data.b	142,2
000012c7 09         5747 	.data.b	9
000012c8 02         5748 	.data.b	2
000012c9 00000000*  5749 	.data.w	.LDW_4956658
000012cd 2302       5750 	.data.b	2,35
000012cf 1c         5751 	.data.b	28
000012d0 01         5752 	.data.b	1
                    5753 
000012d1 00         5754 	.data.b	0
                    5755 
                    5756 .LDW_49cba10:
000012d2 2a         5757 	.data.b	42
000012d3 41676d48   5758 	.data.b	72,109,103,65,101,115,71,99,109,67,116,120,0
000012d7 63477365 
000012db 7874436d 
000012df 00 
000012e0 028f       5759 	.data.b	143,2
000012e2 03         5760 	.data.b	3
000012e3 02         5761 	.data.b	2
000012e4 00000000*  5762 	.data.w	.LDW_49cb598
                    5763 
                    5764 .LDW_49e5728:
000012e8 42         5765 	.data.b	66
000012e9 6d487463   5766 	.data.b	99,116,72,109,97,99,83,104,97,49,54,48,67,116,120,0
000012ed 68536361 
000012f1 30363161 
000012f5 00787443 
000012f9 0293       5767 	.data.b	147,2
000012fb 10         5768 	.data.b	16
000012fc 02         5769 	.data.b	2
000012fd 019c       5770 	.data.b	156,1
000012ff 01         5771 	.data.b	1
                    5772 
                    5773 .LDW_4952e28:
00001300 25         5774 	.data.b	37
00001301 68736148   5775 	.data.b	72,97,115,104,67,84,88,0
00001305 00585443 
00001309 0295       5776 	.data.b	149,2
0000130b 0f         5777 	.data.b	15
0000130c 02         5778 	.data.b	2
0000130d 00000000*  5779 	.data.w	.LDW_4a25390
00001311 2302       5780 	.data.b	2,35
00001313 00         5781 	.data.b	0
00001314 01         5782 	.data.b	1
                    5783 
                    5784 .LDW_49529a8:
00001315 25         5785 	.data.b	37
00001316 79656b6f   5786 	.data.b	111,107,101,121,112,97,100,0

                                                                      Page 99
                                                              C:\Windows\TEMP\gh_000098c3.si
0000131a 00646170 
0000131e 0296       5787 	.data.b	150,2
00001320 08         5788 	.data.b	8
00001321 02         5789 	.data.b	2
00001322 00000000*  5790 	.data.w	.LDW_4a2bac8
00001326 2302       5791 	.data.b	2,35
00001328 5c         5792 	.data.b	92
00001329 01         5793 	.data.b	1
                    5794 
0000132a 00         5795 	.data.b	0
                    5796 
                    5797 .LDW_49e5308:
0000132b 2a         5798 	.data.b	42
0000132c 48676d48   5799 	.data.b	72,109,103,72,109,97,99,83,104,97,49,54,48,67,116,120,0
00001330 5363616d 
00001334 36316168 
00001338 78744330 
0000133c 00 
0000133d 0297       5800 	.data.b	151,2
0000133f 03         5801 	.data.b	3
00001340 02         5802 	.data.b	2
00001341 00000000*  5803 	.data.w	.LDW_49e5728
                    5804 
                    5805 .LDW_49e5f10:
00001345 42         5806 	.data.b	66
00001346 6d487463   5807 	.data.b	99,116,72,109,97,99,83,104,97,50,53,54,67,116,120,0
0000134a 68536361 
0000134e 36353261 
00001352 00787443 
00001356 029c       5808 	.data.b	156,2
00001358 10         5809 	.data.b	16
00001359 02         5810 	.data.b	2
0000135a 01a8       5811 	.data.b	168,1
0000135c 01         5812 	.data.b	1
                    5813 
                    5814 .LDW_4952ba0:
0000135d 25         5815 	.data.b	37
0000135e 68736148   5816 	.data.b	72,97,115,104,67,84,88,0
00001362 00585443 
00001366 029e       5817 	.data.b	158,2
00001368 0f         5818 	.data.b	15
00001369 02         5819 	.data.b	2
0000136a 00000000*  5820 	.data.w	.LDW_4a25c28
0000136e 2302       5821 	.data.b	2,35
00001370 00         5822 	.data.b	0
00001371 01         5823 	.data.b	1
                    5824 
                    5825 .LDW_4952918:
00001372 25         5826 	.data.b	37
00001373 79656b6f   5827 	.data.b	111,107,101,121,112,97,100,0
00001377 00646170 
0000137b 029f       5828 	.data.b	159,2
0000137d 08         5829 	.data.b	8
0000137e 02         5830 	.data.b	2
0000137f 00000000*  5831 	.data.w	.LDW_4a2b710
00001383 2302       5832 	.data.b	2,35
00001385 68         5833 	.data.b	104
00001386 01         5834 	.data.b	1
                    5835 
00001387 00         5836 	.data.b	0
                    5837 

                                                                      Page 100
                                                              C:\Windows\TEMP\gh_000098c3.si
                    5838 .LDW_49e6070:
00001388 2a         5839 	.data.b	42
00001389 48676d48   5840 	.data.b	72,109,103,72,109,97,99,83,104,97,50,53,54,67,116,120,0
0000138d 5363616d 
00001391 35326168 
00001395 78744336 
00001399 00 
0000139a 02a0       5841 	.data.b	160,2
0000139c 03         5842 	.data.b	3
0000139d 02         5843 	.data.b	2
0000139e 00000000*  5844 	.data.w	.LDW_49e5f10
                    5845 
                    5846 .LDW_49e5d00:
000013a2 2a         5847 	.data.b	42
000013a3 48676d48   5848 	.data.b	72,109,103,72,109,97,99,83,104,97,50,50,52,67,116,120,0
000013a7 5363616d 
000013ab 32326168 
000013af 78744334 
000013b3 00 
000013b4 02a2       5849 	.data.b	162,2
000013b6 1a         5850 	.data.b	26
000013b7 02         5851 	.data.b	2
000013b8 00000000*  5852 	.data.w	.LDW_49e6070
                    5853 
                    5854 .LDW_49ee2c0:
000013bc 43         5855 	.data.b	67
000013bd 02a5       5856 	.data.b	165,2
000013bf 0f         5857 	.data.b	15
000013c0 02         5858 	.data.b	2
000013c1 08         5859 	.data.b	8
000013c2 01         5860 	.data.b	1
                    5861 
                    5862 .LDW_4952d08:
000013c3 25         5863 	.data.b	37
000013c4 75646f6d   5864 	.data.b	109,111,100,117,108,117,115,0
000013c8 0073756c 
000013cc 02a6       5865 	.data.b	166,2
000013ce 09         5866 	.data.b	9
000013cf 02         5867 	.data.b	2
000013d0 00000000*  5868 	.data.w	.LDW_3732d60
000013d4 2302       5869 	.data.b	2,35
000013d6 00         5870 	.data.b	0
000013d7 01         5871 	.data.b	1
                    5872 
                    5873 .LDW_4952f00:
000013d8 25         5874 	.data.b	37
000013d9 6f707865   5875 	.data.b	101,120,112,111,110,101,110,116,0
000013dd 746e656e 
000013e1 00 
000013e2 02a7       5876 	.data.b	167,2
000013e4 09         5877 	.data.b	9
000013e5 02         5878 	.data.b	2
000013e6 00000000*  5879 	.data.w	.LDW_3732d60
000013ea 2302       5880 	.data.b	2,35
000013ec 04         5881 	.data.b	4
000013ed 01         5882 	.data.b	1
                    5883 
000013ee 00         5884 	.data.b	0
                    5885 
                    5886 .LDW_49ee108:
000013ef 2a         5887 	.data.b	42

                                                                      Page 101
                                                              C:\Windows\TEMP\gh_000098c3.si
000013f0 52676d48   5888 	.data.b	72,109,103,82,115,97,80,114,105,118,97,116,101,107,101,121,0
000013f4 72506173 
000013f8 74617669 
000013fc 79656b65 
00001400 00 
00001401 02a8       5889 	.data.b	168,2
00001403 03         5890 	.data.b	3
00001404 02         5891 	.data.b	2
00001405 00000000*  5892 	.data.w	.LDW_49ee2c0
                    5893 
                    5894 .LDW_49edad8:
00001409 43         5895 	.data.b	67
0000140a 02aa       5896 	.data.b	170,2
0000140c 0f         5897 	.data.b	15
0000140d 02         5898 	.data.b	2
0000140e 08         5899 	.data.b	8
0000140f 01         5900 	.data.b	1
                    5901 
                    5902 .LDW_49529f0:
00001410 25         5903 	.data.b	37
00001411 75646f6d   5904 	.data.b	109,111,100,117,108,117,115,0
00001415 0073756c 
00001419 02ab       5905 	.data.b	171,2
0000141b 09         5906 	.data.b	9
0000141c 02         5907 	.data.b	2
0000141d 00000000*  5908 	.data.w	.LDW_3732d60
00001421 2302       5909 	.data.b	2,35
00001423 00         5910 	.data.b	0
00001424 01         5911 	.data.b	1
                    5912 
                    5913 .LDW_4952f48:
00001425 25         5914 	.data.b	37
00001426 6f707865   5915 	.data.b	101,120,112,111,110,101,110,116,0
0000142a 746e656e 
0000142e 00 
0000142f 02ac       5916 	.data.b	172,2
00001431 09         5917 	.data.b	9
00001432 02         5918 	.data.b	2
00001433 00000000*  5919 	.data.w	.LDW_4956658
00001437 2302       5920 	.data.b	2,35
00001439 04         5921 	.data.b	4
0000143a 01         5922 	.data.b	1
                    5923 
0000143b 00         5924 	.data.b	0
                    5925 
                    5926 .LDW_49ee370:
0000143c 2a         5927 	.data.b	42
0000143d 52676d48   5928 	.data.b	72,109,103,82,115,97,80,117,98,108,105,99,107,101,121,0
00001441 75506173 
00001445 63696c62 
00001449 0079656b 
0000144d 02ad       5929 	.data.b	173,2
0000144f 03         5930 	.data.b	3
00001450 02         5931 	.data.b	2
00001451 00000000*  5932 	.data.w	.LDW_49edad8
                    5933 
                    5934 .LDW_49edef8:
00001455 43         5935 	.data.b	67
00001456 02af       5936 	.data.b	175,2
00001458 0f         5937 	.data.b	15
00001459 02         5938 	.data.b	2

                                                                      Page 102
                                                              C:\Windows\TEMP\gh_000098c3.si
0000145a 0aa8       5939 	.data.b	168,10
0000145c 01         5940 	.data.b	1
                    5941 
                    5942 .LDW_4952ac8:
0000145d 25         5943 	.data.b	37
0000145e 66667562   5944 	.data.b	98,117,102,102,95,100,115,116,0
00001462 7473645f 
00001466 00 
00001467 02b0       5945 	.data.b	176,2
00001469 09         5946 	.data.b	9
0000146a 02         5947 	.data.b	2
0000146b 00000000*  5948 	.data.w	.LDW_4a2b2d0
0000146f 2302       5949 	.data.b	2,35
00001471 00         5950 	.data.b	0
00001472 01         5951 	.data.b	1
                    5952 
                    5953 .LDW_4952eb8:
00001473 25         5954 	.data.b	37
00001474 66667562   5955 	.data.b	98,117,102,102,95,115,114,99,0
00001478 6372735f 
0000147c 00 
0000147d 02b1       5956 	.data.b	177,2
0000147f 09         5957 	.data.b	9
00001480 02         5958 	.data.b	2
00001481 00000000*  5959 	.data.w	.LDW_4a2b798
00001485 2303       5960 	.data.b	3,35
00001487 0284       5961 	.data.b	132,2
00001489 01         5962 	.data.b	1
                    5963 
                    5964 .LDW_4952a80:
0000148a 25         5965 	.data.b	37
0000148b 66667562   5966 	.data.b	98,117,102,102,95,109,111,100,0
0000148f 646f6d5f 
00001493 00 
00001494 02b2       5967 	.data.b	178,2
00001496 09         5968 	.data.b	9
00001497 02         5969 	.data.b	2
00001498 00000000*  5970 	.data.w	.LDW_4a2bd70
0000149c 2303       5971 	.data.b	3,35
0000149e 0488       5972 	.data.b	136,4
000014a0 01         5973 	.data.b	1
                    5974 
                    5975 .LDW_4952a38:
000014a1 25         5976 	.data.b	37
000014a2 66667562   5977 	.data.b	98,117,102,102,95,109,117,108,0
000014a6 6c756d5f 
000014aa 00 
000014ab 02b3       5978 	.data.b	179,2
000014ad 09         5979 	.data.b	9
000014ae 02         5980 	.data.b	2
000014af 00000000*  5981 	.data.w	.LDW_4a2b9b8
000014b3 2303       5982 	.data.b	3,35
000014b5 068c       5983 	.data.b	140,6
000014b7 01         5984 	.data.b	1
                    5985 
                    5986 .LDW_4952d98:
000014b8 25         5987 	.data.b	37
000014b9 6972706e   5988 	.data.b	110,112,114,105,109,101,122,0
000014bd 007a656d 
000014c1 02b4       5989 	.data.b	180,2
000014c3 09         5990 	.data.b	9

                                                                      Page 103
                                                              C:\Windows\TEMP\gh_000098c3.si
000014c4 02         5991 	.data.b	2
000014c5 00000000*  5992 	.data.w	.LDW_4956658
000014c9 2303       5993 	.data.b	3,35
000014cb 0a94       5994 	.data.b	148,10
000014cd 01         5995 	.data.b	1
                    5996 
                    5997 .LDW_4952b10:
000014ce 25         5998 	.data.b	37
000014cf 6e756f63   5999 	.data.b	99,111,117,110,116,101,114,0
000014d3 00726574 
000014d7 02b5       6000 	.data.b	181,2
000014d9 09         6001 	.data.b	9
000014da 02         6002 	.data.b	2
000014db 00000000*  6003 	.data.w	.LDW_4956658
000014df 2303       6004 	.data.b	3,35
000014e1 0a98       6005 	.data.b	152,10
000014e3 01         6006 	.data.b	1
                    6007 
                    6008 .LDW_4952be8:
000014e4 25         6009 	.data.b	37
000014e5 45627570   6010 	.data.b	112,117,98,69,120,112,0
000014e9 007078 
000014ec 02b6       6011 	.data.b	182,2
000014ee 09         6012 	.data.b	9
000014ef 02         6013 	.data.b	2
000014f0 00000000*  6014 	.data.w	.LDW_4a2bf08
000014f4 2303       6015 	.data.b	3,35
000014f6 0a9c       6016 	.data.b	156,10
000014f8 01         6017 	.data.b	1
                    6018 
                    6019 .LDW_4952c30:
000014f9 25         6020 	.data.b	37
000014fa 70784570   6021 	.data.b	112,69,120,112,0
000014fe 00 
000014ff 02b7       6022 	.data.b	183,2
00001501 09         6023 	.data.b	9
00001502 02         6024 	.data.b	2
00001503 00000000*  6025 	.data.w	.LDW_3732d60
00001507 2303       6026 	.data.b	3,35
00001509 0aa0       6027 	.data.b	160,10
0000150b 01         6028 	.data.b	1
                    6029 
                    6030 .LDW_4952f90:
0000150c 25         6031 	.data.b	37
0000150d 654c6d65   6032 	.data.b	101,109,76,101,110,0
00001511 006e 
00001513 02b8       6033 	.data.b	184,2
00001515 09         6034 	.data.b	9
00001516 02         6035 	.data.b	2
00001517 00000000*  6036 	.data.w	.LDW_4956658
0000151b 2303       6037 	.data.b	3,35
0000151d 0aa4       6038 	.data.b	164,10
0000151f 01         6039 	.data.b	1
                    6040 
00001520 00         6041 	.data.b	0
                    6042 
                    6043 .LDW_49ede48:
00001521 2a         6044 	.data.b	42
00001522 52676d48   6045 	.data.b	72,109,103,82,115,97,83,108,105,99,101,67,116,120,0
00001526 6c536173 
0000152a 43656369 

                                                                      Page 104
                                                              C:\Windows\TEMP\gh_000098c3.si
0000152e 007874 
00001531 02b9       6046 	.data.b	185,2
00001533 03         6047 	.data.b	3
00001534 02         6048 	.data.b	2
00001535 00000000*  6049 	.data.w	.LDW_49edef8
                    6050 
                    6051 .LDW_4a09af8:
00001539 42         6052 	.data.b	66
0000153a 72507463   6053 	.data.b	99,116,80,114,110,103,67,116,120,0
0000153e 7443676e 
00001542 0078 
00001544 02bd       6054 	.data.b	189,2
00001546 10         6055 	.data.b	16
00001547 02         6056 	.data.b	2
00001548 34         6057 	.data.b	52
00001549 01         6058 	.data.b	1
                    6059 
                    6060 .LDW_4952de0:
0000154a 25         6061 	.data.b	37
0000154b 74617473   6062 	.data.b	115,116,97,116,101,0
0000154f 0065 
00001551 02be       6063 	.data.b	190,2
00001553 08         6064 	.data.b	8
00001554 02         6065 	.data.b	2
00001555 00000000*  6066 	.data.w	.LDW_4a2b1c0
00001559 2302       6067 	.data.b	2,35
0000155b 00         6068 	.data.b	0
0000155c 01         6069 	.data.b	1
                    6070 
                    6071 .LDW_4952e70:
0000155d 25         6072 	.data.b	37
0000155e 6b646e72   6073 	.data.b	114,110,100,107,101,121,0
00001562 007965 
00001565 02bf       6074 	.data.b	191,2
00001567 08         6075 	.data.b	8
00001568 02         6076 	.data.b	2
00001569 00000000*  6077 	.data.w	.LDW_4a2b578
0000156d 2302       6078 	.data.b	2,35
0000156f 10         6079 	.data.b	16
00001570 01         6080 	.data.b	1
                    6081 
                    6082 .LDW_4952b58:
00001571 25         6083 	.data.b	37
00001572 65736572   6084 	.data.b	114,101,115,101,101,100,67,110,116,0
00001576 6e436465 
0000157a 0074 
0000157c 02c0       6085 	.data.b	192,2
0000157e 09         6086 	.data.b	9
0000157f 02         6087 	.data.b	2
00001580 00000000*  6088 	.data.w	.LDW_4956658
00001584 2302       6089 	.data.b	2,35
00001586 30         6090 	.data.b	48
00001587 01         6091 	.data.b	1
                    6092 
00001588 00         6093 	.data.b	0
                    6094 
                    6095 .LDW_4a09b50:
00001589 2a         6096 	.data.b	42
0000158a 50676d48   6097 	.data.b	72,109,103,80,114,110,103,67,116,120,0
0000158e 43676e72 
00001592 007874 

                                                                      Page 105
                                                              C:\Windows\TEMP\gh_000098c3.si
00001595 02c1       6098 	.data.b	193,2
00001597 03         6099 	.data.b	3
00001598 02         6100 	.data.b	2
00001599 00000000*  6101 	.data.w	.LDW_4a09af8
                    6102 
                    6103 .LDW_49f8288:
0000159d 42         6104 	.data.b	66
0000159e 6b507463   6105 	.data.b	99,116,80,107,99,115,49,80,115,115,67,116,120,0
000015a2 50317363 
000015a6 74437373 
000015aa 0078 
000015ac 04eb       6106 	.data.b	235,4
000015ae 10         6107 	.data.b	16
000015af 02         6108 	.data.b	2
000015b0 10         6109 	.data.b	16
000015b1 01         6110 	.data.b	1
                    6111 
                    6112 .LDW_4952960:
000015b2 25         6113 	.data.b	37
000015b3 67694470   6114 	.data.b	112,68,105,103,101,115,116,0
000015b7 00747365 
000015bb 04ec       6115 	.data.b	236,4
000015bd 09         6116 	.data.b	9
000015be 02         6117 	.data.b	2
000015bf 00000000*  6118 	.data.w	.LDW_3732d60
000015c3 2302       6119 	.data.b	2,35
000015c5 00         6120 	.data.b	0
000015c6 01         6121 	.data.b	1
                    6122 
                    6123 .LDW_4952c78:
000015c7 25         6124 	.data.b	37
000015c8 68736168   6125 	.data.b	104,97,115,104,65,108,103,111,114,105,116,104,109,0
000015cc 6f676c41 
000015d0 68746972 
000015d4 006d 
000015d6 04ed       6126 	.data.b	237,4
000015d8 09         6127 	.data.b	9
000015d9 02         6128 	.data.b	2
000015da 00000000*  6129 	.data.w	.LDW_4956658
000015de 2302       6130 	.data.b	2,35
000015e0 04         6131 	.data.b	4
000015e1 01         6132 	.data.b	1
                    6133 
                    6134 .LDW_4952cc0:
000015e2 25         6135 	.data.b	37
000015e3 6c615370   6136 	.data.b	112,83,97,108,116,0
000015e7 0074 
000015e9 04ee       6137 	.data.b	238,4
000015eb 09         6138 	.data.b	9
000015ec 02         6139 	.data.b	2
000015ed 00000000*  6140 	.data.w	.LDW_3732d60
000015f1 2302       6141 	.data.b	2,35
000015f3 08         6142 	.data.b	8
000015f4 01         6143 	.data.b	1
                    6144 
                    6145 .LDW_4952d50:
000015f5 25         6146 	.data.b	37
000015f6 6e654c73   6147 	.data.b	115,76,101,110,0
000015fa 00 
000015fb 04ef       6148 	.data.b	239,4
000015fd 09         6149 	.data.b	9

                                                                      Page 106
                                                              C:\Windows\TEMP\gh_000098c3.si
000015fe 02         6150 	.data.b	2
000015ff 00000000*  6151 	.data.w	.LDW_4956658
00001603 2302       6152 	.data.b	2,35
00001605 0c         6153 	.data.b	12
00001606 01         6154 	.data.b	1
                    6155 
00001607 00         6156 	.data.b	0
                    6157 
                    6158 .LDW_49f82e0:
00001608 2a         6159 	.data.b	42
00001609 50676d48   6160 	.data.b	72,109,103,80,107,99,115,49,80,115,115,67,116,120,0
0000160d 3173636b 
00001611 43737350 
00001615 007874 
00001618 04f0       6161 	.data.b	240,4
0000161a 03         6162 	.data.b	3
0000161b 02         6163 	.data.b	2
0000161c 00000000*  6164 	.data.w	.LDW_49f8288
                    6165 
                    6166 .LDW_49f8548:
00001620 42         6167 	.data.b	66
00001621 6b507463   6168 	.data.b	99,116,80,107,99,115,49,79,97,101,112,67,116,120,0
00001625 4f317363 
00001629 43706561 
0000162d 007874 
00001630 04f2       6169 	.data.b	242,4
00001632 10         6170 	.data.b	16
00001633 02         6171 	.data.b	2
00001634 10         6172 	.data.b	16
00001635 01         6173 	.data.b	1
                    6174 
                    6175 .LDW_4a2c228:
00001636 25         6176 	.data.b	37
00001637 62614c70   6177 	.data.b	112,76,97,98,101,108,0
0000163b 006c65 
0000163e 04f3       6178 	.data.b	243,4
00001640 0a         6179 	.data.b	10
00001641 02         6180 	.data.b	2
00001642 00000000*  6181 	.data.w	.LDW_3732d60
00001646 2302       6182 	.data.b	2,35
00001648 00         6183 	.data.b	0
00001649 01         6184 	.data.b	1
                    6185 
                    6186 .LDW_4a2c780:
0000164a 25         6187 	.data.b	37
0000164b 6562616c   6188 	.data.b	108,97,98,101,108,76,101,110,0
0000164f 6e654c6c 
00001653 00 
00001654 04f4       6189 	.data.b	244,4
00001656 0a         6190 	.data.b	10
00001657 02         6191 	.data.b	2
00001658 00000000*  6192 	.data.w	.LDW_4956658
0000165c 2302       6193 	.data.b	2,35
0000165e 04         6194 	.data.b	4
0000165f 01         6195 	.data.b	1
                    6196 
                    6197 .LDW_4a2c2b8:
00001660 25         6198 	.data.b	37
00001661 65655370   6199 	.data.b	112,83,101,101,100,0
00001665 0064 
00001667 04f5       6200 	.data.b	245,4

                                                                      Page 107
                                                              C:\Windows\TEMP\gh_000098c3.si
00001669 0a         6201 	.data.b	10
0000166a 02         6202 	.data.b	2
0000166b 00000000*  6203 	.data.w	.LDW_3732d60
0000166f 2302       6204 	.data.b	2,35
00001671 08         6205 	.data.b	8
00001672 01         6206 	.data.b	1
                    6207 
                    6208 .LDW_4a2c930:
00001673 25         6209 	.data.b	37
00001674 68736168   6210 	.data.b	104,97,115,104,65,108,103,111,114,105,116,104,109,0
00001678 6f676c41 
0000167c 68746972 
00001680 006d 
00001682 04f6       6211 	.data.b	246,4
00001684 0a         6212 	.data.b	10
00001685 02         6213 	.data.b	2
00001686 00000000*  6214 	.data.w	.LDW_4956658
0000168a 2302       6215 	.data.b	2,35
0000168c 0c         6216 	.data.b	12
0000168d 01         6217 	.data.b	1
                    6218 
0000168e 00         6219 	.data.b	0
                    6220 
                    6221 .LDW_4a09470:
0000168f 2a         6222 	.data.b	42
00001690 50676d48   6223 	.data.b	72,109,103,80,107,99,115,49,79,97,101,112,67,116,120,0
00001694 3173636b 
00001698 7065614f 
0000169c 00787443 
000016a0 04f7       6224 	.data.b	247,4
000016a2 04         6225 	.data.b	4
000016a3 02         6226 	.data.b	2
000016a4 00000000*  6227 	.data.w	.LDW_49f8548
                    6228 
                    6229 .LDW_49566b0:
000016a8 16         6230 	.data.b	22
000016a9 5f676d48   6231 	.data.b	72,109,103,95,71,101,116,86,101,114,115,105,111,110,73,110,102,111,0
000016ad 56746547 
000016b1 69737265 
000016b5 6e496e6f 
000016b9 006f66 
000016bc 26         6232 	.data.b	38
000016bd 08         6233 	.data.b	8
000016be 01         6234 	.data.b	1
000016bf 00000000*  6235 	.data.w	.LDW_4956658
000016c3 00000000*  6236 	.data.w	Hmg_GetVersionInfo
000016c7 00000000*  6237 	.data.w	__ghs_eofn_Hmg_GetVersionInfo
000016cb 5d01       6238 	.data.b	1,93
000016cd 00         6239 	.data.b	0
000016ce 04         6240 	.data.b	4
000016cf 00         6241 	.data.b	0
000016d0 7c         6242 	.data.b	124
000016d1 01         6243 	.data.b	1
000016d2 00         6244 	.data.b	0
000016d3 00         6245 	.data.b	0
000016d4 01         6246 	.data.b	1
000016d5 01         6247 	.data.b	1
000016d6 00         6248 	.data.b	0
000016d7 00         6249 	.data.b	0
                    6250 
                    6251 	.section	.debug_abbrev

                                                                      Page 108
                                                              C:\Windows\TEMP\gh_000098c3.si
000000a3 16         6252 	.data.b	22
000000a4 2e         6253 	.data.b	46
000000a5 01         6254 	.data.b	1
000000a6 0803       6255 	.data.b	3,8
000000a8 0f3b       6256 	.data.b	59,15
000000aa 0f39       6257 	.data.b	57,15
000000ac 0f3a       6258 	.data.b	58,15
000000ae 1049       6259 	.data.b	73,16
000000b0 0111       6260 	.data.b	17,1
000000b2 0112       6261 	.data.b	18,1
000000b4 0a40       6262 	.data.b	64,10
000000b6 4183       6263 	.data.b	131,65
000000b8 0f         6264 	.data.b	15
000000b9 4187       6265 	.data.b	135,65
000000bb 0d         6266 	.data.b	13
000000bc 4185       6267 	.data.b	133,65
000000be 0f         6268 	.data.b	15
000000bf 4186       6269 	.data.b	134,65
000000c1 0d         6270 	.data.b	13
000000c2 4192       6271 	.data.b	146,65
000000c4 0f         6272 	.data.b	15
000000c5 0c3c       6273 	.data.b	60,12
000000c7 0b20       6274 	.data.b	32,11
000000c9 0c3f       6275 	.data.b	63,12
000000cb 0b32       6276 	.data.b	50,11
000000cd 0b4c       6277 	.data.b	76,11
000000cf 0c27       6278 	.data.b	39,12
000000d1 0000       6279 	.data.b	0,0
                    6280 
                    6281 	.section	.debug_frame
                    6282 .LDW_4abe070:
00000090 00000000*  6283 	.data.w	.LDW_unq_4-.LDW_unq_3
                    6284 .LDW_unq_3:
00000094 00000000*  6285 	.data.w	.LDW_4a14d18
00000098 00000000*  6286 	.data.w	Hmg_GetVersionInfo
0000009c 00000004   6287 	.data.w	__ghs_eofn_Hmg_GetVersionInfo-Hmg_GetVersionInfo
000000a0 01         6288 	.data.b	1
000000a1 00000000*  6289 	.data.w	.LDW11
000000a5 00         6290 	.data.b	0
000000a6 00         6291 	.data.b	0
000000a7 00         6292 	.data.b	0
                    6293 .LDW_unq_4:
                    6294 	.section	.debug_line
00000088 020500     6295 	.data.b	0,5,2
0000008b 00000000*  6296 	.data.w	Hmg_GetVersionInfo
0000008f 06         6297 	.data.b	6
00000090 03         6298 	.data.b	3
00000091 27         6299 	.data.b	39
00000092 02         6300 	.data.b	2
00000093 00         6301 	.data.b	0
00000094 01         6302 	.data.b	1
00000095 06         6303 	.data.b	6
00000096 02         6304 	.data.b	2
00000097 02         6305 	.data.b	2
00000098 02         6306 	.data.b	2
00000099 02         6307 	.data.b	2
0000009a 010100     6308 	.data.b	0,1,1
                    6309 	.section	.debug_info
                    6310 .LDW_36efb28:
000016d8 1f         6311 	.data.b	31
000016d9 00000000*  6312 	.data.w	.LDW01

                                                                      Page 109
                                                              C:\Windows\TEMP\gh_000098c3.si
000016dd 00000000*  6313 	.data.w	.LDW11
                    6314 
                    6315 	.section	.debug_abbrev
000000d3 1f         6316 	.data.b	31
000000d4 0b         6317 	.data.b	11
000000d5 01         6318 	.data.b	1
000000d6 0111       6319 	.data.b	17,1
000000d8 0112       6320 	.data.b	18,1
000000da 0000       6321 	.data.b	0,0
                    6322 
                    6323 	.section	.debug_info
000016e1 00         6324 	.data.b	0
                    6325 
000016e2 00         6326 	.data.b	0
                    6327 
                    6328 .LDW_49567a0:
000016e3 15         6329 	.data.b	21
000016e4 5f676d48   6330 	.data.b	72,109,103,95,83,101,116,67,97,108,108,98,97,99,107,70,117,110,99,0
000016e8 43746553 
000016ec 626c6c61 
000016f0 466b6361 
000016f4 00636e75 
000016f8 2a         6331 	.data.b	42
000016f9 06         6332 	.data.b	6
000016fa 01         6333 	.data.b	1
000016fb 00000000*  6334 	.data.w	Hmg_SetCallbackFunc
000016ff 00000000*  6335 	.data.w	__ghs_eofn_Hmg_SetCallbackFunc
00001703 5d01       6336 	.data.b	1,93
00001705 00         6337 	.data.b	0
00001706 04         6338 	.data.b	4
00001707 00         6339 	.data.b	0
00001708 7c         6340 	.data.b	124
00001709 01         6341 	.data.b	1
0000170a 00         6342 	.data.b	0
0000170b 00         6343 	.data.b	0
0000170c 01         6344 	.data.b	1
0000170d 01         6345 	.data.b	1
0000170e 00         6346 	.data.b	0
0000170f 01         6347 	.data.b	1
                    6348 
                    6349 	.section	.debug_abbrev
000000dc 15         6350 	.data.b	21
000000dd 2e         6351 	.data.b	46
000000de 01         6352 	.data.b	1
000000df 0803       6353 	.data.b	3,8
000000e1 0f3b       6354 	.data.b	59,15
000000e3 0f39       6355 	.data.b	57,15
000000e5 0f3a       6356 	.data.b	58,15
000000e7 0111       6357 	.data.b	17,1
000000e9 0112       6358 	.data.b	18,1
000000eb 0a40       6359 	.data.b	64,10
000000ed 4183       6360 	.data.b	131,65
000000ef 0f         6361 	.data.b	15
000000f0 4187       6362 	.data.b	135,65
000000f2 0d         6363 	.data.b	13
000000f3 4185       6364 	.data.b	133,65
000000f5 0f         6365 	.data.b	15
000000f6 4186       6366 	.data.b	134,65
000000f8 0d         6367 	.data.b	13
000000f9 4192       6368 	.data.b	146,65
000000fb 0f         6369 	.data.b	15

                                                                      Page 110
                                                              C:\Windows\TEMP\gh_000098c3.si
000000fc 0c3c       6370 	.data.b	60,12
000000fe 0b20       6371 	.data.b	32,11
00000100 0c3f       6372 	.data.b	63,12
00000102 0b32       6373 	.data.b	50,11
00000104 0b4c       6374 	.data.b	76,11
00000106 0c27       6375 	.data.b	39,12
00000108 0000       6376 	.data.b	0,0
                    6377 
                    6378 	.section	.debug_frame
                    6379 .LDW_4abe8f0:
000000a8 00000000*  6380 	.data.w	.LDW_unq_6-.LDW_unq_5
                    6381 .LDW_unq_5:
000000ac 00000000*  6382 	.data.w	.LDW_4a14d18
000000b0 00000000*  6383 	.data.w	Hmg_SetCallbackFunc
000000b4 00000002   6384 	.data.w	__ghs_eofn_Hmg_SetCallbackFunc-Hmg_SetCallbackFunc
000000b8 01         6385 	.data.b	1
000000b9 00000000*  6386 	.data.w	.LDW31
000000bd 00         6387 	.data.b	0
000000be 00         6388 	.data.b	0
000000bf 00         6389 	.data.b	0
                    6390 .LDW_unq_6:
                    6391 	.section	.debug_line
0000009d 020500     6392 	.data.b	0,5,2
000000a0 00000000*  6393 	.data.w	Hmg_SetCallbackFunc
000000a4 06         6394 	.data.b	6
000000a5 03         6395 	.data.b	3
000000a6 2b         6396 	.data.b	43
000000a7 02         6397 	.data.b	2
000000a8 00         6398 	.data.b	0
000000a9 01         6399 	.data.b	1
000000aa 02         6400 	.data.b	2
000000ab 02         6401 	.data.b	2
000000ac 010100     6402 	.data.b	0,1,1
                    6403 	.section	.debug_info
                    6404 .LDW_4956838:
00001710 11         6405 	.data.b	17
00001711 6c6c6163   6406 	.data.b	99,97,108,108,98,97,99,107,70,117,110,99,0
00001715 6b636162 
00001719 636e7546 
0000171d 00 
0000171e 2a         6407 	.data.b	42
0000171f 2b         6408 	.data.b	43
00001720 01         6409 	.data.b	1
00001721 00000000*  6410 	.data.w	.LDW_4956748
00001725 00         6411 	.data.b	0
00001726 5001       6412 	.data.b	1,80
                    6413 
                    6414 	.section	.debug_abbrev
0000010a 11         6415 	.data.b	17
0000010b 05         6416 	.data.b	5
0000010c 00         6417 	.data.b	0
0000010d 0803       6418 	.data.b	3,8
0000010f 0f3b       6419 	.data.b	59,15
00000111 0f39       6420 	.data.b	57,15
00000113 0f3a       6421 	.data.b	58,15
00000115 1049       6422 	.data.b	73,16
00000117 0c4b       6423 	.data.b	75,12
00000119 0a02       6424 	.data.b	2,10
0000011b 0000       6425 	.data.b	0,0
                    6426 
                    6427 	.section	.debug_info

                                                                      Page 111
                                                              C:\Windows\TEMP\gh_000098c3.si
                    6428 .LDW_36efd38:
00001728 1f         6429 	.data.b	31
00001729 00000000*  6430 	.data.w	.LDW21
0000172d 00000000*  6431 	.data.w	.LDW31
                    6432 
00001731 00         6433 	.data.b	0
                    6434 
00001732 00         6435 	.data.b	0
                    6436 
                    6437 .LDW_4956890:
00001733 15         6438 	.data.b	21
00001734 5f676d48   6439 	.data.b	72,109,103,95,69,120,101,99,67,97,108,108,98,97,99,107,0
00001738 63657845 
0000173c 6c6c6143 
00001740 6b636162 
00001744 00 
00001745 2d         6440 	.data.b	45
00001746 06         6441 	.data.b	6
00001747 01         6442 	.data.b	1
00001748 00000000*  6443 	.data.w	Hmg_ExecCallback
0000174c 00000000*  6444 	.data.w	__ghs_eofn_Hmg_ExecCallback
00001750 5d01       6445 	.data.b	1,93
00001752 00         6446 	.data.b	0
00001753 04         6447 	.data.b	4
00001754 00         6448 	.data.b	0
00001755 7c         6449 	.data.b	124
00001756 01         6450 	.data.b	1
00001757 00         6451 	.data.b	0
00001758 00         6452 	.data.b	0
00001759 01         6453 	.data.b	1
0000175a 01         6454 	.data.b	1
0000175b 00         6455 	.data.b	0
0000175c 01         6456 	.data.b	1
                    6457 
                    6458 	.section	.debug_frame
                    6459 .LDW_4abe8b0:
000000c0 00000000*  6460 	.data.w	.LDW_unq_8-.LDW_unq_7
                    6461 .LDW_unq_7:
000000c4 00000000*  6462 	.data.w	.LDW_4a14d18
000000c8 00000000*  6463 	.data.w	Hmg_ExecCallback
000000cc 00000002   6464 	.data.w	__ghs_eofn_Hmg_ExecCallback-Hmg_ExecCallback
000000d0 01         6465 	.data.b	1
000000d1 00000000*  6466 	.data.w	.LDW51
000000d5 00         6467 	.data.b	0
000000d6 00         6468 	.data.b	0
000000d7 00         6469 	.data.b	0
                    6470 .LDW_unq_8:
                    6471 	.section	.debug_line
000000af 020500     6472 	.data.b	0,5,2
000000b2 00000000*  6473 	.data.w	Hmg_ExecCallback
000000b6 06         6474 	.data.b	6
000000b7 03         6475 	.data.b	3
000000b8 2e         6476 	.data.b	46
000000b9 02         6477 	.data.b	2
000000ba 00         6478 	.data.b	0
000000bb 01         6479 	.data.b	1
000000bc 02         6480 	.data.b	2
000000bd 02         6481 	.data.b	2
000000be 010100     6482 	.data.b	0,1,1
                    6483 	.section	.debug_info
                    6484 .LDW_36efd68:

                                                                      Page 112
                                                              C:\Windows\TEMP\gh_000098c3.si
0000175d 1f         6485 	.data.b	31
0000175e 00000000*  6486 	.data.w	.LDW41
00001762 00000000*  6487 	.data.w	.LDW51
                    6488 
00001766 00         6489 	.data.b	0
                    6490 
00001767 00         6491 	.data.b	0
                    6492 
                    6493 .LDW_49c5b50:
00001768 16         6494 	.data.b	22
00001769 5f676d48   6495 	.data.b	72,109,103,95,65,101,115,83,101,116,75,101,121,0
0000176d 53736541 
00001771 654b7465 
00001775 0079 
00001777 32         6496 	.data.b	50
00001778 09         6497 	.data.b	9
00001779 01         6498 	.data.b	1
0000177a 00000000*  6499 	.data.w	.LDW_4956928
0000177e 00000000*  6500 	.data.w	Hmg_AesSetKey
00001782 00000000*  6501 	.data.w	__ghs_eofn_Hmg_AesSetKey
00001786 5d01       6502 	.data.b	1,93
00001788 00         6503 	.data.b	0
00001789 04         6504 	.data.b	4
0000178a 00         6505 	.data.b	0
0000178b 7c         6506 	.data.b	124
0000178c 01         6507 	.data.b	1
0000178d 00         6508 	.data.b	0
0000178e 00         6509 	.data.b	0
0000178f 01         6510 	.data.b	1
00001790 01         6511 	.data.b	1
00001791 00         6512 	.data.b	0
00001792 01         6513 	.data.b	1
                    6514 
                    6515 	.section	.debug_frame
                    6516 .LDW_4abed30:
000000d8 00000000*  6517 	.data.w	.LDW_unq_a-.LDW_unq_9
                    6518 .LDW_unq_9:
000000dc 00000000*  6519 	.data.w	.LDW_4a14d18
000000e0 00000000*  6520 	.data.w	Hmg_AesSetKey
000000e4 00000004   6521 	.data.w	__ghs_eofn_Hmg_AesSetKey-Hmg_AesSetKey
000000e8 01         6522 	.data.b	1
000000e9 00000000*  6523 	.data.w	.LDW71
000000ed 00         6524 	.data.b	0
000000ee 00         6525 	.data.b	0
000000ef 00         6526 	.data.b	0
                    6527 .LDW_unq_a:
                    6528 	.section	.debug_line
000000c1 020500     6529 	.data.b	0,5,2
000000c4 00000000*  6530 	.data.w	Hmg_AesSetKey
000000c8 06         6531 	.data.b	6
000000c9 03         6532 	.data.b	3
000000ca 37         6533 	.data.b	55
000000cb 02         6534 	.data.b	2
000000cc 00         6535 	.data.b	0
000000cd 01         6536 	.data.b	1
000000ce 06         6537 	.data.b	6
000000cf 02         6538 	.data.b	2
000000d0 02         6539 	.data.b	2
000000d1 02         6540 	.data.b	2
000000d2 02         6541 	.data.b	2
000000d3 010100     6542 	.data.b	0,1,1

                                                                      Page 113
                                                              C:\Windows\TEMP\gh_000098c3.si
                    6543 	.section	.debug_info
                    6544 .LDW_49c5be8:
00001793 11         6545 	.data.b	17
00001794 43736561   6546 	.data.b	97,101,115,67,116,120,0
00001798 007874 
0000179b 33         6547 	.data.b	51
0000179c 19         6548 	.data.b	25
0000179d 01         6549 	.data.b	1
0000179e 00000000*  6550 	.data.w	.LDW_3732fc8
000017a2 00         6551 	.data.b	0
000017a3 5001       6552 	.data.b	1,80
                    6553 
                    6554 .LDW_49c5c40:
000017a5 11         6555 	.data.b	17
000017a6 0079656b   6556 	.data.b	107,101,121,0
000017aa 34         6557 	.data.b	52
000017ab 11         6558 	.data.b	17
000017ac 01         6559 	.data.b	1
000017ad 00000000*  6560 	.data.w	.LDW_3732c10
000017b1 00         6561 	.data.b	0
000017b2 5101       6562 	.data.b	1,81
                    6563 
                    6564 .LDW_49c5c98:
000017b4 11         6565 	.data.b	17
000017b5 6c79656b   6566 	.data.b	107,101,121,108,101,110,0
000017b9 006e65 
000017bc 35         6567 	.data.b	53
000017bd 10         6568 	.data.b	16
000017be 01         6569 	.data.b	1
000017bf 00000000*  6570 	.data.w	.LDW_49c5af8
000017c3 00         6571 	.data.b	0
000017c4 5201       6572 	.data.b	1,82
                    6573 
                    6574 .LDW_36efe28:
000017c6 1f         6575 	.data.b	31
000017c7 00000000*  6576 	.data.w	.LDW61
000017cb 00000000*  6577 	.data.w	.LDW71
                    6578 
000017cf 00         6579 	.data.b	0
                    6580 
000017d0 00         6581 	.data.b	0
                    6582 
                    6583 .LDW_49c9d50:
000017d1 16         6584 	.data.b	22
000017d2 5f676d48   6585 	.data.b	72,109,103,95,65,101,115,69,99,98,69,110,99,0
000017d6 45736541 
000017da 6e456263 
000017de 0063 
000017e0 3b         6586 	.data.b	59
000017e1 09         6587 	.data.b	9
000017e2 01         6588 	.data.b	1
000017e3 00000000*  6589 	.data.w	.LDW_4956928
000017e7 00000000*  6590 	.data.w	Hmg_AesEcbEnc
000017eb 00000000*  6591 	.data.w	__ghs_eofn_Hmg_AesEcbEnc
000017ef 5d01       6592 	.data.b	1,93
000017f1 00         6593 	.data.b	0
000017f2 04         6594 	.data.b	4
000017f3 00         6595 	.data.b	0
000017f4 7c         6596 	.data.b	124
000017f5 01         6597 	.data.b	1
000017f6 00         6598 	.data.b	0

                                                                      Page 114
                                                              C:\Windows\TEMP\gh_000098c3.si
000017f7 00         6599 	.data.b	0
000017f8 01         6600 	.data.b	1
000017f9 01         6601 	.data.b	1
000017fa 00         6602 	.data.b	0
000017fb 01         6603 	.data.b	1
                    6604 
                    6605 	.section	.debug_frame
                    6606 .LDW_4abf0b0:
000000f0 00000000*  6607 	.data.w	.LDW_unq_c-.LDW_unq_b
                    6608 .LDW_unq_b:
000000f4 00000000*  6609 	.data.w	.LDW_4a14d18
000000f8 00000000*  6610 	.data.w	Hmg_AesEcbEnc
000000fc 00000004   6611 	.data.w	__ghs_eofn_Hmg_AesEcbEnc-Hmg_AesEcbEnc
00000100 01         6612 	.data.b	1
00000101 00000000*  6613 	.data.w	.LDW91
00000105 00         6614 	.data.b	0
00000106 00         6615 	.data.b	0
00000107 00         6616 	.data.b	0
                    6617 .LDW_unq_c:
                    6618 	.section	.debug_line
000000d6 020500     6619 	.data.b	0,5,2
000000d9 00000000*  6620 	.data.w	Hmg_AesEcbEnc
000000dd 06         6621 	.data.b	6
000000de 03         6622 	.data.b	3
000000df 00c1       6623 	.data.b	193,0
000000e1 02         6624 	.data.b	2
000000e2 00         6625 	.data.b	0
000000e3 01         6626 	.data.b	1
000000e4 06         6627 	.data.b	6
000000e5 02         6628 	.data.b	2
000000e6 02         6629 	.data.b	2
000000e7 02         6630 	.data.b	2
000000e8 02         6631 	.data.b	2
000000e9 010100     6632 	.data.b	0,1,1
                    6633 	.section	.debug_info
                    6634 .LDW_49c9de8:
000017fc 11         6635 	.data.b	17
000017fd 43736561   6636 	.data.b	97,101,115,67,116,120,0
00001801 007874 
00001804 3c         6637 	.data.b	60
00001805 1b         6638 	.data.b	27
00001806 01         6639 	.data.b	1
00001807 00000000*  6640 	.data.w	.LDW_3732fc8
0000180b 00         6641 	.data.b	0
0000180c 5001       6642 	.data.b	1,80
                    6643 
                    6644 .LDW_49c9e40:
0000180e 11         6645 	.data.b	17
0000180f 68706963   6646 	.data.b	99,105,112,104,101,114,0
00001813 007265 
00001816 3d         6647 	.data.b	61
00001817 12         6648 	.data.b	18
00001818 01         6649 	.data.b	1
00001819 00000000*  6650 	.data.w	.LDW_3732d60
0000181d 00         6651 	.data.b	0
0000181e 5101       6652 	.data.b	1,81
                    6653 
                    6654 .LDW_49c9f70:
00001820 11         6655 	.data.b	17
00001821 69616c70   6656 	.data.b	112,108,97,105,110,0
00001825 006e 

                                                                      Page 115
                                                              C:\Windows\TEMP\gh_000098c3.si
00001827 3e         6657 	.data.b	62
00001828 11         6658 	.data.b	17
00001829 01         6659 	.data.b	1
0000182a 00000000*  6660 	.data.w	.LDW_3732c10
0000182e 00         6661 	.data.b	0
0000182f 5201       6662 	.data.b	1,82
                    6663 
                    6664 .LDW_49ca1d8:
00001831 11         6665 	.data.b	17
00001832 69616c70   6666 	.data.b	112,108,97,105,110,76,101,110,0
00001836 6e654c6e 
0000183a 00 
0000183b 3f         6667 	.data.b	63
0000183c 11         6668 	.data.b	17
0000183d 01         6669 	.data.b	1
0000183e 00000000*  6670 	.data.w	.LDW_49c9cf8
00001842 00         6671 	.data.b	0
00001843 5301       6672 	.data.b	1,83
                    6673 
                    6674 .LDW_36eff78:
00001845 1f         6675 	.data.b	31
00001846 00000000*  6676 	.data.w	.LDW81
0000184a 00000000*  6677 	.data.w	.LDW91
                    6678 
0000184e 00         6679 	.data.b	0
                    6680 
0000184f 00         6681 	.data.b	0
                    6682 
                    6683 .LDW_49caea8:
00001850 16         6684 	.data.b	22
00001851 5f676d48   6685 	.data.b	72,109,103,95,65,101,115,69,99,98,68,101,99,0
00001855 45736541 
00001859 65446263 
0000185d 0063 
0000185f 44         6686 	.data.b	68
00001860 09         6687 	.data.b	9
00001861 01         6688 	.data.b	1
00001862 00000000*  6689 	.data.w	.LDW_4956928
00001866 00000000*  6690 	.data.w	Hmg_AesEcbDec
0000186a 00000000*  6691 	.data.w	__ghs_eofn_Hmg_AesEcbDec
0000186e 5d01       6692 	.data.b	1,93
00001870 00         6693 	.data.b	0
00001871 04         6694 	.data.b	4
00001872 00         6695 	.data.b	0
00001873 7c         6696 	.data.b	124
00001874 01         6697 	.data.b	1
00001875 00         6698 	.data.b	0
00001876 00         6699 	.data.b	0
00001877 01         6700 	.data.b	1
00001878 01         6701 	.data.b	1
00001879 00         6702 	.data.b	0
0000187a 01         6703 	.data.b	1
                    6704 
                    6705 	.section	.debug_frame
                    6706 .LDW_4abf170:
00000108 00000000*  6707 	.data.w	.LDW_unq_e-.LDW_unq_d
                    6708 .LDW_unq_d:
0000010c 00000000*  6709 	.data.w	.LDW_4a14d18
00000110 00000000*  6710 	.data.w	Hmg_AesEcbDec
00000114 00000004   6711 	.data.w	__ghs_eofn_Hmg_AesEcbDec-Hmg_AesEcbDec
00000118 01         6712 	.data.b	1

                                                                      Page 116
                                                              C:\Windows\TEMP\gh_000098c3.si
00000119 00000000*  6713 	.data.w	.LDW12
0000011d 00         6714 	.data.b	0
0000011e 00         6715 	.data.b	0
0000011f 00         6716 	.data.b	0
                    6717 .LDW_unq_e:
                    6718 	.section	.debug_line
000000ec 020500     6719 	.data.b	0,5,2
000000ef 00000000*  6720 	.data.w	Hmg_AesEcbDec
000000f3 06         6721 	.data.b	6
000000f4 03         6722 	.data.b	3
000000f5 00ca       6723 	.data.b	202,0
000000f7 02         6724 	.data.b	2
000000f8 00         6725 	.data.b	0
000000f9 01         6726 	.data.b	1
000000fa 06         6727 	.data.b	6
000000fb 02         6728 	.data.b	2
000000fc 02         6729 	.data.b	2
000000fd 02         6730 	.data.b	2
000000fe 02         6731 	.data.b	2
000000ff 010100     6732 	.data.b	0,1,1
                    6733 	.section	.debug_info
                    6734 .LDW_49ca548:
0000187b 11         6735 	.data.b	17
0000187c 43736561   6736 	.data.b	97,101,115,67,116,120,0
00001880 007874 
00001883 45         6737 	.data.b	69
00001884 1b         6738 	.data.b	27
00001885 01         6739 	.data.b	1
00001886 00000000*  6740 	.data.w	.LDW_3732fc8
0000188a 00         6741 	.data.b	0
0000188b 5001       6742 	.data.b	1,80
                    6743 
                    6744 .LDW_49ca180:
0000188d 11         6745 	.data.b	17
0000188e 69616c70   6746 	.data.b	112,108,97,105,110,0
00001892 006e 
00001894 46         6747 	.data.b	70
00001895 12         6748 	.data.b	18
00001896 01         6749 	.data.b	1
00001897 00000000*  6750 	.data.w	.LDW_3732d60
0000189b 00         6751 	.data.b	0
0000189c 5101       6752 	.data.b	1,81
                    6753 
                    6754 .LDW_49ca390:
0000189e 11         6755 	.data.b	17
0000189f 68706963   6756 	.data.b	99,105,112,104,101,114,0
000018a3 007265 
000018a6 47         6757 	.data.b	71
000018a7 11         6758 	.data.b	17
000018a8 01         6759 	.data.b	1
000018a9 00000000*  6760 	.data.w	.LDW_3732c10
000018ad 00         6761 	.data.b	0
000018ae 5201       6762 	.data.b	1,82
                    6763 
                    6764 .LDW_49ca338:
000018b0 11         6765 	.data.b	17
000018b1 68706963   6766 	.data.b	99,105,112,104,101,114,76,101,110,0
000018b5 654c7265 
000018b9 006e 
000018bb 48         6767 	.data.b	72
000018bc 11         6768 	.data.b	17

                                                                      Page 117
                                                              C:\Windows\TEMP\gh_000098c3.si
000018bd 01         6769 	.data.b	1
000018be 00000000*  6770 	.data.w	.LDW_49c9cf8
000018c2 00         6771 	.data.b	0
000018c3 5301       6772 	.data.b	1,83
                    6773 
                    6774 .LDW_49cabe0:
000018c5 1f         6775 	.data.b	31
000018c6 00000000*  6776 	.data.w	.LDW02
000018ca 00000000*  6777 	.data.w	.LDW12
                    6778 
000018ce 00         6779 	.data.b	0
                    6780 
000018cf 00         6781 	.data.b	0
                    6782 
                    6783 .LDW_49caf40:
000018d0 16         6784 	.data.b	22
000018d1 5f676d48   6785 	.data.b	72,109,103,95,65,101,115,67,98,99,69,110,99,0
000018d5 43736541 
000018d9 6e456362 
000018dd 0063 
000018df 4e         6786 	.data.b	78
000018e0 09         6787 	.data.b	9
000018e1 01         6788 	.data.b	1
000018e2 00000000*  6789 	.data.w	.LDW_4956928
000018e6 00000000*  6790 	.data.w	Hmg_AesCbcEnc
000018ea 00000000*  6791 	.data.w	__ghs_eofn_Hmg_AesCbcEnc
000018ee 5d01       6792 	.data.b	1,93
000018f0 00         6793 	.data.b	0
000018f1 04         6794 	.data.b	4
000018f2 00         6795 	.data.b	0
000018f3 7c         6796 	.data.b	124
000018f4 01         6797 	.data.b	1
000018f5 00         6798 	.data.b	0
000018f6 00         6799 	.data.b	0
000018f7 01         6800 	.data.b	1
000018f8 01         6801 	.data.b	1
000018f9 00         6802 	.data.b	0
000018fa 01         6803 	.data.b	1
                    6804 
                    6805 	.section	.debug_frame
                    6806 .LDW_4abf9b0:
00000120 00000000*  6807 	.data.w	.LDW_unq_10-.LDW_unq_f
                    6808 .LDW_unq_f:
00000124 00000000*  6809 	.data.w	.LDW_4a14d18
00000128 00000000*  6810 	.data.w	Hmg_AesCbcEnc
0000012c 00000004   6811 	.data.w	__ghs_eofn_Hmg_AesCbcEnc-Hmg_AesCbcEnc
00000130 01         6812 	.data.b	1
00000131 00000000*  6813 	.data.w	.LDW32
00000135 00         6814 	.data.b	0
00000136 00         6815 	.data.b	0
00000137 00         6816 	.data.b	0
                    6817 .LDW_unq_10:
                    6818 	.section	.debug_line
00000102 020500     6819 	.data.b	0,5,2
00000105 00000000*  6820 	.data.w	Hmg_AesCbcEnc
00000109 06         6821 	.data.b	6
0000010a 03         6822 	.data.b	3
0000010b 00d5       6823 	.data.b	213,0
0000010d 02         6824 	.data.b	2
0000010e 00         6825 	.data.b	0
0000010f 01         6826 	.data.b	1

                                                                      Page 118
                                                              C:\Windows\TEMP\gh_000098c3.si
00000110 06         6827 	.data.b	6
00000111 02         6828 	.data.b	2
00000112 02         6829 	.data.b	2
00000113 02         6830 	.data.b	2
00000114 02         6831 	.data.b	2
00000115 010100     6832 	.data.b	0,1,1
                    6833 	.section	.debug_info
                    6834 .LDW_49ca5a0:
000018fb 11         6835 	.data.b	17
000018fc 43736561   6836 	.data.b	97,101,115,67,116,120,0
00001900 007874 
00001903 4f         6837 	.data.b	79
00001904 1b         6838 	.data.b	27
00001905 01         6839 	.data.b	1
00001906 00000000*  6840 	.data.w	.LDW_3732fc8
0000190a 00         6841 	.data.b	0
0000190b 5001       6842 	.data.b	1,80
                    6843 
                    6844 .LDW_49ca230:
0000190d 11         6845 	.data.b	17
0000190e 007669     6846 	.data.b	105,118,0
00001911 50         6847 	.data.b	80
00001912 13         6848 	.data.b	19
00001913 01         6849 	.data.b	1
00001914 00000000*  6850 	.data.w	.LDW_3732d60
00001918 00         6851 	.data.b	0
00001919 5101       6852 	.data.b	1,81
                    6853 
                    6854 .LDW_49ca3e8:
0000191b 11         6855 	.data.b	17
0000191c 68706963   6856 	.data.b	99,105,112,104,101,114,0
00001920 007265 
00001923 51         6857 	.data.b	81
00001924 12         6858 	.data.b	18
00001925 01         6859 	.data.b	1
00001926 00000000*  6860 	.data.w	.LDW_3732d60
0000192a 00         6861 	.data.b	0
0000192b 5201       6862 	.data.b	1,82
                    6863 
                    6864 .LDW_49ca4f0:
0000192d 11         6865 	.data.b	17
0000192e 69616c70   6866 	.data.b	112,108,97,105,110,0
00001932 006e 
00001934 52         6867 	.data.b	82
00001935 11         6868 	.data.b	17
00001936 01         6869 	.data.b	1
00001937 00000000*  6870 	.data.w	.LDW_3732c10
0000193b 00         6871 	.data.b	0
0000193c 5301       6872 	.data.b	1,83
                    6873 
                    6874 .LDW_49ca128:
0000193e 11         6875 	.data.b	17
0000193f 69616c70   6876 	.data.b	112,108,97,105,110,76,101,110,0
00001943 6e654c6e 
00001947 00 
00001948 53         6877 	.data.b	83
00001949 11         6878 	.data.b	17
0000194a 01         6879 	.data.b	1
0000194b 00000000*  6880 	.data.w	.LDW_49c9cf8
0000194f 00         6881 	.data.b	0
00001950 7d02       6882 	.data.b	2,125

                                                                      Page 119
                                                              C:\Windows\TEMP\gh_000098c3.si
00001952 00         6883 	.data.b	0
                    6884 
                    6885 .LDW_49ca880:
00001953 1f         6886 	.data.b	31
00001954 00000000*  6887 	.data.w	.LDW22
00001958 00000000*  6888 	.data.w	.LDW32
                    6889 
0000195c 00         6890 	.data.b	0
                    6891 
0000195d 00         6892 	.data.b	0
                    6893 
                    6894 .LDW_49cafd8:
0000195e 16         6895 	.data.b	22
0000195f 5f676d48   6896 	.data.b	72,109,103,95,65,101,115,67,98,99,68,101,99,0
00001963 43736541 
00001967 65446362 
0000196b 0063 
0000196d 58         6897 	.data.b	88
0000196e 09         6898 	.data.b	9
0000196f 01         6899 	.data.b	1
00001970 00000000*  6900 	.data.w	.LDW_4956928
00001974 00000000*  6901 	.data.w	Hmg_AesCbcDec
00001978 00000000*  6902 	.data.w	__ghs_eofn_Hmg_AesCbcDec
0000197c 5d01       6903 	.data.b	1,93
0000197e 00         6904 	.data.b	0
0000197f 04         6905 	.data.b	4
00001980 00         6906 	.data.b	0
00001981 7c         6907 	.data.b	124
00001982 01         6908 	.data.b	1
00001983 00         6909 	.data.b	0
00001984 00         6910 	.data.b	0
00001985 01         6911 	.data.b	1
00001986 01         6912 	.data.b	1
00001987 00         6913 	.data.b	0
00001988 01         6914 	.data.b	1
                    6915 
                    6916 	.section	.debug_frame
                    6917 .LDW_4b66230:
00000138 00000000*  6918 	.data.w	.LDW_unq_12-.LDW_unq_11
                    6919 .LDW_unq_11:
0000013c 00000000*  6920 	.data.w	.LDW_4a14d18
00000140 00000000*  6921 	.data.w	Hmg_AesCbcDec
00000144 00000004   6922 	.data.w	__ghs_eofn_Hmg_AesCbcDec-Hmg_AesCbcDec
00000148 01         6923 	.data.b	1
00000149 00000000*  6924 	.data.w	.LDW52
0000014d 00         6925 	.data.b	0
0000014e 00         6926 	.data.b	0
0000014f 00         6927 	.data.b	0
                    6928 .LDW_unq_12:
                    6929 	.section	.debug_line
00000118 020500     6930 	.data.b	0,5,2
0000011b 00000000*  6931 	.data.w	Hmg_AesCbcDec
0000011f 06         6932 	.data.b	6
00000120 03         6933 	.data.b	3
00000121 00df       6934 	.data.b	223,0
00000123 02         6935 	.data.b	2
00000124 00         6936 	.data.b	0
00000125 01         6937 	.data.b	1
00000126 06         6938 	.data.b	6
00000127 02         6939 	.data.b	2
00000128 02         6940 	.data.b	2

                                                                      Page 120
                                                              C:\Windows\TEMP\gh_000098c3.si
00000129 02         6941 	.data.b	2
0000012a 02         6942 	.data.b	2
0000012b 010100     6943 	.data.b	0,1,1
                    6944 	.section	.debug_info
                    6945 .LDW_49c9ec0:
00001989 11         6946 	.data.b	17
0000198a 43736561   6947 	.data.b	97,101,115,67,116,120,0
0000198e 007874 
00001991 59         6948 	.data.b	89
00001992 1b         6949 	.data.b	27
00001993 01         6950 	.data.b	1
00001994 00000000*  6951 	.data.w	.LDW_3732fc8
00001998 00         6952 	.data.b	0
00001999 5001       6953 	.data.b	1,80
                    6954 
                    6955 .LDW_49ca5f8:
0000199b 11         6956 	.data.b	17
0000199c 007669     6957 	.data.b	105,118,0
0000199f 5a         6958 	.data.b	90
000019a0 13         6959 	.data.b	19
000019a1 01         6960 	.data.b	1
000019a2 00000000*  6961 	.data.w	.LDW_3732d60
000019a6 00         6962 	.data.b	0
000019a7 5101       6963 	.data.b	1,81
                    6964 
                    6965 .LDW_49c9f18:
000019a9 11         6966 	.data.b	17
000019aa 69616c70   6967 	.data.b	112,108,97,105,110,0
000019ae 006e 
000019b0 5b         6968 	.data.b	91
000019b1 12         6969 	.data.b	18
000019b2 01         6970 	.data.b	1
000019b3 00000000*  6971 	.data.w	.LDW_3732d60
000019b7 00         6972 	.data.b	0
000019b8 5201       6973 	.data.b	1,82
                    6974 
                    6975 .LDW_49ca288:
000019ba 11         6976 	.data.b	17
000019bb 68706963   6977 	.data.b	99,105,112,104,101,114,0
000019bf 007265 
000019c2 5c         6978 	.data.b	92
000019c3 11         6979 	.data.b	17
000019c4 01         6980 	.data.b	1
000019c5 00000000*  6981 	.data.w	.LDW_3732c10
000019c9 00         6982 	.data.b	0
000019ca 5301       6983 	.data.b	1,83
                    6984 
                    6985 .LDW_49c9fc8:
000019cc 11         6986 	.data.b	17
000019cd 68706963   6987 	.data.b	99,105,112,104,101,114,76,101,110,0
000019d1 654c7265 
000019d5 006e 
000019d7 5d         6988 	.data.b	93
000019d8 11         6989 	.data.b	17
000019d9 01         6990 	.data.b	1
000019da 00000000*  6991 	.data.w	.LDW_49c9cf8
000019de 00         6992 	.data.b	0
000019df 7d02       6993 	.data.b	2,125
000019e1 00         6994 	.data.b	0
                    6995 
                    6996 .LDW_49caa90:

                                                                      Page 121
                                                              C:\Windows\TEMP\gh_000098c3.si
000019e2 1f         6997 	.data.b	31
000019e3 00000000*  6998 	.data.w	.LDW42
000019e7 00000000*  6999 	.data.w	.LDW52
                    7000 
000019eb 00         7001 	.data.b	0
                    7002 
000019ec 00         7003 	.data.b	0
                    7004 
                    7005 .LDW_49cb070:
000019ed 16         7006 	.data.b	22
000019ee 5f676d48   7007 	.data.b	72,109,103,95,65,101,115,67,116,114,83,116,97,114,116,0
000019f2 43736541 
000019f6 74537274 
000019fa 00747261 
000019fe 63         7008 	.data.b	99
000019ff 09         7009 	.data.b	9
00001a00 01         7010 	.data.b	1
00001a01 00000000*  7011 	.data.w	.LDW_4956928
00001a05 00000000*  7012 	.data.w	Hmg_AesCtrStart
00001a09 00000000*  7013 	.data.w	__ghs_eofn_Hmg_AesCtrStart
00001a0d 5d01       7014 	.data.b	1,93
00001a0f 00         7015 	.data.b	0
00001a10 04         7016 	.data.b	4
00001a11 00         7017 	.data.b	0
00001a12 7c         7018 	.data.b	124
00001a13 01         7019 	.data.b	1
00001a14 00         7020 	.data.b	0
00001a15 00         7021 	.data.b	0
00001a16 01         7022 	.data.b	1
00001a17 01         7023 	.data.b	1
00001a18 00         7024 	.data.b	0
00001a19 01         7025 	.data.b	1
                    7026 
                    7027 	.section	.debug_frame
                    7028 .LDW_4b66370:
00000150 00000000*  7029 	.data.w	.LDW_unq_14-.LDW_unq_13
                    7030 .LDW_unq_13:
00000154 00000000*  7031 	.data.w	.LDW_4a14d18
00000158 00000000*  7032 	.data.w	Hmg_AesCtrStart
0000015c 00000004   7033 	.data.w	__ghs_eofn_Hmg_AesCtrStart-Hmg_AesCtrStart
00000160 01         7034 	.data.b	1
00000161 00000000*  7035 	.data.w	.LDW72
00000165 00         7036 	.data.b	0
00000166 00         7037 	.data.b	0
00000167 00         7038 	.data.b	0
                    7039 .LDW_unq_14:
                    7040 	.section	.debug_line
0000012e 020500     7041 	.data.b	0,5,2
00000131 00000000*  7042 	.data.w	Hmg_AesCtrStart
00000135 06         7043 	.data.b	6
00000136 03         7044 	.data.b	3
00000137 00e9       7045 	.data.b	233,0
00000139 02         7046 	.data.b	2
0000013a 00         7047 	.data.b	0
0000013b 01         7048 	.data.b	1
0000013c 06         7049 	.data.b	6
0000013d 02         7050 	.data.b	2
0000013e 02         7051 	.data.b	2
0000013f 02         7052 	.data.b	2
00000140 02         7053 	.data.b	2
00000141 010100     7054 	.data.b	0,1,1

                                                                      Page 122
                                                              C:\Windows\TEMP\gh_000098c3.si
                    7055 	.section	.debug_info
                    7056 .LDW_49ca078:
00001a1a 11         7057 	.data.b	17
00001a1b 43736561   7058 	.data.b	97,101,115,67,116,114,67,116,120,0
00001a1f 74437274 
00001a23 0078 
00001a25 64         7059 	.data.b	100
00001a26 1a         7060 	.data.b	26
00001a27 01         7061 	.data.b	1
00001a28 00000000*  7062 	.data.w	.LDW_3732e08
00001a2c 00         7063 	.data.b	0
00001a2d 5001       7064 	.data.b	1,80
                    7065 
                    7066 .LDW_49ca020:
00001a2f 11         7067 	.data.b	17
00001a30 007669     7068 	.data.b	105,118,0
00001a33 65         7069 	.data.b	101
00001a34 0f         7070 	.data.b	15
00001a35 01         7071 	.data.b	1
00001a36 00000000*  7072 	.data.w	.LDW_3732c10
00001a3a 00         7073 	.data.b	0
00001a3b 5101       7074 	.data.b	1,81
                    7075 
                    7076 .LDW_49ca498:
00001a3d 11         7077 	.data.b	17
00001a3e 0079656b   7078 	.data.b	107,101,121,0
00001a42 66         7079 	.data.b	102
00001a43 0f         7080 	.data.b	15
00001a44 01         7081 	.data.b	1
00001a45 00000000*  7082 	.data.w	.LDW_3732c10
00001a49 00         7083 	.data.b	0
00001a4a 5201       7084 	.data.b	1,82
                    7085 
                    7086 .LDW_49ca0d0:
00001a4c 11         7087 	.data.b	17
00001a4d 4c79656b   7088 	.data.b	107,101,121,76,101,110,0
00001a51 006e65 
00001a54 67         7089 	.data.b	103
00001a55 0f         7090 	.data.b	15
00001a56 01         7091 	.data.b	1
00001a57 00000000*  7092 	.data.w	.LDW_49c5af8
00001a5b 00         7093 	.data.b	0
00001a5c 5301       7094 	.data.b	1,83
                    7095 
                    7096 .LDW_49cac40:
00001a5e 1f         7097 	.data.b	31
00001a5f 00000000*  7098 	.data.w	.LDW62
00001a63 00000000*  7099 	.data.w	.LDW72
                    7100 
00001a67 00         7101 	.data.b	0
                    7102 
00001a68 00         7103 	.data.b	0
                    7104 
                    7105 .LDW_49cb108:
00001a69 16         7106 	.data.b	22
00001a6a 5f676d48   7107 	.data.b	72,109,103,95,65,101,115,67,116,114,85,112,100,97,116,101,0
00001a6e 43736541 
00001a72 70557274 
00001a76 65746164 
00001a7a 00 
00001a7b 6c         7108 	.data.b	108

                                                                      Page 123
                                                              C:\Windows\TEMP\gh_000098c3.si
00001a7c 09         7109 	.data.b	9
00001a7d 01         7110 	.data.b	1
00001a7e 00000000*  7111 	.data.w	.LDW_4956928
00001a82 00000000*  7112 	.data.w	Hmg_AesCtrUpdate
00001a86 00000000*  7113 	.data.w	__ghs_eofn_Hmg_AesCtrUpdate
00001a8a 5d01       7114 	.data.b	1,93
00001a8c 00         7115 	.data.b	0
00001a8d 04         7116 	.data.b	4
00001a8e 00         7117 	.data.b	0
00001a8f 7c         7118 	.data.b	124
00001a90 01         7119 	.data.b	1
00001a91 00         7120 	.data.b	0
00001a92 00         7121 	.data.b	0
00001a93 01         7122 	.data.b	1
00001a94 01         7123 	.data.b	1
00001a95 00         7124 	.data.b	0
00001a96 01         7125 	.data.b	1
                    7126 
                    7127 	.section	.debug_frame
                    7128 .LDW_4b66ab0:
00000168 00000000*  7129 	.data.w	.LDW_unq_16-.LDW_unq_15
                    7130 .LDW_unq_15:
0000016c 00000000*  7131 	.data.w	.LDW_4a14d18
00000170 00000000*  7132 	.data.w	Hmg_AesCtrUpdate
00000174 00000004   7133 	.data.w	__ghs_eofn_Hmg_AesCtrUpdate-Hmg_AesCtrUpdate
00000178 01         7134 	.data.b	1
00000179 00000000*  7135 	.data.w	.LDW92
0000017d 00         7136 	.data.b	0
0000017e 00         7137 	.data.b	0
0000017f 00         7138 	.data.b	0
                    7139 .LDW_unq_16:
                    7140 	.section	.debug_line
00000144 020500     7141 	.data.b	0,5,2
00000147 00000000*  7142 	.data.w	Hmg_AesCtrUpdate
0000014b 06         7143 	.data.b	6
0000014c 03         7144 	.data.b	3
0000014d 00f2       7145 	.data.b	242,0
0000014f 02         7146 	.data.b	2
00000150 00         7147 	.data.b	0
00000151 01         7148 	.data.b	1
00000152 06         7149 	.data.b	6
00000153 02         7150 	.data.b	2
00000154 02         7151 	.data.b	2
00000155 02         7152 	.data.b	2
00000156 02         7153 	.data.b	2
00000157 010100     7154 	.data.b	0,1,1
                    7155 	.section	.debug_info
                    7156 .LDW_49cb908:
00001a97 11         7157 	.data.b	17
00001a98 43736561   7158 	.data.b	97,101,115,67,116,114,67,116,120,0
00001a9c 74437274 
00001aa0 0078 
00001aa2 6d         7159 	.data.b	109
00001aa3 1a         7160 	.data.b	26
00001aa4 01         7161 	.data.b	1
00001aa5 00000000*  7162 	.data.w	.LDW_3732e08
00001aa9 00         7163 	.data.b	0
00001aaa 5001       7164 	.data.b	1,80
                    7165 
                    7166 .LDW_49cb438:
00001aac 11         7167 	.data.b	17

                                                                      Page 124
                                                              C:\Windows\TEMP\gh_000098c3.si
00001aad 0074756f   7168 	.data.b	111,117,116,0
00001ab1 6e         7169 	.data.b	110
00001ab2 11         7170 	.data.b	17
00001ab3 01         7171 	.data.b	1
00001ab4 00000000*  7172 	.data.w	.LDW_3732d60
00001ab8 00         7173 	.data.b	0
00001ab9 5101       7174 	.data.b	1,81
                    7175 
                    7176 .LDW_49cb960:
00001abb 11         7177 	.data.b	17
00001abc 006e69     7178 	.data.b	105,110,0
00001abf 6f         7179 	.data.b	111
00001ac0 10         7180 	.data.b	16
00001ac1 01         7181 	.data.b	1
00001ac2 00000000*  7182 	.data.w	.LDW_3732c10
00001ac6 00         7183 	.data.b	0
00001ac7 5201       7184 	.data.b	1,82
                    7185 
                    7186 .LDW_49cb280:
00001ac9 11         7187 	.data.b	17
00001aca 654c6e69   7188 	.data.b	105,110,76,101,110,0
00001ace 006e 
00001ad0 70         7189 	.data.b	112
00001ad1 10         7190 	.data.b	16
00001ad2 01         7191 	.data.b	1
00001ad3 00000000*  7192 	.data.w	.LDW_49c9cf8
00001ad7 00         7193 	.data.b	0
00001ad8 5301       7194 	.data.b	1,83
                    7195 
                    7196 .LDW_49cab20:
00001ada 1f         7197 	.data.b	31
00001adb 00000000*  7198 	.data.w	.LDW82
00001adf 00000000*  7199 	.data.w	.LDW92
                    7200 
00001ae3 00         7201 	.data.b	0
                    7202 
00001ae4 00         7203 	.data.b	0
                    7204 
                    7205 .LDW_49cc1a8:
00001ae5 16         7206 	.data.b	22
00001ae6 5f676d48   7207 	.data.b	72,109,103,95,65,101,115,67,116,114,70,105,110,105,115,104,0
00001aea 43736541 
00001aee 69467274 
00001af2 6873696e 
00001af6 00 
00001af7 75         7208 	.data.b	117
00001af8 09         7209 	.data.b	9
00001af9 01         7210 	.data.b	1
00001afa 00000000*  7211 	.data.w	.LDW_4956928
00001afe 00000000*  7212 	.data.w	Hmg_AesCtrFinish
00001b02 00000000*  7213 	.data.w	__ghs_eofn_Hmg_AesCtrFinish
00001b06 5d01       7214 	.data.b	1,93
00001b08 00         7215 	.data.b	0
00001b09 04         7216 	.data.b	4
00001b0a 00         7217 	.data.b	0
00001b0b 7c         7218 	.data.b	124
00001b0c 01         7219 	.data.b	1
00001b0d 00         7220 	.data.b	0
00001b0e 00         7221 	.data.b	0
00001b0f 01         7222 	.data.b	1
00001b10 01         7223 	.data.b	1

                                                                      Page 125
                                                              C:\Windows\TEMP\gh_000098c3.si
00001b11 00         7224 	.data.b	0
00001b12 01         7225 	.data.b	1
                    7226 
                    7227 	.section	.debug_frame
                    7228 .LDW_4b66830:
00000180 00000000*  7229 	.data.w	.LDW_unq_18-.LDW_unq_17
                    7230 .LDW_unq_17:
00000184 00000000*  7231 	.data.w	.LDW_4a14d18
00000188 00000000*  7232 	.data.w	Hmg_AesCtrFinish
0000018c 00000004   7233 	.data.w	__ghs_eofn_Hmg_AesCtrFinish-Hmg_AesCtrFinish
00000190 01         7234 	.data.b	1
00000191 00000000*  7235 	.data.w	.LDW13
00000195 00         7236 	.data.b	0
00000196 00         7237 	.data.b	0
00000197 00         7238 	.data.b	0
                    7239 .LDW_unq_18:
                    7240 	.section	.debug_line
0000015a 020500     7241 	.data.b	0,5,2
0000015d 00000000*  7242 	.data.w	Hmg_AesCtrFinish
00000161 06         7243 	.data.b	6
00000162 03         7244 	.data.b	3
00000163 00f9       7245 	.data.b	249,0
00000165 02         7246 	.data.b	2
00000166 00         7247 	.data.b	0
00000167 01         7248 	.data.b	1
00000168 06         7249 	.data.b	6
00000169 02         7250 	.data.b	2
0000016a 02         7251 	.data.b	2
0000016b 02         7252 	.data.b	2
0000016c 02         7253 	.data.b	2
0000016d 010100     7254 	.data.b	0,1,1
                    7255 	.section	.debug_info
                    7256 .LDW_49cb388:
00001b13 11         7257 	.data.b	17
00001b14 43736561   7258 	.data.b	97,101,115,67,116,114,67,116,120,0
00001b18 74437274 
00001b1c 0078 
00001b1e 76         7259 	.data.b	118
00001b1f 1a         7260 	.data.b	26
00001b20 01         7261 	.data.b	1
00001b21 00000000*  7262 	.data.w	.LDW_3732e08
00001b25 00         7263 	.data.b	0
00001b26 5001       7264 	.data.b	1,80
                    7265 
                    7266 .LDW_49cbb70:
00001b28 11         7267 	.data.b	17
00001b29 61746f74   7268 	.data.b	116,111,116,97,108,76,101,110,0
00001b2d 6e654c6c 
00001b31 00 
00001b32 77         7269 	.data.b	119
00001b33 12         7270 	.data.b	18
00001b34 01         7271 	.data.b	1
00001b35 00000000*  7272 	.data.w	.LDW_3732f58
00001b39 00         7273 	.data.b	0
00001b3a 5101       7274 	.data.b	1,81
                    7275 
                    7276 .LDW_49caca0:
00001b3c 1f         7277 	.data.b	31
00001b3d 00000000*  7278 	.data.w	.LDW03
00001b41 00000000*  7279 	.data.w	.LDW13
                    7280 

                                                                      Page 126
                                                              C:\Windows\TEMP\gh_000098c3.si
00001b45 00         7281 	.data.b	0
                    7282 
00001b46 00         7283 	.data.b	0
                    7284 
                    7285 .LDW_49cc240:
00001b47 16         7286 	.data.b	22
00001b48 5f676d48   7287 	.data.b	72,109,103,95,65,101,115,67,116,114,0
00001b4c 43736541 
00001b50 007274 
00001b53 7c         7288 	.data.b	124
00001b54 09         7289 	.data.b	9
00001b55 01         7290 	.data.b	1
00001b56 00000000*  7291 	.data.w	.LDW_4956928
00001b5a 00000000*  7292 	.data.w	Hmg_AesCtr
00001b5e 00000000*  7293 	.data.w	__ghs_eofn_Hmg_AesCtr
00001b62 5d01       7294 	.data.b	1,93
00001b64 00         7295 	.data.b	0
00001b65 04         7296 	.data.b	4
00001b66 00         7297 	.data.b	0
00001b67 7c         7298 	.data.b	124
00001b68 01         7299 	.data.b	1
00001b69 00         7300 	.data.b	0
00001b6a 00         7301 	.data.b	0
00001b6b 01         7302 	.data.b	1
00001b6c 01         7303 	.data.b	1
00001b6d 00         7304 	.data.b	0
00001b6e 01         7305 	.data.b	1
                    7306 
                    7307 	.section	.debug_frame
                    7308 .LDW_4b64df0:
00000198 00000000*  7309 	.data.w	.LDW_unq_1a-.LDW_unq_19
                    7310 .LDW_unq_19:
0000019c 00000000*  7311 	.data.w	.LDW_4a14d18
000001a0 00000000*  7312 	.data.w	Hmg_AesCtr
000001a4 00000004   7313 	.data.w	__ghs_eofn_Hmg_AesCtr-Hmg_AesCtr
000001a8 01         7314 	.data.b	1
000001a9 00000000*  7315 	.data.w	.LDW33
000001ad 00         7316 	.data.b	0
000001ae 00         7317 	.data.b	0
000001af 00         7318 	.data.b	0
                    7319 .LDW_unq_1a:
                    7320 	.section	.debug_line
00000170 020500     7321 	.data.b	0,5,2
00000173 00000000*  7322 	.data.w	Hmg_AesCtr
00000177 06         7323 	.data.b	6
00000178 03         7324 	.data.b	3
00000179 0183       7325 	.data.b	131,1
0000017b 02         7326 	.data.b	2
0000017c 00         7327 	.data.b	0
0000017d 01         7328 	.data.b	1
0000017e 06         7329 	.data.b	6
0000017f 02         7330 	.data.b	2
00000180 02         7331 	.data.b	2
00000181 02         7332 	.data.b	2
00000182 02         7333 	.data.b	2
00000183 010100     7334 	.data.b	0,1,1
                    7335 	.section	.debug_info
                    7336 .LDW_49cb228:
00001b6f 11         7337 	.data.b	17
00001b70 43736561   7338 	.data.b	97,101,115,67,116,120,0
00001b74 007874 

                                                                      Page 127
                                                              C:\Windows\TEMP\gh_000098c3.si
00001b77 7d         7339 	.data.b	125
00001b78 1b         7340 	.data.b	27
00001b79 01         7341 	.data.b	1
00001b7a 00000000*  7342 	.data.w	.LDW_3732fc8
00001b7e 00         7343 	.data.b	0
00001b7f 5001       7344 	.data.b	1,80
                    7345 
                    7346 .LDW_49cb648:
00001b81 11         7347 	.data.b	17
00001b82 007669     7348 	.data.b	105,118,0
00001b85 7e         7349 	.data.b	126
00001b86 13         7350 	.data.b	19
00001b87 01         7351 	.data.b	1
00001b88 00000000*  7352 	.data.w	.LDW_3732d60
00001b8c 00         7353 	.data.b	0
00001b8d 5101       7354 	.data.b	1,81
                    7355 
                    7356 .LDW_49cb2d8:
00001b8f 11         7357 	.data.b	17
00001b90 0074756f   7358 	.data.b	111,117,116,0
00001b94 7f         7359 	.data.b	127
00001b95 12         7360 	.data.b	18
00001b96 01         7361 	.data.b	1
00001b97 00000000*  7362 	.data.w	.LDW_3732d60
00001b9b 00         7363 	.data.b	0
00001b9c 5201       7364 	.data.b	1,82
                    7365 
                    7366 .LDW_49cb3e0:
00001b9e 11         7367 	.data.b	17
00001b9f 006e69     7368 	.data.b	105,110,0
00001ba2 0180       7369 	.data.b	128,1
00001ba4 11         7370 	.data.b	17
00001ba5 01         7371 	.data.b	1
00001ba6 00000000*  7372 	.data.w	.LDW_3732c10
00001baa 00         7373 	.data.b	0
00001bab 5301       7374 	.data.b	1,83
                    7375 
                    7376 .LDW_49cb9b8:
00001bad 11         7377 	.data.b	17
00001bae 654c6e69   7378 	.data.b	105,110,76,101,110,0
00001bb2 006e 
00001bb4 0181       7379 	.data.b	129,1
00001bb6 11         7380 	.data.b	17
00001bb7 01         7381 	.data.b	1
00001bb8 00000000*  7382 	.data.w	.LDW_49c9cf8
00001bbc 00         7383 	.data.b	0
00001bbd 7d02       7384 	.data.b	2,125
00001bbf 00         7385 	.data.b	0
                    7386 
                    7387 .LDW_49cadf0:
00001bc0 1f         7388 	.data.b	31
00001bc1 00000000*  7389 	.data.w	.LDW23
00001bc5 00000000*  7390 	.data.w	.LDW33
                    7391 
00001bc9 00         7392 	.data.b	0
                    7393 
00001bca 00         7394 	.data.b	0
                    7395 
                    7396 .LDW_49cc2d8:
00001bcb 16         7397 	.data.b	22
00001bcc 5f676d48   7398 	.data.b	72,109,103,95,65,101,115,67,109,97,99,83,116,97,114,116,0

                                                                      Page 128
                                                              C:\Windows\TEMP\gh_000098c3.si
00001bd0 43736541 
00001bd4 5363616d 
00001bd8 74726174 
00001bdc 00 
00001bdd 0187       7399 	.data.b	135,1
00001bdf 09         7400 	.data.b	9
00001be0 01         7401 	.data.b	1
00001be1 00000000*  7402 	.data.w	.LDW_4956928
00001be5 00000000*  7403 	.data.w	Hmg_AesCmacStart
00001be9 00000000*  7404 	.data.w	__ghs_eofn_Hmg_AesCmacStart
00001bed 5d01       7405 	.data.b	1,93
00001bef 00         7406 	.data.b	0
00001bf0 04         7407 	.data.b	4
00001bf1 00         7408 	.data.b	0
00001bf2 7c         7409 	.data.b	124
00001bf3 01         7410 	.data.b	1
00001bf4 00         7411 	.data.b	0
00001bf5 00         7412 	.data.b	0
00001bf6 01         7413 	.data.b	1
00001bf7 01         7414 	.data.b	1
00001bf8 00         7415 	.data.b	0
00001bf9 01         7416 	.data.b	1
                    7417 
                    7418 	.section	.debug_frame
                    7419 .LDW_4b65730:
000001b0 00000000*  7420 	.data.w	.LDW_unq_1c-.LDW_unq_1b
                    7421 .LDW_unq_1b:
000001b4 00000000*  7422 	.data.w	.LDW_4a14d18
000001b8 00000000*  7423 	.data.w	Hmg_AesCmacStart
000001bc 00000004   7424 	.data.w	__ghs_eofn_Hmg_AesCmacStart-Hmg_AesCmacStart
000001c0 01         7425 	.data.b	1
000001c1 00000000*  7426 	.data.w	.LDW53
000001c5 00         7427 	.data.b	0
000001c6 00         7428 	.data.b	0
000001c7 00         7429 	.data.b	0
                    7430 .LDW_unq_1c:
                    7431 	.section	.debug_line
00000186 020500     7432 	.data.b	0,5,2
00000189 00000000*  7433 	.data.w	Hmg_AesCmacStart
0000018d 06         7434 	.data.b	6
0000018e 03         7435 	.data.b	3
0000018f 018c       7436 	.data.b	140,1
00000191 02         7437 	.data.b	2
00000192 00         7438 	.data.b	0
00000193 01         7439 	.data.b	1
00000194 06         7440 	.data.b	6
00000195 02         7441 	.data.b	2
00000196 02         7442 	.data.b	2
00000197 02         7443 	.data.b	2
00000198 02         7444 	.data.b	2
00000199 010100     7445 	.data.b	0,1,1
                    7446 	.section	.debug_info
                    7447 .LDW_49cb4e8:
00001bfa 11         7448 	.data.b	17
00001bfb 63616d63   7449 	.data.b	99,109,97,99,67,116,120,0
00001bff 00787443 
00001c03 0188       7450 	.data.b	136,1
00001c05 1c         7451 	.data.b	28
00001c06 01         7452 	.data.b	1
00001c07 00000000*  7453 	.data.w	.LDW_3733070
00001c0b 00         7454 	.data.b	0

                                                                      Page 129
                                                              C:\Windows\TEMP\gh_000098c3.si
00001c0c 5001       7455 	.data.b	1,80
                    7456 
                    7457 .LDW_49cb540:
00001c0e 11         7458 	.data.b	17
00001c0f 0079656b   7459 	.data.b	107,101,121,0
00001c13 0189       7460 	.data.b	137,1
00001c15 11         7461 	.data.b	17
00001c16 01         7462 	.data.b	1
00001c17 00000000*  7463 	.data.w	.LDW_3732c10
00001c1b 00         7464 	.data.b	0
00001c1c 5101       7465 	.data.b	1,81
                    7466 
                    7467 .LDW_49cbc78:
00001c1e 11         7468 	.data.b	17
00001c1f 4c79656b   7469 	.data.b	107,101,121,76,101,110,0
00001c23 006e65 
00001c26 018a       7470 	.data.b	138,1
00001c28 11         7471 	.data.b	17
00001c29 01         7472 	.data.b	1
00001c2a 00000000*  7473 	.data.w	.LDW_49c5af8
00001c2e 00         7474 	.data.b	0
00001c2f 5201       7475 	.data.b	1,82
                    7476 
                    7477 .LDW_49cae20:
00001c31 1f         7478 	.data.b	31
00001c32 00000000*  7479 	.data.w	.LDW43
00001c36 00000000*  7480 	.data.w	.LDW53
                    7481 
00001c3a 00         7482 	.data.b	0
                    7483 
00001c3b 00         7484 	.data.b	0
                    7485 
                    7486 .LDW_49ccb78:
00001c3c 16         7487 	.data.b	22
00001c3d 5f676d48   7488 	.data.b	72,109,103,95,65,101,115,71,99,109,69,110,99,0
00001c41 47736541 
00001c45 6e456d63 
00001c49 0063 
00001c4b 018f       7489 	.data.b	143,1
00001c4d 09         7490 	.data.b	9
00001c4e 01         7491 	.data.b	1
00001c4f 00000000*  7492 	.data.w	.LDW_4956928
00001c53 00000000*  7493 	.data.w	Hmg_AesGcmEnc
00001c57 00000000*  7494 	.data.w	__ghs_eofn_Hmg_AesGcmEnc
00001c5b 5d01       7495 	.data.b	1,93
00001c5d 00         7496 	.data.b	0
00001c5e 04         7497 	.data.b	4
00001c5f 00         7498 	.data.b	0
00001c60 7c         7499 	.data.b	124
00001c61 01         7500 	.data.b	1
00001c62 00         7501 	.data.b	0
00001c63 00         7502 	.data.b	0
00001c64 01         7503 	.data.b	1
00001c65 01         7504 	.data.b	1
00001c66 00         7505 	.data.b	0
00001c67 01         7506 	.data.b	1
                    7507 
                    7508 	.section	.debug_frame
                    7509 .LDW_4b65970:
000001c8 00000000*  7510 	.data.w	.LDW_unq_1e-.LDW_unq_1d
                    7511 .LDW_unq_1d:

                                                                      Page 130
                                                              C:\Windows\TEMP\gh_000098c3.si
000001cc 00000000*  7512 	.data.w	.LDW_4a14d18
000001d0 00000000*  7513 	.data.w	Hmg_AesGcmEnc
000001d4 00000004   7514 	.data.w	__ghs_eofn_Hmg_AesGcmEnc-Hmg_AesGcmEnc
000001d8 01         7515 	.data.b	1
000001d9 00000000*  7516 	.data.w	.LDW73
000001dd 00         7517 	.data.b	0
000001de 00         7518 	.data.b	0
000001df 00         7519 	.data.b	0
                    7520 .LDW_unq_1e:
                    7521 	.section	.debug_line
0000019c 020500     7522 	.data.b	0,5,2
0000019f 00000000*  7523 	.data.w	Hmg_AesGcmEnc
000001a3 06         7524 	.data.b	6
000001a4 03         7525 	.data.b	3
000001a5 0194       7526 	.data.b	148,1
000001a7 02         7527 	.data.b	2
000001a8 00         7528 	.data.b	0
000001a9 01         7529 	.data.b	1
000001aa 06         7530 	.data.b	6
000001ab 02         7531 	.data.b	2
000001ac 02         7532 	.data.b	2
000001ad 02         7533 	.data.b	2
000001ae 02         7534 	.data.b	2
000001af 010100     7535 	.data.b	0,1,1
                    7536 	.section	.debug_info
                    7537 .LDW_49cb5f0:
00001c68 11         7538 	.data.b	17
00001c69 68706963   7539 	.data.b	99,105,112,104,101,114,0
00001c6d 007265 
00001c70 0190       7540 	.data.b	144,1
00001c72 11         7541 	.data.b	17
00001c73 01         7542 	.data.b	1
00001c74 00000000*  7543 	.data.w	.LDW_3732d60
00001c78 00         7544 	.data.b	0
00001c79 5001       7545 	.data.b	1,80
                    7546 
                    7547 .LDW_49cb6a0:
00001c7b 11         7548 	.data.b	17
00001c7c 00676174   7549 	.data.b	116,97,103,0
00001c80 0191       7550 	.data.b	145,1
00001c82 10         7551 	.data.b	16
00001c83 01         7552 	.data.b	1
00001c84 00000000*  7553 	.data.w	.LDW_3732d60
00001c88 00         7554 	.data.b	0
00001c89 5101       7555 	.data.b	1,81
                    7556 
                    7557 .LDW_49cba68:
00001c8b 11         7558 	.data.b	17
00001c8c 436d6367   7559 	.data.b	103,99,109,67,116,120,0
00001c90 007874 
00001c93 0192       7560 	.data.b	146,1
00001c95 17         7561 	.data.b	23
00001c96 01         7562 	.data.b	1
00001c97 00000000*  7563 	.data.w	.LDW_37330a8
00001c9b 00         7564 	.data.b	0
00001c9c 5201       7565 	.data.b	1,82
                    7566 
                    7567 .LDW_49cc7c0:
00001c9e 1f         7568 	.data.b	31
00001c9f 00000000*  7569 	.data.w	.LDW63
00001ca3 00000000*  7570 	.data.w	.LDW73

                                                                      Page 131
                                                              C:\Windows\TEMP\gh_000098c3.si
                    7571 
00001ca7 00         7572 	.data.b	0
                    7573 
00001ca8 00         7574 	.data.b	0
                    7575 
                    7576 .LDW_49cd418:
00001ca9 16         7577 	.data.b	22
00001caa 5f676d48   7578 	.data.b	72,109,103,95,65,101,115,71,99,109,68,101,99,0
00001cae 47736541 
00001cb2 65446d63 
00001cb6 0063 
00001cb8 0197       7579 	.data.b	151,1
00001cba 09         7580 	.data.b	9
00001cbb 01         7581 	.data.b	1
00001cbc 00000000*  7582 	.data.w	.LDW_4956928
00001cc0 00000000*  7583 	.data.w	Hmg_AesGcmDec
00001cc4 00000000*  7584 	.data.w	__ghs_eofn_Hmg_AesGcmDec
00001cc8 5d01       7585 	.data.b	1,93
00001cca 00         7586 	.data.b	0
00001ccb 04         7587 	.data.b	4
00001ccc 00         7588 	.data.b	0
00001ccd 7c         7589 	.data.b	124
00001cce 01         7590 	.data.b	1
00001ccf 00         7591 	.data.b	0
00001cd0 00         7592 	.data.b	0
00001cd1 01         7593 	.data.b	1
00001cd2 01         7594 	.data.b	1
00001cd3 00         7595 	.data.b	0
00001cd4 01         7596 	.data.b	1
                    7597 
                    7598 	.section	.debug_frame
                    7599 .LDW_4ba4950:
000001e0 00000000*  7600 	.data.w	.LDW_unq_20-.LDW_unq_1f
                    7601 .LDW_unq_1f:
000001e4 00000000*  7602 	.data.w	.LDW_4a14d18
000001e8 00000000*  7603 	.data.w	Hmg_AesGcmDec
000001ec 00000004   7604 	.data.w	__ghs_eofn_Hmg_AesGcmDec-Hmg_AesGcmDec
000001f0 01         7605 	.data.b	1
000001f1 00000000*  7606 	.data.w	.LDW93
000001f5 00         7607 	.data.b	0
000001f6 00         7608 	.data.b	0
000001f7 00         7609 	.data.b	0
                    7610 .LDW_unq_20:
                    7611 	.section	.debug_line
000001b2 020500     7612 	.data.b	0,5,2
000001b5 00000000*  7613 	.data.w	Hmg_AesGcmDec
000001b9 06         7614 	.data.b	6
000001ba 03         7615 	.data.b	3
000001bb 019c       7616 	.data.b	156,1
000001bd 02         7617 	.data.b	2
000001be 00         7618 	.data.b	0
000001bf 01         7619 	.data.b	1
000001c0 06         7620 	.data.b	6
000001c1 02         7621 	.data.b	2
000001c2 02         7622 	.data.b	2
000001c3 02         7623 	.data.b	2
000001c4 02         7624 	.data.b	2
000001c5 010100     7625 	.data.b	0,1,1
                    7626 	.section	.debug_info
                    7627 .LDW_49cbb18:
00001cd5 11         7628 	.data.b	17

                                                                      Page 132
                                                              C:\Windows\TEMP\gh_000098c3.si
00001cd6 69616c70   7629 	.data.b	112,108,97,105,110,0
00001cda 006e 
00001cdc 0198       7630 	.data.b	152,1
00001cde 11         7631 	.data.b	17
00001cdf 01         7632 	.data.b	1
00001ce0 00000000*  7633 	.data.w	.LDW_3732d60
00001ce4 00         7634 	.data.b	0
00001ce5 5001       7635 	.data.b	1,80
                    7636 
                    7637 .LDW_49cb6f8:
00001ce7 11         7638 	.data.b	17
00001ce8 00676174   7639 	.data.b	116,97,103,0
00001cec 0199       7640 	.data.b	153,1
00001cee 0f         7641 	.data.b	15
00001cef 01         7642 	.data.b	1
00001cf0 00000000*  7643 	.data.w	.LDW_3732c10
00001cf4 00         7644 	.data.b	0
00001cf5 5101       7645 	.data.b	1,81
                    7646 
                    7647 .LDW_49cbac0:
00001cf7 11         7648 	.data.b	17
00001cf8 436d6367   7649 	.data.b	103,99,109,67,116,120,0
00001cfc 007874 
00001cff 019a       7650 	.data.b	154,1
00001d01 17         7651 	.data.b	23
00001d02 01         7652 	.data.b	1
00001d03 00000000*  7653 	.data.w	.LDW_37330a8
00001d07 00         7654 	.data.b	0
00001d08 5201       7655 	.data.b	1,82
                    7656 
                    7657 .LDW_49cc640:
00001d0a 1f         7658 	.data.b	31
00001d0b 00000000*  7659 	.data.w	.LDW83
00001d0f 00000000*  7660 	.data.w	.LDW93
                    7661 
00001d13 00         7662 	.data.b	0
                    7663 
00001d14 00         7664 	.data.b	0
                    7665 
                    7666 .LDW_49cd4b0:
00001d15 16         7667 	.data.b	22
00001d16 5f676d48   7668 	.data.b	72,109,103,95,65,101,115,67,109,97,99,85,112,100,97,116,101,0
00001d1a 43736541 
00001d1e 5563616d 
00001d22 74616470 
00001d26 0065 
00001d28 019f       7669 	.data.b	159,1
00001d2a 09         7670 	.data.b	9
00001d2b 01         7671 	.data.b	1
00001d2c 00000000*  7672 	.data.w	.LDW_4956928
00001d30 00000000*  7673 	.data.w	Hmg_AesCmacUpdate
00001d34 00000000*  7674 	.data.w	__ghs_eofn_Hmg_AesCmacUpdate
00001d38 5d01       7675 	.data.b	1,93
00001d3a 00         7676 	.data.b	0
00001d3b 04         7677 	.data.b	4
00001d3c 00         7678 	.data.b	0
00001d3d 7c         7679 	.data.b	124
00001d3e 01         7680 	.data.b	1
00001d3f 00         7681 	.data.b	0
00001d40 00         7682 	.data.b	0
00001d41 01         7683 	.data.b	1

                                                                      Page 133
                                                              C:\Windows\TEMP\gh_000098c3.si
00001d42 01         7684 	.data.b	1
00001d43 00         7685 	.data.b	0
00001d44 01         7686 	.data.b	1
                    7687 
                    7688 	.section	.debug_frame
                    7689 .LDW_4ba5050:
000001f8 00000000*  7690 	.data.w	.LDW_unq_22-.LDW_unq_21
                    7691 .LDW_unq_21:
000001fc 00000000*  7692 	.data.w	.LDW_4a14d18
00000200 00000000*  7693 	.data.w	Hmg_AesCmacUpdate
00000204 00000004   7694 	.data.w	__ghs_eofn_Hmg_AesCmacUpdate-Hmg_AesCmacUpdate
00000208 01         7695 	.data.b	1
00000209 00000000*  7696 	.data.w	.LDW14
0000020d 00         7697 	.data.b	0
0000020e 00         7698 	.data.b	0
0000020f 00         7699 	.data.b	0
                    7700 .LDW_unq_22:
                    7701 	.section	.debug_line
000001c8 020500     7702 	.data.b	0,5,2
000001cb 00000000*  7703 	.data.w	Hmg_AesCmacUpdate
000001cf 06         7704 	.data.b	6
000001d0 03         7705 	.data.b	3
000001d1 01a4       7706 	.data.b	164,1
000001d3 02         7707 	.data.b	2
000001d4 00         7708 	.data.b	0
000001d5 01         7709 	.data.b	1
000001d6 06         7710 	.data.b	6
000001d7 02         7711 	.data.b	2
000001d8 02         7712 	.data.b	2
000001d9 02         7713 	.data.b	2
000001da 02         7714 	.data.b	2
000001db 010100     7715 	.data.b	0,1,1
                    7716 	.section	.debug_info
                    7717 .LDW_49cb750:
00001d45 11         7718 	.data.b	17
00001d46 63616d63   7719 	.data.b	99,109,97,99,67,116,120,0
00001d4a 00787443 
00001d4e 01a0       7720 	.data.b	160,1
00001d50 1c         7721 	.data.b	28
00001d51 01         7722 	.data.b	1
00001d52 00000000*  7723 	.data.w	.LDW_3733070
00001d56 00         7724 	.data.b	0
00001d57 5001       7725 	.data.b	1,80
                    7726 
                    7727 .LDW_49cb7a8:
00001d59 11         7728 	.data.b	17
00001d5a 0067736d   7729 	.data.b	109,115,103,0
00001d5e 01a1       7730 	.data.b	161,1
00001d60 11         7731 	.data.b	17
00001d61 01         7732 	.data.b	1
00001d62 00000000*  7733 	.data.w	.LDW_3732c10
00001d66 00         7734 	.data.b	0
00001d67 5101       7735 	.data.b	1,81
                    7736 
                    7737 .LDW_49cb800:
00001d69 11         7738 	.data.b	17
00001d6a 4c67736d   7739 	.data.b	109,115,103,76,101,110,0
00001d6e 006e65 
00001d71 01a2       7740 	.data.b	162,1
00001d73 11         7741 	.data.b	17
00001d74 01         7742 	.data.b	1

                                                                      Page 134
                                                              C:\Windows\TEMP\gh_000098c3.si
00001d75 00000000*  7743 	.data.w	.LDW_49c9cf8
00001d79 00         7744 	.data.b	0
00001d7a 5201       7745 	.data.b	1,82
                    7746 
                    7747 .LDW_49cc4f0:
00001d7c 1f         7748 	.data.b	31
00001d7d 00000000*  7749 	.data.w	.LDW04
00001d81 00000000*  7750 	.data.w	.LDW14
                    7751 
00001d85 00         7752 	.data.b	0
                    7753 
00001d86 00         7754 	.data.b	0
                    7755 
                    7756 .LDW_49cdb60:
00001d87 16         7757 	.data.b	22
00001d88 5f676d48   7758 	.data.b	72,109,103,95,65,101,115,67,109,97,99,70,105,110,105,115,104,0
00001d8c 43736541 
00001d90 4663616d 
00001d94 73696e69 
00001d98 0068 
00001d9a 01a7       7759 	.data.b	167,1
00001d9c 09         7760 	.data.b	9
00001d9d 01         7761 	.data.b	1
00001d9e 00000000*  7762 	.data.w	.LDW_4956928
00001da2 00000000*  7763 	.data.w	Hmg_AesCmacFinish
00001da6 00000000*  7764 	.data.w	__ghs_eofn_Hmg_AesCmacFinish
00001daa 5d01       7765 	.data.b	1,93
00001dac 00         7766 	.data.b	0
00001dad 04         7767 	.data.b	4
00001dae 00         7768 	.data.b	0
00001daf 7c         7769 	.data.b	124
00001db0 01         7770 	.data.b	1
00001db1 00         7771 	.data.b	0
00001db2 00         7772 	.data.b	0
00001db3 01         7773 	.data.b	1
00001db4 01         7774 	.data.b	1
00001db5 00         7775 	.data.b	0
00001db6 01         7776 	.data.b	1
                    7777 
                    7778 	.section	.debug_frame
                    7779 .LDW_4ba53d0:
00000210 00000000*  7780 	.data.w	.LDW_unq_24-.LDW_unq_23
                    7781 .LDW_unq_23:
00000214 00000000*  7782 	.data.w	.LDW_4a14d18
00000218 00000000*  7783 	.data.w	Hmg_AesCmacFinish
0000021c 00000004   7784 	.data.w	__ghs_eofn_Hmg_AesCmacFinish-Hmg_AesCmacFinish
00000220 01         7785 	.data.b	1
00000221 00000000*  7786 	.data.w	.LDW34
00000225 00         7787 	.data.b	0
00000226 00         7788 	.data.b	0
00000227 00         7789 	.data.b	0
                    7790 .LDW_unq_24:
                    7791 	.section	.debug_line
000001de 020500     7792 	.data.b	0,5,2
000001e1 00000000*  7793 	.data.w	Hmg_AesCmacFinish
000001e5 06         7794 	.data.b	6
000001e6 03         7795 	.data.b	3
000001e7 01ab       7796 	.data.b	171,1
000001e9 02         7797 	.data.b	2
000001ea 00         7798 	.data.b	0
000001eb 01         7799 	.data.b	1

                                                                      Page 135
                                                              C:\Windows\TEMP\gh_000098c3.si
000001ec 06         7800 	.data.b	6
000001ed 02         7801 	.data.b	2
000001ee 02         7802 	.data.b	2
000001ef 02         7803 	.data.b	2
000001f0 02         7804 	.data.b	2
000001f1 010100     7805 	.data.b	0,1,1
                    7806 	.section	.debug_info
                    7807 .LDW_49cbbc8:
00001db7 11         7808 	.data.b	17
00001db8 63616d63   7809 	.data.b	99,109,97,99,67,116,120,0
00001dbc 00787443 
00001dc0 01a8       7810 	.data.b	168,1
00001dc2 1c         7811 	.data.b	28
00001dc3 01         7812 	.data.b	1
00001dc4 00000000*  7813 	.data.w	.LDW_3733070
00001dc8 00         7814 	.data.b	0
00001dc9 5001       7815 	.data.b	1,80
                    7816 
                    7817 .LDW_49cbc20:
00001dcb 11         7818 	.data.b	17
00001dcc 00676174   7819 	.data.b	116,97,103,0
00001dd0 01a9       7820 	.data.b	169,1
00001dd2 11         7821 	.data.b	17
00001dd3 01         7822 	.data.b	1
00001dd4 00000000*  7823 	.data.w	.LDW_3732d60
00001dd8 00         7824 	.data.b	0
00001dd9 5101       7825 	.data.b	1,81
                    7826 
                    7827 .LDW_49cc5e0:
00001ddb 1f         7828 	.data.b	31
00001ddc 00000000*  7829 	.data.w	.LDW24
00001de0 00000000*  7830 	.data.w	.LDW34
                    7831 
00001de4 00         7832 	.data.b	0
                    7833 
00001de5 00         7834 	.data.b	0
                    7835 
                    7836 .LDW_49cdbf8:
00001de6 16         7837 	.data.b	22
00001de7 5f676d48   7838 	.data.b	72,109,103,95,65,101,115,67,109,97,99,0
00001deb 43736541 
00001def 0063616d 
00001df3 01ae       7839 	.data.b	174,1
00001df5 09         7840 	.data.b	9
00001df6 01         7841 	.data.b	1
00001df7 00000000*  7842 	.data.w	.LDW_4956928
00001dfb 00000000*  7843 	.data.w	Hmg_AesCmac
00001dff 00000000*  7844 	.data.w	__ghs_eofn_Hmg_AesCmac
00001e03 5d01       7845 	.data.b	1,93
00001e05 00         7846 	.data.b	0
00001e06 04         7847 	.data.b	4
00001e07 00         7848 	.data.b	0
00001e08 7c         7849 	.data.b	124
00001e09 01         7850 	.data.b	1
00001e0a 00         7851 	.data.b	0
00001e0b 00         7852 	.data.b	0
00001e0c 01         7853 	.data.b	1
00001e0d 01         7854 	.data.b	1
00001e0e 00         7855 	.data.b	0
00001e0f 01         7856 	.data.b	1
                    7857 

                                                                      Page 136
                                                              C:\Windows\TEMP\gh_000098c3.si
                    7858 	.section	.debug_frame
                    7859 .LDW_4ba5750:
00000228 00000000*  7860 	.data.w	.LDW_unq_26-.LDW_unq_25
                    7861 .LDW_unq_25:
0000022c 00000000*  7862 	.data.w	.LDW_4a14d18
00000230 00000000*  7863 	.data.w	Hmg_AesCmac
00000234 00000004   7864 	.data.w	__ghs_eofn_Hmg_AesCmac-Hmg_AesCmac
00000238 01         7865 	.data.b	1
00000239 00000000*  7866 	.data.w	.LDW54
0000023d 00         7867 	.data.b	0
0000023e 00         7868 	.data.b	0
0000023f 00         7869 	.data.b	0
                    7870 .LDW_unq_26:
                    7871 	.section	.debug_line
000001f4 020500     7872 	.data.b	0,5,2
000001f7 00000000*  7873 	.data.w	Hmg_AesCmac
000001fb 06         7874 	.data.b	6
000001fc 03         7875 	.data.b	3
000001fd 01b5       7876 	.data.b	181,1
000001ff 02         7877 	.data.b	2
00000200 00         7878 	.data.b	0
00000201 01         7879 	.data.b	1
00000202 06         7880 	.data.b	6
00000203 02         7881 	.data.b	2
00000204 02         7882 	.data.b	2
00000205 02         7883 	.data.b	2
00000206 02         7884 	.data.b	2
00000207 010100     7885 	.data.b	0,1,1
                    7886 	.section	.debug_info
                    7887 .LDW_49cb858:
00001e10 11         7888 	.data.b	17
00001e11 00676174   7889 	.data.b	116,97,103,0
00001e15 01af       7890 	.data.b	175,1
00001e17 11         7891 	.data.b	17
00001e18 01         7892 	.data.b	1
00001e19 00000000*  7893 	.data.w	.LDW_3732d60
00001e1d 00         7894 	.data.b	0
00001e1e 5001       7895 	.data.b	1,80
                    7896 
                    7897 .LDW_49cb8b0:
00001e20 11         7898 	.data.b	17
00001e21 0079656b   7899 	.data.b	107,101,121,0
00001e25 01b0       7900 	.data.b	176,1
00001e27 11         7901 	.data.b	17
00001e28 01         7902 	.data.b	1
00001e29 00000000*  7903 	.data.w	.LDW_3732c10
00001e2d 00         7904 	.data.b	0
00001e2e 5101       7905 	.data.b	1,81
                    7906 
                    7907 .LDW_49cc040:
00001e30 11         7908 	.data.b	17
00001e31 4c79656b   7909 	.data.b	107,101,121,76,101,110,0
00001e35 006e65 
00001e38 01b1       7910 	.data.b	177,1
00001e3a 10         7911 	.data.b	16
00001e3b 01         7912 	.data.b	1
00001e3c 00000000*  7913 	.data.w	.LDW_49c5af8
00001e40 00         7914 	.data.b	0
00001e41 5201       7915 	.data.b	1,82
                    7916 
                    7917 .LDW_49cbe30:

                                                                      Page 137
                                                              C:\Windows\TEMP\gh_000098c3.si
00001e43 11         7918 	.data.b	17
00001e44 0067736d   7919 	.data.b	109,115,103,0
00001e48 01b2       7920 	.data.b	178,1
00001e4a 11         7921 	.data.b	17
00001e4b 01         7922 	.data.b	1
00001e4c 00000000*  7923 	.data.w	.LDW_3732c10
00001e50 00         7924 	.data.b	0
00001e51 5301       7925 	.data.b	1,83
                    7926 
                    7927 .LDW_49cbf38:
00001e53 11         7928 	.data.b	17
00001e54 4c67736d   7929 	.data.b	109,115,103,76,101,110,0
00001e58 006e65 
00001e5b 01b3       7930 	.data.b	179,1
00001e5d 11         7931 	.data.b	17
00001e5e 01         7932 	.data.b	1
00001e5f 00000000*  7933 	.data.w	.LDW_49c9cf8
00001e63 00         7934 	.data.b	0
00001e64 7d02       7935 	.data.b	2,125
00001e66 00         7936 	.data.b	0
                    7937 
                    7938 .LDW_49cc490:
00001e67 1f         7939 	.data.b	31
00001e68 00000000*  7940 	.data.w	.LDW44
00001e6c 00000000*  7941 	.data.w	.LDW54
                    7942 
00001e70 00         7943 	.data.b	0
                    7944 
00001e71 00         7945 	.data.b	0
                    7946 
                    7947 .LDW_49cde58:
00001e72 16         7948 	.data.b	22
00001e73 5f676d48   7949 	.data.b	72,109,103,95,69,99,99,107,101,121,71,101,110,101,114,97,116,101,0
00001e77 6b636345 
00001e7b 65477965 
00001e7f 6172656e 
00001e83 006574 
00001e86 01ba       7950 	.data.b	186,1
00001e88 0a         7951 	.data.b	10
00001e89 01         7952 	.data.b	1
00001e8a 00000000*  7953 	.data.w	.LDW_4956928
00001e8e 00000000*  7954 	.data.w	Hmg_EcckeyGenerate
00001e92 00000000*  7955 	.data.w	__ghs_eofn_Hmg_EcckeyGenerate
00001e96 5d01       7956 	.data.b	1,93
00001e98 00         7957 	.data.b	0
00001e99 04         7958 	.data.b	4
00001e9a 00         7959 	.data.b	0
00001e9b 7c         7960 	.data.b	124
00001e9c 01         7961 	.data.b	1
00001e9d 00         7962 	.data.b	0
00001e9e 00         7963 	.data.b	0
00001e9f 01         7964 	.data.b	1
00001ea0 01         7965 	.data.b	1
00001ea1 00         7966 	.data.b	0
00001ea2 01         7967 	.data.b	1
                    7968 
                    7969 	.section	.debug_frame
                    7970 .LDW_4ba5990:
00000240 00000000*  7971 	.data.w	.LDW_unq_28-.LDW_unq_27
                    7972 .LDW_unq_27:
00000244 00000000*  7973 	.data.w	.LDW_4a14d18

                                                                      Page 138
                                                              C:\Windows\TEMP\gh_000098c3.si
00000248 00000000*  7974 	.data.w	Hmg_EcckeyGenerate
0000024c 00000004   7975 	.data.w	__ghs_eofn_Hmg_EcckeyGenerate-Hmg_EcckeyGenerate
00000250 01         7976 	.data.b	1
00000251 00000000*  7977 	.data.w	.LDW74
00000255 00         7978 	.data.b	0
00000256 00         7979 	.data.b	0
00000257 00         7980 	.data.b	0
                    7981 .LDW_unq_28:
                    7982 	.section	.debug_line
0000020a 020500     7983 	.data.b	0,5,2
0000020d 00000000*  7984 	.data.w	Hmg_EcckeyGenerate
00000211 06         7985 	.data.b	6
00000212 03         7986 	.data.b	3
00000213 01be       7987 	.data.b	190,1
00000215 02         7988 	.data.b	2
00000216 00         7989 	.data.b	0
00000217 01         7990 	.data.b	1
00000218 06         7991 	.data.b	6
00000219 02         7992 	.data.b	2
0000021a 02         7993 	.data.b	2
0000021b 02         7994 	.data.b	2
0000021c 02         7995 	.data.b	2
0000021d 010100     7996 	.data.b	0,1,1
                    7997 	.section	.debug_info
                    7998 .LDW_49cbd80:
00001ea3 11         7999 	.data.b	17
00001ea4 6c627570   8000 	.data.b	112,117,98,108,105,99,107,101,121,0
00001ea8 656b6369 
00001eac 0079 
00001eae 01bb       8001 	.data.b	187,1
00001eb0 1a         8002 	.data.b	26
00001eb1 01         8003 	.data.b	1
00001eb2 00000000*  8004 	.data.w	.LDW_49cd228
00001eb6 00         8005 	.data.b	0
00001eb7 5001       8006 	.data.b	1,80
                    8007 
                    8008 .LDW_49cbf90:
00001eb9 11         8009 	.data.b	17
00001eba 76697270   8010 	.data.b	112,114,105,118,97,116,101,107,101,121,0
00001ebe 6b657461 
00001ec2 007965 
00001ec5 01bc       8011 	.data.b	188,1
00001ec7 12         8012 	.data.b	18
00001ec8 01         8013 	.data.b	1
00001ec9 00000000*  8014 	.data.w	.LDW_3732c10
00001ecd 00         8015 	.data.b	0
00001ece 5101       8016 	.data.b	1,81
                    8017 
                    8018 .LDW_49cc700:
00001ed0 1f         8019 	.data.b	31
00001ed1 00000000*  8020 	.data.w	.LDW64
00001ed5 00000000*  8021 	.data.w	.LDW74
                    8022 
00001ed9 00         8023 	.data.b	0
                    8024 
00001eda 00         8025 	.data.b	0
                    8026 
                    8027 .LDW_49ce280:
00001edb 16         8028 	.data.b	22
00001edc 5f676d48   8029 	.data.b	72,109,103,95,69,99,99,69,99,100,104,83,116,97,114,116,0
00001ee0 45636345 

                                                                      Page 139
                                                              C:\Windows\TEMP\gh_000098c3.si
00001ee4 53686463 
00001ee8 74726174 
00001eec 00 
00001eed 01c1       8030 	.data.b	193,1
00001eef 09         8031 	.data.b	9
00001ef0 01         8032 	.data.b	1
00001ef1 00000000*  8033 	.data.w	.LDW_4956928
00001ef5 00000000*  8034 	.data.w	Hmg_EccEcdhStart
00001ef9 00000000*  8035 	.data.w	__ghs_eofn_Hmg_EccEcdhStart
00001efd 5d01       8036 	.data.b	1,93
00001eff 00         8037 	.data.b	0
00001f00 04         8038 	.data.b	4
00001f01 00         8039 	.data.b	0
00001f02 7c         8040 	.data.b	124
00001f03 01         8041 	.data.b	1
00001f04 00         8042 	.data.b	0
00001f05 00         8043 	.data.b	0
00001f06 01         8044 	.data.b	1
00001f07 01         8045 	.data.b	1
00001f08 00         8046 	.data.b	0
00001f09 01         8047 	.data.b	1
                    8048 
                    8049 	.section	.debug_frame
                    8050 .LDW_4ba6050:
00000258 00000000*  8051 	.data.w	.LDW_unq_2a-.LDW_unq_29
                    8052 .LDW_unq_29:
0000025c 00000000*  8053 	.data.w	.LDW_4a14d18
00000260 00000000*  8054 	.data.w	Hmg_EccEcdhStart
00000264 00000004   8055 	.data.w	__ghs_eofn_Hmg_EccEcdhStart-Hmg_EccEcdhStart
00000268 01         8056 	.data.b	1
00000269 00000000*  8057 	.data.w	.LDW94
0000026d 00         8058 	.data.b	0
0000026e 00         8059 	.data.b	0
0000026f 00         8060 	.data.b	0
                    8061 .LDW_unq_2a:
                    8062 	.section	.debug_line
00000220 020500     8063 	.data.b	0,5,2
00000223 00000000*  8064 	.data.w	Hmg_EccEcdhStart
00000227 06         8065 	.data.b	6
00000228 03         8066 	.data.b	3
00000229 01c6       8067 	.data.b	198,1
0000022b 02         8068 	.data.b	2
0000022c 00         8069 	.data.b	0
0000022d 01         8070 	.data.b	1
0000022e 06         8071 	.data.b	6
0000022f 02         8072 	.data.b	2
00000230 02         8073 	.data.b	2
00000231 02         8074 	.data.b	2
00000232 02         8075 	.data.b	2
00000233 010100     8076 	.data.b	0,1,1
                    8077 	.section	.debug_info
                    8078 .LDW_49cc148:
00001f0a 11         8079 	.data.b	17
00001f0b 5f636345   8080 	.data.b	69,99,99,95,99,116,120,0
00001f0f 00787463 
00001f13 01c2       8081 	.data.b	194,1
00001f15 1c         8082 	.data.b	28
00001f16 01         8083 	.data.b	1
00001f17 00000000*  8084 	.data.w	.LDW_49cce00
00001f1b 00         8085 	.data.b	0
00001f1c 5001       8086 	.data.b	1,80

                                                                      Page 140
                                                              C:\Windows\TEMP\gh_000098c3.si
                    8087 
                    8088 .LDW_49cc0f0:
00001f1e 11         8089 	.data.b	17
00001f1f 76697270   8090 	.data.b	112,114,105,118,97,116,101,107,101,121,65,0
00001f23 6b657461 
00001f27 00417965 
00001f2b 01c3       8091 	.data.b	195,1
00001f2d 10         8092 	.data.b	16
00001f2e 01         8093 	.data.b	1
00001f2f 00000000*  8094 	.data.w	.LDW_3732c10
00001f33 00         8095 	.data.b	0
00001f34 5101       8096 	.data.b	1,81
                    8097 
                    8098 .LDW_49cbcd0:
00001f36 11         8099 	.data.b	17
00001f37 6c627570   8100 	.data.b	112,117,98,108,105,99,107,101,121,66,0
00001f3b 656b6369 
00001f3f 004279 
00001f42 01c4       8101 	.data.b	196,1
00001f44 19         8102 	.data.b	25
00001f45 01         8103 	.data.b	1
00001f46 00000000*  8104 	.data.w	.LDW_49ccf50
00001f4a 00         8105 	.data.b	0
00001f4b 5201       8106 	.data.b	1,82
                    8107 
                    8108 .LDW_49cc730:
00001f4d 1f         8109 	.data.b	31
00001f4e 00000000*  8110 	.data.w	.LDW84
00001f52 00000000*  8111 	.data.w	.LDW94
                    8112 
00001f56 00         8113 	.data.b	0
                    8114 
00001f57 00         8115 	.data.b	0
                    8116 
                    8117 .LDW_49cd608:
00001f58 16         8118 	.data.b	22
00001f59 5f676d48   8119 	.data.b	72,109,103,95,69,99,99,69,99,100,104,85,112,100,97,116,101,0
00001f5d 45636345 
00001f61 55686463 
00001f65 74616470 
00001f69 0065 
00001f6b 01c9       8120 	.data.b	201,1
00001f6d 09         8121 	.data.b	9
00001f6e 01         8122 	.data.b	1
00001f6f 00000000*  8123 	.data.w	.LDW_4956928
00001f73 00000000*  8124 	.data.w	Hmg_EccEcdhUpdate
00001f77 00000000*  8125 	.data.w	__ghs_eofn_Hmg_EccEcdhUpdate
00001f7b 5d01       8126 	.data.b	1,93
00001f7d 00         8127 	.data.b	0
00001f7e 04         8128 	.data.b	4
00001f7f 00         8129 	.data.b	0
00001f80 7c         8130 	.data.b	124
00001f81 01         8131 	.data.b	1
00001f82 00         8132 	.data.b	0
00001f83 00         8133 	.data.b	0
00001f84 01         8134 	.data.b	1
00001f85 01         8135 	.data.b	1
00001f86 00         8136 	.data.b	0
00001f87 01         8137 	.data.b	1
                    8138 
                    8139 	.section	.debug_frame

                                                                      Page 141
                                                              C:\Windows\TEMP\gh_000098c3.si
                    8140 .LDW_4ba5d90:
00000270 00000000*  8141 	.data.w	.LDW_unq_2c-.LDW_unq_2b
                    8142 .LDW_unq_2b:
00000274 00000000*  8143 	.data.w	.LDW_4a14d18
00000278 00000000*  8144 	.data.w	Hmg_EccEcdhUpdate
0000027c 00000004   8145 	.data.w	__ghs_eofn_Hmg_EccEcdhUpdate-Hmg_EccEcdhUpdate
00000280 01         8146 	.data.b	1
00000281 00000000*  8147 	.data.w	.LDW15
00000285 00         8148 	.data.b	0
00000286 00         8149 	.data.b	0
00000287 00         8150 	.data.b	0
                    8151 .LDW_unq_2c:
                    8152 	.section	.debug_line
00000236 020500     8153 	.data.b	0,5,2
00000239 00000000*  8154 	.data.w	Hmg_EccEcdhUpdate
0000023d 06         8155 	.data.b	6
0000023e 03         8156 	.data.b	3
0000023f 01cc       8157 	.data.b	204,1
00000241 02         8158 	.data.b	2
00000242 00         8159 	.data.b	0
00000243 01         8160 	.data.b	1
00000244 06         8161 	.data.b	6
00000245 02         8162 	.data.b	2
00000246 02         8163 	.data.b	2
00000247 02         8164 	.data.b	2
00000248 02         8165 	.data.b	2
00000249 010100     8166 	.data.b	0,1,1
                    8167 	.section	.debug_info
                    8168 .LDW_49cbd28:
00001f88 11         8169 	.data.b	17
00001f89 5f636345   8170 	.data.b	69,99,99,95,99,116,120,0
00001f8d 00787463 
00001f91 01ca       8171 	.data.b	202,1
00001f93 1c         8172 	.data.b	28
00001f94 01         8173 	.data.b	1
00001f95 00000000*  8174 	.data.w	.LDW_49cce00
00001f99 00         8175 	.data.b	0
00001f9a 5001       8176 	.data.b	1,80
                    8177 
                    8178 .LDW_49cc910:
00001f9c 1f         8179 	.data.b	31
00001f9d 00000000*  8180 	.data.w	.LDW05
00001fa1 00000000*  8181 	.data.w	.LDW15
                    8182 
00001fa5 00         8183 	.data.b	0
                    8184 
00001fa6 00         8185 	.data.b	0
                    8186 
                    8187 .LDW_49cd738:
00001fa7 16         8188 	.data.b	22
00001fa8 5f676d48   8189 	.data.b	72,109,103,95,69,99,99,69,99,100,104,70,105,110,105,115,104,0
00001fac 45636345 
00001fb0 46686463 
00001fb4 73696e69 
00001fb8 0068 
00001fba 01cf       8190 	.data.b	207,1
00001fbc 09         8191 	.data.b	9
00001fbd 01         8192 	.data.b	1
00001fbe 00000000*  8193 	.data.w	.LDW_4956928
00001fc2 00000000*  8194 	.data.w	Hmg_EccEcdhFinish
00001fc6 00000000*  8195 	.data.w	__ghs_eofn_Hmg_EccEcdhFinish

                                                                      Page 142
                                                              C:\Windows\TEMP\gh_000098c3.si
00001fca 5d01       8196 	.data.b	1,93
00001fcc 00         8197 	.data.b	0
00001fcd 04         8198 	.data.b	4
00001fce 00         8199 	.data.b	0
00001fcf 7c         8200 	.data.b	124
00001fd0 01         8201 	.data.b	1
00001fd1 00         8202 	.data.b	0
00001fd2 00         8203 	.data.b	0
00001fd3 01         8204 	.data.b	1
00001fd4 01         8205 	.data.b	1
00001fd5 00         8206 	.data.b	0
00001fd6 01         8207 	.data.b	1
                    8208 
                    8209 	.section	.debug_frame
                    8210 .LDW_4ba6290:
00000288 00000000*  8211 	.data.w	.LDW_unq_2e-.LDW_unq_2d
                    8212 .LDW_unq_2d:
0000028c 00000000*  8213 	.data.w	.LDW_4a14d18
00000290 00000000*  8214 	.data.w	Hmg_EccEcdhFinish
00000294 00000004   8215 	.data.w	__ghs_eofn_Hmg_EccEcdhFinish-Hmg_EccEcdhFinish
00000298 01         8216 	.data.b	1
00000299 00000000*  8217 	.data.w	.LDW35
0000029d 00         8218 	.data.b	0
0000029e 00         8219 	.data.b	0
0000029f 00         8220 	.data.b	0
                    8221 .LDW_unq_2e:
                    8222 	.section	.debug_line
0000024c 020500     8223 	.data.b	0,5,2
0000024f 00000000*  8224 	.data.w	Hmg_EccEcdhFinish
00000253 06         8225 	.data.b	6
00000254 03         8226 	.data.b	3
00000255 01d3       8227 	.data.b	211,1
00000257 02         8228 	.data.b	2
00000258 00         8229 	.data.b	0
00000259 01         8230 	.data.b	1
0000025a 06         8231 	.data.b	6
0000025b 02         8232 	.data.b	2
0000025c 02         8233 	.data.b	2
0000025d 02         8234 	.data.b	2
0000025e 02         8235 	.data.b	2
0000025f 010100     8236 	.data.b	0,1,1
                    8237 	.section	.debug_info
                    8238 .LDW_49d2798:
00001fd7 11         8239 	.data.b	17
00001fd8 5f636345   8240 	.data.b	69,99,99,95,99,116,120,0
00001fdc 00787463 
00001fe0 01d0       8241 	.data.b	208,1
00001fe2 1c         8242 	.data.b	28
00001fe3 01         8243 	.data.b	1
00001fe4 00000000*  8244 	.data.w	.LDW_49cce00
00001fe8 00         8245 	.data.b	0
00001fe9 5001       8246 	.data.b	1,80
                    8247 
                    8248 .LDW_49d3030:
00001feb 11         8249 	.data.b	17
00001fec 72636573   8250 	.data.b	115,101,99,114,101,116,86,97,108,117,101,0
00001ff0 61567465 
00001ff4 0065756c 
00001ff8 01d1       8251 	.data.b	209,1
00001ffa 11         8252 	.data.b	17
00001ffb 01         8253 	.data.b	1

                                                                      Page 143
                                                              C:\Windows\TEMP\gh_000098c3.si
00001ffc 00000000*  8254 	.data.w	.LDW_3732d60
00002000 00         8255 	.data.b	0
00002001 5101       8256 	.data.b	1,81
                    8257 
                    8258 .LDW_49cc400:
00002003 1f         8259 	.data.b	31
00002004 00000000*  8260 	.data.w	.LDW25
00002008 00000000*  8261 	.data.w	.LDW35
                    8262 
0000200c 00         8263 	.data.b	0
                    8264 
0000200d 00         8265 	.data.b	0
                    8266 
                    8267 .LDW_49cd868:
0000200e 16         8268 	.data.b	22
0000200f 5f676d48   8269 	.data.b	72,109,103,95,69,99,99,69,99,100,104,0
00002013 45636345 
00002017 00686463 
0000201b 01d6       8270 	.data.b	214,1
0000201d 09         8271 	.data.b	9
0000201e 01         8272 	.data.b	1
0000201f 00000000*  8273 	.data.w	.LDW_4956928
00002023 00000000*  8274 	.data.w	Hmg_EccEcdh
00002027 00000000*  8275 	.data.w	__ghs_eofn_Hmg_EccEcdh
0000202b 5d01       8276 	.data.b	1,93
0000202d 00         8277 	.data.b	0
0000202e 04         8278 	.data.b	4
0000202f 00         8279 	.data.b	0
00002030 7c         8280 	.data.b	124
00002031 01         8281 	.data.b	1
00002032 00         8282 	.data.b	0
00002033 00         8283 	.data.b	0
00002034 01         8284 	.data.b	1
00002035 01         8285 	.data.b	1
00002036 00         8286 	.data.b	0
00002037 01         8287 	.data.b	1
                    8288 
                    8289 	.section	.debug_frame
                    8290 .LDW_4ba6350:
000002a0 00000000*  8291 	.data.w	.LDW_unq_30-.LDW_unq_2f
                    8292 .LDW_unq_2f:
000002a4 00000000*  8293 	.data.w	.LDW_4a14d18
000002a8 00000000*  8294 	.data.w	Hmg_EccEcdh
000002ac 00000004   8295 	.data.w	__ghs_eofn_Hmg_EccEcdh-Hmg_EccEcdh
000002b0 01         8296 	.data.b	1
000002b1 00000000*  8297 	.data.w	.LDW55
000002b5 00         8298 	.data.b	0
000002b6 00         8299 	.data.b	0
000002b7 00         8300 	.data.b	0
                    8301 .LDW_unq_30:
                    8302 	.section	.debug_line
00000262 020500     8303 	.data.b	0,5,2
00000265 00000000*  8304 	.data.w	Hmg_EccEcdh
00000269 06         8305 	.data.b	6
0000026a 03         8306 	.data.b	3
0000026b 01db       8307 	.data.b	219,1
0000026d 02         8308 	.data.b	2
0000026e 00         8309 	.data.b	0
0000026f 01         8310 	.data.b	1
00000270 06         8311 	.data.b	6
00000271 02         8312 	.data.b	2

                                                                      Page 144
                                                              C:\Windows\TEMP\gh_000098c3.si
00000272 02         8313 	.data.b	2
00000273 02         8314 	.data.b	2
00000274 02         8315 	.data.b	2
00000275 010100     8316 	.data.b	0,1,1
                    8317 	.section	.debug_info
                    8318 .LDW_49d2e20:
00002038 11         8319 	.data.b	17
00002039 72636573   8320 	.data.b	115,101,99,114,101,116,86,97,108,117,101,0
0000203d 61567465 
00002041 0065756c 
00002045 01d7       8321 	.data.b	215,1
00002047 12         8322 	.data.b	18
00002048 01         8323 	.data.b	1
00002049 00000000*  8324 	.data.w	.LDW_3732d60
0000204d 00         8325 	.data.b	0
0000204e 5001       8326 	.data.b	1,80
                    8327 
                    8328 .LDW_49d2d70:
00002050 11         8329 	.data.b	17
00002051 76697270   8330 	.data.b	112,114,105,118,97,116,101,107,101,121,65,0
00002055 6b657461 
00002059 00417965 
0000205d 01d8       8331 	.data.b	216,1
0000205f 11         8332 	.data.b	17
00002060 01         8333 	.data.b	1
00002061 00000000*  8334 	.data.w	.LDW_3732c10
00002065 00         8335 	.data.b	0
00002066 5101       8336 	.data.b	1,81
                    8337 
                    8338 .LDW_49d2d18:
00002068 11         8339 	.data.b	17
00002069 6c627570   8340 	.data.b	112,117,98,108,105,99,107,101,121,66,0
0000206d 656b6369 
00002071 004279 
00002074 01d9       8341 	.data.b	217,1
00002076 19         8342 	.data.b	25
00002077 01         8343 	.data.b	1
00002078 00000000*  8344 	.data.w	.LDW_49ccf50
0000207c 00         8345 	.data.b	0
0000207d 5201       8346 	.data.b	1,82
                    8347 
                    8348 .LDW_49cca90:
0000207f 1f         8349 	.data.b	31
00002080 00000000*  8350 	.data.w	.LDW45
00002084 00000000*  8351 	.data.w	.LDW55
                    8352 
00002088 00         8353 	.data.b	0
                    8354 
00002089 00         8355 	.data.b	0
                    8356 
                    8357 .LDW_49cdef0:
0000208a 16         8358 	.data.b	22
0000208b 5f676d48   8359 	.data.b	72,109,103,95,69,99,99,69,99,100,115,97,83,105,103,110,83,116,97,114,116,0
0000208f 45636345 
00002093 61736463 
00002097 6e676953 
0000209b 72617453 
0000209f 0074 
000020a1 01df       8360 	.data.b	223,1
000020a3 09         8361 	.data.b	9
000020a4 01         8362 	.data.b	1

                                                                      Page 145
                                                              C:\Windows\TEMP\gh_000098c3.si
000020a5 00000000*  8363 	.data.w	.LDW_4956928
000020a9 00000000*  8364 	.data.w	Hmg_EccEcdsaSignStart
000020ad 00000000*  8365 	.data.w	__ghs_eofn_Hmg_EccEcdsaSignStart
000020b1 5d01       8366 	.data.b	1,93
000020b3 00         8367 	.data.b	0
000020b4 04         8368 	.data.b	4
000020b5 00         8369 	.data.b	0
000020b6 7c         8370 	.data.b	124
000020b7 01         8371 	.data.b	1
000020b8 00         8372 	.data.b	0
000020b9 00         8373 	.data.b	0
000020ba 01         8374 	.data.b	1
000020bb 01         8375 	.data.b	1
000020bc 00         8376 	.data.b	0
000020bd 01         8377 	.data.b	1
                    8378 
                    8379 	.section	.debug_frame
                    8380 .LDW_4ba6990:
000002b8 00000000*  8381 	.data.w	.LDW_unq_32-.LDW_unq_31
                    8382 .LDW_unq_31:
000002bc 00000000*  8383 	.data.w	.LDW_4a14d18
000002c0 00000000*  8384 	.data.w	Hmg_EccEcdsaSignStart
000002c4 00000004   8385 	.data.w	__ghs_eofn_Hmg_EccEcdsaSignStart-Hmg_EccEcdsaSignStart
000002c8 01         8386 	.data.b	1
000002c9 00000000*  8387 	.data.w	.LDW75
000002cd 00         8388 	.data.b	0
000002ce 00         8389 	.data.b	0
000002cf 00         8390 	.data.b	0
                    8391 .LDW_unq_32:
                    8392 	.section	.debug_line
00000278 020500     8393 	.data.b	0,5,2
0000027b 00000000*  8394 	.data.w	Hmg_EccEcdsaSignStart
0000027f 06         8395 	.data.b	6
00000280 03         8396 	.data.b	3
00000281 01e3       8397 	.data.b	227,1
00000283 02         8398 	.data.b	2
00000284 00         8399 	.data.b	0
00000285 01         8400 	.data.b	1
00000286 06         8401 	.data.b	6
00000287 02         8402 	.data.b	2
00000288 02         8403 	.data.b	2
00000289 02         8404 	.data.b	2
0000028a 02         8405 	.data.b	2
0000028b 010100     8406 	.data.b	0,1,1
                    8407 	.section	.debug_info
                    8408 .LDW_49d2dc8:
000020be 11         8409 	.data.b	17
000020bf 5f636345   8410 	.data.b	69,99,99,95,99,116,120,0
000020c3 00787463 
000020c7 01e0       8411 	.data.b	224,1
000020c9 1c         8412 	.data.b	28
000020ca 01         8413 	.data.b	1
000020cb 00000000*  8414 	.data.w	.LDW_49cce00
000020cf 00         8415 	.data.b	0
000020d0 5001       8416 	.data.b	1,80
                    8417 
                    8418 .LDW_49d2588:
000020d2 11         8419 	.data.b	17
000020d3 72636573   8420 	.data.b	115,101,99,114,101,116,78,117,109,98,101,114,0
000020d7 754e7465 
000020db 7265626d 

                                                                      Page 146
                                                              C:\Windows\TEMP\gh_000098c3.si
000020df 00 
000020e0 01e1       8421 	.data.b	225,1
000020e2 10         8422 	.data.b	16
000020e3 01         8423 	.data.b	1
000020e4 00000000*  8424 	.data.w	.LDW_3732c10
000020e8 00         8425 	.data.b	0
000020e9 5101       8426 	.data.b	1,81
                    8427 
                    8428 .LDW_49cc9a0:
000020eb 1f         8429 	.data.b	31
000020ec 00000000*  8430 	.data.w	.LDW65
000020f0 00000000*  8431 	.data.w	.LDW75
                    8432 
000020f4 00         8433 	.data.b	0
                    8434 
000020f5 00         8435 	.data.b	0
                    8436 
                    8437 .LDW_49ce318:
000020f6 16         8438 	.data.b	22
000020f7 5f676d48   8439 	.data.b	72,109,103,95,69,99,99,69,99,100,115,97,83,105,103,110,85,112,100,97,116,101,0
000020fb 45636345 
000020ff 61736463 
00002103 6e676953 
00002107 61647055 
0000210b 006574 
0000210e 01e6       8440 	.data.b	230,1
00002110 09         8441 	.data.b	9
00002111 01         8442 	.data.b	1
00002112 00000000*  8443 	.data.w	.LDW_4956928
00002116 00000000*  8444 	.data.w	Hmg_EccEcdsaSignUpdate
0000211a 00000000*  8445 	.data.w	__ghs_eofn_Hmg_EccEcdsaSignUpdate
0000211e 5d01       8446 	.data.b	1,93
00002120 00         8447 	.data.b	0
00002121 04         8448 	.data.b	4
00002122 00         8449 	.data.b	0
00002123 7c         8450 	.data.b	124
00002124 01         8451 	.data.b	1
00002125 00         8452 	.data.b	0
00002126 00         8453 	.data.b	0
00002127 01         8454 	.data.b	1
00002128 01         8455 	.data.b	1
00002129 00         8456 	.data.b	0
0000212a 01         8457 	.data.b	1
                    8458 
                    8459 	.section	.debug_frame
                    8460 .LDW_4ba6b50:
000002d0 00000000*  8461 	.data.w	.LDW_unq_34-.LDW_unq_33
                    8462 .LDW_unq_33:
000002d4 00000000*  8463 	.data.w	.LDW_4a14d18
000002d8 00000000*  8464 	.data.w	Hmg_EccEcdsaSignUpdate
000002dc 00000004   8465 	.data.w	__ghs_eofn_Hmg_EccEcdsaSignUpdate-Hmg_EccEcdsaSignUpdate
000002e0 01         8466 	.data.b	1
000002e1 00000000*  8467 	.data.w	.LDW95
000002e5 00         8468 	.data.b	0
000002e6 00         8469 	.data.b	0
000002e7 00         8470 	.data.b	0
                    8471 .LDW_unq_34:
                    8472 	.section	.debug_line
0000028e 020500     8473 	.data.b	0,5,2
00000291 00000000*  8474 	.data.w	Hmg_EccEcdsaSignUpdate
00000295 06         8475 	.data.b	6

                                                                      Page 147
                                                              C:\Windows\TEMP\gh_000098c3.si
00000296 03         8476 	.data.b	3
00000297 01e9       8477 	.data.b	233,1
00000299 02         8478 	.data.b	2
0000029a 00         8479 	.data.b	0
0000029b 01         8480 	.data.b	1
0000029c 06         8481 	.data.b	6
0000029d 02         8482 	.data.b	2
0000029e 02         8483 	.data.b	2
0000029f 02         8484 	.data.b	2
000002a0 02         8485 	.data.b	2
000002a1 010100     8486 	.data.b	0,1,1
                    8487 	.section	.debug_info
                    8488 .LDW_49d28a0:
0000212b 11         8489 	.data.b	17
0000212c 5f636345   8490 	.data.b	69,99,99,95,99,116,120,0
00002130 00787463 
00002134 01e7       8491 	.data.b	231,1
00002136 1c         8492 	.data.b	28
00002137 01         8493 	.data.b	1
00002138 00000000*  8494 	.data.w	.LDW_49cce00
0000213c 00         8495 	.data.b	0
0000213d 5001       8496 	.data.b	1,80
                    8497 
                    8498 .LDW_49cca00:
0000213f 1f         8499 	.data.b	31
00002140 00000000*  8500 	.data.w	.LDW85
00002144 00000000*  8501 	.data.w	.LDW95
                    8502 
00002148 00         8503 	.data.b	0
                    8504 
00002149 00         8505 	.data.b	0
                    8506 
                    8507 .LDW_49ce3b0:
0000214a 16         8508 	.data.b	22
0000214b 5f676d48   8509 	.data.b	72,109,103,95,69,99,99,69,99,100,115,97,83,105,103,110,70,105,110,105,115,104,0
0000214f 45636345 
00002153 61736463 
00002157 6e676953 
0000215b 696e6946 
0000215f 006873 
00002162 01ec       8510 	.data.b	236,1
00002164 09         8511 	.data.b	9
00002165 01         8512 	.data.b	1
00002166 00000000*  8513 	.data.w	.LDW_4956928
0000216a 00000000*  8514 	.data.w	Hmg_EccEcdsaSignFinish
0000216e 00000000*  8515 	.data.w	__ghs_eofn_Hmg_EccEcdsaSignFinish
00002172 5d01       8516 	.data.b	1,93
00002174 00         8517 	.data.b	0
00002175 04         8518 	.data.b	4
00002176 00         8519 	.data.b	0
00002177 7c         8520 	.data.b	124
00002178 01         8521 	.data.b	1
00002179 00         8522 	.data.b	0
0000217a 00         8523 	.data.b	0
0000217b 01         8524 	.data.b	1
0000217c 01         8525 	.data.b	1
0000217d 00         8526 	.data.b	0
0000217e 01         8527 	.data.b	1
                    8528 
                    8529 	.section	.debug_frame
                    8530 .LDW_4ba3790:

                                                                      Page 148
                                                              C:\Windows\TEMP\gh_000098c3.si
000002e8 00000000*  8531 	.data.w	.LDW_unq_36-.LDW_unq_35
                    8532 .LDW_unq_35:
000002ec 00000000*  8533 	.data.w	.LDW_4a14d18
000002f0 00000000*  8534 	.data.w	Hmg_EccEcdsaSignFinish
000002f4 00000004   8535 	.data.w	__ghs_eofn_Hmg_EccEcdsaSignFinish-Hmg_EccEcdsaSignFinish
000002f8 01         8536 	.data.b	1
000002f9 00000000*  8537 	.data.w	.LDW16
000002fd 00         8538 	.data.b	0
000002fe 00         8539 	.data.b	0
000002ff 00         8540 	.data.b	0
                    8541 .LDW_unq_36:
                    8542 	.section	.debug_line
000002a4 020500     8543 	.data.b	0,5,2
000002a7 00000000*  8544 	.data.w	Hmg_EccEcdsaSignFinish
000002ab 06         8545 	.data.b	6
000002ac 03         8546 	.data.b	3
000002ad 01f2       8547 	.data.b	242,1
000002af 02         8548 	.data.b	2
000002b0 00         8549 	.data.b	0
000002b1 01         8550 	.data.b	1
000002b2 06         8551 	.data.b	6
000002b3 02         8552 	.data.b	2
000002b4 02         8553 	.data.b	2
000002b5 02         8554 	.data.b	2
000002b6 02         8555 	.data.b	2
000002b7 010100     8556 	.data.b	0,1,1
                    8557 	.section	.debug_info
                    8558 .LDW_49d2bb8:
0000217f 11         8559 	.data.b	17
00002180 5f636345   8560 	.data.b	69,99,99,95,99,116,120,0
00002184 00787463 
00002188 01ed       8561 	.data.b	237,1
0000218a 1c         8562 	.data.b	28
0000218b 01         8563 	.data.b	1
0000218c 00000000*  8564 	.data.w	.LDW_49cce00
00002190 00         8565 	.data.b	0
00002191 5001       8566 	.data.b	1,80
                    8567 
                    8568 .LDW_49d25e0:
00002193 11         8569 	.data.b	17
00002194 6e676973   8570 	.data.b	115,105,103,110,97,116,117,114,101,0
00002198 72757461 
0000219c 0065 
0000219e 01ee       8571 	.data.b	238,1
000021a0 18         8572 	.data.b	24
000021a1 01         8573 	.data.b	1
000021a2 00000000*  8574 	.data.w	.LDW_49ccff8
000021a6 00         8575 	.data.b	0
000021a7 5101       8576 	.data.b	1,81
                    8577 
                    8578 .LDW_49d2a00:
000021a9 11         8579 	.data.b	17
000021aa 68736168   8580 	.data.b	104,97,115,104,101,100,77,101,115,115,97,103,101,0
000021ae 654d6465 
000021b2 67617373 
000021b6 0065 
000021b8 01ef       8581 	.data.b	239,1
000021ba 11         8582 	.data.b	17
000021bb 01         8583 	.data.b	1
000021bc 00000000*  8584 	.data.w	.LDW_3732c10
000021c0 00         8585 	.data.b	0

                                                                      Page 149
                                                              C:\Windows\TEMP\gh_000098c3.si
000021c1 5201       8586 	.data.b	1,82
                    8587 
                    8588 .LDW_49d2690:
000021c3 11         8589 	.data.b	17
000021c4 76697270   8590 	.data.b	112,114,105,118,97,116,101,107,101,121,0
000021c8 6b657461 
000021cc 007965 
000021cf 01f0       8591 	.data.b	240,1
000021d1 10         8592 	.data.b	16
000021d2 01         8593 	.data.b	1
000021d3 00000000*  8594 	.data.w	.LDW_3732c10
000021d7 00         8595 	.data.b	0
000021d8 5301       8596 	.data.b	1,83
                    8597 
                    8598 .LDW_49d3f00:
000021da 1f         8599 	.data.b	31
000021db 00000000*  8600 	.data.w	.LDW06
000021df 00000000*  8601 	.data.w	.LDW16
                    8602 
000021e3 00         8603 	.data.b	0
                    8604 
000021e4 00         8605 	.data.b	0
                    8606 
                    8607 .LDW_49ce448:
000021e5 16         8608 	.data.b	22
000021e6 5f676d48   8609 	.data.b	72,109,103,95,69,99,99,69,99,100,115,97,83,105,103,110,0
000021ea 45636345 
000021ee 61736463 
000021f2 6e676953 
000021f6 00 
000021f7 01f5       8610 	.data.b	245,1
000021f9 09         8611 	.data.b	9
000021fa 01         8612 	.data.b	1
000021fb 00000000*  8613 	.data.w	.LDW_4956928
000021ff 00000000*  8614 	.data.w	Hmg_EccEcdsaSign
00002203 00000000*  8615 	.data.w	__ghs_eofn_Hmg_EccEcdsaSign
00002207 5d01       8616 	.data.b	1,93
00002209 00         8617 	.data.b	0
0000220a 04         8618 	.data.b	4
0000220b 00         8619 	.data.b	0
0000220c 7c         8620 	.data.b	124
0000220d 01         8621 	.data.b	1
0000220e 00         8622 	.data.b	0
0000220f 00         8623 	.data.b	0
00002210 01         8624 	.data.b	1
00002211 01         8625 	.data.b	1
00002212 00         8626 	.data.b	0
00002213 01         8627 	.data.b	1
                    8628 
                    8629 	.section	.debug_frame
                    8630 .LDW_4ba3390:
00000300 00000000*  8631 	.data.w	.LDW_unq_38-.LDW_unq_37
                    8632 .LDW_unq_37:
00000304 00000000*  8633 	.data.w	.LDW_4a14d18
00000308 00000000*  8634 	.data.w	Hmg_EccEcdsaSign
0000030c 00000004   8635 	.data.w	__ghs_eofn_Hmg_EccEcdsaSign-Hmg_EccEcdsaSign
00000310 01         8636 	.data.b	1
00000311 00000000*  8637 	.data.w	.LDW36
00000315 00         8638 	.data.b	0
00000316 00         8639 	.data.b	0
00000317 00         8640 	.data.b	0

                                                                      Page 150
                                                              C:\Windows\TEMP\gh_000098c3.si
                    8641 .LDW_unq_38:
                    8642 	.section	.debug_line
000002ba 020500     8643 	.data.b	0,5,2
000002bd 00000000*  8644 	.data.w	Hmg_EccEcdsaSign
000002c1 06         8645 	.data.b	6
000002c2 03         8646 	.data.b	3
000002c3 01fb       8647 	.data.b	251,1
000002c5 02         8648 	.data.b	2
000002c6 00         8649 	.data.b	0
000002c7 01         8650 	.data.b	1
000002c8 06         8651 	.data.b	6
000002c9 02         8652 	.data.b	2
000002ca 02         8653 	.data.b	2
000002cb 02         8654 	.data.b	2
000002cc 02         8655 	.data.b	2
000002cd 010100     8656 	.data.b	0,1,1
                    8657 	.section	.debug_info
                    8658 .LDW_49d26e8:
00002214 11         8659 	.data.b	17
00002215 6e676973   8660 	.data.b	115,105,103,110,97,116,117,114,101,0
00002219 72757461 
0000221d 0065 
0000221f 01f6       8661 	.data.b	246,1
00002221 1b         8662 	.data.b	27
00002222 01         8663 	.data.b	1
00002223 00000000*  8664 	.data.w	.LDW_49ccff8
00002227 00         8665 	.data.b	0
00002228 5001       8666 	.data.b	1,80
                    8667 
                    8668 .LDW_49d2f80:
0000222a 11         8669 	.data.b	17
0000222b 68736168   8670 	.data.b	104,97,115,104,101,100,77,101,115,115,97,103,101,0
0000222f 654d6465 
00002233 67617373 
00002237 0065 
00002239 01f7       8671 	.data.b	247,1
0000223b 15         8672 	.data.b	21
0000223c 01         8673 	.data.b	1
0000223d 00000000*  8674 	.data.w	.LDW_3732c10
00002241 00         8675 	.data.b	0
00002242 5101       8676 	.data.b	1,81
                    8677 
                    8678 .LDW_49d28f8:
00002244 11         8679 	.data.b	17
00002245 72636573   8680 	.data.b	115,101,99,114,101,116,78,117,109,98,101,114,0
00002249 754e7465 
0000224d 7265626d 
00002251 00 
00002252 01f8       8681 	.data.b	248,1
00002254 15         8682 	.data.b	21
00002255 01         8683 	.data.b	1
00002256 00000000*  8684 	.data.w	.LDW_3732c10
0000225a 00         8685 	.data.b	0
0000225b 5201       8686 	.data.b	1,82
                    8687 
                    8688 .LDW_49d27f0:
0000225d 11         8689 	.data.b	17
0000225e 76697270   8690 	.data.b	112,114,105,118,97,116,101,107,101,121,0
00002262 6b657461 
00002266 007965 
00002269 01f9       8691 	.data.b	249,1

                                                                      Page 151
                                                              C:\Windows\TEMP\gh_000098c3.si
0000226b 15         8692 	.data.b	21
0000226c 01         8693 	.data.b	1
0000226d 00000000*  8694 	.data.w	.LDW_3732c10
00002271 00         8695 	.data.b	0
00002272 5301       8696 	.data.b	1,83
                    8697 
                    8698 .LDW_49d3bd0:
00002274 1f         8699 	.data.b	31
00002275 00000000*  8700 	.data.w	.LDW26
00002279 00000000*  8701 	.data.w	.LDW36
                    8702 
0000227d 00         8703 	.data.b	0
                    8704 
0000227e 00         8705 	.data.b	0
                    8706 
                    8707 .LDW_49cd900:
0000227f 16         8708 	.data.b	22
00002280 5f676d48   8709 	.data.b	72,109,103,95,69,99,99,69,99,100,115,97,86,101,114,105,102,121,83,116,97,114,116,0
00002284 45636345 
00002288 61736463 
0000228c 69726556 
00002290 74537966 
00002294 00747261 
00002298 01ff       8710 	.data.b	255,1
0000229a 09         8711 	.data.b	9
0000229b 01         8712 	.data.b	1
0000229c 00000000*  8713 	.data.w	.LDW_4956928
000022a0 00000000*  8714 	.data.w	Hmg_EccEcdsaVerifyStart
000022a4 00000000*  8715 	.data.w	__ghs_eofn_Hmg_EccEcdsaVerifyStart
000022a8 5d01       8716 	.data.b	1,93
000022aa 00         8717 	.data.b	0
000022ab 04         8718 	.data.b	4
000022ac 00         8719 	.data.b	0
000022ad 7c         8720 	.data.b	124
000022ae 01         8721 	.data.b	1
000022af 00         8722 	.data.b	0
000022b0 00         8723 	.data.b	0
000022b1 01         8724 	.data.b	1
000022b2 01         8725 	.data.b	1
000022b3 00         8726 	.data.b	0
000022b4 01         8727 	.data.b	1
                    8728 
                    8729 	.section	.debug_frame
                    8730 .LDW_4ba3f50:
00000318 00000000*  8731 	.data.w	.LDW_unq_3a-.LDW_unq_39
                    8732 .LDW_unq_39:
0000031c 00000000*  8733 	.data.w	.LDW_4a14d18
00000320 00000000*  8734 	.data.w	Hmg_EccEcdsaVerifyStart
00000324 00000004   8735 	.data.w	__ghs_eofn_Hmg_EccEcdsaVerifyStart-Hmg_EccEcdsaVerifyStart
00000328 01         8736 	.data.b	1
00000329 00000000*  8737 	.data.w	.LDW56
0000032d 00         8738 	.data.b	0
0000032e 00         8739 	.data.b	0
0000032f 00         8740 	.data.b	0
                    8741 .LDW_unq_3a:
                    8742 	.section	.debug_line
000002d0 020500     8743 	.data.b	0,5,2
000002d3 00000000*  8744 	.data.w	Hmg_EccEcdsaVerifyStart
000002d7 06         8745 	.data.b	6
000002d8 03         8746 	.data.b	3
000002d9 0285       8747 	.data.b	133,2

                                                                      Page 152
                                                              C:\Windows\TEMP\gh_000098c3.si
000002db 02         8748 	.data.b	2
000002dc 00         8749 	.data.b	0
000002dd 01         8750 	.data.b	1
000002de 06         8751 	.data.b	6
000002df 02         8752 	.data.b	2
000002e0 02         8753 	.data.b	2
000002e1 02         8754 	.data.b	2
000002e2 02         8755 	.data.b	2
000002e3 010100     8756 	.data.b	0,1,1
                    8757 	.section	.debug_info
                    8758 .LDW_49d2950:
000022b5 11         8759 	.data.b	17
000022b6 5f636345   8760 	.data.b	69,99,99,95,99,116,120,0
000022ba 00787463 
000022be 0280       8761 	.data.b	128,2
000022c0 1c         8762 	.data.b	28
000022c1 01         8763 	.data.b	1
000022c2 00000000*  8764 	.data.w	.LDW_49cce00
000022c6 00         8765 	.data.b	0
000022c7 5001       8766 	.data.b	1,80
                    8767 
                    8768 .LDW_49d2740:
000022c9 11         8769 	.data.b	17
000022ca 6e676973   8770 	.data.b	115,105,103,110,97,116,117,114,101,0
000022ce 72757461 
000022d2 0065 
000022d4 0281       8771 	.data.b	129,2
000022d6 17         8772 	.data.b	23
000022d7 01         8773 	.data.b	1
000022d8 00000000*  8774 	.data.w	.LDW_49cd0a0
000022dc 00         8775 	.data.b	0
000022dd 5101       8776 	.data.b	1,81
                    8777 
                    8778 .LDW_49d2f28:
000022df 11         8779 	.data.b	17
000022e0 68736168   8780 	.data.b	104,97,115,104,101,100,77,101,115,115,97,103,101,0
000022e4 654d6465 
000022e8 67617373 
000022ec 0065 
000022ee 0282       8781 	.data.b	130,2
000022f0 10         8782 	.data.b	16
000022f1 01         8783 	.data.b	1
000022f2 00000000*  8784 	.data.w	.LDW_3732c10
000022f6 00         8785 	.data.b	0
000022f7 5201       8786 	.data.b	1,82
                    8787 
                    8788 .LDW_49d29a8:
000022f9 11         8789 	.data.b	17
000022fa 6c627570   8790 	.data.b	112,117,98,108,105,99,107,101,121,0
000022fe 656b6369 
00002302 0079 
00002304 0283       8791 	.data.b	131,2
00002306 19         8792 	.data.b	25
00002307 01         8793 	.data.b	1
00002308 00000000*  8794 	.data.w	.LDW_49ccf50
0000230c 00         8795 	.data.b	0
0000230d 5301       8796 	.data.b	1,83
                    8797 
                    8798 .LDW_49d3d20:
0000230f 1f         8799 	.data.b	31
00002310 00000000*  8800 	.data.w	.LDW46

                                                                      Page 153
                                                              C:\Windows\TEMP\gh_000098c3.si
00002314 00000000*  8801 	.data.w	.LDW56
                    8802 
00002318 00         8803 	.data.b	0
                    8804 
00002319 00         8805 	.data.b	0
                    8806 
                    8807 .LDW_49cd570:
0000231a 16         8808 	.data.b	22
0000231b 5f676d48   8809 	.data.b	72,109,103,95,69,99,99,69,99,100,115,97,86,101,114,105,102,121,85,112,100,97,116,101,0
0000231f 45636345 
00002323 61736463 
00002327 69726556 
0000232b 70557966 
0000232f 65746164 
00002333 00 
00002334 0288       8810 	.data.b	136,2
00002336 09         8811 	.data.b	9
00002337 01         8812 	.data.b	1
00002338 00000000*  8813 	.data.w	.LDW_4956928
0000233c 00000000*  8814 	.data.w	Hmg_EccEcdsaVerifyUpdate
00002340 00000000*  8815 	.data.w	__ghs_eofn_Hmg_EccEcdsaVerifyUpdate
00002344 5d01       8816 	.data.b	1,93
00002346 00         8817 	.data.b	0
00002347 04         8818 	.data.b	4
00002348 00         8819 	.data.b	0
00002349 7c         8820 	.data.b	124
0000234a 01         8821 	.data.b	1
0000234b 00         8822 	.data.b	0
0000234c 00         8823 	.data.b	0
0000234d 01         8824 	.data.b	1
0000234e 01         8825 	.data.b	1
0000234f 00         8826 	.data.b	0
00002350 01         8827 	.data.b	1
                    8828 
                    8829 	.section	.debug_frame
                    8830 .LDW_4ba3cd0:
00000330 00000000*  8831 	.data.w	.LDW_unq_3c-.LDW_unq_3b
                    8832 .LDW_unq_3b:
00000334 00000000*  8833 	.data.w	.LDW_4a14d18
00000338 00000000*  8834 	.data.w	Hmg_EccEcdsaVerifyUpdate
0000033c 00000004   8835 	.data.w	__ghs_eofn_Hmg_EccEcdsaVerifyUpdate-Hmg_EccEcdsaVerifyUpdate
00000340 01         8836 	.data.b	1
00000341 00000000*  8837 	.data.w	.LDW76
00000345 00         8838 	.data.b	0
00000346 00         8839 	.data.b	0
00000347 00         8840 	.data.b	0
                    8841 .LDW_unq_3c:
                    8842 	.section	.debug_line
000002e6 020500     8843 	.data.b	0,5,2
000002e9 00000000*  8844 	.data.w	Hmg_EccEcdsaVerifyUpdate
000002ed 06         8845 	.data.b	6
000002ee 03         8846 	.data.b	3
000002ef 028b       8847 	.data.b	139,2
000002f1 02         8848 	.data.b	2
000002f2 00         8849 	.data.b	0
000002f3 01         8850 	.data.b	1
000002f4 06         8851 	.data.b	6
000002f5 02         8852 	.data.b	2
000002f6 02         8853 	.data.b	2
000002f7 02         8854 	.data.b	2
000002f8 02         8855 	.data.b	2

                                                                      Page 154
                                                              C:\Windows\TEMP\gh_000098c3.si
000002f9 010100     8856 	.data.b	0,1,1
                    8857 	.section	.debug_info
                    8858 .LDW_49d2cc0:
00002351 11         8859 	.data.b	17
00002352 5f636345   8860 	.data.b	69,99,99,95,99,116,120,0
00002356 00787463 
0000235a 0289       8861 	.data.b	137,2
0000235c 1c         8862 	.data.b	28
0000235d 01         8863 	.data.b	1
0000235e 00000000*  8864 	.data.w	.LDW_49cce00
00002362 00         8865 	.data.b	0
00002363 5001       8866 	.data.b	1,80
                    8867 
                    8868 .LDW_49d3ae0:
00002365 1f         8869 	.data.b	31
00002366 00000000*  8870 	.data.w	.LDW66
0000236a 00000000*  8871 	.data.w	.LDW76
                    8872 
0000236e 00         8873 	.data.b	0
                    8874 
0000236f 00         8875 	.data.b	0
                    8876 
                    8877 .LDW_49cddc0:
00002370 16         8878 	.data.b	22
00002371 5f676d48   8879 	.data.b	72,109,103,95,69,99,99,69,99,100,115,97,86,101,114,105,102,121,70,105,110,105,115,104,0
00002375 45636345 
00002379 61736463 
0000237d 69726556 
00002381 69467966 
00002385 6873696e 
00002389 00 
0000238a 028e       8880 	.data.b	142,2
0000238c 09         8881 	.data.b	9
0000238d 01         8882 	.data.b	1
0000238e 00000000*  8883 	.data.w	.LDW_4956928
00002392 00000000*  8884 	.data.w	Hmg_EccEcdsaVerifyFinish
00002396 00000000*  8885 	.data.w	__ghs_eofn_Hmg_EccEcdsaVerifyFinish
0000239a 5d01       8886 	.data.b	1,93
0000239c 00         8887 	.data.b	0
0000239d 04         8888 	.data.b	4
0000239e 00         8889 	.data.b	0
0000239f 7c         8890 	.data.b	124
000023a0 01         8891 	.data.b	1
000023a1 00         8892 	.data.b	0
000023a2 00         8893 	.data.b	0
000023a3 01         8894 	.data.b	1
000023a4 01         8895 	.data.b	1
000023a5 00         8896 	.data.b	0
000023a6 01         8897 	.data.b	1
                    8898 
                    8899 	.section	.debug_frame
                    8900 .LDW_4ba4090:
00000348 00000000*  8901 	.data.w	.LDW_unq_3e-.LDW_unq_3d
                    8902 .LDW_unq_3d:
0000034c 00000000*  8903 	.data.w	.LDW_4a14d18
00000350 00000000*  8904 	.data.w	Hmg_EccEcdsaVerifyFinish
00000354 00000004   8905 	.data.w	__ghs_eofn_Hmg_EccEcdsaVerifyFinish-Hmg_EccEcdsaVerifyFinish
00000358 01         8906 	.data.b	1
00000359 00000000*  8907 	.data.w	.LDW96
0000035d 00         8908 	.data.b	0
0000035e 00         8909 	.data.b	0

                                                                      Page 155
                                                              C:\Windows\TEMP\gh_000098c3.si
0000035f 00         8910 	.data.b	0
                    8911 .LDW_unq_3e:
                    8912 	.section	.debug_line
000002fc 020500     8913 	.data.b	0,5,2
000002ff 00000000*  8914 	.data.w	Hmg_EccEcdsaVerifyFinish
00000303 06         8915 	.data.b	6
00000304 03         8916 	.data.b	3
00000305 0291       8917 	.data.b	145,2
00000307 02         8918 	.data.b	2
00000308 00         8919 	.data.b	0
00000309 01         8920 	.data.b	1
0000030a 06         8921 	.data.b	6
0000030b 02         8922 	.data.b	2
0000030c 02         8923 	.data.b	2
0000030d 02         8924 	.data.b	2
0000030e 02         8925 	.data.b	2
0000030f 010100     8926 	.data.b	0,1,1
                    8927 	.section	.debug_info
                    8928 .LDW_49d2ab0:
000023a7 11         8929 	.data.b	17
000023a8 5f636345   8930 	.data.b	69,99,99,95,99,116,120,0
000023ac 00787463 
000023b0 028f       8931 	.data.b	143,2
000023b2 1c         8932 	.data.b	28
000023b3 01         8933 	.data.b	1
000023b4 00000000*  8934 	.data.w	.LDW_49cce00
000023b8 00         8935 	.data.b	0
000023b9 5001       8936 	.data.b	1,80
                    8937 
                    8938 .LDW_49d3e70:
000023bb 1f         8939 	.data.b	31
000023bc 00000000*  8940 	.data.w	.LDW86
000023c0 00000000*  8941 	.data.w	.LDW96
                    8942 
000023c4 00         8943 	.data.b	0
                    8944 
000023c5 00         8945 	.data.b	0
                    8946 
                    8947 .LDW_49ce0b8:
000023c6 16         8948 	.data.b	22
000023c7 5f676d48   8949 	.data.b	72,109,103,95,69,99,99,69,99,100,115,97,86,101,114,105,102,121,0
000023cb 45636345 
000023cf 61736463 
000023d3 69726556 
000023d7 007966 
000023da 0294       8950 	.data.b	148,2
000023dc 09         8951 	.data.b	9
000023dd 01         8952 	.data.b	1
000023de 00000000*  8953 	.data.w	.LDW_4956928
000023e2 00000000*  8954 	.data.w	Hmg_EccEcdsaVerify
000023e6 00000000*  8955 	.data.w	__ghs_eofn_Hmg_EccEcdsaVerify
000023ea 5d01       8956 	.data.b	1,93
000023ec 00         8957 	.data.b	0
000023ed 04         8958 	.data.b	4
000023ee 00         8959 	.data.b	0
000023ef 7c         8960 	.data.b	124
000023f0 01         8961 	.data.b	1
000023f1 00         8962 	.data.b	0
000023f2 00         8963 	.data.b	0
000023f3 01         8964 	.data.b	1
000023f4 01         8965 	.data.b	1

                                                                      Page 156
                                                              C:\Windows\TEMP\gh_000098c3.si
000023f5 00         8966 	.data.b	0
000023f6 01         8967 	.data.b	1
                    8968 
                    8969 	.section	.debug_frame
                    8970 .LDW_4ba4850:
00000360 00000000*  8971 	.data.w	.LDW_unq_40-.LDW_unq_3f
                    8972 .LDW_unq_3f:
00000364 00000000*  8973 	.data.w	.LDW_4a14d18
00000368 00000000*  8974 	.data.w	Hmg_EccEcdsaVerify
0000036c 00000004   8975 	.data.w	__ghs_eofn_Hmg_EccEcdsaVerify-Hmg_EccEcdsaVerify
00000370 01         8976 	.data.b	1
00000371 00000000*  8977 	.data.w	.LDW17
00000375 00         8978 	.data.b	0
00000376 00         8979 	.data.b	0
00000377 00         8980 	.data.b	0
                    8981 .LDW_unq_40:
                    8982 	.section	.debug_line
00000312 020500     8983 	.data.b	0,5,2
00000315 00000000*  8984 	.data.w	Hmg_EccEcdsaVerify
00000319 06         8985 	.data.b	6
0000031a 03         8986 	.data.b	3
0000031b 0299       8987 	.data.b	153,2
0000031d 02         8988 	.data.b	2
0000031e 00         8989 	.data.b	0
0000031f 01         8990 	.data.b	1
00000320 06         8991 	.data.b	6
00000321 02         8992 	.data.b	2
00000322 02         8993 	.data.b	2
00000323 02         8994 	.data.b	2
00000324 02         8995 	.data.b	2
00000325 010100     8996 	.data.b	0,1,1
                    8997 	.section	.debug_info
                    8998 .LDW_49d2b08:
000023f7 11         8999 	.data.b	17
000023f8 6e676973   9000 	.data.b	115,105,103,110,97,116,117,114,101,0
000023fc 72757461 
00002400 0065 
00002402 0295       9001 	.data.b	149,2
00002404 17         9002 	.data.b	23
00002405 01         9003 	.data.b	1
00002406 00000000*  9004 	.data.w	.LDW_49cd0a0
0000240a 00         9005 	.data.b	0
0000240b 5001       9006 	.data.b	1,80
                    9007 
                    9008 .LDW_49d2b60:
0000240d 11         9009 	.data.b	17
0000240e 68736168   9010 	.data.b	104,97,115,104,101,100,77,101,115,115,97,103,101,0
00002412 654d6465 
00002416 67617373 
0000241a 0065 
0000241c 0296       9011 	.data.b	150,2
0000241e 11         9012 	.data.b	17
0000241f 01         9013 	.data.b	1
00002420 00000000*  9014 	.data.w	.LDW_3732c10
00002424 00         9015 	.data.b	0
00002425 5101       9016 	.data.b	1,81
                    9017 
                    9018 .LDW_49d2c10:
00002427 11         9019 	.data.b	17
00002428 6c627570   9020 	.data.b	112,117,98,108,105,99,107,101,121,0
0000242c 656b6369 

                                                                      Page 157
                                                              C:\Windows\TEMP\gh_000098c3.si
00002430 0079 
00002432 0297       9021 	.data.b	151,2
00002434 19         9022 	.data.b	25
00002435 01         9023 	.data.b	1
00002436 00000000*  9024 	.data.w	.LDW_49ccf50
0000243a 00         9025 	.data.b	0
0000243b 5201       9026 	.data.b	1,82
                    9027 
                    9028 .LDW_49d3c60:
0000243d 1f         9029 	.data.b	31
0000243e 00000000*  9030 	.data.w	.LDW07
00002442 00000000*  9031 	.data.w	.LDW17
                    9032 
00002446 00         9033 	.data.b	0
                    9034 
00002447 00         9035 	.data.b	0
                    9036 
                    9037 .LDW_49cdf88:
00002448 16         9038 	.data.b	22
00002449 5f676d48   9039 	.data.b	72,109,103,95,69,99,105,101,115,69,110,99,114,121,112,116,83,116,97,114,116,0
0000244d 65696345 
00002451 636e4573 
00002455 74707972 
00002459 72617453 
0000245d 0074 
0000245f 029e       9040 	.data.b	158,2
00002461 09         9041 	.data.b	9
00002462 01         9042 	.data.b	1
00002463 00000000*  9043 	.data.w	.LDW_4956928
00002467 00000000*  9044 	.data.w	Hmg_EciesEncryptStart
0000246b 00000000*  9045 	.data.w	__ghs_eofn_Hmg_EciesEncryptStart
0000246f 5d01       9046 	.data.b	1,93
00002471 00         9047 	.data.b	0
00002472 04         9048 	.data.b	4
00002473 00         9049 	.data.b	0
00002474 7c         9050 	.data.b	124
00002475 01         9051 	.data.b	1
00002476 00         9052 	.data.b	0
00002477 00         9053 	.data.b	0
00002478 01         9054 	.data.b	1
00002479 01         9055 	.data.b	1
0000247a 00         9056 	.data.b	0
0000247b 01         9057 	.data.b	1
                    9058 
                    9059 	.section	.debug_frame
                    9060 .LDW_4ba4450:
00000378 00000000*  9061 	.data.w	.LDW_unq_42-.LDW_unq_41
                    9062 .LDW_unq_41:
0000037c 00000000*  9063 	.data.w	.LDW_4a14d18
00000380 00000000*  9064 	.data.w	Hmg_EciesEncryptStart
00000384 00000004   9065 	.data.w	__ghs_eofn_Hmg_EciesEncryptStart-Hmg_EciesEncryptStart
00000388 01         9066 	.data.b	1
00000389 00000000*  9067 	.data.w	.LDW37
0000038d 00         9068 	.data.b	0
0000038e 00         9069 	.data.b	0
0000038f 00         9070 	.data.b	0
                    9071 .LDW_unq_42:
                    9072 	.section	.debug_line
00000328 020500     9073 	.data.b	0,5,2
0000032b 00000000*  9074 	.data.w	Hmg_EciesEncryptStart
0000032f 06         9075 	.data.b	6

                                                                      Page 158
                                                              C:\Windows\TEMP\gh_000098c3.si
00000330 03         9076 	.data.b	3
00000331 02a3       9077 	.data.b	163,2
00000333 02         9078 	.data.b	2
00000334 00         9079 	.data.b	0
00000335 01         9080 	.data.b	1
00000336 06         9081 	.data.b	6
00000337 02         9082 	.data.b	2
00000338 02         9083 	.data.b	2
00000339 02         9084 	.data.b	2
0000033a 02         9085 	.data.b	2
0000033b 010100     9086 	.data.b	0,1,1
                    9087 	.section	.debug_info
                    9088 .LDW_49d2c68:
0000247c 11         9089 	.data.b	17
0000247d 74436c73   9090 	.data.b	115,108,67,116,120,0
00002481 0078 
00002483 029f       9091 	.data.b	159,2
00002485 1d         9092 	.data.b	29
00002486 01         9093 	.data.b	1
00002487 00000000*  9094 	.data.w	.LDW_49cce00
0000248b 00         9095 	.data.b	0
0000248c 5001       9096 	.data.b	1,80
                    9097 
                    9098 .LDW_49d2e78:
0000248e 11         9099 	.data.b	17
0000248f 76697270   9100 	.data.b	112,114,105,118,97,116,101,75,101,121,65,0
00002493 4b657461 
00002497 00417965 
0000249b 02a0       9101 	.data.b	160,2
0000249d 11         9102 	.data.b	17
0000249e 01         9103 	.data.b	1
0000249f 00000000*  9104 	.data.w	.LDW_3732c10
000024a3 00         9105 	.data.b	0
000024a4 5101       9106 	.data.b	1,81
                    9107 
                    9108 .LDW_49d2ed0:
000024a6 11         9109 	.data.b	17
000024a7 6c627570   9110 	.data.b	112,117,98,108,105,99,75,101,121,66,0
000024ab 654b6369 
000024af 004279 
000024b2 02a1       9111 	.data.b	161,2
000024b4 1a         9112 	.data.b	26
000024b5 01         9113 	.data.b	1
000024b6 00000000*  9114 	.data.w	.LDW_49ccf50
000024ba 00         9115 	.data.b	0
000024bb 5201       9116 	.data.b	1,82
                    9117 
                    9118 .LDW_49d3c30:
000024bd 1f         9119 	.data.b	31
000024be 00000000*  9120 	.data.w	.LDW27
000024c2 00000000*  9121 	.data.w	.LDW37
                    9122 
000024c6 00         9123 	.data.b	0
                    9124 
000024c7 00         9125 	.data.b	0
                    9126 
                    9127 .LDW_49ce150:
000024c8 16         9128 	.data.b	22
000024c9 5f676d48   9129 	.data.b	72,109,103,95,69,99,105,101,115,69,110,99,114,121,112,116,85,112,100,97,116,101,0
000024cd 65696345 
000024d1 636e4573 

                                                                      Page 159
                                                              C:\Windows\TEMP\gh_000098c3.si
000024d5 74707972 
000024d9 61647055 
000024dd 006574 
000024e0 02a6       9130 	.data.b	166,2
000024e2 09         9131 	.data.b	9
000024e3 01         9132 	.data.b	1
000024e4 00000000*  9133 	.data.w	.LDW_4956928
000024e8 00000000*  9134 	.data.w	Hmg_EciesEncryptUpdate
000024ec 00000000*  9135 	.data.w	__ghs_eofn_Hmg_EciesEncryptUpdate
000024f0 5d01       9136 	.data.b	1,93
000024f2 00         9137 	.data.b	0
000024f3 04         9138 	.data.b	4
000024f4 00         9139 	.data.b	0
000024f5 7c         9140 	.data.b	124
000024f6 01         9141 	.data.b	1
000024f7 00         9142 	.data.b	0
000024f8 00         9143 	.data.b	0
000024f9 01         9144 	.data.b	1
000024fa 01         9145 	.data.b	1
000024fb 00         9146 	.data.b	0
000024fc 01         9147 	.data.b	1
                    9148 
                    9149 	.section	.debug_frame
                    9150 .LDW_4bcd768:
00000390 00000000*  9151 	.data.w	.LDW_unq_44-.LDW_unq_43
                    9152 .LDW_unq_43:
00000394 00000000*  9153 	.data.w	.LDW_4a14d18
00000398 00000000*  9154 	.data.w	Hmg_EciesEncryptUpdate
0000039c 00000004   9155 	.data.w	__ghs_eofn_Hmg_EciesEncryptUpdate-Hmg_EciesEncryptUpdate
000003a0 01         9156 	.data.b	1
000003a1 00000000*  9157 	.data.w	.LDW57
000003a5 00         9158 	.data.b	0
000003a6 00         9159 	.data.b	0
000003a7 00         9160 	.data.b	0
                    9161 .LDW_unq_44:
                    9162 	.section	.debug_line
0000033e 020500     9163 	.data.b	0,5,2
00000341 00000000*  9164 	.data.w	Hmg_EciesEncryptUpdate
00000345 06         9165 	.data.b	6
00000346 03         9166 	.data.b	3
00000347 02a9       9167 	.data.b	169,2
00000349 02         9168 	.data.b	2
0000034a 00         9169 	.data.b	0
0000034b 01         9170 	.data.b	1
0000034c 06         9171 	.data.b	6
0000034d 02         9172 	.data.b	2
0000034e 02         9173 	.data.b	2
0000034f 02         9174 	.data.b	2
00000350 02         9175 	.data.b	2
00000351 010100     9176 	.data.b	0,1,1
                    9177 	.section	.debug_info
                    9178 .LDW_49d2fd8:
000024fd 11         9179 	.data.b	17
000024fe 74436c73   9180 	.data.b	115,108,67,116,120,0
00002502 0078 
00002504 02a7       9181 	.data.b	167,2
00002506 1d         9182 	.data.b	29
00002507 01         9183 	.data.b	1
00002508 00000000*  9184 	.data.w	.LDW_49cce00
0000250c 00         9185 	.data.b	0
0000250d 5001       9186 	.data.b	1,80

                                                                      Page 160
                                                              C:\Windows\TEMP\gh_000098c3.si
                    9187 
                    9188 .LDW_49d3e10:
0000250f 1f         9189 	.data.b	31
00002510 00000000*  9190 	.data.w	.LDW47
00002514 00000000*  9191 	.data.w	.LDW57
                    9192 
00002518 00         9193 	.data.b	0
                    9194 
00002519 00         9195 	.data.b	0
                    9196 
                    9197 .LDW_49ce1e8:
0000251a 16         9198 	.data.b	22
0000251b 5f676d48   9199 	.data.b	72,109,103,95,69,99,105,101,115,69,110,99,114,121,112,116,70,105,110,105,115,104,0
0000251f 65696345 
00002523 636e4573 
00002527 74707972 
0000252b 696e6946 
0000252f 006873 
00002532 02ac       9200 	.data.b	172,2
00002534 09         9201 	.data.b	9
00002535 01         9202 	.data.b	1
00002536 00000000*  9203 	.data.w	.LDW_4956928
0000253a 00000000*  9204 	.data.w	Hmg_EciesEncryptFinish
0000253e 00000000*  9205 	.data.w	__ghs_eofn_Hmg_EciesEncryptFinish
00002542 5d01       9206 	.data.b	1,93
00002544 00         9207 	.data.b	0
00002545 04         9208 	.data.b	4
00002546 00         9209 	.data.b	0
00002547 7c         9210 	.data.b	124
00002548 01         9211 	.data.b	1
00002549 00         9212 	.data.b	0
0000254a 00         9213 	.data.b	0
0000254b 01         9214 	.data.b	1
0000254c 01         9215 	.data.b	1
0000254d 00         9216 	.data.b	0
0000254e 01         9217 	.data.b	1
                    9218 
                    9219 	.section	.debug_frame
                    9220 .LDW_4bcdf28:
000003a8 00000000*  9221 	.data.w	.LDW_unq_46-.LDW_unq_45
                    9222 .LDW_unq_45:
000003ac 00000000*  9223 	.data.w	.LDW_4a14d18
000003b0 00000000*  9224 	.data.w	Hmg_EciesEncryptFinish
000003b4 00000004   9225 	.data.w	__ghs_eofn_Hmg_EciesEncryptFinish-Hmg_EciesEncryptFinish
000003b8 01         9226 	.data.b	1
000003b9 00000000*  9227 	.data.w	.LDW77
000003bd 00         9228 	.data.b	0
000003be 00         9229 	.data.b	0
000003bf 00         9230 	.data.b	0
                    9231 .LDW_unq_46:
                    9232 	.section	.debug_line
00000354 020500     9233 	.data.b	0,5,2
00000357 00000000*  9234 	.data.w	Hmg_EciesEncryptFinish
0000035b 06         9235 	.data.b	6
0000035c 03         9236 	.data.b	3
0000035d 02b5       9237 	.data.b	181,2
0000035f 02         9238 	.data.b	2
00000360 00         9239 	.data.b	0
00000361 01         9240 	.data.b	1
00000362 06         9241 	.data.b	6
00000363 02         9242 	.data.b	2

                                                                      Page 161
                                                              C:\Windows\TEMP\gh_000098c3.si
00000364 02         9243 	.data.b	2
00000365 02         9244 	.data.b	2
00000366 02         9245 	.data.b	2
00000367 010100     9246 	.data.b	0,1,1
                    9247 	.section	.debug_info
                    9248 .LDW_49d3500:
0000254f 11         9249 	.data.b	17
00002550 74436c73   9250 	.data.b	115,108,67,116,120,0
00002554 0078 
00002556 02ad       9251 	.data.b	173,2
00002558 1c         9252 	.data.b	28
00002559 01         9253 	.data.b	1
0000255a 00000000*  9254 	.data.w	.LDW_49cce00
0000255e 00         9255 	.data.b	0
0000255f 5001       9256 	.data.b	1,80
                    9257 
                    9258 .LDW_49d3298:
00002561 11         9259 	.data.b	17
00002562 75645073   9260 	.data.b	115,80,100,117,0
00002566 00 
00002567 02ae       9261 	.data.b	174,2
00002569 19         9262 	.data.b	25
0000256a 01         9263 	.data.b	1
0000256b 00000000*  9264 	.data.w	.LDW_49ccee0
0000256f 00         9265 	.data.b	0
00002570 5101       9266 	.data.b	1,81
                    9267 
                    9268 .LDW_49d3240:
00002572 11         9269 	.data.b	17
00002573 6c627570   9270 	.data.b	112,117,98,108,105,99,75,101,121,65,0
00002577 654b6369 
0000257b 004179 
0000257e 02af       9271 	.data.b	175,2
00002580 19         9272 	.data.b	25
00002581 01         9273 	.data.b	1
00002582 00000000*  9274 	.data.w	.LDW_49ccf50
00002586 00         9275 	.data.b	0
00002587 5201       9276 	.data.b	1,82
                    9277 
                    9278 .LDW_49d33f8:
00002589 11         9279 	.data.b	17
0000258a 7373656d   9280 	.data.b	109,101,115,115,97,103,101,0
0000258e 00656761 
00002592 02b0       9281 	.data.b	176,2
00002594 10         9282 	.data.b	16
00002595 01         9283 	.data.b	1
00002596 00000000*  9284 	.data.w	.LDW_3732c10
0000259a 00         9285 	.data.b	0
0000259b 5301       9286 	.data.b	1,83
                    9287 
                    9288 .LDW_49d31e8:
0000259d 11         9289 	.data.b	17
0000259e 6e654c6d   9290 	.data.b	109,76,101,110,0
000025a2 00 
000025a3 02b1       9291 	.data.b	177,2
000025a5 10         9292 	.data.b	16
000025a6 01         9293 	.data.b	1
000025a7 00000000*  9294 	.data.w	.LDW_49c9cf8
000025ab 00         9295 	.data.b	0
000025ac 7d02       9296 	.data.b	2,125
000025ae 00         9297 	.data.b	0

                                                                      Page 162
                                                              C:\Windows\TEMP\gh_000098c3.si
                    9298 
                    9299 .LDW_49d3348:
000025af 11         9300 	.data.b	17
000025b0 61726170   9301 	.data.b	112,97,114,97,109,49,0
000025b4 00316d 
000025b7 02b2       9302 	.data.b	178,2
000025b9 10         9303 	.data.b	16
000025ba 01         9304 	.data.b	1
000025bb 00000000*  9305 	.data.w	.LDW_3732c10
000025bf 00         9306 	.data.b	0
000025c0 7d02       9307 	.data.b	2,125
000025c2 04         9308 	.data.b	4
                    9309 
                    9310 .LDW_49d32f0:
000025c3 11         9311 	.data.b	17
000025c4 4d636e65   9312 	.data.b	101,110,99,77,111,100,101,0
000025c8 0065646f 
000025cc 02b3       9313 	.data.b	179,2
000025ce 0f         9314 	.data.b	15
000025cf 01         9315 	.data.b	1
000025d0 00000000*  9316 	.data.w	.LDW_49c5af8
000025d4 00         9317 	.data.b	0
000025d5 7d02       9318 	.data.b	2,125
000025d7 08         9319 	.data.b	8
                    9320 
                    9321 .LDW_49d4020:
000025d8 1f         9322 	.data.b	31
000025d9 00000000*  9323 	.data.w	.LDW67
000025dd 00000000*  9324 	.data.w	.LDW77
                    9325 
000025e1 00         9326 	.data.b	0
                    9327 
000025e2 00         9328 	.data.b	0
                    9329 
                    9330 .LDW_49cdd28:
000025e3 16         9331 	.data.b	22
000025e4 5f676d48   9332 	.data.b	72,109,103,95,69,99,105,101,115,69,110,99,114,121,112,116,0
000025e8 65696345 
000025ec 636e4573 
000025f0 74707972 
000025f4 00 
000025f5 02b8       9333 	.data.b	184,2
000025f7 09         9334 	.data.b	9
000025f8 01         9335 	.data.b	1
000025f9 00000000*  9336 	.data.w	.LDW_4956928
000025fd 00000000*  9337 	.data.w	Hmg_EciesEncrypt
00002601 00000000*  9338 	.data.w	__ghs_eofn_Hmg_EciesEncrypt
00002605 5d01       9339 	.data.b	1,93
00002607 00         9340 	.data.b	0
00002608 04         9341 	.data.b	4
00002609 00         9342 	.data.b	0
0000260a 7c         9343 	.data.b	124
0000260b 01         9344 	.data.b	1
0000260c 00         9345 	.data.b	0
0000260d 00         9346 	.data.b	0
0000260e 01         9347 	.data.b	1
0000260f 01         9348 	.data.b	1
00002610 00         9349 	.data.b	0
00002611 01         9350 	.data.b	1
                    9351 
                    9352 	.section	.debug_frame

                                                                      Page 163
                                                              C:\Windows\TEMP\gh_000098c3.si
                    9353 .LDW_4bce4e8:
000003c0 00000000*  9354 	.data.w	.LDW_unq_48-.LDW_unq_47
                    9355 .LDW_unq_47:
000003c4 00000000*  9356 	.data.w	.LDW_4a14d18
000003c8 00000000*  9357 	.data.w	Hmg_EciesEncrypt
000003cc 00000004   9358 	.data.w	__ghs_eofn_Hmg_EciesEncrypt-Hmg_EciesEncrypt
000003d0 01         9359 	.data.b	1
000003d1 00000000*  9360 	.data.w	.LDW97
000003d5 00         9361 	.data.b	0
000003d6 00         9362 	.data.b	0
000003d7 00         9363 	.data.b	0
                    9364 .LDW_unq_48:
                    9365 	.section	.debug_line
0000036a 020500     9366 	.data.b	0,5,2
0000036d 00000000*  9367 	.data.w	Hmg_EciesEncrypt
00000371 06         9368 	.data.b	6
00000372 03         9369 	.data.b	3
00000373 02c2       9370 	.data.b	194,2
00000375 02         9371 	.data.b	2
00000376 00         9372 	.data.b	0
00000377 01         9373 	.data.b	1
00000378 06         9374 	.data.b	6
00000379 02         9375 	.data.b	2
0000037a 02         9376 	.data.b	2
0000037b 02         9377 	.data.b	2
0000037c 02         9378 	.data.b	2
0000037d 010100     9379 	.data.b	0,1,1
                    9380 	.section	.debug_info
                    9381 .LDW_49d3190:
00002612 11         9382 	.data.b	17
00002613 75645073   9383 	.data.b	115,80,100,117,0
00002617 00 
00002618 02b9       9384 	.data.b	185,2
0000261a 19         9385 	.data.b	25
0000261b 01         9386 	.data.b	1
0000261c 00000000*  9387 	.data.w	.LDW_49ccee0
00002620 00         9388 	.data.b	0
00002621 5001       9389 	.data.b	1,80
                    9390 
                    9391 .LDW_49d34a8:
00002623 11         9392 	.data.b	17
00002624 76697270   9393 	.data.b	112,114,105,118,97,116,101,75,101,121,65,0
00002628 4b657461 
0000262c 00417965 
00002630 02ba       9394 	.data.b	186,2
00002632 10         9395 	.data.b	16
00002633 01         9396 	.data.b	1
00002634 00000000*  9397 	.data.w	.LDW_3732c10
00002638 00         9398 	.data.b	0
00002639 5101       9399 	.data.b	1,81
                    9400 
                    9401 .LDW_49d33a0:
0000263b 11         9402 	.data.b	17
0000263c 6c627570   9403 	.data.b	112,117,98,108,105,99,75,101,121,65,0
00002640 654b6369 
00002644 004179 
00002647 02bb       9404 	.data.b	187,2
00002649 19         9405 	.data.b	25
0000264a 01         9406 	.data.b	1
0000264b 00000000*  9407 	.data.w	.LDW_49ccf50
0000264f 00         9408 	.data.b	0

                                                                      Page 164
                                                              C:\Windows\TEMP\gh_000098c3.si
00002650 5201       9409 	.data.b	1,82
                    9410 
                    9411 .LDW_49d3450:
00002652 11         9412 	.data.b	17
00002653 6c627570   9413 	.data.b	112,117,98,108,105,99,75,101,121,66,0
00002657 654b6369 
0000265b 004279 
0000265e 02bc       9414 	.data.b	188,2
00002660 19         9415 	.data.b	25
00002661 01         9416 	.data.b	1
00002662 00000000*  9417 	.data.w	.LDW_49ccf50
00002666 00         9418 	.data.b	0
00002667 5301       9419 	.data.b	1,83
                    9420 
                    9421 .LDW_49d3138:
00002669 11         9422 	.data.b	17
0000266a 7373656d   9423 	.data.b	109,101,115,115,97,103,101,0
0000266e 00656761 
00002672 02bd       9424 	.data.b	189,2
00002674 10         9425 	.data.b	16
00002675 01         9426 	.data.b	1
00002676 00000000*  9427 	.data.w	.LDW_3732c10
0000267a 00         9428 	.data.b	0
0000267b 7d02       9429 	.data.b	2,125
0000267d 00         9430 	.data.b	0
                    9431 
                    9432 .LDW_49e5af0:
0000267e 11         9433 	.data.b	17
0000267f 6e654c6d   9434 	.data.b	109,76,101,110,0
00002683 00 
00002684 02be       9435 	.data.b	190,2
00002686 10         9436 	.data.b	16
00002687 01         9437 	.data.b	1
00002688 00000000*  9438 	.data.w	.LDW_49c9cf8
0000268c 00         9439 	.data.b	0
0000268d 7d02       9440 	.data.b	2,125
0000268f 04         9441 	.data.b	4
                    9442 
                    9443 .LDW_49e5258:
00002690 11         9444 	.data.b	17
00002691 61726170   9445 	.data.b	112,97,114,97,109,49,0
00002695 00316d 
00002698 02bf       9446 	.data.b	191,2
0000269a 10         9447 	.data.b	16
0000269b 01         9448 	.data.b	1
0000269c 00000000*  9449 	.data.w	.LDW_3732c10
000026a0 00         9450 	.data.b	0
000026a1 7d02       9451 	.data.b	2,125
000026a3 08         9452 	.data.b	8
                    9453 
                    9454 .LDW_49e57d8:
000026a4 11         9455 	.data.b	17
000026a5 4d636e65   9456 	.data.b	101,110,99,77,111,100,101,0
000026a9 0065646f 
000026ad 02c0       9457 	.data.b	192,2
000026af 0f         9458 	.data.b	15
000026b0 01         9459 	.data.b	1
000026b1 00000000*  9460 	.data.w	.LDW_49c5af8
000026b5 00         9461 	.data.b	0
000026b6 7d02       9462 	.data.b	2,125
000026b8 0c         9463 	.data.b	12

                                                                      Page 165
                                                              C:\Windows\TEMP\gh_000098c3.si
                    9464 
                    9465 .LDW_49e4c80:
000026b9 1f         9466 	.data.b	31
000026ba 00000000*  9467 	.data.w	.LDW87
000026be 00000000*  9468 	.data.w	.LDW97
                    9469 
000026c2 00         9470 	.data.b	0
                    9471 
000026c3 00         9472 	.data.b	0
                    9473 
                    9474 .LDW_49cd998:
000026c4 16         9475 	.data.b	22
000026c5 5f676d48   9476 	.data.b	72,109,103,95,69,99,105,101,115,68,101,99,114,121,112,116,83,116,97,114,116,0
000026c9 65696345 
000026cd 63654473 
000026d1 74707972 
000026d5 72617453 
000026d9 0074 
000026db 02c6       9477 	.data.b	198,2
000026dd 09         9478 	.data.b	9
000026de 01         9479 	.data.b	1
000026df 00000000*  9480 	.data.w	.LDW_4956928
000026e3 00000000*  9481 	.data.w	Hmg_EciesDecryptStart
000026e7 00000000*  9482 	.data.w	__ghs_eofn_Hmg_EciesDecryptStart
000026eb 5d01       9483 	.data.b	1,93
000026ed 00         9484 	.data.b	0
000026ee 04         9485 	.data.b	4
000026ef 00         9486 	.data.b	0
000026f0 7c         9487 	.data.b	124
000026f1 01         9488 	.data.b	1
000026f2 00         9489 	.data.b	0
000026f3 00         9490 	.data.b	0
000026f4 01         9491 	.data.b	1
000026f5 01         9492 	.data.b	1
000026f6 00         9493 	.data.b	0
000026f7 01         9494 	.data.b	1
                    9495 
                    9496 	.section	.debug_frame
                    9497 .LDW_4bce2a8:
000003d8 00000000*  9498 	.data.w	.LDW_unq_4a-.LDW_unq_49
                    9499 .LDW_unq_49:
000003dc 00000000*  9500 	.data.w	.LDW_4a14d18
000003e0 00000000*  9501 	.data.w	Hmg_EciesDecryptStart
000003e4 00000004   9502 	.data.w	__ghs_eofn_Hmg_EciesDecryptStart-Hmg_EciesDecryptStart
000003e8 01         9503 	.data.b	1
000003e9 00000000*  9504 	.data.w	.LDW18
000003ed 00         9505 	.data.b	0
000003ee 00         9506 	.data.b	0
000003ef 00         9507 	.data.b	0
                    9508 .LDW_unq_4a:
                    9509 	.section	.debug_line
00000380 020500     9510 	.data.b	0,5,2
00000383 00000000*  9511 	.data.w	Hmg_EciesDecryptStart
00000387 06         9512 	.data.b	6
00000388 03         9513 	.data.b	3
00000389 02cb       9514 	.data.b	203,2
0000038b 02         9515 	.data.b	2
0000038c 00         9516 	.data.b	0
0000038d 01         9517 	.data.b	1
0000038e 06         9518 	.data.b	6
0000038f 02         9519 	.data.b	2

                                                                      Page 166
                                                              C:\Windows\TEMP\gh_000098c3.si
00000390 02         9520 	.data.b	2
00000391 02         9521 	.data.b	2
00000392 02         9522 	.data.b	2
00000393 010100     9523 	.data.b	0,1,1
                    9524 	.section	.debug_info
                    9525 .LDW_49e5410:
000026f8 11         9526 	.data.b	17
000026f9 74436c73   9527 	.data.b	115,108,67,116,120,0
000026fd 0078 
000026ff 02c7       9528 	.data.b	199,2
00002701 1d         9529 	.data.b	29
00002702 01         9530 	.data.b	1
00002703 00000000*  9531 	.data.w	.LDW_49cce00
00002707 00         9532 	.data.b	0
00002708 5001       9533 	.data.b	1,80
                    9534 
                    9535 .LDW_49e5c50:
0000270a 11         9536 	.data.b	17
0000270b 76697270   9537 	.data.b	112,114,105,118,75,101,121,0
0000270f 0079654b 
00002713 02c8       9538 	.data.b	200,2
00002715 11         9539 	.data.b	17
00002716 01         9540 	.data.b	1
00002717 00000000*  9541 	.data.w	.LDW_3732c10
0000271b 00         9542 	.data.b	0
0000271c 5101       9543 	.data.b	1,81
                    9544 
                    9545 .LDW_49e5b48:
0000271e 11         9546 	.data.b	17
0000271f 4b627570   9547 	.data.b	112,117,98,75,101,121,0
00002723 007965 
00002726 02c9       9548 	.data.b	201,2
00002728 1a         9549 	.data.b	26
00002729 01         9550 	.data.b	1
0000272a 00000000*  9551 	.data.w	.LDW_49ccf50
0000272e 00         9552 	.data.b	0
0000272f 5201       9553 	.data.b	1,82
                    9554 
                    9555 .LDW_49e4d70:
00002731 1f         9556 	.data.b	31
00002732 00000000*  9557 	.data.w	.LDW08
00002736 00000000*  9558 	.data.w	.LDW18
                    9559 
0000273a 00         9560 	.data.b	0
                    9561 
0000273b 00         9562 	.data.b	0
                    9563 
                    9564 .LDW_49ce020:
0000273c 16         9565 	.data.b	22
0000273d 5f676d48   9566 	.data.b	72,109,103,95,69,99,105,101,115,68,101,99,114,121,112,116,85,112,100,97,116,101,0
00002741 65696345 
00002745 63654473 
00002749 74707972 
0000274d 61647055 
00002751 006574 
00002754 02ce       9567 	.data.b	206,2
00002756 09         9568 	.data.b	9
00002757 01         9569 	.data.b	1
00002758 00000000*  9570 	.data.w	.LDW_4956928
0000275c 00000000*  9571 	.data.w	Hmg_EciesDecryptUpdate
00002760 00000000*  9572 	.data.w	__ghs_eofn_Hmg_EciesDecryptUpdate

                                                                      Page 167
                                                              C:\Windows\TEMP\gh_000098c3.si
00002764 5d01       9573 	.data.b	1,93
00002766 00         9574 	.data.b	0
00002767 04         9575 	.data.b	4
00002768 00         9576 	.data.b	0
00002769 7c         9577 	.data.b	124
0000276a 01         9578 	.data.b	1
0000276b 00         9579 	.data.b	0
0000276c 00         9580 	.data.b	0
0000276d 01         9581 	.data.b	1
0000276e 01         9582 	.data.b	1
0000276f 00         9583 	.data.b	0
00002770 01         9584 	.data.b	1
                    9585 
                    9586 	.section	.debug_frame
                    9587 .LDW_4bce468:
000003f0 00000000*  9588 	.data.w	.LDW_unq_4c-.LDW_unq_4b
                    9589 .LDW_unq_4b:
000003f4 00000000*  9590 	.data.w	.LDW_4a14d18
000003f8 00000000*  9591 	.data.w	Hmg_EciesDecryptUpdate
000003fc 00000004   9592 	.data.w	__ghs_eofn_Hmg_EciesDecryptUpdate-Hmg_EciesDecryptUpdate
00000400 01         9593 	.data.b	1
00000401 00000000*  9594 	.data.w	.LDW38
00000405 00         9595 	.data.b	0
00000406 00         9596 	.data.b	0
00000407 00         9597 	.data.b	0
                    9598 .LDW_unq_4c:
                    9599 	.section	.debug_line
00000396 020500     9600 	.data.b	0,5,2
00000399 00000000*  9601 	.data.w	Hmg_EciesDecryptUpdate
0000039d 06         9602 	.data.b	6
0000039e 03         9603 	.data.b	3
0000039f 02d1       9604 	.data.b	209,2
000003a1 02         9605 	.data.b	2
000003a2 00         9606 	.data.b	0
000003a3 01         9607 	.data.b	1
000003a4 06         9608 	.data.b	6
000003a5 02         9609 	.data.b	2
000003a6 02         9610 	.data.b	2
000003a7 02         9611 	.data.b	2
000003a8 02         9612 	.data.b	2
000003a9 010100     9613 	.data.b	0,1,1
                    9614 	.section	.debug_info
                    9615 .LDW_49e5518:
00002771 11         9616 	.data.b	17
00002772 74436c73   9617 	.data.b	115,108,67,116,120,0
00002776 0078 
00002778 02cf       9618 	.data.b	207,2
0000277a 1d         9619 	.data.b	29
0000277b 01         9620 	.data.b	1
0000277c 00000000*  9621 	.data.w	.LDW_49cce00
00002780 00         9622 	.data.b	0
00002781 5001       9623 	.data.b	1,80
                    9624 
                    9625 .LDW_49e4b60:
00002783 1f         9626 	.data.b	31
00002784 00000000*  9627 	.data.w	.LDW28
00002788 00000000*  9628 	.data.w	.LDW38
                    9629 
0000278c 00         9630 	.data.b	0
                    9631 
0000278d 00         9632 	.data.b	0

                                                                      Page 168
                                                              C:\Windows\TEMP\gh_000098c3.si
                    9633 
                    9634 .LDW_49cdac8:
0000278e 16         9635 	.data.b	22
0000278f 5f676d48   9636 	.data.b	72,109,103,95,69,99,105,101,115,68,101,99,114,121,112,116,70,105,110,105,115,104,0
00002793 65696345 
00002797 63654473 
0000279b 74707972 
0000279f 696e6946 
000027a3 006873 
000027a6 02d4       9637 	.data.b	212,2
000027a8 09         9638 	.data.b	9
000027a9 01         9639 	.data.b	1
000027aa 00000000*  9640 	.data.w	.LDW_4956928
000027ae 00000000*  9641 	.data.w	Hmg_EciesDecryptFinish
000027b2 00000000*  9642 	.data.w	__ghs_eofn_Hmg_EciesDecryptFinish
000027b6 5d01       9643 	.data.b	1,93
000027b8 00         9644 	.data.b	0
000027b9 04         9645 	.data.b	4
000027ba 00         9646 	.data.b	0
000027bb 7c         9647 	.data.b	124
000027bc 01         9648 	.data.b	1
000027bd 00         9649 	.data.b	0
000027be 00         9650 	.data.b	0
000027bf 01         9651 	.data.b	1
000027c0 01         9652 	.data.b	1
000027c1 00         9653 	.data.b	0
000027c2 01         9654 	.data.b	1
                    9655 
                    9656 	.section	.debug_frame
                    9657 .LDW_4bce9a8:
00000408 00000000*  9658 	.data.w	.LDW_unq_4e-.LDW_unq_4d
                    9659 .LDW_unq_4d:
0000040c 00000000*  9660 	.data.w	.LDW_4a14d18
00000410 00000000*  9661 	.data.w	Hmg_EciesDecryptFinish
00000414 00000004   9662 	.data.w	__ghs_eofn_Hmg_EciesDecryptFinish-Hmg_EciesDecryptFinish
00000418 01         9663 	.data.b	1
00000419 00000000*  9664 	.data.w	.LDW58
0000041d 00         9665 	.data.b	0
0000041e 00         9666 	.data.b	0
0000041f 00         9667 	.data.b	0
                    9668 .LDW_unq_4e:
                    9669 	.section	.debug_line
000003ac 020500     9670 	.data.b	0,5,2
000003af 00000000*  9671 	.data.w	Hmg_EciesDecryptFinish
000003b3 06         9672 	.data.b	6
000003b4 03         9673 	.data.b	3
000003b5 02db       9674 	.data.b	219,2
000003b7 02         9675 	.data.b	2
000003b8 00         9676 	.data.b	0
000003b9 01         9677 	.data.b	1
000003ba 06         9678 	.data.b	6
000003bb 02         9679 	.data.b	2
000003bc 02         9680 	.data.b	2
000003bd 02         9681 	.data.b	2
000003be 02         9682 	.data.b	2
000003bf 010100     9683 	.data.b	0,1,1
                    9684 	.section	.debug_info
                    9685 .LDW_49e5468:
000027c3 11         9686 	.data.b	17
000027c4 74436c73   9687 	.data.b	115,108,67,116,120,0
000027c8 0078 

                                                                      Page 169
                                                              C:\Windows\TEMP\gh_000098c3.si
000027ca 02d5       9688 	.data.b	213,2
000027cc 1c         9689 	.data.b	28
000027cd 01         9690 	.data.b	1
000027ce 00000000*  9691 	.data.w	.LDW_49cce00
000027d2 00         9692 	.data.b	0
000027d3 5001       9693 	.data.b	1,80
                    9694 
                    9695 .LDW_49e54c0:
000027d5 11         9696 	.data.b	17
000027d6 4d636564   9697 	.data.b	100,101,99,77,101,115,115,97,103,101,0
000027da 61737365 
000027de 006567 
000027e1 02d6       9698 	.data.b	214,2
000027e3 11         9699 	.data.b	17
000027e4 01         9700 	.data.b	1
000027e5 00000000*  9701 	.data.w	.LDW_3732d60
000027e9 00         9702 	.data.b	0
000027ea 5101       9703 	.data.b	1,81
                    9704 
                    9705 .LDW_49e5570:
000027ec 11         9706 	.data.b	17
000027ed 75645073   9707 	.data.b	115,80,100,117,0
000027f1 00 
000027f2 02d7       9708 	.data.b	215,2
000027f4 18         9709 	.data.b	24
000027f5 01         9710 	.data.b	1
000027f6 00000000*  9711 	.data.w	.LDW_49cd180
000027fa 00         9712 	.data.b	0
000027fb 5201       9713 	.data.b	1,82
                    9714 
                    9715 .LDW_49e55c8:
000027fd 11         9716 	.data.b	17
000027fe 61726170   9717 	.data.b	112,97,114,97,109,49,0
00002802 00316d 
00002805 02d8       9718 	.data.b	216,2
00002807 10         9719 	.data.b	16
00002808 01         9720 	.data.b	1
00002809 00000000*  9721 	.data.w	.LDW_3732c10
0000280d 00         9722 	.data.b	0
0000280e 5301       9723 	.data.b	1,83
                    9724 
                    9725 .LDW_49e5bf8:
00002810 11         9726 	.data.b	17
00002811 4d636e65   9727 	.data.b	101,110,99,77,111,100,101,0
00002815 0065646f 
00002819 02d9       9728 	.data.b	217,2
0000281b 0f         9729 	.data.b	15
0000281c 01         9730 	.data.b	1
0000281d 00000000*  9731 	.data.w	.LDW_49c5af8
00002821 00         9732 	.data.b	0
00002822 7d02       9733 	.data.b	2,125
00002824 00         9734 	.data.b	0
                    9735 
                    9736 .LDW_49e49b0:
00002825 1f         9737 	.data.b	31
00002826 00000000*  9738 	.data.w	.LDW48
0000282a 00000000*  9739 	.data.w	.LDW58
                    9740 
0000282e 00         9741 	.data.b	0
                    9742 
0000282f 00         9743 	.data.b	0

                                                                      Page 170
                                                              C:\Windows\TEMP\gh_000098c3.si
                    9744 
                    9745 .LDW_49cd6a0:
00002830 16         9746 	.data.b	22
00002831 5f676d48   9747 	.data.b	72,109,103,95,69,99,105,101,115,68,101,99,114,121,112,116,0
00002835 65696345 
00002839 63654473 
0000283d 74707972 
00002841 00 
00002842 02de       9748 	.data.b	222,2
00002844 09         9749 	.data.b	9
00002845 01         9750 	.data.b	1
00002846 00000000*  9751 	.data.w	.LDW_4956928
0000284a 00000000*  9752 	.data.w	Hmg_EciesDecrypt
0000284e 00000000*  9753 	.data.w	__ghs_eofn_Hmg_EciesDecrypt
00002852 5d01       9754 	.data.b	1,93
00002854 00         9755 	.data.b	0
00002855 04         9756 	.data.b	4
00002856 00         9757 	.data.b	0
00002857 7c         9758 	.data.b	124
00002858 01         9759 	.data.b	1
00002859 00         9760 	.data.b	0
0000285a 00         9761 	.data.b	0
0000285b 01         9762 	.data.b	1
0000285c 01         9763 	.data.b	1
0000285d 00         9764 	.data.b	0
0000285e 01         9765 	.data.b	1
                    9766 
                    9767 	.section	.debug_frame
                    9768 .LDW_4bcf3a8:
00000420 00000000*  9769 	.data.w	.LDW_unq_50-.LDW_unq_4f
                    9770 .LDW_unq_4f:
00000424 00000000*  9771 	.data.w	.LDW_4a14d18
00000428 00000000*  9772 	.data.w	Hmg_EciesDecrypt
0000042c 00000004   9773 	.data.w	__ghs_eofn_Hmg_EciesDecrypt-Hmg_EciesDecrypt
00000430 01         9774 	.data.b	1
00000431 00000000*  9775 	.data.w	.LDW78
00000435 00         9776 	.data.b	0
00000436 00         9777 	.data.b	0
00000437 00         9778 	.data.b	0
                    9779 .LDW_unq_50:
                    9780 	.section	.debug_line
000003c2 020500     9781 	.data.b	0,5,2
000003c5 00000000*  9782 	.data.w	Hmg_EciesDecrypt
000003c9 06         9783 	.data.b	6
000003ca 03         9784 	.data.b	3
000003cb 02e5       9785 	.data.b	229,2
000003cd 02         9786 	.data.b	2
000003ce 00         9787 	.data.b	0
000003cf 01         9788 	.data.b	1
000003d0 06         9789 	.data.b	6
000003d1 02         9790 	.data.b	2
000003d2 02         9791 	.data.b	2
000003d3 02         9792 	.data.b	2
000003d4 02         9793 	.data.b	2
000003d5 010100     9794 	.data.b	0,1,1
                    9795 	.section	.debug_info
                    9796 .LDW_49e5678:
0000285f 11         9797 	.data.b	17
00002860 4d636564   9798 	.data.b	100,101,99,77,101,115,115,97,103,101,0
00002864 61737365 
00002868 006567 

                                                                      Page 171
                                                              C:\Windows\TEMP\gh_000098c3.si
0000286b 02df       9799 	.data.b	223,2
0000286d 12         9800 	.data.b	18
0000286e 01         9801 	.data.b	1
0000286f 00000000*  9802 	.data.w	.LDW_3732d60
00002873 00         9803 	.data.b	0
00002874 5001       9804 	.data.b	1,80
                    9805 
                    9806 .LDW_49e5938:
00002876 11         9807 	.data.b	17
00002877 75645073   9808 	.data.b	115,80,100,117,0
0000287b 00 
0000287c 02e0       9809 	.data.b	224,2
0000287e 18         9810 	.data.b	24
0000287f 01         9811 	.data.b	1
00002880 00000000*  9812 	.data.w	.LDW_49cd180
00002884 00         9813 	.data.b	0
00002885 5101       9814 	.data.b	1,81
                    9815 
                    9816 .LDW_49e52b0:
00002887 11         9817 	.data.b	17
00002888 76697270   9818 	.data.b	112,114,105,118,75,101,121,0
0000288c 0079654b 
00002890 02e1       9819 	.data.b	225,2
00002892 11         9820 	.data.b	17
00002893 01         9821 	.data.b	1
00002894 00000000*  9822 	.data.w	.LDW_3732c10
00002898 00         9823 	.data.b	0
00002899 5201       9824 	.data.b	1,82
                    9825 
                    9826 .LDW_49e56d0:
0000289b 11         9827 	.data.b	17
0000289c 61726170   9828 	.data.b	112,97,114,97,109,49,0
000028a0 00316d 
000028a3 02e2       9829 	.data.b	226,2
000028a5 11         9830 	.data.b	17
000028a6 01         9831 	.data.b	1
000028a7 00000000*  9832 	.data.w	.LDW_3732c10
000028ab 00         9833 	.data.b	0
000028ac 5301       9834 	.data.b	1,83
                    9835 
                    9836 .LDW_49e5a98:
000028ae 11         9837 	.data.b	17
000028af 4d636e65   9838 	.data.b	101,110,99,77,111,100,101,0
000028b3 0065646f 
000028b7 02e3       9839 	.data.b	227,2
000028b9 10         9840 	.data.b	16
000028ba 01         9841 	.data.b	1
000028bb 00000000*  9842 	.data.w	.LDW_49c5af8
000028bf 00         9843 	.data.b	0
000028c0 7d02       9844 	.data.b	2,125
000028c2 00         9845 	.data.b	0
                    9846 
                    9847 .LDW_49e4ad0:
000028c3 1f         9848 	.data.b	31
000028c4 00000000*  9849 	.data.w	.LDW68
000028c8 00000000*  9850 	.data.w	.LDW78
                    9851 
000028cc 00         9852 	.data.b	0
                    9853 
000028cd 00         9854 	.data.b	0
                    9855 

                                                                      Page 172
                                                              C:\Windows\TEMP\gh_000098c3.si
                    9856 .LDW_49cdc90:
000028ce 16         9857 	.data.b	22
000028cf 5f676d48   9858 	.data.b	72,109,103,95,72,109,97,99,83,104,97,49,54,48,83,116,97,114,116,0
000028d3 63616d48 
000028d7 31616853 
000028db 74533036 
000028df 00747261 
000028e3 02ea       9859 	.data.b	234,2
000028e5 09         9860 	.data.b	9
000028e6 01         9861 	.data.b	1
000028e7 00000000*  9862 	.data.w	.LDW_4956928
000028eb 00000000*  9863 	.data.w	Hmg_HmacSha160Start
000028ef 00000000*  9864 	.data.w	__ghs_eofn_Hmg_HmacSha160Start
000028f3 5d01       9865 	.data.b	1,93
000028f5 00         9866 	.data.b	0
000028f6 04         9867 	.data.b	4
000028f7 00         9868 	.data.b	0
000028f8 7c         9869 	.data.b	124
000028f9 01         9870 	.data.b	1
000028fa 00         9871 	.data.b	0
000028fb 00         9872 	.data.b	0
000028fc 01         9873 	.data.b	1
000028fd 01         9874 	.data.b	1
000028fe 00         9875 	.data.b	0
000028ff 01         9876 	.data.b	1
                    9877 
                    9878 	.section	.debug_frame
                    9879 .LDW_4bcf228:
00000438 00000000*  9880 	.data.w	.LDW_unq_52-.LDW_unq_51
                    9881 .LDW_unq_51:
0000043c 00000000*  9882 	.data.w	.LDW_4a14d18
00000440 00000000*  9883 	.data.w	Hmg_HmacSha160Start
00000444 00000004   9884 	.data.w	__ghs_eofn_Hmg_HmacSha160Start-Hmg_HmacSha160Start
00000448 01         9885 	.data.b	1
00000449 00000000*  9886 	.data.w	.LDW98
0000044d 00         9887 	.data.b	0
0000044e 00         9888 	.data.b	0
0000044f 00         9889 	.data.b	0
                    9890 .LDW_unq_52:
                    9891 	.section	.debug_line
000003d8 020500     9892 	.data.b	0,5,2
000003db 00000000*  9893 	.data.w	Hmg_HmacSha160Start
000003df 06         9894 	.data.b	6
000003e0 03         9895 	.data.b	3
000003e1 02ef       9896 	.data.b	239,2
000003e3 02         9897 	.data.b	2
000003e4 00         9898 	.data.b	0
000003e5 01         9899 	.data.b	1
000003e6 06         9900 	.data.b	6
000003e7 02         9901 	.data.b	2
000003e8 02         9902 	.data.b	2
000003e9 02         9903 	.data.b	2
000003ea 02         9904 	.data.b	2
000003eb 010100     9905 	.data.b	0,1,1
                    9906 	.section	.debug_info
                    9907 .LDW_49e5ba0:
00002900 11         9908 	.data.b	17
00002901 63616d48   9909 	.data.b	72,109,97,99,83,104,97,49,54,48,67,116,120,0
00002905 31616853 
00002909 74433036 
0000290d 0078 

                                                                      Page 173
                                                              C:\Windows\TEMP\gh_000098c3.si
0000290f 02eb       9910 	.data.b	235,2
00002911 1f         9911 	.data.b	31
00002912 01         9912 	.data.b	1
00002913 00000000*  9913 	.data.w	.LDW_49cd3b0
00002917 00         9914 	.data.b	0
00002918 5001       9915 	.data.b	1,80
                    9916 
                    9917 .LDW_49e58e0:
0000291a 11         9918 	.data.b	17
0000291b 0079656b   9919 	.data.b	107,101,121,0
0000291f 02ec       9920 	.data.b	236,2
00002921 19         9921 	.data.b	25
00002922 01         9922 	.data.b	1
00002923 00000000*  9923 	.data.w	.LDW_3732c10
00002927 00         9924 	.data.b	0
00002928 5101       9925 	.data.b	1,81
                    9926 
                    9927 .LDW_49e5360:
0000292a 11         9928 	.data.b	17
0000292b 4c79656b   9929 	.data.b	107,101,121,76,101,110,0
0000292f 006e65 
00002932 02ed       9930 	.data.b	237,2
00002934 19         9931 	.data.b	25
00002935 01         9932 	.data.b	1
00002936 00000000*  9933 	.data.w	.LDW_49c9cf8
0000293a 00         9934 	.data.b	0
0000293b 5201       9935 	.data.b	1,82
                    9936 
                    9937 .LDW_49e47a0:
0000293d 1f         9938 	.data.b	31
0000293e 00000000*  9939 	.data.w	.LDW88
00002942 00000000*  9940 	.data.w	.LDW98
                    9941 
00002946 00         9942 	.data.b	0
                    9943 
00002947 00         9944 	.data.b	0
                    9945 
                    9946 .LDW_49cd7d0:
00002948 16         9947 	.data.b	22
00002949 5f676d48   9948 	.data.b	72,109,103,95,72,109,97,99,83,104,97,49,54,48,85,112,100,97,116,101,0
0000294d 63616d48 
00002951 31616853 
00002955 70553036 
00002959 65746164 
0000295d 00 
0000295e 02f2       9949 	.data.b	242,2
00002960 09         9950 	.data.b	9
00002961 01         9951 	.data.b	1
00002962 00000000*  9952 	.data.w	.LDW_4956928
00002966 00000000*  9953 	.data.w	Hmg_HmacSha160Update
0000296a 00000000*  9954 	.data.w	__ghs_eofn_Hmg_HmacSha160Update
0000296e 5d01       9955 	.data.b	1,93
00002970 00         9956 	.data.b	0
00002971 04         9957 	.data.b	4
00002972 00         9958 	.data.b	0
00002973 7c         9959 	.data.b	124
00002974 01         9960 	.data.b	1
00002975 00         9961 	.data.b	0
00002976 00         9962 	.data.b	0
00002977 01         9963 	.data.b	1
00002978 01         9964 	.data.b	1

                                                                      Page 174
                                                              C:\Windows\TEMP\gh_000098c3.si
00002979 00         9965 	.data.b	0
0000297a 01         9966 	.data.b	1
                    9967 
                    9968 	.section	.debug_frame
                    9969 .LDW_4bcba68:
00000450 00000000*  9970 	.data.w	.LDW_unq_54-.LDW_unq_53
                    9971 .LDW_unq_53:
00000454 00000000*  9972 	.data.w	.LDW_4a14d18
00000458 00000000*  9973 	.data.w	Hmg_HmacSha160Update
0000045c 00000004   9974 	.data.w	__ghs_eofn_Hmg_HmacSha160Update-Hmg_HmacSha160Update
00000460 01         9975 	.data.b	1
00000461 00000000*  9976 	.data.w	.LDW19
00000465 00         9977 	.data.b	0
00000466 00         9978 	.data.b	0
00000467 00         9979 	.data.b	0
                    9980 .LDW_unq_54:
                    9981 	.section	.debug_line
000003ee 020500     9982 	.data.b	0,5,2
000003f1 00000000*  9983 	.data.w	Hmg_HmacSha160Update
000003f5 06         9984 	.data.b	6
000003f6 03         9985 	.data.b	3
000003f7 02f7       9986 	.data.b	247,2
000003f9 02         9987 	.data.b	2
000003fa 00         9988 	.data.b	0
000003fb 01         9989 	.data.b	1
000003fc 06         9990 	.data.b	6
000003fd 02         9991 	.data.b	2
000003fe 02         9992 	.data.b	2
000003ff 02         9993 	.data.b	2
00000400 02         9994 	.data.b	2
00000401 010100     9995 	.data.b	0,1,1
                    9996 	.section	.debug_info
                    9997 .LDW_49e51a8:
0000297b 11         9998 	.data.b	17
0000297c 63616d48   9999 	.data.b	72,109,97,99,83,104,97,49,54,48,67,116,120,0
00002980 31616853 
00002984 74433036 
00002988 0078 
0000298a 02f3      10000 	.data.b	243,2
0000298c 1f        10001 	.data.b	31
0000298d 01        10002 	.data.b	1
0000298e 00000000* 10003 	.data.w	.LDW_49cd3b0
00002992 00        10004 	.data.b	0
00002993 5001      10005 	.data.b	1,80
                   10006 
                   10007 .LDW_49e5200:
00002995 11        10008 	.data.b	17
00002996 61746164  10009 	.data.b	100,97,116,97,0
0000299a 00 
0000299b 02f4      10010 	.data.b	244,2
0000299d 19        10011 	.data.b	25
0000299e 01        10012 	.data.b	1
0000299f 00000000* 10013 	.data.w	.LDW_3732c10
000029a3 00        10014 	.data.b	0
000029a4 5101      10015 	.data.b	1,81
                   10016 
                   10017 .LDW_49e5780:
000029a6 11        10018 	.data.b	17
000029a7 61746164  10019 	.data.b	100,97,116,97,76,101,110,0
000029ab 006e654c 
000029af 02f5      10020 	.data.b	245,2

                                                                      Page 175
                                                              C:\Windows\TEMP\gh_000098c3.si
000029b1 19        10021 	.data.b	25
000029b2 01        10022 	.data.b	1
000029b3 00000000* 10023 	.data.w	.LDW_49c9cf8
000029b7 00        10024 	.data.b	0
000029b8 5201      10025 	.data.b	1,82
                   10026 
                   10027 .LDW_49e49e0:
000029ba 1f        10028 	.data.b	31
000029bb 00000000* 10029 	.data.w	.LDW09
000029bf 00000000* 10030 	.data.w	.LDW19
                   10031 
000029c3 00        10032 	.data.b	0
                   10033 
000029c4 00        10034 	.data.b	0
                   10035 
                   10036 .LDW_49cda30:
000029c5 16        10037 	.data.b	22
000029c6 5f676d48  10038 	.data.b	72,109,103,95,72,109,97,99,83,104,97,49,54,48,70,105,110,105,115,104,0
000029ca 63616d48 
000029ce 31616853 
000029d2 69463036 
000029d6 6873696e 
000029da 00 
000029db 02fa      10039 	.data.b	250,2
000029dd 09        10040 	.data.b	9
000029de 01        10041 	.data.b	1
000029df 00000000* 10042 	.data.w	.LDW_4956928
000029e3 00000000* 10043 	.data.w	Hmg_HmacSha160Finish
000029e7 00000000* 10044 	.data.w	__ghs_eofn_Hmg_HmacSha160Finish
000029eb 5d01      10045 	.data.b	1,93
000029ed 00        10046 	.data.b	0
000029ee 04        10047 	.data.b	4
000029ef 00        10048 	.data.b	0
000029f0 7c        10049 	.data.b	124
000029f1 01        10050 	.data.b	1
000029f2 00        10051 	.data.b	0
000029f3 00        10052 	.data.b	0
000029f4 01        10053 	.data.b	1
000029f5 01        10054 	.data.b	1
000029f6 00        10055 	.data.b	0
000029f7 01        10056 	.data.b	1
                   10057 
                   10058 	.section	.debug_frame
                   10059 .LDW_4bcbea8:
00000468 00000000* 10060 	.data.w	.LDW_unq_56-.LDW_unq_55
                   10061 .LDW_unq_55:
0000046c 00000000* 10062 	.data.w	.LDW_4a14d18
00000470 00000000* 10063 	.data.w	Hmg_HmacSha160Finish
00000474 00000004  10064 	.data.w	__ghs_eofn_Hmg_HmacSha160Finish-Hmg_HmacSha160Finish
00000478 01        10065 	.data.b	1
00000479 00000000* 10066 	.data.w	.LDW39
0000047d 00        10067 	.data.b	0
0000047e 00        10068 	.data.b	0
0000047f 00        10069 	.data.b	0
                   10070 .LDW_unq_56:
                   10071 	.section	.debug_line
00000404 020500    10072 	.data.b	0,5,2
00000407 00000000* 10073 	.data.w	Hmg_HmacSha160Finish
0000040b 06        10074 	.data.b	6
0000040c 03        10075 	.data.b	3
0000040d 02fe      10076 	.data.b	254,2

                                                                      Page 176
                                                              C:\Windows\TEMP\gh_000098c3.si
0000040f 02        10077 	.data.b	2
00000410 00        10078 	.data.b	0
00000411 01        10079 	.data.b	1
00000412 06        10080 	.data.b	6
00000413 02        10081 	.data.b	2
00000414 02        10082 	.data.b	2
00000415 02        10083 	.data.b	2
00000416 02        10084 	.data.b	2
00000417 010100    10085 	.data.b	0,1,1
                   10086 	.section	.debug_info
                   10087 .LDW_49e53b8:
000029f8 11        10088 	.data.b	17
000029f9 63616d48  10089 	.data.b	72,109,97,99,83,104,97,49,54,48,67,116,120,0
000029fd 31616853 
00002a01 74433036 
00002a05 0078 
00002a07 02fb      10090 	.data.b	251,2
00002a09 1f        10091 	.data.b	31
00002a0a 01        10092 	.data.b	1
00002a0b 00000000* 10093 	.data.w	.LDW_49cd3b0
00002a0f 00        10094 	.data.b	0
00002a10 5001      10095 	.data.b	1,80
                   10096 
                   10097 .LDW_49e5830:
00002a12 11        10098 	.data.b	17
00002a13 63616d68  10099 	.data.b	104,109,97,99,86,97,108,117,101,0
00002a17 756c6156 
00002a1b 0065 
00002a1d 02fc      10100 	.data.b	252,2
00002a1f 11        10101 	.data.b	17
00002a20 01        10102 	.data.b	1
00002a21 00000000* 10103 	.data.w	.LDW_3732d60
00002a25 00        10104 	.data.b	0
00002a26 5101      10105 	.data.b	1,81
                   10106 
                   10107 .LDW_49e4e30:
00002a28 1f        10108 	.data.b	31
00002a29 00000000* 10109 	.data.w	.LDW29
00002a2d 00000000* 10110 	.data.w	.LDW39
                   10111 
00002a31 00        10112 	.data.b	0
                   10113 
00002a32 00        10114 	.data.b	0
                   10115 
                   10116 .LDW_49ec478:
00002a33 16        10117 	.data.b	22
00002a34 5f676d48  10118 	.data.b	72,109,103,95,72,109,97,99,83,104,97,49,54,48,0
00002a38 63616d48 
00002a3c 31616853 
00002a40 003036 
00002a43 0381      10119 	.data.b	129,3
00002a45 09        10120 	.data.b	9
00002a46 01        10121 	.data.b	1
00002a47 00000000* 10122 	.data.w	.LDW_4956928
00002a4b 00000000* 10123 	.data.w	Hmg_HmacSha160
00002a4f 00000000* 10124 	.data.w	__ghs_eofn_Hmg_HmacSha160
00002a53 5d01      10125 	.data.b	1,93
00002a55 00        10126 	.data.b	0
00002a56 04        10127 	.data.b	4
00002a57 00        10128 	.data.b	0
00002a58 7c        10129 	.data.b	124

                                                                      Page 177
                                                              C:\Windows\TEMP\gh_000098c3.si
00002a59 01        10130 	.data.b	1
00002a5a 00        10131 	.data.b	0
00002a5b 00        10132 	.data.b	0
00002a5c 01        10133 	.data.b	1
00002a5d 01        10134 	.data.b	1
00002a5e 00        10135 	.data.b	0
00002a5f 01        10136 	.data.b	1
                   10137 
                   10138 	.section	.debug_frame
                   10139 .LDW_4bcc4e8:
00000480 00000000* 10140 	.data.w	.LDW_unq_58-.LDW_unq_57
                   10141 .LDW_unq_57:
00000484 00000000* 10142 	.data.w	.LDW_4a14d18
00000488 00000000* 10143 	.data.w	Hmg_HmacSha160
0000048c 00000004  10144 	.data.w	__ghs_eofn_Hmg_HmacSha160-Hmg_HmacSha160
00000490 01        10145 	.data.b	1
00000491 00000000* 10146 	.data.w	.LDW59
00000495 00        10147 	.data.b	0
00000496 00        10148 	.data.b	0
00000497 00        10149 	.data.b	0
                   10150 .LDW_unq_58:
                   10151 	.section	.debug_line
0000041a 020500    10152 	.data.b	0,5,2
0000041d 00000000* 10153 	.data.w	Hmg_HmacSha160
00000421 06        10154 	.data.b	6
00000422 03        10155 	.data.b	3
00000423 0388      10156 	.data.b	136,3
00000425 02        10157 	.data.b	2
00000426 00        10158 	.data.b	0
00000427 01        10159 	.data.b	1
00000428 06        10160 	.data.b	6
00000429 02        10161 	.data.b	2
0000042a 02        10162 	.data.b	2
0000042b 02        10163 	.data.b	2
0000042c 02        10164 	.data.b	2
0000042d 010100    10165 	.data.b	0,1,1
                   10166 	.section	.debug_info
                   10167 .LDW_49e5888:
00002a60 11        10168 	.data.b	17
00002a61 63616d68  10169 	.data.b	104,109,97,99,86,97,108,117,101,0
00002a65 756c6156 
00002a69 0065 
00002a6b 0382      10170 	.data.b	130,3
00002a6d 10        10171 	.data.b	16
00002a6e 01        10172 	.data.b	1
00002a6f 00000000* 10173 	.data.w	.LDW_3732d60
00002a73 00        10174 	.data.b	0
00002a74 5001      10175 	.data.b	1,80
                   10176 
                   10177 .LDW_49e5990:
00002a76 11        10178 	.data.b	17
00002a77 0079656b  10179 	.data.b	107,101,121,0
00002a7b 0383      10180 	.data.b	131,3
00002a7d 10        10181 	.data.b	16
00002a7e 01        10182 	.data.b	1
00002a7f 00000000* 10183 	.data.w	.LDW_3732c10
00002a83 00        10184 	.data.b	0
00002a84 5101      10185 	.data.b	1,81
                   10186 
                   10187 .LDW_49e59e8:
00002a86 11        10188 	.data.b	17

                                                                      Page 178
                                                              C:\Windows\TEMP\gh_000098c3.si
00002a87 4c79656b  10189 	.data.b	107,101,121,76,101,110,0
00002a8b 006e65 
00002a8e 0384      10190 	.data.b	132,3
00002a90 10        10191 	.data.b	16
00002a91 01        10192 	.data.b	1
00002a92 00000000* 10193 	.data.w	.LDW_49c9cf8
00002a96 00        10194 	.data.b	0
00002a97 5201      10195 	.data.b	1,82
                   10196 
                   10197 .LDW_49e5a40:
00002a99 11        10198 	.data.b	17
00002a9a 61746164  10199 	.data.b	100,97,116,97,0
00002a9e 00 
00002a9f 0385      10200 	.data.b	133,3
00002aa1 10        10201 	.data.b	16
00002aa2 01        10202 	.data.b	1
00002aa3 00000000* 10203 	.data.w	.LDW_3732c10
00002aa7 00        10204 	.data.b	0
00002aa8 5301      10205 	.data.b	1,83
                   10206 
                   10207 .LDW_49e5e08:
00002aaa 11        10208 	.data.b	17
00002aab 61746164  10209 	.data.b	100,97,116,97,76,101,110,0
00002aaf 006e654c 
00002ab3 0386      10210 	.data.b	134,3
00002ab5 10        10211 	.data.b	16
00002ab6 01        10212 	.data.b	1
00002ab7 00000000* 10213 	.data.w	.LDW_49c9cf8
00002abb 00        10214 	.data.b	0
00002abc 7d02      10215 	.data.b	2,125
00002abe 00        10216 	.data.b	0
                   10217 
                   10218 .LDW_49e4e90:
00002abf 1f        10219 	.data.b	31
00002ac0 00000000* 10220 	.data.w	.LDW49
00002ac4 00000000* 10221 	.data.w	.LDW59
                   10222 
00002ac8 00        10223 	.data.b	0
                   10224 
00002ac9 00        10225 	.data.b	0
                   10226 
                   10227 .LDW_49ebdf0:
00002aca 16        10228 	.data.b	22
00002acb 5f676d48  10229 	.data.b	72,109,103,95,72,109,97,99,83,104,97,50,50,52,83,116,97,114,116,0
00002acf 63616d48 
00002ad3 32616853 
00002ad7 74533432 
00002adb 00747261 
00002adf 038f      10230 	.data.b	143,3
00002ae1 09        10231 	.data.b	9
00002ae2 01        10232 	.data.b	1
00002ae3 00000000* 10233 	.data.w	.LDW_4956928
00002ae7 00000000* 10234 	.data.w	Hmg_HmacSha224Start
00002aeb 00000000* 10235 	.data.w	__ghs_eofn_Hmg_HmacSha224Start
00002aef 5d01      10236 	.data.b	1,93
00002af1 00        10237 	.data.b	0
00002af2 04        10238 	.data.b	4
00002af3 00        10239 	.data.b	0
00002af4 7c        10240 	.data.b	124
00002af5 01        10241 	.data.b	1
00002af6 00        10242 	.data.b	0

                                                                      Page 179
                                                              C:\Windows\TEMP\gh_000098c3.si
00002af7 00        10243 	.data.b	0
00002af8 01        10244 	.data.b	1
00002af9 01        10245 	.data.b	1
00002afa 00        10246 	.data.b	0
00002afb 01        10247 	.data.b	1
                   10248 
                   10249 	.section	.debug_frame
                   10250 .LDW_4bcc3a8:
00000498 00000000* 10251 	.data.w	.LDW_unq_5a-.LDW_unq_59
                   10252 .LDW_unq_59:
0000049c 00000000* 10253 	.data.w	.LDW_4a14d18
000004a0 00000000* 10254 	.data.w	Hmg_HmacSha224Start
000004a4 00000004  10255 	.data.w	__ghs_eofn_Hmg_HmacSha224Start-Hmg_HmacSha224Start
000004a8 01        10256 	.data.b	1
000004a9 00000000* 10257 	.data.w	.LDW79
000004ad 00        10258 	.data.b	0
000004ae 00        10259 	.data.b	0
000004af 00        10260 	.data.b	0
                   10261 .LDW_unq_5a:
                   10262 	.section	.debug_line
00000430 020500    10263 	.data.b	0,5,2
00000433 00000000* 10264 	.data.w	Hmg_HmacSha224Start
00000437 06        10265 	.data.b	6
00000438 03        10266 	.data.b	3
00000439 0394      10267 	.data.b	148,3
0000043b 02        10268 	.data.b	2
0000043c 00        10269 	.data.b	0
0000043d 01        10270 	.data.b	1
0000043e 06        10271 	.data.b	6
0000043f 02        10272 	.data.b	2
00000440 02        10273 	.data.b	2
00000441 02        10274 	.data.b	2
00000442 02        10275 	.data.b	2
00000443 010100    10276 	.data.b	0,1,1
                   10277 	.section	.debug_info
                   10278 .LDW_49e5e60:
00002afc 11        10279 	.data.b	17
00002afd 63616d48  10280 	.data.b	72,109,97,99,83,104,97,50,50,52,67,116,120,0
00002b01 32616853 
00002b05 74433432 
00002b09 0078 
00002b0b 0390      10281 	.data.b	144,3
00002b0d 1e        10282 	.data.b	30
00002b0e 01        10283 	.data.b	1
00002b0f 00000000* 10284 	.data.w	.LDW_49eb7e0
00002b13 00        10285 	.data.b	0
00002b14 5001      10286 	.data.b	1,80
                   10287 
                   10288 .LDW_49e6120:
00002b16 11        10289 	.data.b	17
00002b17 0079656b  10290 	.data.b	107,101,121,0
00002b1b 0391      10291 	.data.b	145,3
00002b1d 14        10292 	.data.b	20
00002b1e 01        10293 	.data.b	1
00002b1f 00000000* 10294 	.data.w	.LDW_3732c10
00002b23 00        10295 	.data.b	0
00002b24 5101      10296 	.data.b	1,81
                   10297 
                   10298 .LDW_49e5db0:
00002b26 11        10299 	.data.b	17
00002b27 4c79656b  10300 	.data.b	107,101,121,76,101,110,0

                                                                      Page 180
                                                              C:\Windows\TEMP\gh_000098c3.si
00002b2b 006e65 
00002b2e 0392      10301 	.data.b	146,3
00002b30 14        10302 	.data.b	20
00002b31 01        10303 	.data.b	1
00002b32 00000000* 10304 	.data.w	.LDW_49c9cf8
00002b36 00        10305 	.data.b	0
00002b37 5201      10306 	.data.b	1,82
                   10307 
                   10308 .LDW_49e50a0:
00002b39 1f        10309 	.data.b	31
00002b3a 00000000* 10310 	.data.w	.LDW69
00002b3e 00000000* 10311 	.data.w	.LDW79
                   10312 
00002b42 00        10313 	.data.b	0
                   10314 
00002b43 00        10315 	.data.b	0
                   10316 
                   10317 .LDW_49ebaf8:
00002b44 16        10318 	.data.b	22
00002b45 5f676d48  10319 	.data.b	72,109,103,95,72,109,97,99,83,104,97,50,50,52,85,112,100,97,116,101,0
00002b49 63616d48 
00002b4d 32616853 
00002b51 70553432 
00002b55 65746164 
00002b59 00 
00002b5a 0397      10320 	.data.b	151,3
00002b5c 09        10321 	.data.b	9
00002b5d 01        10322 	.data.b	1
00002b5e 00000000* 10323 	.data.w	.LDW_4956928
00002b62 00000000* 10324 	.data.w	Hmg_HmacSha224Update
00002b66 00000000* 10325 	.data.w	__ghs_eofn_Hmg_HmacSha224Update
00002b6a 5d01      10326 	.data.b	1,93
00002b6c 00        10327 	.data.b	0
00002b6d 04        10328 	.data.b	4
00002b6e 00        10329 	.data.b	0
00002b6f 7c        10330 	.data.b	124
00002b70 01        10331 	.data.b	1
00002b71 00        10332 	.data.b	0
00002b72 00        10333 	.data.b	0
00002b73 01        10334 	.data.b	1
00002b74 01        10335 	.data.b	1
00002b75 00        10336 	.data.b	0
00002b76 01        10337 	.data.b	1
                   10338 
                   10339 	.section	.debug_frame
                   10340 .LDW_4bcc928:
000004b0 00000000* 10341 	.data.w	.LDW_unq_5c-.LDW_unq_5b
                   10342 .LDW_unq_5b:
000004b4 00000000* 10343 	.data.w	.LDW_4a14d18
000004b8 00000000* 10344 	.data.w	Hmg_HmacSha224Update
000004bc 00000004  10345 	.data.w	__ghs_eofn_Hmg_HmacSha224Update-Hmg_HmacSha224Update
000004c0 01        10346 	.data.b	1
000004c1 00000000* 10347 	.data.w	.LDW99
000004c5 00        10348 	.data.b	0
000004c6 00        10349 	.data.b	0
000004c7 00        10350 	.data.b	0
                   10351 .LDW_unq_5c:
                   10352 	.section	.debug_line
00000446 020500    10353 	.data.b	0,5,2
00000449 00000000* 10354 	.data.w	Hmg_HmacSha224Update
0000044d 06        10355 	.data.b	6

                                                                      Page 181
                                                              C:\Windows\TEMP\gh_000098c3.si
0000044e 03        10356 	.data.b	3
0000044f 039c      10357 	.data.b	156,3
00000451 02        10358 	.data.b	2
00000452 00        10359 	.data.b	0
00000453 01        10360 	.data.b	1
00000454 06        10361 	.data.b	6
00000455 02        10362 	.data.b	2
00000456 02        10363 	.data.b	2
00000457 02        10364 	.data.b	2
00000458 02        10365 	.data.b	2
00000459 010100    10366 	.data.b	0,1,1
                   10367 	.section	.debug_info
                   10368 .LDW_49e5f68:
00002b77 11        10369 	.data.b	17
00002b78 63616d48  10370 	.data.b	72,109,97,99,83,104,97,50,50,52,67,116,120,0
00002b7c 32616853 
00002b80 74433432 
00002b84 0078 
00002b86 0398      10371 	.data.b	152,3
00002b88 1e        10372 	.data.b	30
00002b89 01        10373 	.data.b	1
00002b8a 00000000* 10374 	.data.w	.LDW_49eb7e0
00002b8e 00        10375 	.data.b	0
00002b8f 5001      10376 	.data.b	1,80
                   10377 
                   10378 .LDW_49e5d58:
00002b91 11        10379 	.data.b	17
00002b92 61746164  10380 	.data.b	100,97,116,97,0
00002b96 00 
00002b97 0399      10381 	.data.b	153,3
00002b99 14        10382 	.data.b	20
00002b9a 01        10383 	.data.b	1
00002b9b 00000000* 10384 	.data.w	.LDW_3732c10
00002b9f 00        10385 	.data.b	0
00002ba0 5101      10386 	.data.b	1,81
                   10387 
                   10388 .LDW_49e5fc0:
00002ba2 11        10389 	.data.b	17
00002ba3 61746164  10390 	.data.b	100,97,116,97,76,101,110,0
00002ba7 006e654c 
00002bab 039a      10391 	.data.b	154,3
00002bad 14        10392 	.data.b	20
00002bae 01        10393 	.data.b	1
00002baf 00000000* 10394 	.data.w	.LDW_49c9cf8
00002bb3 00        10395 	.data.b	0
00002bb4 5201      10396 	.data.b	1,82
                   10397 
                   10398 .LDW_49e5100:
00002bb6 1f        10399 	.data.b	31
00002bb7 00000000* 10400 	.data.w	.LDW89
00002bbb 00000000* 10401 	.data.w	.LDW99
                   10402 
00002bbf 00        10403 	.data.b	0
                   10404 
00002bc0 00        10405 	.data.b	0
                   10406 
                   10407 .LDW_49ec6d8:
00002bc1 16        10408 	.data.b	22
00002bc2 5f676d48  10409 	.data.b	72,109,103,95,72,109,97,99,83,104,97,50,50,52,70,105,110,105,115,104,0
00002bc6 63616d48 
00002bca 32616853 

                                                                      Page 182
                                                              C:\Windows\TEMP\gh_000098c3.si
00002bce 69463432 
00002bd2 6873696e 
00002bd6 00 
00002bd7 039f      10410 	.data.b	159,3
00002bd9 09        10411 	.data.b	9
00002bda 01        10412 	.data.b	1
00002bdb 00000000* 10413 	.data.w	.LDW_4956928
00002bdf 00000000* 10414 	.data.w	Hmg_HmacSha224Finish
00002be3 00000000* 10415 	.data.w	__ghs_eofn_Hmg_HmacSha224Finish
00002be7 5d01      10416 	.data.b	1,93
00002be9 00        10417 	.data.b	0
00002bea 04        10418 	.data.b	4
00002beb 00        10419 	.data.b	0
00002bec 7c        10420 	.data.b	124
00002bed 01        10421 	.data.b	1
00002bee 00        10422 	.data.b	0
00002bef 00        10423 	.data.b	0
00002bf0 01        10424 	.data.b	1
00002bf1 01        10425 	.data.b	1
00002bf2 00        10426 	.data.b	0
00002bf3 01        10427 	.data.b	1
                   10428 
                   10429 	.section	.debug_frame
                   10430 .LDW_4bcce28:
000004c8 00000000* 10431 	.data.w	.LDW_unq_5e-.LDW_unq_5d
                   10432 .LDW_unq_5d:
000004cc 00000000* 10433 	.data.w	.LDW_4a14d18
000004d0 00000000* 10434 	.data.w	Hmg_HmacSha224Finish
000004d4 00000004  10435 	.data.w	__ghs_eofn_Hmg_HmacSha224Finish-Hmg_HmacSha224Finish
000004d8 01        10436 	.data.b	1
000004d9 00000000* 10437 	.data.w	.LDW101
000004dd 00        10438 	.data.b	0
000004de 00        10439 	.data.b	0
000004df 00        10440 	.data.b	0
                   10441 .LDW_unq_5e:
                   10442 	.section	.debug_line
0000045c 020500    10443 	.data.b	0,5,2
0000045f 00000000* 10444 	.data.w	Hmg_HmacSha224Finish
00000463 06        10445 	.data.b	6
00000464 03        10446 	.data.b	3
00000465 03a3      10447 	.data.b	163,3
00000467 02        10448 	.data.b	2
00000468 00        10449 	.data.b	0
00000469 01        10450 	.data.b	1
0000046a 06        10451 	.data.b	6
0000046b 02        10452 	.data.b	2
0000046c 02        10453 	.data.b	2
0000046d 02        10454 	.data.b	2
0000046e 02        10455 	.data.b	2
0000046f 010100    10456 	.data.b	0,1,1
                   10457 	.section	.debug_info
                   10458 .LDW_49e5ca8:
00002bf4 11        10459 	.data.b	17
00002bf5 63616d48  10460 	.data.b	72,109,97,99,83,104,97,50,50,52,67,116,120,0
00002bf9 32616853 
00002bfd 74433432 
00002c01 0078 
00002c03 03a0      10461 	.data.b	160,3
00002c05 1e        10462 	.data.b	30
00002c06 01        10463 	.data.b	1
00002c07 00000000* 10464 	.data.w	.LDW_49eb7e0

                                                                      Page 183
                                                              C:\Windows\TEMP\gh_000098c3.si
00002c0b 00        10465 	.data.b	0
00002c0c 5001      10466 	.data.b	1,80
                   10467 
                   10468 .LDW_49e60c8:
00002c0e 11        10469 	.data.b	17
00002c0f 63616d68  10470 	.data.b	104,109,97,99,86,97,108,117,101,0
00002c13 756c6156 
00002c17 0065 
00002c19 03a1      10471 	.data.b	161,3
00002c1b 14        10472 	.data.b	20
00002c1c 01        10473 	.data.b	1
00002c1d 00000000* 10474 	.data.w	.LDW_3732d60
00002c21 00        10475 	.data.b	0
00002c22 5101      10476 	.data.b	1,81
                   10477 
                   10478 .LDW_49e4f20:
00002c24 1f        10479 	.data.b	31
00002c25 00000000* 10480 	.data.w	.LDW001
00002c29 00000000* 10481 	.data.w	.LDW101
                   10482 
00002c2d 00        10483 	.data.b	0
                   10484 
00002c2e 00        10485 	.data.b	0
                   10486 
                   10487 .LDW_49ebcc0:
00002c2f 16        10488 	.data.b	22
00002c30 5f676d48  10489 	.data.b	72,109,103,95,72,109,97,99,83,104,97,50,53,54,83,116,97,114,116,0
00002c34 63616d48 
00002c38 32616853 
00002c3c 74533635 
00002c40 00747261 
00002c44 03a6      10490 	.data.b	166,3
00002c46 09        10491 	.data.b	9
00002c47 01        10492 	.data.b	1
00002c48 00000000* 10493 	.data.w	.LDW_4956928
00002c4c 00000000* 10494 	.data.w	Hmg_HmacSha256Start
00002c50 00000000* 10495 	.data.w	__ghs_eofn_Hmg_HmacSha256Start
00002c54 5d01      10496 	.data.b	1,93
00002c56 00        10497 	.data.b	0
00002c57 04        10498 	.data.b	4
00002c58 00        10499 	.data.b	0
00002c59 7c        10500 	.data.b	124
00002c5a 01        10501 	.data.b	1
00002c5b 00        10502 	.data.b	0
00002c5c 00        10503 	.data.b	0
00002c5d 01        10504 	.data.b	1
00002c5e 01        10505 	.data.b	1
00002c5f 00        10506 	.data.b	0
00002c60 01        10507 	.data.b	1
                   10508 
                   10509 	.section	.debug_frame
                   10510 .LDW_4be3778:
000004e0 00000000* 10511 	.data.w	.LDW_unq_60-.LDW_unq_5f
                   10512 .LDW_unq_5f:
000004e4 00000000* 10513 	.data.w	.LDW_4a14d18
000004e8 00000000* 10514 	.data.w	Hmg_HmacSha256Start
000004ec 00000004  10515 	.data.w	__ghs_eofn_Hmg_HmacSha256Start-Hmg_HmacSha256Start
000004f0 01        10516 	.data.b	1
000004f1 00000000* 10517 	.data.w	.LDW301
000004f5 00        10518 	.data.b	0
000004f6 00        10519 	.data.b	0

                                                                      Page 184
                                                              C:\Windows\TEMP\gh_000098c3.si
000004f7 00        10520 	.data.b	0
                   10521 .LDW_unq_60:
                   10522 	.section	.debug_line
00000472 020500    10523 	.data.b	0,5,2
00000475 00000000* 10524 	.data.w	Hmg_HmacSha256Start
00000479 06        10525 	.data.b	6
0000047a 03        10526 	.data.b	3
0000047b 03ab      10527 	.data.b	171,3
0000047d 02        10528 	.data.b	2
0000047e 00        10529 	.data.b	0
0000047f 01        10530 	.data.b	1
00000480 06        10531 	.data.b	6
00000481 02        10532 	.data.b	2
00000482 02        10533 	.data.b	2
00000483 02        10534 	.data.b	2
00000484 02        10535 	.data.b	2
00000485 010100    10536 	.data.b	0,1,1
                   10537 	.section	.debug_info
                   10538 .LDW_49e6018:
00002c61 11        10539 	.data.b	17
00002c62 63616d48  10540 	.data.b	72,109,97,99,83,104,97,50,53,54,67,116,120,0
00002c66 32616853 
00002c6a 74433635 
00002c6e 0078 
00002c70 03a7      10541 	.data.b	167,3
00002c72 1f        10542 	.data.b	31
00002c73 01        10543 	.data.b	1
00002c74 00000000* 10544 	.data.w	.LDW_49eb3f0
00002c78 00        10545 	.data.b	0
00002c79 5001      10546 	.data.b	1,80
                   10547 
                   10548 .LDW_49e5eb8:
00002c7b 11        10549 	.data.b	17
00002c7c 0079656b  10550 	.data.b	107,101,121,0
00002c80 03a8      10551 	.data.b	168,3
00002c82 1b        10552 	.data.b	27
00002c83 01        10553 	.data.b	1
00002c84 00000000* 10554 	.data.w	.LDW_3732c10
00002c88 00        10555 	.data.b	0
00002c89 5101      10556 	.data.b	1,81
                   10557 
                   10558 .LDW_49ee8f0:
00002c8b 11        10559 	.data.b	17
00002c8c 4c79656b  10560 	.data.b	107,101,121,76,101,110,0
00002c90 006e65 
00002c93 03a9      10561 	.data.b	169,3
00002c95 1b        10562 	.data.b	27
00002c96 01        10563 	.data.b	1
00002c97 00000000* 10564 	.data.w	.LDW_49c9cf8
00002c9b 00        10565 	.data.b	0
00002c9c 5201      10566 	.data.b	1,82
                   10567 
                   10568 .LDW_49e43b0:
00002c9e 1f        10569 	.data.b	31
00002c9f 00000000* 10570 	.data.w	.LDW201
00002ca3 00000000* 10571 	.data.w	.LDW301
                   10572 
00002ca7 00        10573 	.data.b	0
                   10574 
00002ca8 00        10575 	.data.b	0
                   10576 

                                                                      Page 185
                                                              C:\Windows\TEMP\gh_000098c3.si
                   10577 .LDW_49ebc28:
00002ca9 16        10578 	.data.b	22
00002caa 5f676d48  10579 	.data.b	72,109,103,95,72,109,97,99,83,104,97,50,53,54,85,112,100,97,116,101,0
00002cae 63616d48 
00002cb2 32616853 
00002cb6 70553635 
00002cba 65746164 
00002cbe 00 
00002cbf 03ae      10580 	.data.b	174,3
00002cc1 09        10581 	.data.b	9
00002cc2 01        10582 	.data.b	1
00002cc3 00000000* 10583 	.data.w	.LDW_4956928
00002cc7 00000000* 10584 	.data.w	Hmg_HmacSha256Update
00002ccb 00000000* 10585 	.data.w	__ghs_eofn_Hmg_HmacSha256Update
00002ccf 5d01      10586 	.data.b	1,93
00002cd1 00        10587 	.data.b	0
00002cd2 04        10588 	.data.b	4
00002cd3 00        10589 	.data.b	0
00002cd4 7c        10590 	.data.b	124
00002cd5 01        10591 	.data.b	1
00002cd6 00        10592 	.data.b	0
00002cd7 00        10593 	.data.b	0
00002cd8 01        10594 	.data.b	1
00002cd9 01        10595 	.data.b	1
00002cda 00        10596 	.data.b	0
00002cdb 01        10597 	.data.b	1
                   10598 
                   10599 	.section	.debug_frame
                   10600 .LDW_4be3638:
000004f8 00000000* 10601 	.data.w	.LDW_unq_62-.LDW_unq_61
                   10602 .LDW_unq_61:
000004fc 00000000* 10603 	.data.w	.LDW_4a14d18
00000500 00000000* 10604 	.data.w	Hmg_HmacSha256Update
00000504 00000004  10605 	.data.w	__ghs_eofn_Hmg_HmacSha256Update-Hmg_HmacSha256Update
00000508 01        10606 	.data.b	1
00000509 00000000* 10607 	.data.w	.LDW501
0000050d 00        10608 	.data.b	0
0000050e 00        10609 	.data.b	0
0000050f 00        10610 	.data.b	0
                   10611 .LDW_unq_62:
                   10612 	.section	.debug_line
00000488 020500    10613 	.data.b	0,5,2
0000048b 00000000* 10614 	.data.w	Hmg_HmacSha256Update
0000048f 06        10615 	.data.b	6
00000490 03        10616 	.data.b	3
00000491 03b3      10617 	.data.b	179,3
00000493 02        10618 	.data.b	2
00000494 00        10619 	.data.b	0
00000495 01        10620 	.data.b	1
00000496 06        10621 	.data.b	6
00000497 02        10622 	.data.b	2
00000498 02        10623 	.data.b	2
00000499 02        10624 	.data.b	2
0000049a 02        10625 	.data.b	2
0000049b 010100    10626 	.data.b	0,1,1
                   10627 	.section	.debug_info
                   10628 .LDW_49ee738:
00002cdc 11        10629 	.data.b	17
00002cdd 63616d48  10630 	.data.b	72,109,97,99,83,104,97,50,53,54,67,116,120,0
00002ce1 32616853 
00002ce5 74433635 

                                                                      Page 186
                                                              C:\Windows\TEMP\gh_000098c3.si
00002ce9 0078 
00002ceb 03af      10631 	.data.b	175,3
00002ced 21        10632 	.data.b	33
00002cee 01        10633 	.data.b	1
00002cef 00000000* 10634 	.data.w	.LDW_49eb3f0
00002cf3 00        10635 	.data.b	0
00002cf4 5001      10636 	.data.b	1,80
                   10637 
                   10638 .LDW_49ee5d8:
00002cf6 11        10639 	.data.b	17
00002cf7 61746164  10640 	.data.b	100,97,116,97,0
00002cfb 00 
00002cfc 03b0      10641 	.data.b	176,3
00002cfe 1b        10642 	.data.b	27
00002cff 01        10643 	.data.b	1
00002d00 00000000* 10644 	.data.w	.LDW_3732c10
00002d04 00        10645 	.data.b	0
00002d05 5101      10646 	.data.b	1,81
                   10647 
                   10648 .LDW_49ee630:
00002d07 11        10649 	.data.b	17
00002d08 61746164  10650 	.data.b	100,97,116,97,76,101,110,0
00002d0c 006e654c 
00002d10 03b1      10651 	.data.b	177,3
00002d12 1b        10652 	.data.b	27
00002d13 01        10653 	.data.b	1
00002d14 00000000* 10654 	.data.w	.LDW_49c9cf8
00002d18 00        10655 	.data.b	0
00002d19 5201      10656 	.data.b	1,82
                   10657 
                   10658 .LDW_49e4290:
00002d1b 1f        10659 	.data.b	31
00002d1c 00000000* 10660 	.data.w	.LDW401
00002d20 00000000* 10661 	.data.w	.LDW501
                   10662 
00002d24 00        10663 	.data.b	0
                   10664 
00002d25 00        10665 	.data.b	0
                   10666 
                   10667 .LDW_49ec640:
00002d26 16        10668 	.data.b	22
00002d27 5f676d48  10669 	.data.b	72,109,103,95,72,109,97,99,83,104,97,50,53,54,70,105,110,105,115,104,0
00002d2b 63616d48 
00002d2f 32616853 
00002d33 69463635 
00002d37 6873696e 
00002d3b 00 
00002d3c 03b6      10670 	.data.b	182,3
00002d3e 09        10671 	.data.b	9
00002d3f 01        10672 	.data.b	1
00002d40 00000000* 10673 	.data.w	.LDW_4956928
00002d44 00000000* 10674 	.data.w	Hmg_HmacSha256Finish
00002d48 00000000* 10675 	.data.w	__ghs_eofn_Hmg_HmacSha256Finish
00002d4c 5d01      10676 	.data.b	1,93
00002d4e 00        10677 	.data.b	0
00002d4f 04        10678 	.data.b	4
00002d50 00        10679 	.data.b	0
00002d51 7c        10680 	.data.b	124
00002d52 01        10681 	.data.b	1
00002d53 00        10682 	.data.b	0
00002d54 00        10683 	.data.b	0

                                                                      Page 187
                                                              C:\Windows\TEMP\gh_000098c3.si
00002d55 01        10684 	.data.b	1
00002d56 01        10685 	.data.b	1
00002d57 00        10686 	.data.b	0
00002d58 01        10687 	.data.b	1
                   10688 
                   10689 	.section	.debug_frame
                   10690 .LDW_4be42b8:
00000510 00000000* 10691 	.data.w	.LDW_unq_64-.LDW_unq_63
                   10692 .LDW_unq_63:
00000514 00000000* 10693 	.data.w	.LDW_4a14d18
00000518 00000000* 10694 	.data.w	Hmg_HmacSha256Finish
0000051c 00000004  10695 	.data.w	__ghs_eofn_Hmg_HmacSha256Finish-Hmg_HmacSha256Finish
00000520 01        10696 	.data.b	1
00000521 00000000* 10697 	.data.w	.LDW701
00000525 00        10698 	.data.b	0
00000526 00        10699 	.data.b	0
00000527 00        10700 	.data.b	0
                   10701 .LDW_unq_64:
                   10702 	.section	.debug_line
0000049e 020500    10703 	.data.b	0,5,2
000004a1 00000000* 10704 	.data.w	Hmg_HmacSha256Finish
000004a5 06        10705 	.data.b	6
000004a6 03        10706 	.data.b	3
000004a7 03ba      10707 	.data.b	186,3
000004a9 02        10708 	.data.b	2
000004aa 00        10709 	.data.b	0
000004ab 01        10710 	.data.b	1
000004ac 06        10711 	.data.b	6
000004ad 02        10712 	.data.b	2
000004ae 02        10713 	.data.b	2
000004af 02        10714 	.data.b	2
000004b0 02        10715 	.data.b	2
000004b1 010100    10716 	.data.b	0,1,1
                   10717 	.section	.debug_info
                   10718 .LDW_49ee790:
00002d59 11        10719 	.data.b	17
00002d5a 63616d48  10720 	.data.b	72,109,97,99,83,104,97,50,53,54,67,116,120,0
00002d5e 32616853 
00002d62 74433635 
00002d66 0078 
00002d68 03b7      10721 	.data.b	183,3
00002d6a 1f        10722 	.data.b	31
00002d6b 01        10723 	.data.b	1
00002d6c 00000000* 10724 	.data.w	.LDW_49eb3f0
00002d70 00        10725 	.data.b	0
00002d71 5001      10726 	.data.b	1,80
                   10727 
                   10728 .LDW_49ee688:
00002d73 11        10729 	.data.b	17
00002d74 63616d68  10730 	.data.b	104,109,97,99,86,97,108,117,101,0
00002d78 756c6156 
00002d7c 0065 
00002d7e 03b8      10731 	.data.b	184,3
00002d80 19        10732 	.data.b	25
00002d81 01        10733 	.data.b	1
00002d82 00000000* 10734 	.data.w	.LDW_3732d60
00002d86 00        10735 	.data.b	0
00002d87 5101      10736 	.data.b	1,81
                   10737 
                   10738 .LDW_49e4620:
00002d89 1f        10739 	.data.b	31

                                                                      Page 188
                                                              C:\Windows\TEMP\gh_000098c3.si
00002d8a 00000000* 10740 	.data.w	.LDW601
00002d8e 00000000* 10741 	.data.w	.LDW701
                   10742 
00002d92 00        10743 	.data.b	0
                   10744 
00002d93 00        10745 	.data.b	0
                   10746 
                   10747 .LDW_49ebe88:
00002d94 16        10748 	.data.b	22
00002d95 5f676d48  10749 	.data.b	72,109,103,95,72,109,97,99,83,104,97,50,53,54,0
00002d99 63616d48 
00002d9d 32616853 
00002da1 003635 
00002da4 03bd      10750 	.data.b	189,3
00002da6 09        10751 	.data.b	9
00002da7 01        10752 	.data.b	1
00002da8 00000000* 10753 	.data.w	.LDW_4956928
00002dac 00000000* 10754 	.data.w	Hmg_HmacSha256
00002db0 00000000* 10755 	.data.w	__ghs_eofn_Hmg_HmacSha256
00002db4 5d01      10756 	.data.b	1,93
00002db6 00        10757 	.data.b	0
00002db7 04        10758 	.data.b	4
00002db8 00        10759 	.data.b	0
00002db9 7c        10760 	.data.b	124
00002dba 01        10761 	.data.b	1
00002dbb 00        10762 	.data.b	0
00002dbc 00        10763 	.data.b	0
00002dbd 01        10764 	.data.b	1
00002dbe 01        10765 	.data.b	1
00002dbf 00        10766 	.data.b	0
00002dc0 01        10767 	.data.b	1
                   10768 
                   10769 	.section	.debug_frame
                   10770 .LDW_4be3ff8:
00000528 00000000* 10771 	.data.w	.LDW_unq_66-.LDW_unq_65
                   10772 .LDW_unq_65:
0000052c 00000000* 10773 	.data.w	.LDW_4a14d18
00000530 00000000* 10774 	.data.w	Hmg_HmacSha256
00000534 00000004  10775 	.data.w	__ghs_eofn_Hmg_HmacSha256-Hmg_HmacSha256
00000538 01        10776 	.data.b	1
00000539 00000000* 10777 	.data.w	.LDW901
0000053d 00        10778 	.data.b	0
0000053e 00        10779 	.data.b	0
0000053f 00        10780 	.data.b	0
                   10781 .LDW_unq_66:
                   10782 	.section	.debug_line
000004b4 020500    10783 	.data.b	0,5,2
000004b7 00000000* 10784 	.data.w	Hmg_HmacSha256
000004bb 06        10785 	.data.b	6
000004bc 03        10786 	.data.b	3
000004bd 03c4      10787 	.data.b	196,3
000004bf 02        10788 	.data.b	2
000004c0 00        10789 	.data.b	0
000004c1 01        10790 	.data.b	1
000004c2 06        10791 	.data.b	6
000004c3 02        10792 	.data.b	2
000004c4 02        10793 	.data.b	2
000004c5 02        10794 	.data.b	2
000004c6 02        10795 	.data.b	2
000004c7 010100    10796 	.data.b	0,1,1
                   10797 	.section	.debug_info

                                                                      Page 189
                                                              C:\Windows\TEMP\gh_000098c3.si
                   10798 .LDW_49ee898:
00002dc1 11        10799 	.data.b	17
00002dc2 63616d68  10800 	.data.b	104,109,97,99,86,97,108,117,101,0
00002dc6 756c6156 
00002dca 0065 
00002dcc 03be      10801 	.data.b	190,3
00002dce 10        10802 	.data.b	16
00002dcf 01        10803 	.data.b	1
00002dd0 00000000* 10804 	.data.w	.LDW_3732d60
00002dd4 00        10805 	.data.b	0
00002dd5 5001      10806 	.data.b	1,80
                   10807 
                   10808 .LDW_49ee6e0:
00002dd7 11        10809 	.data.b	17
00002dd8 0079656b  10810 	.data.b	107,101,121,0
00002ddc 03bf      10811 	.data.b	191,3
00002dde 10        10812 	.data.b	16
00002ddf 01        10813 	.data.b	1
00002de0 00000000* 10814 	.data.w	.LDW_3732c10
00002de4 00        10815 	.data.b	0
00002de5 5101      10816 	.data.b	1,81
                   10817 
                   10818 .LDW_49ee7e8:
00002de7 11        10819 	.data.b	17
00002de8 4c79656b  10820 	.data.b	107,101,121,76,101,110,0
00002dec 006e65 
00002def 03c0      10821 	.data.b	192,3
00002df1 10        10822 	.data.b	16
00002df2 01        10823 	.data.b	1
00002df3 00000000* 10824 	.data.w	.LDW_49c9cf8
00002df7 00        10825 	.data.b	0
00002df8 5201      10826 	.data.b	1,82
                   10827 
                   10828 .LDW_49ee528:
00002dfa 11        10829 	.data.b	17
00002dfb 61746164  10830 	.data.b	100,97,116,97,0
00002dff 00 
00002e00 03c1      10831 	.data.b	193,3
00002e02 10        10832 	.data.b	16
00002e03 01        10833 	.data.b	1
00002e04 00000000* 10834 	.data.w	.LDW_3732c10
00002e08 00        10835 	.data.b	0
00002e09 5301      10836 	.data.b	1,83
                   10837 
                   10838 .LDW_49ee840:
00002e0b 11        10839 	.data.b	17
00002e0c 61746164  10840 	.data.b	100,97,116,97,76,101,110,0
00002e10 006e654c 
00002e14 03c2      10841 	.data.b	194,3
00002e16 10        10842 	.data.b	16
00002e17 01        10843 	.data.b	1
00002e18 00000000* 10844 	.data.w	.LDW_49c9cf8
00002e1c 00        10845 	.data.b	0
00002e1d 7d02      10846 	.data.b	2,125
00002e1f 00        10847 	.data.b	0
                   10848 
                   10849 .LDW_49e4440:
00002e20 1f        10850 	.data.b	31
00002e21 00000000* 10851 	.data.w	.LDW801
00002e25 00000000* 10852 	.data.w	.LDW901
                   10853 

                                                                      Page 190
                                                              C:\Windows\TEMP\gh_000098c3.si
00002e29 00        10854 	.data.b	0
                   10855 
00002e2a 00        10856 	.data.b	0
                   10857 
                   10858 .LDW_49ec770:
00002e2b 16        10859 	.data.b	22
00002e2c 5f676d48  10860 	.data.b	72,109,103,95,80,66,75,68,70,50,0
00002e30 444b4250 
00002e34 003246 
00002e37 03c9      10861 	.data.b	201,3
00002e39 09        10862 	.data.b	9
00002e3a 01        10863 	.data.b	1
00002e3b 00000000* 10864 	.data.w	.LDW_4956928
00002e3f 00000000* 10865 	.data.w	Hmg_PBKDF2
00002e43 00000000* 10866 	.data.w	__ghs_eofn_Hmg_PBKDF2
00002e47 5d01      10867 	.data.b	1,93
00002e49 00        10868 	.data.b	0
00002e4a 04        10869 	.data.b	4
00002e4b 00        10870 	.data.b	0
00002e4c 7c        10871 	.data.b	124
00002e4d 01        10872 	.data.b	1
00002e4e 00        10873 	.data.b	0
00002e4f 00        10874 	.data.b	0
00002e50 01        10875 	.data.b	1
00002e51 01        10876 	.data.b	1
00002e52 00        10877 	.data.b	0
00002e53 01        10878 	.data.b	1
                   10879 
                   10880 	.section	.debug_frame
                   10881 .LDW_4be4738:
00000540 00000000* 10882 	.data.w	.LDW_unq_68-.LDW_unq_67
                   10883 .LDW_unq_67:
00000544 00000000* 10884 	.data.w	.LDW_4a14d18
00000548 00000000* 10885 	.data.w	Hmg_PBKDF2
0000054c 00000004  10886 	.data.w	__ghs_eofn_Hmg_PBKDF2-Hmg_PBKDF2
00000550 01        10887 	.data.b	1
00000551 00000000* 10888 	.data.w	.LDW111
00000555 00        10889 	.data.b	0
00000556 00        10890 	.data.b	0
00000557 00        10891 	.data.b	0
                   10892 .LDW_unq_68:
                   10893 	.section	.debug_line
000004ca 020500    10894 	.data.b	0,5,2
000004cd 00000000* 10895 	.data.w	Hmg_PBKDF2
000004d1 06        10896 	.data.b	6
000004d2 03        10897 	.data.b	3
000004d3 03d2      10898 	.data.b	210,3
000004d5 02        10899 	.data.b	2
000004d6 00        10900 	.data.b	0
000004d7 01        10901 	.data.b	1
000004d8 06        10902 	.data.b	6
000004d9 02        10903 	.data.b	2
000004da 02        10904 	.data.b	2
000004db 02        10905 	.data.b	2
000004dc 02        10906 	.data.b	2
000004dd 010100    10907 	.data.b	0,1,1
                   10908 	.section	.debug_info
                   10909 .LDW_49ee948:
00002e54 11        10910 	.data.b	17
00002e55 69726564  10911 	.data.b	100,101,114,105,118,101,100,107,101,121,0
00002e59 6b646576 

                                                                      Page 191
                                                              C:\Windows\TEMP\gh_000098c3.si
00002e5d 007965 
00002e60 03ca      10912 	.data.b	202,3
00002e62 11        10913 	.data.b	17
00002e63 01        10914 	.data.b	1
00002e64 00000000* 10915 	.data.w	.LDW_3732d60
00002e68 00        10916 	.data.b	0
00002e69 5001      10917 	.data.b	1,80
                   10918 
                   10919 .LDW_49ee4d0:
00002e6b 11        10920 	.data.b	17
00002e6c 654c6b64  10921 	.data.b	100,107,76,101,110,0
00002e70 006e 
00002e72 03cb      10922 	.data.b	203,3
00002e74 10        10923 	.data.b	16
00002e75 01        10924 	.data.b	1
00002e76 00000000* 10925 	.data.w	.LDW_49c9cf8
00002e7a 00        10926 	.data.b	0
00002e7b 5101      10927 	.data.b	1,81
                   10928 
                   10929 .LDW_49ee580:
00002e7d 11        10930 	.data.b	17
00002e7e 73736170  10931 	.data.b	112,97,115,115,119,111,114,100,0
00002e82 64726f77 
00002e86 00 
00002e87 03cc      10932 	.data.b	204,3
00002e89 10        10933 	.data.b	16
00002e8a 01        10934 	.data.b	1
00002e8b 00000000* 10935 	.data.w	.LDW_3732c10
00002e8f 00        10936 	.data.b	0
00002e90 5201      10937 	.data.b	1,82
                   10938 
                   10939 .LDW_49edb88:
00002e92 11        10940 	.data.b	17
00002e93 6e654c70  10941 	.data.b	112,76,101,110,0
00002e97 00 
00002e98 03cd      10942 	.data.b	205,3
00002e9a 10        10943 	.data.b	16
00002e9b 01        10944 	.data.b	1
00002e9c 00000000* 10945 	.data.w	.LDW_49c9cf8
00002ea0 00        10946 	.data.b	0
00002ea1 5301      10947 	.data.b	1,83
                   10948 
                   10949 .LDW_49edea0:
00002ea3 11        10950 	.data.b	17
00002ea4 746c6173  10951 	.data.b	115,97,108,116,0
00002ea8 00 
00002ea9 03ce      10952 	.data.b	206,3
00002eab 10        10953 	.data.b	16
00002eac 01        10954 	.data.b	1
00002ead 00000000* 10955 	.data.w	.LDW_3732c10
00002eb1 00        10956 	.data.b	0
00002eb2 7d02      10957 	.data.b	2,125
00002eb4 00        10958 	.data.b	0
                   10959 
                   10960 .LDW_49ee000:
00002eb5 11        10961 	.data.b	17
00002eb6 6e654c73  10962 	.data.b	115,76,101,110,0
00002eba 00 
00002ebb 03cf      10963 	.data.b	207,3
00002ebd 10        10964 	.data.b	16
00002ebe 01        10965 	.data.b	1

                                                                      Page 192
                                                              C:\Windows\TEMP\gh_000098c3.si
00002ebf 00000000* 10966 	.data.w	.LDW_49c9cf8
00002ec3 00        10967 	.data.b	0
00002ec4 7d02      10968 	.data.b	2,125
00002ec6 04        10969 	.data.b	4
                   10970 
                   10971 .LDW_49edbe0:
00002ec7 11        10972 	.data.b	17
00002ec8 756f6369  10973 	.data.b	105,99,111,117,110,116,0
00002ecc 00746e 
00002ecf 03d0      10974 	.data.b	208,3
00002ed1 10        10975 	.data.b	16
00002ed2 01        10976 	.data.b	1
00002ed3 00000000* 10977 	.data.w	.LDW_49c9cf8
00002ed7 00        10978 	.data.b	0
00002ed8 7d02      10979 	.data.b	2,125
00002eda 08        10980 	.data.b	8
                   10981 
                   10982 .LDW_49e4680:
00002edb 1f        10983 	.data.b	31
00002edc 00000000* 10984 	.data.w	.LDW011
00002ee0 00000000* 10985 	.data.w	.LDW111
                   10986 
00002ee4 00        10987 	.data.b	0
                   10988 
00002ee5 00        10989 	.data.b	0
                   10990 
                   10991 .LDW_49ec8a0:
00002ee6 16        10992 	.data.b	22
00002ee7 5f676d48  10993 	.data.b	72,109,103,95,82,115,97,80,107,99,115,49,118,49,53,83,105,103,110,83,116,97,114,116,0
00002eeb 50617352 
00002eef 3173636b 
00002ef3 53353176 
00002ef7 536e6769 
00002efb 74726174 
00002eff 00 
00002f00 03e0      10994 	.data.b	224,3
00002f02 09        10995 	.data.b	9
00002f03 01        10996 	.data.b	1
00002f04 00000000* 10997 	.data.w	.LDW_4956928
00002f08 00000000* 10998 	.data.w	Hmg_RsaPkcs1v15SignStart
00002f0c 00000000* 10999 	.data.w	__ghs_eofn_Hmg_RsaPkcs1v15SignStart
00002f10 5d01      11000 	.data.b	1,93
00002f12 00        11001 	.data.b	0
00002f13 04        11002 	.data.b	4
00002f14 00        11003 	.data.b	0
00002f15 7c        11004 	.data.b	124
00002f16 01        11005 	.data.b	1
00002f17 00        11006 	.data.b	0
00002f18 00        11007 	.data.b	0
00002f19 01        11008 	.data.b	1
00002f1a 01        11009 	.data.b	1
00002f1b 00        11010 	.data.b	0
00002f1c 01        11011 	.data.b	1
                   11012 
                   11013 	.section	.debug_frame
                   11014 .LDW_4be4f78:
00000558 00000000* 11015 	.data.w	.LDW_unq_6a-.LDW_unq_69
                   11016 .LDW_unq_69:
0000055c 00000000* 11017 	.data.w	.LDW_4a14d18
00000560 00000000* 11018 	.data.w	Hmg_RsaPkcs1v15SignStart
00000564 00000004  11019 	.data.w	__ghs_eofn_Hmg_RsaPkcs1v15SignStart-Hmg_RsaPkcs1v15SignStart

                                                                      Page 193
                                                              C:\Windows\TEMP\gh_000098c3.si
00000568 01        11020 	.data.b	1
00000569 00000000* 11021 	.data.w	.LDW311
0000056d 00        11022 	.data.b	0
0000056e 00        11023 	.data.b	0
0000056f 00        11024 	.data.b	0
                   11025 .LDW_unq_6a:
                   11026 	.section	.debug_line
000004e0 020500    11027 	.data.b	0,5,2
000004e3 00000000* 11028 	.data.w	Hmg_RsaPkcs1v15SignStart
000004e7 06        11029 	.data.b	6
000004e8 03        11030 	.data.b	3
000004e9 03e6      11031 	.data.b	230,3
000004eb 02        11032 	.data.b	2
000004ec 00        11033 	.data.b	0
000004ed 01        11034 	.data.b	1
000004ee 06        11035 	.data.b	6
000004ef 02        11036 	.data.b	2
000004f0 02        11037 	.data.b	2
000004f1 02        11038 	.data.b	2
000004f2 02        11039 	.data.b	2
000004f3 010100    11040 	.data.b	0,1,1
                   11041 	.section	.debug_info
                   11042 .LDW_49ee160:
00002f1d 11        11043 	.data.b	17
00002f1e 5f617372  11044 	.data.b	114,115,97,95,99,116,120,0
00002f22 00787463 
00002f26 03e1      11045 	.data.b	225,3
00002f28 1d        11046 	.data.b	29
00002f29 01        11047 	.data.b	1
00002f2a 00000000* 11048 	.data.w	.LDW_49eb268
00002f2e 00        11049 	.data.b	0
00002f2f 5001      11050 	.data.b	1,80
                   11051 
                   11052 .LDW_49ee058:
00002f31 11        11053 	.data.b	17
00002f32 67694470  11054 	.data.b	112,68,105,103,101,115,116,0
00002f36 00747365 
00002f3a 03e2      11055 	.data.b	226,3
00002f3c 12        11056 	.data.b	18
00002f3d 01        11057 	.data.b	1
00002f3e 00000000* 11058 	.data.w	.LDW_3732c10
00002f42 00        11059 	.data.b	0
00002f43 5101      11060 	.data.b	1,81
                   11061 
                   11062 .LDW_49edc38:
00002f45 11        11063 	.data.b	17
00002f46 68736168  11064 	.data.b	104,97,115,104,65,108,103,111,114,105,116,104,109,0
00002f4a 6f676c41 
00002f4e 68746972 
00002f52 006d 
00002f54 03e3      11065 	.data.b	227,3
00002f56 11        11066 	.data.b	17
00002f57 01        11067 	.data.b	1
00002f58 00000000* 11068 	.data.w	.LDW_49c9cf8
00002f5c 00        11069 	.data.b	0
00002f5d 5201      11070 	.data.b	1,82
                   11071 
                   11072 .LDW_49eda28:
00002f5f 11        11073 	.data.b	17
00002f60 76697270  11074 	.data.b	112,114,105,118,97,116,101,107,101,121,0
00002f64 6b657461 

                                                                      Page 194
                                                              C:\Windows\TEMP\gh_000098c3.si
00002f68 007965 
00002f6b 03e4      11075 	.data.b	228,3
00002f6d 1c        11076 	.data.b	28
00002f6e 01        11077 	.data.b	1
00002f6f 00000000* 11078 	.data.w	.LDW_49eb230
00002f73 00        11079 	.data.b	0
00002f74 5301      11080 	.data.b	1,83
                   11081 
                   11082 .LDW_49e46e0:
00002f76 1f        11083 	.data.b	31
00002f77 00000000* 11084 	.data.w	.LDW211
00002f7b 00000000* 11085 	.data.w	.LDW311
                   11086 
00002f7f 00        11087 	.data.b	0
                   11088 
00002f80 00        11089 	.data.b	0
                   11090 
                   11091 .LDW_49ec938:
00002f81 16        11092 	.data.b	22
00002f82 5f676d48  11093 	.data.b	72,109,103,95,82,115,97,80,107,99,115,49,118,49,53,83,105,103,110,85,112,100,97,116,101,0
00002f86 50617352 
00002f8a 3173636b 
00002f8e 53353176 
00002f92 556e6769 
00002f96 74616470 
00002f9a 0065 
00002f9c 03e9      11094 	.data.b	233,3
00002f9e 09        11095 	.data.b	9
00002f9f 01        11096 	.data.b	1
00002fa0 00000000* 11097 	.data.w	.LDW_4956928
00002fa4 00000000* 11098 	.data.w	Hmg_RsaPkcs1v15SignUpdate
00002fa8 00000000* 11099 	.data.w	__ghs_eofn_Hmg_RsaPkcs1v15SignUpdate
00002fac 5d01      11100 	.data.b	1,93
00002fae 00        11101 	.data.b	0
00002faf 04        11102 	.data.b	4
00002fb0 00        11103 	.data.b	0
00002fb1 7c        11104 	.data.b	124
00002fb2 01        11105 	.data.b	1
00002fb3 00        11106 	.data.b	0
00002fb4 00        11107 	.data.b	0
00002fb5 01        11108 	.data.b	1
00002fb6 01        11109 	.data.b	1
00002fb7 00        11110 	.data.b	0
00002fb8 01        11111 	.data.b	1
                   11112 
                   11113 	.section	.debug_frame
                   11114 .LDW_4be5278:
00000570 00000000* 11115 	.data.w	.LDW_unq_6c-.LDW_unq_6b
                   11116 .LDW_unq_6b:
00000574 00000000* 11117 	.data.w	.LDW_4a14d18
00000578 00000000* 11118 	.data.w	Hmg_RsaPkcs1v15SignUpdate
0000057c 00000004  11119 	.data.w	__ghs_eofn_Hmg_RsaPkcs1v15SignUpdate-Hmg_RsaPkcs1v15SignUpdate
00000580 01        11120 	.data.b	1
00000581 00000000* 11121 	.data.w	.LDW511
00000585 00        11122 	.data.b	0
00000586 00        11123 	.data.b	0
00000587 00        11124 	.data.b	0
                   11125 .LDW_unq_6c:
                   11126 	.section	.debug_line
000004f6 020500    11127 	.data.b	0,5,2
000004f9 00000000* 11128 	.data.w	Hmg_RsaPkcs1v15SignUpdate

                                                                      Page 195
                                                              C:\Windows\TEMP\gh_000098c3.si
000004fd 06        11129 	.data.b	6
000004fe 03        11130 	.data.b	3
000004ff 03ec      11131 	.data.b	236,3
00000501 02        11132 	.data.b	2
00000502 00        11133 	.data.b	0
00000503 01        11134 	.data.b	1
00000504 06        11135 	.data.b	6
00000505 02        11136 	.data.b	2
00000506 02        11137 	.data.b	2
00000507 02        11138 	.data.b	2
00000508 02        11139 	.data.b	2
00000509 010100    11140 	.data.b	0,1,1
                   11141 	.section	.debug_info
                   11142 .LDW_49edc90:
00002fb9 11        11143 	.data.b	17
00002fba 5f617372  11144 	.data.b	114,115,97,95,99,116,120,0
00002fbe 00787463 
00002fc2 03ea      11145 	.data.b	234,3
00002fc4 1d        11146 	.data.b	29
00002fc5 01        11147 	.data.b	1
00002fc6 00000000* 11148 	.data.w	.LDW_49eb268
00002fca 00        11149 	.data.b	0
00002fcb 5001      11150 	.data.b	1,80
                   11151 
                   11152 .LDW_49e4230:
00002fcd 1f        11153 	.data.b	31
00002fce 00000000* 11154 	.data.w	.LDW411
00002fd2 00000000* 11155 	.data.w	.LDW511
                   11156 
00002fd6 00        11157 	.data.b	0
                   11158 
00002fd7 00        11159 	.data.b	0
                   11160 
                   11161 .LDW_49ecb98:
00002fd8 16        11162 	.data.b	22
00002fd9 5f676d48  11163 	.data.b	72,109,103,95,82,115,97,80,107,99,115,49,118,49,53,83,105,103,110,70,105,110,105,115,104,0
00002fdd 50617352 
00002fe1 3173636b 
00002fe5 53353176 
00002fe9 466e6769 
00002fed 73696e69 
00002ff1 0068 
00002ff3 03ef      11164 	.data.b	239,3
00002ff5 09        11165 	.data.b	9
00002ff6 01        11166 	.data.b	1
00002ff7 00000000* 11167 	.data.w	.LDW_4956928
00002ffb 00000000* 11168 	.data.w	Hmg_RsaPkcs1v15SignFinish
00002fff 00000000* 11169 	.data.w	__ghs_eofn_Hmg_RsaPkcs1v15SignFinish
00003003 5d01      11170 	.data.b	1,93
00003005 00        11171 	.data.b	0
00003006 04        11172 	.data.b	4
00003007 00        11173 	.data.b	0
00003008 7c        11174 	.data.b	124
00003009 01        11175 	.data.b	1
0000300a 00        11176 	.data.b	0
0000300b 00        11177 	.data.b	0
0000300c 01        11178 	.data.b	1
0000300d 01        11179 	.data.b	1
0000300e 00        11180 	.data.b	0
0000300f 01        11181 	.data.b	1
                   11182 

                                                                      Page 196
                                                              C:\Windows\TEMP\gh_000098c3.si
                   11183 	.section	.debug_frame
                   11184 .LDW_4be5a38:
00000588 00000000* 11185 	.data.w	.LDW_unq_6e-.LDW_unq_6d
                   11186 .LDW_unq_6d:
0000058c 00000000* 11187 	.data.w	.LDW_4a14d18
00000590 00000000* 11188 	.data.w	Hmg_RsaPkcs1v15SignFinish
00000594 00000004  11189 	.data.w	__ghs_eofn_Hmg_RsaPkcs1v15SignFinish-Hmg_RsaPkcs1v15SignFinish
00000598 01        11190 	.data.b	1
00000599 00000000* 11191 	.data.w	.LDW711
0000059d 00        11192 	.data.b	0
0000059e 00        11193 	.data.b	0
0000059f 00        11194 	.data.b	0
                   11195 .LDW_unq_6e:
                   11196 	.section	.debug_line
0000050c 020500    11197 	.data.b	0,5,2
0000050f 00000000* 11198 	.data.w	Hmg_RsaPkcs1v15SignFinish
00000513 06        11199 	.data.b	6
00000514 03        11200 	.data.b	3
00000515 03f3      11201 	.data.b	243,3
00000517 02        11202 	.data.b	2
00000518 00        11203 	.data.b	0
00000519 01        11204 	.data.b	1
0000051a 06        11205 	.data.b	6
0000051b 02        11206 	.data.b	2
0000051c 02        11207 	.data.b	2
0000051d 02        11208 	.data.b	2
0000051e 02        11209 	.data.b	2
0000051f 010100    11210 	.data.b	0,1,1
                   11211 	.section	.debug_info
                   11212 .LDW_49ee420:
00003010 11        11213 	.data.b	17
00003011 5f617372  11214 	.data.b	114,115,97,95,99,116,120,0
00003015 00787463 
00003019 03f0      11215 	.data.b	240,3
0000301b 1d        11216 	.data.b	29
0000301c 01        11217 	.data.b	1
0000301d 00000000* 11218 	.data.w	.LDW_49eb268
00003021 00        11219 	.data.b	0
00003022 5001      11220 	.data.b	1,80
                   11221 
                   11222 .LDW_49edce8:
00003024 11        11223 	.data.b	17
00003025 67695370  11224 	.data.b	112,83,105,103,110,0
00003029 006e 
0000302b 03f1      11225 	.data.b	241,3
0000302d 12        11226 	.data.b	18
0000302e 01        11227 	.data.b	1
0000302f 00000000* 11228 	.data.w	.LDW_3732d60
00003033 00        11229 	.data.b	0
00003034 5101      11230 	.data.b	1,81
                   11231 
                   11232 .LDW_49f3430:
00003036 1f        11233 	.data.b	31
00003037 00000000* 11234 	.data.w	.LDW611
0000303b 00000000* 11235 	.data.w	.LDW711
                   11236 
0000303f 00        11237 	.data.b	0
                   11238 
00003040 00        11239 	.data.b	0
                   11240 
                   11241 .LDW_49ec510:

                                                                      Page 197
                                                              C:\Windows\TEMP\gh_000098c3.si
00003041 16        11242 	.data.b	22
00003042 5f676d48  11243 	.data.b	72,109,103,95,82,115,97,80,107,99,115,49,118,49,53,83,105,103,110,0
00003046 50617352 
0000304a 3173636b 
0000304e 53353176 
00003052 006e6769 
00003056 03f6      11244 	.data.b	246,3
00003058 09        11245 	.data.b	9
00003059 01        11246 	.data.b	1
0000305a 00000000* 11247 	.data.w	.LDW_4956928
0000305e 00000000* 11248 	.data.w	Hmg_RsaPkcs1v15Sign
00003062 00000000* 11249 	.data.w	__ghs_eofn_Hmg_RsaPkcs1v15Sign
00003066 5d01      11250 	.data.b	1,93
00003068 00        11251 	.data.b	0
00003069 04        11252 	.data.b	4
0000306a 00        11253 	.data.b	0
0000306b 7c        11254 	.data.b	124
0000306c 01        11255 	.data.b	1
0000306d 00        11256 	.data.b	0
0000306e 00        11257 	.data.b	0
0000306f 01        11258 	.data.b	1
00003070 01        11259 	.data.b	1
00003071 00        11260 	.data.b	0
00003072 01        11261 	.data.b	1
                   11262 
                   11263 	.section	.debug_frame
                   11264 .LDW_4be54b8:
000005a0 00000000* 11265 	.data.w	.LDW_unq_70-.LDW_unq_6f
                   11266 .LDW_unq_6f:
000005a4 00000000* 11267 	.data.w	.LDW_4a14d18
000005a8 00000000* 11268 	.data.w	Hmg_RsaPkcs1v15Sign
000005ac 00000004  11269 	.data.w	__ghs_eofn_Hmg_RsaPkcs1v15Sign-Hmg_RsaPkcs1v15Sign
000005b0 01        11270 	.data.b	1
000005b1 00000000* 11271 	.data.w	.LDW911
000005b5 00        11272 	.data.b	0
000005b6 00        11273 	.data.b	0
000005b7 00        11274 	.data.b	0
                   11275 .LDW_unq_70:
                   11276 	.section	.debug_line
00000522 020500    11277 	.data.b	0,5,2
00000525 00000000* 11278 	.data.w	Hmg_RsaPkcs1v15Sign
00000529 06        11279 	.data.b	6
0000052a 03        11280 	.data.b	3
0000052b 03fc      11281 	.data.b	252,3
0000052d 02        11282 	.data.b	2
0000052e 00        11283 	.data.b	0
0000052f 01        11284 	.data.b	1
00000530 06        11285 	.data.b	6
00000531 02        11286 	.data.b	2
00000532 02        11287 	.data.b	2
00000533 02        11288 	.data.b	2
00000534 02        11289 	.data.b	2
00000535 010100    11290 	.data.b	0,1,1
                   11291 	.section	.debug_info
                   11292 .LDW_49ee0b0:
00003073 11        11293 	.data.b	17
00003074 67695370  11294 	.data.b	112,83,105,103,110,0
00003078 006e 
0000307a 03f7      11295 	.data.b	247,3
0000307c 11        11296 	.data.b	17
0000307d 01        11297 	.data.b	1

                                                                      Page 198
                                                              C:\Windows\TEMP\gh_000098c3.si
0000307e 00000000* 11298 	.data.w	.LDW_3732d60
00003082 00        11299 	.data.b	0
00003083 5001      11300 	.data.b	1,80
                   11301 
                   11302 .LDW_49ee478:
00003085 11        11303 	.data.b	17
00003086 67694470  11304 	.data.b	112,68,105,103,101,115,116,0
0000308a 00747365 
0000308e 03f8      11305 	.data.b	248,3
00003090 12        11306 	.data.b	18
00003091 01        11307 	.data.b	1
00003092 00000000* 11308 	.data.w	.LDW_3732c10
00003096 00        11309 	.data.b	0
00003097 5101      11310 	.data.b	1,81
                   11311 
                   11312 .LDW_49edd40:
00003099 11        11313 	.data.b	17
0000309a 68736168  11314 	.data.b	104,97,115,104,65,108,103,111,114,105,116,104,109,0
0000309e 6f676c41 
000030a2 68746972 
000030a6 006d 
000030a8 03f9      11315 	.data.b	249,3
000030aa 11        11316 	.data.b	17
000030ab 01        11317 	.data.b	1
000030ac 00000000* 11318 	.data.w	.LDW_49c9cf8
000030b0 00        11319 	.data.b	0
000030b1 5201      11320 	.data.b	1,82
                   11321 
                   11322 .LDW_49edd98:
000030b3 11        11323 	.data.b	17
000030b4 76697270  11324 	.data.b	112,114,105,118,97,116,101,107,101,121,0
000030b8 6b657461 
000030bc 007965 
000030bf 03fa      11325 	.data.b	250,3
000030c1 1c        11326 	.data.b	28
000030c2 01        11327 	.data.b	1
000030c3 00000000* 11328 	.data.w	.LDW_49eb230
000030c7 00        11329 	.data.b	0
000030c8 5301      11330 	.data.b	1,83
                   11331 
                   11332 .LDW_49f3190:
000030ca 1f        11333 	.data.b	31
000030cb 00000000* 11334 	.data.w	.LDW811
000030cf 00000000* 11335 	.data.w	.LDW911
                   11336 
000030d3 00        11337 	.data.b	0
                   11338 
000030d4 00        11339 	.data.b	0
                   11340 
                   11341 .LDW_49ebf20:
000030d5 16        11342 	.data.b	22
000030d6 5f676d48  11343 	.data.b	72,109,103,95,82,115,97,80,107,99,115,49,118,49,53,86,101,114,105,102,121,83,116,97,114,116,0
000030da 50617352 
000030de 3173636b 
000030e2 56353176 
000030e6 66697265 
000030ea 61745379 
000030ee 007472 
000030f1 0480      11344 	.data.b	128,4
000030f3 09        11345 	.data.b	9
000030f4 01        11346 	.data.b	1

                                                                      Page 199
                                                              C:\Windows\TEMP\gh_000098c3.si
000030f5 00000000* 11347 	.data.w	.LDW_4956928
000030f9 00000000* 11348 	.data.w	Hmg_RsaPkcs1v15VerifyStart
000030fd 00000000* 11349 	.data.w	__ghs_eofn_Hmg_RsaPkcs1v15VerifyStart
00003101 5d01      11350 	.data.b	1,93
00003103 00        11351 	.data.b	0
00003104 04        11352 	.data.b	4
00003105 00        11353 	.data.b	0
00003106 7c        11354 	.data.b	124
00003107 01        11355 	.data.b	1
00003108 00        11356 	.data.b	0
00003109 00        11357 	.data.b	0
0000310a 01        11358 	.data.b	1
0000310b 01        11359 	.data.b	1
0000310c 00        11360 	.data.b	0
0000310d 01        11361 	.data.b	1
                   11362 
                   11363 	.section	.debug_frame
                   11364 .LDW_4be5c38:
000005b8 00000000* 11365 	.data.w	.LDW_unq_72-.LDW_unq_71
                   11366 .LDW_unq_71:
000005bc 00000000* 11367 	.data.w	.LDW_4a14d18
000005c0 00000000* 11368 	.data.w	Hmg_RsaPkcs1v15VerifyStart
000005c4 00000004  11369 	.data.w	__ghs_eofn_Hmg_RsaPkcs1v15VerifyStart-Hmg_RsaPkcs1v15VerifyStart
000005c8 01        11370 	.data.b	1
000005c9 00000000* 11371 	.data.w	.LDW121
000005cd 00        11372 	.data.b	0
000005ce 00        11373 	.data.b	0
000005cf 00        11374 	.data.b	0
                   11375 .LDW_unq_72:
                   11376 	.section	.debug_line
00000538 020500    11377 	.data.b	0,5,2
0000053b 00000000* 11378 	.data.w	Hmg_RsaPkcs1v15VerifyStart
0000053f 06        11379 	.data.b	6
00000540 03        11380 	.data.b	3
00000541 0485      11381 	.data.b	133,4
00000543 02        11382 	.data.b	2
00000544 00        11383 	.data.b	0
00000545 01        11384 	.data.b	1
00000546 06        11385 	.data.b	6
00000547 02        11386 	.data.b	2
00000548 02        11387 	.data.b	2
00000549 02        11388 	.data.b	2
0000054a 02        11389 	.data.b	2
0000054b 010100    11390 	.data.b	0,1,1
                   11391 	.section	.debug_info
                   11392 .LDW_49eddf0:
0000310e 11        11393 	.data.b	17
0000310f 5f617372  11394 	.data.b	114,115,97,95,99,116,120,0
00003113 00787463 
00003117 0481      11395 	.data.b	129,4
00003119 1d        11396 	.data.b	29
0000311a 01        11397 	.data.b	1
0000311b 00000000* 11398 	.data.w	.LDW_49eb268
0000311f 00        11399 	.data.b	0
00003120 5001      11400 	.data.b	1,80
                   11401 
                   11402 .LDW_49ed9d0:
00003122 11        11403 	.data.b	17
00003123 67695370  11404 	.data.b	112,83,105,103,110,0
00003127 006e 
00003129 0482      11405 	.data.b	130,4

                                                                      Page 200
                                                              C:\Windows\TEMP\gh_000098c3.si
0000312b 11        11406 	.data.b	17
0000312c 01        11407 	.data.b	1
0000312d 00000000* 11408 	.data.w	.LDW_3732c10
00003131 00        11409 	.data.b	0
00003132 5101      11410 	.data.b	1,81
                   11411 
                   11412 .LDW_49edf50:
00003134 11        11413 	.data.b	17
00003135 6c627570  11414 	.data.b	112,117,98,108,105,99,107,101,121,0
00003139 656b6369 
0000313d 0079 
0000313f 0483      11415 	.data.b	131,4
00003141 1b        11416 	.data.b	27
00003142 01        11417 	.data.b	1
00003143 00000000* 11418 	.data.w	.LDW_49eb3b8
00003147 00        11419 	.data.b	0
00003148 5201      11420 	.data.b	1,82
                   11421 
                   11422 .LDW_49f3490:
0000314a 1f        11423 	.data.b	31
0000314b 00000000* 11424 	.data.w	.LDW021
0000314f 00000000* 11425 	.data.w	.LDW121
                   11426 
00003153 00        11427 	.data.b	0
                   11428 
00003154 00        11429 	.data.b	0
                   11430 
                   11431 .LDW_49ec808:
00003155 16        11432 	.data.b	22
00003156 5f676d48  11433 	.data.b	72,109,103,95,82,115,97,80,107,99,115,49,118,49,53,86,101,114,105,102,121,85,112,100,97,116,101,0
0000315a 50617352 
0000315e 3173636b 
00003162 56353176 
00003166 66697265 
0000316a 64705579 
0000316e 00657461 
00003172 0488      11434 	.data.b	136,4
00003174 09        11435 	.data.b	9
00003175 01        11436 	.data.b	1
00003176 00000000* 11437 	.data.w	.LDW_4956928
0000317a 00000000* 11438 	.data.w	Hmg_RsaPkcs1v15VerifyUpdate
0000317e 00000000* 11439 	.data.w	__ghs_eofn_Hmg_RsaPkcs1v15VerifyUpdate
00003182 5d01      11440 	.data.b	1,93
00003184 00        11441 	.data.b	0
00003185 04        11442 	.data.b	4
00003186 00        11443 	.data.b	0
00003187 7c        11444 	.data.b	124
00003188 01        11445 	.data.b	1
00003189 00        11446 	.data.b	0
0000318a 00        11447 	.data.b	0
0000318b 01        11448 	.data.b	1
0000318c 01        11449 	.data.b	1
0000318d 00        11450 	.data.b	0
0000318e 01        11451 	.data.b	1
                   11452 
                   11453 	.section	.debug_frame
                   11454 .LDW_4be5b78:
000005d0 00000000* 11455 	.data.w	.LDW_unq_74-.LDW_unq_73
                   11456 .LDW_unq_73:
000005d4 00000000* 11457 	.data.w	.LDW_4a14d18
000005d8 00000000* 11458 	.data.w	Hmg_RsaPkcs1v15VerifyUpdate

                                                                      Page 201
                                                              C:\Windows\TEMP\gh_000098c3.si
000005dc 00000004  11459 	.data.w	__ghs_eofn_Hmg_RsaPkcs1v15VerifyUpdate-Hmg_RsaPkcs1v15VerifyUpdate
000005e0 01        11460 	.data.b	1
000005e1 00000000* 11461 	.data.w	.LDW321
000005e5 00        11462 	.data.b	0
000005e6 00        11463 	.data.b	0
000005e7 00        11464 	.data.b	0
                   11465 .LDW_unq_74:
                   11466 	.section	.debug_line
0000054e 020500    11467 	.data.b	0,5,2
00000551 00000000* 11468 	.data.w	Hmg_RsaPkcs1v15VerifyUpdate
00000555 06        11469 	.data.b	6
00000556 03        11470 	.data.b	3
00000557 048b      11471 	.data.b	139,4
00000559 02        11472 	.data.b	2
0000055a 00        11473 	.data.b	0
0000055b 01        11474 	.data.b	1
0000055c 06        11475 	.data.b	6
0000055d 02        11476 	.data.b	2
0000055e 02        11477 	.data.b	2
0000055f 02        11478 	.data.b	2
00000560 02        11479 	.data.b	2
00000561 010100    11480 	.data.b	0,1,1
                   11481 	.section	.debug_info
                   11482 .LDW_49edfa8:
0000318f 11        11483 	.data.b	17
00003190 5f617372  11484 	.data.b	114,115,97,95,99,116,120,0
00003194 00787463 
00003198 0489      11485 	.data.b	137,4
0000319a 1d        11486 	.data.b	29
0000319b 01        11487 	.data.b	1
0000319c 00000000* 11488 	.data.w	.LDW_49eb268
000031a0 00        11489 	.data.b	0
000031a1 5001      11490 	.data.b	1,80
                   11491 
                   11492 .LDW_49f3400:
000031a3 1f        11493 	.data.b	31
000031a4 00000000* 11494 	.data.w	.LDW221
000031a8 00000000* 11495 	.data.w	.LDW321
                   11496 
000031ac 00        11497 	.data.b	0
                   11498 
000031ad 00        11499 	.data.b	0
                   11500 
                   11501 .LDW_49ec348:
000031ae 16        11502 	.data.b	22
000031af 5f676d48  11503 	.data.b	72,109,103,95,82,115,97,80,107,99,115,49,118,49,53,86,101,114,105,102,121,70,105,110,105,115,104,0
000031b3 50617352 
000031b7 3173636b 
000031bb 56353176 
000031bf 66697265 
000031c3 6e694679 
000031c7 00687369 
000031cb 048e      11504 	.data.b	142,4
000031cd 09        11505 	.data.b	9
000031ce 01        11506 	.data.b	1
000031cf 00000000* 11507 	.data.w	.LDW_4956928
000031d3 00000000* 11508 	.data.w	Hmg_RsaPkcs1v15VerifyFinish
000031d7 00000000* 11509 	.data.w	__ghs_eofn_Hmg_RsaPkcs1v15VerifyFinish
000031db 5d01      11510 	.data.b	1,93
000031dd 00        11511 	.data.b	0
000031de 04        11512 	.data.b	4

                                                                      Page 202
                                                              C:\Windows\TEMP\gh_000098c3.si
000031df 00        11513 	.data.b	0
000031e0 7c        11514 	.data.b	124
000031e1 01        11515 	.data.b	1
000031e2 00        11516 	.data.b	0
000031e3 00        11517 	.data.b	0
000031e4 01        11518 	.data.b	1
000031e5 01        11519 	.data.b	1
000031e6 00        11520 	.data.b	0
000031e7 01        11521 	.data.b	1
                   11522 
                   11523 	.section	.debug_frame
                   11524 .LDW_4be2838:
000005e8 00000000* 11525 	.data.w	.LDW_unq_76-.LDW_unq_75
                   11526 .LDW_unq_75:
000005ec 00000000* 11527 	.data.w	.LDW_4a14d18
000005f0 00000000* 11528 	.data.w	Hmg_RsaPkcs1v15VerifyFinish
000005f4 00000004  11529 	.data.w	__ghs_eofn_Hmg_RsaPkcs1v15VerifyFinish-Hmg_RsaPkcs1v15VerifyFinish
000005f8 01        11530 	.data.b	1
000005f9 00000000* 11531 	.data.w	.LDW521
000005fd 00        11532 	.data.b	0
000005fe 00        11533 	.data.b	0
000005ff 00        11534 	.data.b	0
                   11535 .LDW_unq_76:
                   11536 	.section	.debug_line
00000564 020500    11537 	.data.b	0,5,2
00000567 00000000* 11538 	.data.w	Hmg_RsaPkcs1v15VerifyFinish
0000056b 06        11539 	.data.b	6
0000056c 03        11540 	.data.b	3
0000056d 0493      11541 	.data.b	147,4
0000056f 02        11542 	.data.b	2
00000570 00        11543 	.data.b	0
00000571 01        11544 	.data.b	1
00000572 06        11545 	.data.b	6
00000573 02        11546 	.data.b	2
00000574 02        11547 	.data.b	2
00000575 02        11548 	.data.b	2
00000576 02        11549 	.data.b	2
00000577 010100    11550 	.data.b	0,1,1
                   11551 	.section	.debug_info
                   11552 .LDW_49ee1b8:
000031e8 11        11553 	.data.b	17
000031e9 5f617372  11554 	.data.b	114,115,97,95,99,116,120,0
000031ed 00787463 
000031f1 048f      11555 	.data.b	143,4
000031f3 1d        11556 	.data.b	29
000031f4 01        11557 	.data.b	1
000031f5 00000000* 11558 	.data.w	.LDW_49eb268
000031f9 00        11559 	.data.b	0
000031fa 5001      11560 	.data.b	1,80
                   11561 
                   11562 .LDW_49ee210:
000031fc 11        11563 	.data.b	17
000031fd 67694470  11564 	.data.b	112,68,105,103,101,115,116,0
00003201 00747365 
00003205 0490      11565 	.data.b	144,4
00003207 11        11566 	.data.b	17
00003208 01        11567 	.data.b	1
00003209 00000000* 11568 	.data.w	.LDW_3732c10
0000320d 00        11569 	.data.b	0
0000320e 5101      11570 	.data.b	1,81
                   11571 

                                                                      Page 203
                                                              C:\Windows\TEMP\gh_000098c3.si
                   11572 .LDW_49ee268:
00003210 11        11573 	.data.b	17
00003211 68736168  11574 	.data.b	104,97,115,104,65,108,103,111,114,105,116,104,109,0
00003215 6f676c41 
00003219 68746972 
0000321d 006d 
0000321f 0491      11575 	.data.b	145,4
00003221 11        11576 	.data.b	17
00003222 01        11577 	.data.b	1
00003223 00000000* 11578 	.data.w	.LDW_49c9cf8
00003227 00        11579 	.data.b	0
00003228 5201      11580 	.data.b	1,82
                   11581 
                   11582 .LDW_49f33d0:
0000322a 1f        11583 	.data.b	31
0000322b 00000000* 11584 	.data.w	.LDW421
0000322f 00000000* 11585 	.data.w	.LDW521
                   11586 
00003233 00        11587 	.data.b	0
                   11588 
00003234 00        11589 	.data.b	0
                   11590 
                   11591 .LDW_49eb9c8:
00003235 16        11592 	.data.b	22
00003236 5f676d48  11593 	.data.b	72,109,103,95,82,115,97,80,107,99,115,49,118,49,53,86,101,114,105,102,121,0
0000323a 50617352 
0000323e 3173636b 
00003242 56353176 
00003246 66697265 
0000324a 0079 
0000324c 0496      11594 	.data.b	150,4
0000324e 09        11595 	.data.b	9
0000324f 01        11596 	.data.b	1
00003250 00000000* 11597 	.data.w	.LDW_4956928
00003254 00000000* 11598 	.data.w	Hmg_RsaPkcs1v15Verify
00003258 00000000* 11599 	.data.w	__ghs_eofn_Hmg_RsaPkcs1v15Verify
0000325c 5d01      11600 	.data.b	1,93
0000325e 00        11601 	.data.b	0
0000325f 04        11602 	.data.b	4
00003260 00        11603 	.data.b	0
00003261 7c        11604 	.data.b	124
00003262 01        11605 	.data.b	1
00003263 00        11606 	.data.b	0
00003264 00        11607 	.data.b	0
00003265 01        11608 	.data.b	1
00003266 01        11609 	.data.b	1
00003267 00        11610 	.data.b	0
00003268 01        11611 	.data.b	1
                   11612 
                   11613 	.section	.debug_frame
                   11614 .LDW_4be2538:
00000600 00000000* 11615 	.data.w	.LDW_unq_78-.LDW_unq_77
                   11616 .LDW_unq_77:
00000604 00000000* 11617 	.data.w	.LDW_4a14d18
00000608 00000000* 11618 	.data.w	Hmg_RsaPkcs1v15Verify
0000060c 00000004  11619 	.data.w	__ghs_eofn_Hmg_RsaPkcs1v15Verify-Hmg_RsaPkcs1v15Verify
00000610 01        11620 	.data.b	1
00000611 00000000* 11621 	.data.w	.LDW721
00000615 00        11622 	.data.b	0
00000616 00        11623 	.data.b	0
00000617 00        11624 	.data.b	0

                                                                      Page 204
                                                              C:\Windows\TEMP\gh_000098c3.si
                   11625 .LDW_unq_78:
                   11626 	.section	.debug_line
0000057a 020500    11627 	.data.b	0,5,2
0000057d 00000000* 11628 	.data.w	Hmg_RsaPkcs1v15Verify
00000581 06        11629 	.data.b	6
00000582 03        11630 	.data.b	3
00000583 049c      11631 	.data.b	156,4
00000585 02        11632 	.data.b	2
00000586 00        11633 	.data.b	0
00000587 01        11634 	.data.b	1
00000588 06        11635 	.data.b	6
00000589 02        11636 	.data.b	2
0000058a 02        11637 	.data.b	2
0000058b 02        11638 	.data.b	2
0000058c 02        11639 	.data.b	2
0000058d 010100    11640 	.data.b	0,1,1
                   11641 	.section	.debug_info
                   11642 .LDW_49ee3c8:
00003269 11        11643 	.data.b	17
0000326a 67695370  11644 	.data.b	112,83,105,103,110,0
0000326e 006e 
00003270 0497      11645 	.data.b	151,4
00003272 10        11646 	.data.b	16
00003273 01        11647 	.data.b	1
00003274 00000000* 11648 	.data.w	.LDW_3732c10
00003278 00        11649 	.data.b	0
00003279 5001      11650 	.data.b	1,80
                   11651 
                   11652 .LDW_49eda80:
0000327b 11        11653 	.data.b	17
0000327c 67694470  11654 	.data.b	112,68,105,103,101,115,116,0
00003280 00747365 
00003284 0498      11655 	.data.b	152,4
00003286 11        11656 	.data.b	17
00003287 01        11657 	.data.b	1
00003288 00000000* 11658 	.data.w	.LDW_3732c10
0000328c 00        11659 	.data.b	0
0000328d 5101      11660 	.data.b	1,81
                   11661 
                   11662 .LDW_49f7c58:
0000328f 11        11663 	.data.b	17
00003290 68736168  11664 	.data.b	104,97,115,104,65,108,103,111,114,105,116,104,109,0
00003294 6f676c41 
00003298 68746972 
0000329c 006d 
0000329e 0499      11665 	.data.b	153,4
000032a0 11        11666 	.data.b	17
000032a1 01        11667 	.data.b	1
000032a2 00000000* 11668 	.data.w	.LDW_49c9cf8
000032a6 00        11669 	.data.b	0
000032a7 5201      11670 	.data.b	1,82
                   11671 
                   11672 .LDW_49f7fc8:
000032a9 11        11673 	.data.b	17
000032aa 6c627570  11674 	.data.b	112,117,98,108,105,99,107,101,121,0
000032ae 656b6369 
000032b2 0079 
000032b4 049a      11675 	.data.b	154,4
000032b6 1b        11676 	.data.b	27
000032b7 01        11677 	.data.b	1
000032b8 00000000* 11678 	.data.w	.LDW_49eb3b8

                                                                      Page 205
                                                              C:\Windows\TEMP\gh_000098c3.si
000032bc 00        11679 	.data.b	0
000032bd 5301      11680 	.data.b	1,83
                   11681 
                   11682 .LDW_49f3040:
000032bf 1f        11683 	.data.b	31
000032c0 00000000* 11684 	.data.w	.LDW621
000032c4 00000000* 11685 	.data.w	.LDW721
                   11686 
000032c8 00        11687 	.data.b	0
                   11688 
000032c9 00        11689 	.data.b	0
                   11690 
                   11691 .LDW_49ebd58:
000032ca 16        11692 	.data.b	22
000032cb 5f676d48  11693 	.data.b	72,109,103,95,82,115,97,80,107,99,115,49,80,115,115,83,105,103,110,83,116,97,114,116,0
000032cf 50617352 
000032d3 3173636b 
000032d7 53737350 
000032db 536e6769 
000032df 74726174 
000032e3 00 
000032e4 04a0      11694 	.data.b	160,4
000032e6 10        11695 	.data.b	16
000032e7 01        11696 	.data.b	1
000032e8 00000000* 11697 	.data.w	.LDW_4956928
000032ec 00000000* 11698 	.data.w	Hmg_RsaPkcs1PssSignStart
000032f0 00000000* 11699 	.data.w	__ghs_eofn_Hmg_RsaPkcs1PssSignStart
000032f4 5d01      11700 	.data.b	1,93
000032f6 00        11701 	.data.b	0
000032f7 04        11702 	.data.b	4
000032f8 00        11703 	.data.b	0
000032f9 7c        11704 	.data.b	124
000032fa 01        11705 	.data.b	1
000032fb 00        11706 	.data.b	0
000032fc 00        11707 	.data.b	0
000032fd 01        11708 	.data.b	1
000032fe 01        11709 	.data.b	1
000032ff 00        11710 	.data.b	0
00003300 01        11711 	.data.b	1
                   11712 
                   11713 	.section	.debug_frame
                   11714 .LDW_4be2cf8:
00000618 00000000* 11715 	.data.w	.LDW_unq_7a-.LDW_unq_79
                   11716 .LDW_unq_79:
0000061c 00000000* 11717 	.data.w	.LDW_4a14d18
00000620 00000000* 11718 	.data.w	Hmg_RsaPkcs1PssSignStart
00000624 00000004  11719 	.data.w	__ghs_eofn_Hmg_RsaPkcs1PssSignStart-Hmg_RsaPkcs1PssSignStart
00000628 01        11720 	.data.b	1
00000629 00000000* 11721 	.data.w	.LDW921
0000062d 00        11722 	.data.b	0
0000062e 00        11723 	.data.b	0
0000062f 00        11724 	.data.b	0
                   11725 .LDW_unq_7a:
                   11726 	.section	.debug_line
00000590 020500    11727 	.data.b	0,5,2
00000593 00000000* 11728 	.data.w	Hmg_RsaPkcs1PssSignStart
00000597 06        11729 	.data.b	6
00000598 03        11730 	.data.b	3
00000599 04a5      11731 	.data.b	165,4
0000059b 02        11732 	.data.b	2
0000059c 00        11733 	.data.b	0

                                                                      Page 206
                                                              C:\Windows\TEMP\gh_000098c3.si
0000059d 01        11734 	.data.b	1
0000059e 06        11735 	.data.b	6
0000059f 02        11736 	.data.b	2
000005a0 02        11737 	.data.b	2
000005a1 02        11738 	.data.b	2
000005a2 02        11739 	.data.b	2
000005a3 010100    11740 	.data.b	0,1,1
                   11741 	.section	.debug_info
                   11742 .LDW_49f8020:
00003301 11        11743 	.data.b	17
00003302 5f617372  11744 	.data.b	114,115,97,95,99,116,120,0
00003306 00787463 
0000330a 04a1      11745 	.data.b	161,4
0000330c 1c        11746 	.data.b	28
0000330d 01        11747 	.data.b	1
0000330e 00000000* 11748 	.data.w	.LDW_49eb268
00003312 00        11749 	.data.b	0
00003313 5001      11750 	.data.b	1,80
                   11751 
                   11752 .LDW_49f7cb0:
00003315 11        11753 	.data.b	17
00003316 43737370  11754 	.data.b	112,115,115,67,116,120,0
0000331a 007874 
0000331d 04a2      11755 	.data.b	162,4
0000331f 19        11756 	.data.b	25
00003320 01        11757 	.data.b	1
00003321 00000000* 11758 	.data.w	.LDW_49eb498
00003325 00        11759 	.data.b	0
00003326 5101      11760 	.data.b	1,81
                   11761 
                   11762 .LDW_49f7d60:
00003328 11        11763 	.data.b	17
00003329 76697270  11764 	.data.b	112,114,105,118,97,116,101,107,101,121,0
0000332d 6b657461 
00003331 007965 
00003334 04a3      11765 	.data.b	163,4
00003336 1b        11766 	.data.b	27
00003337 01        11767 	.data.b	1
00003338 00000000* 11768 	.data.w	.LDW_49eb230
0000333c 00        11769 	.data.b	0
0000333d 5201      11770 	.data.b	1,82
                   11771 
                   11772 .LDW_49f3280:
0000333f 1f        11773 	.data.b	31
00003340 00000000* 11774 	.data.w	.LDW821
00003344 00000000* 11775 	.data.w	.LDW921
                   11776 
00003348 00        11777 	.data.b	0
                   11778 
00003349 00        11779 	.data.b	0
                   11780 
                   11781 .LDW_49ec9d0:
0000334a 16        11782 	.data.b	22
0000334b 5f676d48  11783 	.data.b	72,109,103,95,82,115,97,80,107,99,115,49,80,115,115,83,105,103,110,85,112,100,97,116,101,0
0000334f 50617352 
00003353 3173636b 
00003357 53737350 
0000335b 556e6769 
0000335f 74616470 
00003363 0065 
00003365 04a8      11784 	.data.b	168,4

                                                                      Page 207
                                                              C:\Windows\TEMP\gh_000098c3.si
00003367 09        11785 	.data.b	9
00003368 01        11786 	.data.b	1
00003369 00000000* 11787 	.data.w	.LDW_4956928
0000336d 00000000* 11788 	.data.w	Hmg_RsaPkcs1PssSignUpdate
00003371 00000000* 11789 	.data.w	__ghs_eofn_Hmg_RsaPkcs1PssSignUpdate
00003375 5d01      11790 	.data.b	1,93
00003377 00        11791 	.data.b	0
00003378 04        11792 	.data.b	4
00003379 00        11793 	.data.b	0
0000337a 7c        11794 	.data.b	124
0000337b 01        11795 	.data.b	1
0000337c 00        11796 	.data.b	0
0000337d 00        11797 	.data.b	0
0000337e 01        11798 	.data.b	1
0000337f 01        11799 	.data.b	1
00003380 00        11800 	.data.b	0
00003381 01        11801 	.data.b	1
                   11802 
                   11803 	.section	.debug_frame
                   11804 .LDW_4be3138:
00000630 00000000* 11805 	.data.w	.LDW_unq_7c-.LDW_unq_7b
                   11806 .LDW_unq_7b:
00000634 00000000* 11807 	.data.w	.LDW_4a14d18
00000638 00000000* 11808 	.data.w	Hmg_RsaPkcs1PssSignUpdate
0000063c 00000004  11809 	.data.w	__ghs_eofn_Hmg_RsaPkcs1PssSignUpdate-Hmg_RsaPkcs1PssSignUpdate
00000640 01        11810 	.data.b	1
00000641 00000000* 11811 	.data.w	.LDW131
00000645 00        11812 	.data.b	0
00000646 00        11813 	.data.b	0
00000647 00        11814 	.data.b	0
                   11815 .LDW_unq_7c:
                   11816 	.section	.debug_line
000005a6 020500    11817 	.data.b	0,5,2
000005a9 00000000* 11818 	.data.w	Hmg_RsaPkcs1PssSignUpdate
000005ad 06        11819 	.data.b	6
000005ae 03        11820 	.data.b	3
000005af 04ab      11821 	.data.b	171,4
000005b1 02        11822 	.data.b	2
000005b2 00        11823 	.data.b	0
000005b3 01        11824 	.data.b	1
000005b4 06        11825 	.data.b	6
000005b5 02        11826 	.data.b	2
000005b6 02        11827 	.data.b	2
000005b7 02        11828 	.data.b	2
000005b8 02        11829 	.data.b	2
000005b9 010100    11830 	.data.b	0,1,1
                   11831 	.section	.debug_info
                   11832 .LDW_49f7af8:
00003382 11        11833 	.data.b	17
00003383 5f617372  11834 	.data.b	114,115,97,95,99,116,120,0
00003387 00787463 
0000338b 04a9      11835 	.data.b	169,4
0000338d 1c        11836 	.data.b	28
0000338e 01        11837 	.data.b	1
0000338f 00000000* 11838 	.data.w	.LDW_49eb268
00003393 00        11839 	.data.b	0
00003394 5001      11840 	.data.b	1,80
                   11841 
                   11842 .LDW_49f2fe0:
00003396 1f        11843 	.data.b	31
00003397 00000000* 11844 	.data.w	.LDW031

                                                                      Page 208
                                                              C:\Windows\TEMP\gh_000098c3.si
0000339b 00000000* 11845 	.data.w	.LDW131
                   11846 
0000339f 00        11847 	.data.b	0
                   11848 
000033a0 00        11849 	.data.b	0
                   11850 
                   11851 .LDW_49eca68:
000033a1 16        11852 	.data.b	22
000033a2 5f676d48  11853 	.data.b	72,109,103,95,82,115,97,80,107,99,115,49,80,115,115,83,105,103,110,70,105,110,105,115,104,0
000033a6 50617352 
000033aa 3173636b 
000033ae 53737350 
000033b2 466e6769 
000033b6 73696e69 
000033ba 0068 
000033bc 04ae      11854 	.data.b	174,4
000033be 09        11855 	.data.b	9
000033bf 01        11856 	.data.b	1
000033c0 00000000* 11857 	.data.w	.LDW_4956928
000033c4 00000000* 11858 	.data.w	Hmg_RsaPkcs1PssSignFinish
000033c8 00000000* 11859 	.data.w	__ghs_eofn_Hmg_RsaPkcs1PssSignFinish
000033cc 5d01      11860 	.data.b	1,93
000033ce 00        11861 	.data.b	0
000033cf 04        11862 	.data.b	4
000033d0 00        11863 	.data.b	0
000033d1 7c        11864 	.data.b	124
000033d2 01        11865 	.data.b	1
000033d3 00        11866 	.data.b	0
000033d4 00        11867 	.data.b	0
000033d5 01        11868 	.data.b	1
000033d6 01        11869 	.data.b	1
000033d7 00        11870 	.data.b	0
000033d8 01        11871 	.data.b	1
                   11872 
                   11873 	.section	.debug_frame
                   11874 .LDW_4be2c38:
00000648 00000000* 11875 	.data.w	.LDW_unq_7e-.LDW_unq_7d
                   11876 .LDW_unq_7d:
0000064c 00000000* 11877 	.data.w	.LDW_4a14d18
00000650 00000000* 11878 	.data.w	Hmg_RsaPkcs1PssSignFinish
00000654 00000004  11879 	.data.w	__ghs_eofn_Hmg_RsaPkcs1PssSignFinish-Hmg_RsaPkcs1PssSignFinish
00000658 01        11880 	.data.b	1
00000659 00000000* 11881 	.data.w	.LDW331
0000065d 00        11882 	.data.b	0
0000065e 00        11883 	.data.b	0
0000065f 00        11884 	.data.b	0
                   11885 .LDW_unq_7e:
                   11886 	.section	.debug_line
000005bc 020500    11887 	.data.b	0,5,2
000005bf 00000000* 11888 	.data.w	Hmg_RsaPkcs1PssSignFinish
000005c3 06        11889 	.data.b	6
000005c4 03        11890 	.data.b	3
000005c5 04b2      11891 	.data.b	178,4
000005c7 02        11892 	.data.b	2
000005c8 00        11893 	.data.b	0
000005c9 01        11894 	.data.b	1
000005ca 06        11895 	.data.b	6
000005cb 02        11896 	.data.b	2
000005cc 02        11897 	.data.b	2
000005cd 02        11898 	.data.b	2
000005ce 02        11899 	.data.b	2

                                                                      Page 209
                                                              C:\Windows\TEMP\gh_000098c3.si
000005cf 010100    11900 	.data.b	0,1,1
                   11901 	.section	.debug_info
                   11902 .LDW_49f7a48:
000033d9 11        11903 	.data.b	17
000033da 5f617372  11904 	.data.b	114,115,97,95,99,116,120,0
000033de 00787463 
000033e2 04af      11905 	.data.b	175,4
000033e4 1c        11906 	.data.b	28
000033e5 01        11907 	.data.b	1
000033e6 00000000* 11908 	.data.w	.LDW_49eb268
000033ea 00        11909 	.data.b	0
000033eb 5001      11910 	.data.b	1,80
                   11911 
                   11912 .LDW_49f7f70:
000033ed 11        11913 	.data.b	17
000033ee 67695370  11914 	.data.b	112,83,105,103,110,0
000033f2 006e 
000033f4 04b0      11915 	.data.b	176,4
000033f6 11        11916 	.data.b	17
000033f7 01        11917 	.data.b	1
000033f8 00000000* 11918 	.data.w	.LDW_3732d60
000033fc 00        11919 	.data.b	0
000033fd 5101      11920 	.data.b	1,81
                   11921 
                   11922 .LDW_49f3340:
000033ff 1f        11923 	.data.b	31
00003400 00000000* 11924 	.data.w	.LDW231
00003404 00000000* 11925 	.data.w	.LDW331
                   11926 
00003408 00        11927 	.data.b	0
                   11928 
00003409 00        11929 	.data.b	0
                   11930 
                   11931 .LDW_49ecb00:
0000340a 16        11932 	.data.b	22
0000340b 5f676d48  11933 	.data.b	72,109,103,95,82,115,97,80,107,99,115,49,80,115,115,83,105,103,110,0
0000340f 50617352 
00003413 3173636b 
00003417 53737350 
0000341b 006e6769 
0000341f 04b5      11934 	.data.b	181,4
00003421 09        11935 	.data.b	9
00003422 01        11936 	.data.b	1
00003423 00000000* 11937 	.data.w	.LDW_4956928
00003427 00000000* 11938 	.data.w	Hmg_RsaPkcs1PssSign
0000342b 00000000* 11939 	.data.w	__ghs_eofn_Hmg_RsaPkcs1PssSign
0000342f 5d01      11940 	.data.b	1,93
00003431 00        11941 	.data.b	0
00003432 04        11942 	.data.b	4
00003433 00        11943 	.data.b	0
00003434 7c        11944 	.data.b	124
00003435 01        11945 	.data.b	1
00003436 00        11946 	.data.b	0
00003437 00        11947 	.data.b	0
00003438 01        11948 	.data.b	1
00003439 01        11949 	.data.b	1
0000343a 00        11950 	.data.b	0
0000343b 01        11951 	.data.b	1
                   11952 
                   11953 	.section	.debug_frame
                   11954 .LDW_4c11f58:

                                                                      Page 210
                                                              C:\Windows\TEMP\gh_000098c3.si
00000660 00000000* 11955 	.data.w	.LDW_unq_80-.LDW_unq_7f
                   11956 .LDW_unq_7f:
00000664 00000000* 11957 	.data.w	.LDW_4a14d18
00000668 00000000* 11958 	.data.w	Hmg_RsaPkcs1PssSign
0000066c 00000004  11959 	.data.w	__ghs_eofn_Hmg_RsaPkcs1PssSign-Hmg_RsaPkcs1PssSign
00000670 01        11960 	.data.b	1
00000671 00000000* 11961 	.data.w	.LDW531
00000675 00        11962 	.data.b	0
00000676 00        11963 	.data.b	0
00000677 00        11964 	.data.b	0
                   11965 .LDW_unq_80:
                   11966 	.section	.debug_line
000005d2 020500    11967 	.data.b	0,5,2
000005d5 00000000* 11968 	.data.w	Hmg_RsaPkcs1PssSign
000005d9 06        11969 	.data.b	6
000005da 03        11970 	.data.b	3
000005db 04ba      11971 	.data.b	186,4
000005dd 02        11972 	.data.b	2
000005de 00        11973 	.data.b	0
000005df 01        11974 	.data.b	1
000005e0 06        11975 	.data.b	6
000005e1 02        11976 	.data.b	2
000005e2 02        11977 	.data.b	2
000005e3 02        11978 	.data.b	2
000005e4 02        11979 	.data.b	2
000005e5 010100    11980 	.data.b	0,1,1
                   11981 	.section	.debug_info
                   11982 .LDW_49f8338:
0000343c 11        11983 	.data.b	17
0000343d 67695370  11984 	.data.b	112,83,105,103,110,0
00003441 006e 
00003443 04b6      11985 	.data.b	182,4
00003445 10        11986 	.data.b	16
00003446 01        11987 	.data.b	1
00003447 00000000* 11988 	.data.w	.LDW_3732d60
0000344b 00        11989 	.data.b	0
0000344c 5001      11990 	.data.b	1,80
                   11991 
                   11992 .LDW_49f8128:
0000344e 11        11993 	.data.b	17
0000344f 43737370  11994 	.data.b	112,115,115,67,116,120,0
00003453 007874 
00003456 04b7      11995 	.data.b	183,4
00003458 19        11996 	.data.b	25
00003459 01        11997 	.data.b	1
0000345a 00000000* 11998 	.data.w	.LDW_49eb498
0000345e 00        11999 	.data.b	0
0000345f 5101      12000 	.data.b	1,81
                   12001 
                   12002 .LDW_49f81d8:
00003461 11        12003 	.data.b	17
00003462 76697270  12004 	.data.b	112,114,105,118,97,116,101,107,101,121,0
00003466 6b657461 
0000346a 007965 
0000346d 04b8      12005 	.data.b	184,4
0000346f 1b        12006 	.data.b	27
00003470 01        12007 	.data.b	1
00003471 00000000* 12008 	.data.w	.LDW_49eb230
00003475 00        12009 	.data.b	0
00003476 5201      12010 	.data.b	1,82
                   12011 

                                                                      Page 211
                                                              C:\Windows\TEMP\gh_000098c3.si
                   12012 .LDW_49f35e0:
00003478 1f        12013 	.data.b	31
00003479 00000000* 12014 	.data.w	.LDW431
0000347d 00000000* 12015 	.data.w	.LDW531
                   12016 
00003481 00        12017 	.data.b	0
                   12018 
00003482 00        12019 	.data.b	0
                   12020 
                   12021 .LDW_49ebfb8:
00003483 16        12022 	.data.b	22
00003484 5f676d48  12023 	.data.b	72,109,103,95,82,115,97,80,107,99,115,49,80,115,115,86,101,114,105,102,121,83,116,97,114,116,0
00003488 50617352 
0000348c 3173636b 
00003490 56737350 
00003494 66697265 
00003498 61745379 
0000349c 007472 
0000349f 04bd      12024 	.data.b	189,4
000034a1 09        12025 	.data.b	9
000034a2 01        12026 	.data.b	1
000034a3 00000000* 12027 	.data.w	.LDW_4956928
000034a7 00000000* 12028 	.data.w	Hmg_RsaPkcs1PssVerifyStart
000034ab 00000000* 12029 	.data.w	__ghs_eofn_Hmg_RsaPkcs1PssVerifyStart
000034af 5d01      12030 	.data.b	1,93
000034b1 00        12031 	.data.b	0
000034b2 04        12032 	.data.b	4
000034b3 00        12033 	.data.b	0
000034b4 7c        12034 	.data.b	124
000034b5 01        12035 	.data.b	1
000034b6 00        12036 	.data.b	0
000034b7 00        12037 	.data.b	0
000034b8 01        12038 	.data.b	1
000034b9 01        12039 	.data.b	1
000034ba 00        12040 	.data.b	0
000034bb 01        12041 	.data.b	1
                   12042 
                   12043 	.section	.debug_frame
                   12044 .LDW_4c11ed8:
00000678 00000000* 12045 	.data.w	.LDW_unq_82-.LDW_unq_81
                   12046 .LDW_unq_81:
0000067c 00000000* 12047 	.data.w	.LDW_4a14d18
00000680 00000000* 12048 	.data.w	Hmg_RsaPkcs1PssVerifyStart
00000684 00000004  12049 	.data.w	__ghs_eofn_Hmg_RsaPkcs1PssVerifyStart-Hmg_RsaPkcs1PssVerifyStart
00000688 01        12050 	.data.b	1
00000689 00000000* 12051 	.data.w	.LDW731
0000068d 00        12052 	.data.b	0
0000068e 00        12053 	.data.b	0
0000068f 00        12054 	.data.b	0
                   12055 .LDW_unq_82:
                   12056 	.section	.debug_line
000005e8 020500    12057 	.data.b	0,5,2
000005eb 00000000* 12058 	.data.w	Hmg_RsaPkcs1PssVerifyStart
000005ef 06        12059 	.data.b	6
000005f0 03        12060 	.data.b	3
000005f1 04c2      12061 	.data.b	194,4
000005f3 02        12062 	.data.b	2
000005f4 00        12063 	.data.b	0
000005f5 01        12064 	.data.b	1
000005f6 06        12065 	.data.b	6
000005f7 02        12066 	.data.b	2

                                                                      Page 212
                                                              C:\Windows\TEMP\gh_000098c3.si
000005f8 02        12067 	.data.b	2
000005f9 02        12068 	.data.b	2
000005fa 02        12069 	.data.b	2
000005fb 010100    12070 	.data.b	0,1,1
                   12071 	.section	.debug_info
                   12072 .LDW_49f7d08:
000034bc 11        12073 	.data.b	17
000034bd 5f617372  12074 	.data.b	114,115,97,95,99,116,120,0
000034c1 00787463 
000034c5 04be      12075 	.data.b	190,4
000034c7 1c        12076 	.data.b	28
000034c8 01        12077 	.data.b	1
000034c9 00000000* 12078 	.data.w	.LDW_49eb268
000034cd 00        12079 	.data.b	0
000034ce 5001      12080 	.data.b	1,80
                   12081 
                   12082 .LDW_49f8390:
000034d0 11        12083 	.data.b	17
000034d1 67695370  12084 	.data.b	112,83,105,103,110,0
000034d5 006e 
000034d7 04bf      12085 	.data.b	191,4
000034d9 10        12086 	.data.b	16
000034da 01        12087 	.data.b	1
000034db 00000000* 12088 	.data.w	.LDW_3732c10
000034df 00        12089 	.data.b	0
000034e0 5101      12090 	.data.b	1,81
                   12091 
                   12092 .LDW_49f7ec0:
000034e2 11        12093 	.data.b	17
000034e3 6c627570  12094 	.data.b	112,117,98,108,105,99,107,101,121,0
000034e7 656b6369 
000034eb 0079 
000034ed 04c0      12095 	.data.b	192,4
000034ef 1a        12096 	.data.b	26
000034f0 01        12097 	.data.b	1
000034f1 00000000* 12098 	.data.w	.LDW_49eb3b8
000034f5 00        12099 	.data.b	0
000034f6 5201      12100 	.data.b	1,82
                   12101 
                   12102 .LDW_49f3790:
000034f8 1f        12103 	.data.b	31
000034f9 00000000* 12104 	.data.w	.LDW631
000034fd 00000000* 12105 	.data.w	.LDW731
                   12106 
00003501 00        12107 	.data.b	0
                   12108 
00003502 00        12109 	.data.b	0
                   12110 
                   12111 .LDW_49ebb90:
00003503 16        12112 	.data.b	22
00003504 5f676d48  12113 	.data.b	72,109,103,95,82,115,97,80,107,99,115,49,80,115,115,86,101,114,105,102,121,85,112,100,97,116,101,0
00003508 50617352 
0000350c 3173636b 
00003510 56737350 
00003514 66697265 
00003518 64705579 
0000351c 00657461 
00003520 04c5      12114 	.data.b	197,4
00003522 09        12115 	.data.b	9
00003523 01        12116 	.data.b	1
00003524 00000000* 12117 	.data.w	.LDW_4956928

                                                                      Page 213
                                                              C:\Windows\TEMP\gh_000098c3.si
00003528 00000000* 12118 	.data.w	Hmg_RsaPkcs1PssVerifyUpdate
0000352c 00000000* 12119 	.data.w	__ghs_eofn_Hmg_RsaPkcs1PssVerifyUpdate
00003530 5d01      12120 	.data.b	1,93
00003532 00        12121 	.data.b	0
00003533 04        12122 	.data.b	4
00003534 00        12123 	.data.b	0
00003535 7c        12124 	.data.b	124
00003536 01        12125 	.data.b	1
00003537 00        12126 	.data.b	0
00003538 00        12127 	.data.b	0
00003539 01        12128 	.data.b	1
0000353a 01        12129 	.data.b	1
0000353b 00        12130 	.data.b	0
0000353c 01        12131 	.data.b	1
                   12132 
                   12133 	.section	.debug_frame
                   12134 .LDW_4c129d8:
00000690 00000000* 12135 	.data.w	.LDW_unq_84-.LDW_unq_83
                   12136 .LDW_unq_83:
00000694 00000000* 12137 	.data.w	.LDW_4a14d18
00000698 00000000* 12138 	.data.w	Hmg_RsaPkcs1PssVerifyUpdate
0000069c 00000004  12139 	.data.w	__ghs_eofn_Hmg_RsaPkcs1PssVerifyUpdate-Hmg_RsaPkcs1PssVerifyUpdate
000006a0 01        12140 	.data.b	1
000006a1 00000000* 12141 	.data.w	.LDW931
000006a5 00        12142 	.data.b	0
000006a6 00        12143 	.data.b	0
000006a7 00        12144 	.data.b	0
                   12145 .LDW_unq_84:
                   12146 	.section	.debug_line
000005fe 020500    12147 	.data.b	0,5,2
00000601 00000000* 12148 	.data.w	Hmg_RsaPkcs1PssVerifyUpdate
00000605 06        12149 	.data.b	6
00000606 03        12150 	.data.b	3
00000607 04c8      12151 	.data.b	200,4
00000609 02        12152 	.data.b	2
0000060a 00        12153 	.data.b	0
0000060b 01        12154 	.data.b	1
0000060c 06        12155 	.data.b	6
0000060d 02        12156 	.data.b	2
0000060e 02        12157 	.data.b	2
0000060f 02        12158 	.data.b	2
00000610 02        12159 	.data.b	2
00000611 010100    12160 	.data.b	0,1,1
                   12161 	.section	.debug_info
                   12162 .LDW_49f8078:
0000353d 11        12163 	.data.b	17
0000353e 5f617372  12164 	.data.b	114,115,97,95,99,116,120,0
00003542 00787463 
00003546 04c6      12165 	.data.b	198,4
00003548 1c        12166 	.data.b	28
00003549 01        12167 	.data.b	1
0000354a 00000000* 12168 	.data.w	.LDW_49eb268
0000354e 00        12169 	.data.b	0
0000354f 5001      12170 	.data.b	1,80
                   12171 
                   12172 .LDW_49f38e0:
00003551 1f        12173 	.data.b	31
00003552 00000000* 12174 	.data.w	.LDW831
00003556 00000000* 12175 	.data.w	.LDW931
                   12176 
0000355a 00        12177 	.data.b	0

                                                                      Page 214
                                                              C:\Windows\TEMP\gh_000098c3.si
                   12178 
0000355b 00        12179 	.data.b	0
                   12180 
                   12181 .LDW_49ec218:
0000355c 16        12182 	.data.b	22
0000355d 5f676d48  12183 	.data.b	72,109,103,95,82,115,97,80,107,99,115,49,80,115,115,86,101,114,105,102,121,70,105,110,105,115,104,0
00003561 50617352 
00003565 3173636b 
00003569 56737350 
0000356d 66697265 
00003571 6e694679 
00003575 00687369 
00003579 04cb      12184 	.data.b	203,4
0000357b 09        12185 	.data.b	9
0000357c 01        12186 	.data.b	1
0000357d 00000000* 12187 	.data.w	.LDW_4956928
00003581 00000000* 12188 	.data.w	Hmg_RsaPkcs1PssVerifyFinish
00003585 00000000* 12189 	.data.w	__ghs_eofn_Hmg_RsaPkcs1PssVerifyFinish
00003589 5d01      12190 	.data.b	1,93
0000358b 00        12191 	.data.b	0
0000358c 04        12192 	.data.b	4
0000358d 00        12193 	.data.b	0
0000358e 7c        12194 	.data.b	124
0000358f 01        12195 	.data.b	1
00003590 00        12196 	.data.b	0
00003591 00        12197 	.data.b	0
00003592 01        12198 	.data.b	1
00003593 01        12199 	.data.b	1
00003594 00        12200 	.data.b	0
00003595 01        12201 	.data.b	1
                   12202 
                   12203 	.section	.debug_frame
                   12204 .LDW_4c12998:
000006a8 00000000* 12205 	.data.w	.LDW_unq_86-.LDW_unq_85
                   12206 .LDW_unq_85:
000006ac 00000000* 12207 	.data.w	.LDW_4a14d18
000006b0 00000000* 12208 	.data.w	Hmg_RsaPkcs1PssVerifyFinish
000006b4 00000004  12209 	.data.w	__ghs_eofn_Hmg_RsaPkcs1PssVerifyFinish-Hmg_RsaPkcs1PssVerifyFinish
000006b8 01        12210 	.data.b	1
000006b9 00000000* 12211 	.data.w	.LDW141
000006bd 00        12212 	.data.b	0
000006be 00        12213 	.data.b	0
000006bf 00        12214 	.data.b	0
                   12215 .LDW_unq_86:
                   12216 	.section	.debug_line
00000614 020500    12217 	.data.b	0,5,2
00000617 00000000* 12218 	.data.w	Hmg_RsaPkcs1PssVerifyFinish
0000061b 06        12219 	.data.b	6
0000061c 03        12220 	.data.b	3
0000061d 04cf      12221 	.data.b	207,4
0000061f 02        12222 	.data.b	2
00000620 00        12223 	.data.b	0
00000621 01        12224 	.data.b	1
00000622 06        12225 	.data.b	6
00000623 02        12226 	.data.b	2
00000624 02        12227 	.data.b	2
00000625 02        12228 	.data.b	2
00000626 02        12229 	.data.b	2
00000627 010100    12230 	.data.b	0,1,1
                   12231 	.section	.debug_info
                   12232 .LDW_49f7c00:

                                                                      Page 215
                                                              C:\Windows\TEMP\gh_000098c3.si
00003596 11        12233 	.data.b	17
00003597 5f617372  12234 	.data.b	114,115,97,95,99,116,120,0
0000359b 00787463 
0000359f 04cc      12235 	.data.b	204,4
000035a1 1c        12236 	.data.b	28
000035a2 01        12237 	.data.b	1
000035a3 00000000* 12238 	.data.w	.LDW_49eb268
000035a7 00        12239 	.data.b	0
000035a8 5001      12240 	.data.b	1,80
                   12241 
                   12242 .LDW_49f83e8:
000035aa 11        12243 	.data.b	17
000035ab 43737370  12244 	.data.b	112,115,115,67,116,120,0
000035af 007874 
000035b2 04cd      12245 	.data.b	205,4
000035b4 19        12246 	.data.b	25
000035b5 01        12247 	.data.b	1
000035b6 00000000* 12248 	.data.w	.LDW_49eb498
000035ba 00        12249 	.data.b	0
000035bb 5101      12250 	.data.b	1,81
                   12251 
                   12252 .LDW_49f3910:
000035bd 1f        12253 	.data.b	31
000035be 00000000* 12254 	.data.w	.LDW041
000035c2 00000000* 12255 	.data.w	.LDW141
                   12256 
000035c6 00        12257 	.data.b	0
                   12258 
000035c7 00        12259 	.data.b	0
                   12260 
                   12261 .LDW_49ecc30:
000035c8 16        12262 	.data.b	22
000035c9 5f676d48  12263 	.data.b	72,109,103,95,82,115,97,80,107,99,115,49,80,115,115,86,101,114,105,102,121,0
000035cd 50617352 
000035d1 3173636b 
000035d5 56737350 
000035d9 66697265 
000035dd 0079 
000035df 04d2      12264 	.data.b	210,4
000035e1 09        12265 	.data.b	9
000035e2 01        12266 	.data.b	1
000035e3 00000000* 12267 	.data.w	.LDW_4956928
000035e7 00000000* 12268 	.data.w	Hmg_RsaPkcs1PssVerify
000035eb 00000000* 12269 	.data.w	__ghs_eofn_Hmg_RsaPkcs1PssVerify
000035ef 5d01      12270 	.data.b	1,93
000035f1 00        12271 	.data.b	0
000035f2 04        12272 	.data.b	4
000035f3 00        12273 	.data.b	0
000035f4 7c        12274 	.data.b	124
000035f5 01        12275 	.data.b	1
000035f6 00        12276 	.data.b	0
000035f7 00        12277 	.data.b	0
000035f8 01        12278 	.data.b	1
000035f9 01        12279 	.data.b	1
000035fa 00        12280 	.data.b	0
000035fb 01        12281 	.data.b	1
                   12282 
                   12283 	.section	.debug_frame
                   12284 .LDW_4c130d8:
000006c0 00000000* 12285 	.data.w	.LDW_unq_88-.LDW_unq_87
                   12286 .LDW_unq_87:

                                                                      Page 216
                                                              C:\Windows\TEMP\gh_000098c3.si
000006c4 00000000* 12287 	.data.w	.LDW_4a14d18
000006c8 00000000* 12288 	.data.w	Hmg_RsaPkcs1PssVerify
000006cc 00000004  12289 	.data.w	__ghs_eofn_Hmg_RsaPkcs1PssVerify-Hmg_RsaPkcs1PssVerify
000006d0 01        12290 	.data.b	1
000006d1 00000000* 12291 	.data.w	.LDW341
000006d5 00        12292 	.data.b	0
000006d6 00        12293 	.data.b	0
000006d7 00        12294 	.data.b	0
                   12295 .LDW_unq_88:
                   12296 	.section	.debug_line
0000062a 020500    12297 	.data.b	0,5,2
0000062d 00000000* 12298 	.data.w	Hmg_RsaPkcs1PssVerify
00000631 06        12299 	.data.b	6
00000632 03        12300 	.data.b	3
00000633 04d7      12301 	.data.b	215,4
00000635 02        12302 	.data.b	2
00000636 00        12303 	.data.b	0
00000637 01        12304 	.data.b	1
00000638 06        12305 	.data.b	6
00000639 02        12306 	.data.b	2
0000063a 02        12307 	.data.b	2
0000063b 02        12308 	.data.b	2
0000063c 02        12309 	.data.b	2
0000063d 010100    12310 	.data.b	0,1,1
                   12311 	.section	.debug_info
                   12312 .LDW_49f7db8:
000035fc 11        12313 	.data.b	17
000035fd 67695370  12314 	.data.b	112,83,105,103,110,0
00003601 006e 
00003603 04d3      12315 	.data.b	211,4
00003605 0f        12316 	.data.b	15
00003606 01        12317 	.data.b	1
00003607 00000000* 12318 	.data.w	.LDW_3732c10
0000360b 00        12319 	.data.b	0
0000360c 5001      12320 	.data.b	1,80
                   12321 
                   12322 .LDW_49f8498:
0000360e 11        12323 	.data.b	17
0000360f 43737370  12324 	.data.b	112,115,115,67,116,120,0
00003613 007874 
00003616 04d4      12325 	.data.b	212,4
00003618 19        12326 	.data.b	25
00003619 01        12327 	.data.b	1
0000361a 00000000* 12328 	.data.w	.LDW_49eb498
0000361e 00        12329 	.data.b	0
0000361f 5101      12330 	.data.b	1,81
                   12331 
                   12332 .LDW_49f7b50:
00003621 11        12333 	.data.b	17
00003622 6c627570  12334 	.data.b	112,117,98,108,105,99,107,101,121,0
00003626 656b6369 
0000362a 0079 
0000362c 04d5      12335 	.data.b	213,4
0000362e 1a        12336 	.data.b	26
0000362f 01        12337 	.data.b	1
00003630 00000000* 12338 	.data.w	.LDW_49eb3b8
00003634 00        12339 	.data.b	0
00003635 5201      12340 	.data.b	1,82
                   12341 
                   12342 .LDW_49f37c0:
00003637 1f        12343 	.data.b	31

                                                                      Page 217
                                                              C:\Windows\TEMP\gh_000098c3.si
00003638 00000000* 12344 	.data.w	.LDW241
0000363c 00000000* 12345 	.data.w	.LDW341
                   12346 
00003640 00        12347 	.data.b	0
                   12348 
00003641 00        12349 	.data.b	0
                   12350 
                   12351 .LDW_49ec5a8:
00003642 16        12352 	.data.b	22
00003643 5f676d48  12353 	.data.b	72,109,103,95,82,115,97,80,107,99,115,49,118,49,53,69,110,99,114,121,112,116,83,116,97,114,116,0
00003647 50617352 
0000364b 3173636b 
0000364f 45353176 
00003653 7972636e 
00003657 74537470 
0000365b 00747261 
0000365f 04da      12354 	.data.b	218,4
00003661 09        12355 	.data.b	9
00003662 01        12356 	.data.b	1
00003663 00000000* 12357 	.data.w	.LDW_4956928
00003667 00000000* 12358 	.data.w	Hmg_RsaPkcs1v15EncryptStart
0000366b 00000000* 12359 	.data.w	__ghs_eofn_Hmg_RsaPkcs1v15EncryptStart
0000366f 5d01      12360 	.data.b	1,93
00003671 00        12361 	.data.b	0
00003672 04        12362 	.data.b	4
00003673 00        12363 	.data.b	0
00003674 7c        12364 	.data.b	124
00003675 01        12365 	.data.b	1
00003676 00        12366 	.data.b	0
00003677 00        12367 	.data.b	0
00003678 01        12368 	.data.b	1
00003679 01        12369 	.data.b	1
0000367a 00        12370 	.data.b	0
0000367b 01        12371 	.data.b	1
                   12372 
                   12373 	.section	.debug_frame
                   12374 .LDW_4c13558:
000006d8 00000000* 12375 	.data.w	.LDW_unq_8a-.LDW_unq_89
                   12376 .LDW_unq_89:
000006dc 00000000* 12377 	.data.w	.LDW_4a14d18
000006e0 00000000* 12378 	.data.w	Hmg_RsaPkcs1v15EncryptStart
000006e4 00000004  12379 	.data.w	__ghs_eofn_Hmg_RsaPkcs1v15EncryptStart-Hmg_RsaPkcs1v15EncryptStart
000006e8 01        12380 	.data.b	1
000006e9 00000000* 12381 	.data.w	.LDW541
000006ed 00        12382 	.data.b	0
000006ee 00        12383 	.data.b	0
000006ef 00        12384 	.data.b	0
                   12385 .LDW_unq_8a:
                   12386 	.section	.debug_line
00000640 020500    12387 	.data.b	0,5,2
00000643 00000000* 12388 	.data.w	Hmg_RsaPkcs1v15EncryptStart
00000647 06        12389 	.data.b	6
00000648 03        12390 	.data.b	3
00000649 04e0      12391 	.data.b	224,4
0000064b 02        12392 	.data.b	2
0000064c 00        12393 	.data.b	0
0000064d 01        12394 	.data.b	1
0000064e 06        12395 	.data.b	6
0000064f 02        12396 	.data.b	2
00000650 02        12397 	.data.b	2
00000651 02        12398 	.data.b	2

                                                                      Page 218
                                                              C:\Windows\TEMP\gh_000098c3.si
00000652 02        12399 	.data.b	2
00000653 010100    12400 	.data.b	0,1,1
                   12401 	.section	.debug_info
                   12402 .LDW_49f79f0:
0000367c 11        12403 	.data.b	17
0000367d 5f617372  12404 	.data.b	114,115,97,95,99,116,120,0
00003681 00787463 
00003685 04db      12405 	.data.b	219,4
00003687 1c        12406 	.data.b	28
00003688 01        12407 	.data.b	1
00003689 00000000* 12408 	.data.w	.LDW_49eb268
0000368d 00        12409 	.data.b	0
0000368e 5001      12410 	.data.b	1,80
                   12411 
                   12412 .LDW_49f7e10:
00003690 11        12413 	.data.b	17
00003691 0067736d  12414 	.data.b	109,115,103,0
00003695 04dc      12415 	.data.b	220,4
00003697 10        12416 	.data.b	16
00003698 01        12417 	.data.b	1
00003699 00000000* 12418 	.data.w	.LDW_3732c10
0000369d 00        12419 	.data.b	0
0000369e 5101      12420 	.data.b	1,81
                   12421 
                   12422 .LDW_49f7e68:
000036a0 11        12423 	.data.b	17
000036a1 6e654c6d  12424 	.data.b	109,76,101,110,0
000036a5 00 
000036a6 04dd      12425 	.data.b	221,4
000036a8 10        12426 	.data.b	16
000036a9 01        12427 	.data.b	1
000036aa 00000000* 12428 	.data.w	.LDW_49c9cf8
000036ae 00        12429 	.data.b	0
000036af 5201      12430 	.data.b	1,82
                   12431 
                   12432 .LDW_49f7f18:
000036b1 11        12433 	.data.b	17
000036b2 6c627570  12434 	.data.b	112,117,98,108,105,99,107,101,121,0
000036b6 656b6369 
000036ba 0079 
000036bc 04de      12435 	.data.b	222,4
000036be 1a        12436 	.data.b	26
000036bf 01        12437 	.data.b	1
000036c0 00000000* 12438 	.data.w	.LDW_49eb3b8
000036c4 00        12439 	.data.b	0
000036c5 5301      12440 	.data.b	1,83
                   12441 
                   12442 .LDW_49f2b30:
000036c7 1f        12443 	.data.b	31
000036c8 00000000* 12444 	.data.w	.LDW441
000036cc 00000000* 12445 	.data.w	.LDW541
                   12446 
000036d0 00        12447 	.data.b	0
                   12448 
000036d1 00        12449 	.data.b	0
                   12450 
                   12451 .LDW_49eba60:
000036d2 16        12452 	.data.b	22
000036d3 5f676d48  12453 	.data.b	72,109,103,95,82,115,97,80,107,99,115,49,118,49,53,69,110,99,114,121,112,116,85,112,100,97,116,101,0
000036d7 50617352 
000036db 3173636b 

                                                                      Page 219
                                                              C:\Windows\TEMP\gh_000098c3.si
000036df 45353176 
000036e3 7972636e 
000036e7 70557470 
000036eb 65746164 
000036ef 00 
000036f0 04e3      12454 	.data.b	227,4
000036f2 09        12455 	.data.b	9
000036f3 01        12456 	.data.b	1
000036f4 00000000* 12457 	.data.w	.LDW_4956928
000036f8 00000000* 12458 	.data.w	Hmg_RsaPkcs1v15EncryptUpdate
000036fc 00000000* 12459 	.data.w	__ghs_eofn_Hmg_RsaPkcs1v15EncryptUpdate
00003700 5d01      12460 	.data.b	1,93
00003702 00        12461 	.data.b	0
00003703 04        12462 	.data.b	4
00003704 00        12463 	.data.b	0
00003705 7c        12464 	.data.b	124
00003706 01        12465 	.data.b	1
00003707 00        12466 	.data.b	0
00003708 00        12467 	.data.b	0
00003709 01        12468 	.data.b	1
0000370a 01        12469 	.data.b	1
0000370b 00        12470 	.data.b	0
0000370c 01        12471 	.data.b	1
                   12472 
                   12473 	.section	.debug_frame
                   12474 .LDW_4c13c18:
000006f0 00000000* 12475 	.data.w	.LDW_unq_8c-.LDW_unq_8b
                   12476 .LDW_unq_8b:
000006f4 00000000* 12477 	.data.w	.LDW_4a14d18
000006f8 00000000* 12478 	.data.w	Hmg_RsaPkcs1v15EncryptUpdate
000006fc 00000004  12479 	.data.w	__ghs_eofn_Hmg_RsaPkcs1v15EncryptUpdate-Hmg_RsaPkcs1v15EncryptUpdate
00000700 01        12480 	.data.b	1
00000701 00000000* 12481 	.data.w	.LDW741
00000705 00        12482 	.data.b	0
00000706 00        12483 	.data.b	0
00000707 00        12484 	.data.b	0
                   12485 .LDW_unq_8c:
                   12486 	.section	.debug_line
00000656 020500    12487 	.data.b	0,5,2
00000659 00000000* 12488 	.data.w	Hmg_RsaPkcs1v15EncryptUpdate
0000065d 06        12489 	.data.b	6
0000065e 03        12490 	.data.b	3
0000065f 04e6      12491 	.data.b	230,4
00000661 02        12492 	.data.b	2
00000662 00        12493 	.data.b	0
00000663 01        12494 	.data.b	1
00000664 06        12495 	.data.b	6
00000665 02        12496 	.data.b	2
00000666 02        12497 	.data.b	2
00000667 02        12498 	.data.b	2
00000668 02        12499 	.data.b	2
00000669 010100    12500 	.data.b	0,1,1
                   12501 	.section	.debug_info
                   12502 .LDW_49f7aa0:
0000370d 11        12503 	.data.b	17
0000370e 5f617372  12504 	.data.b	114,115,97,95,99,116,120,0
00003712 00787463 
00003716 04e4      12505 	.data.b	228,4
00003718 1c        12506 	.data.b	28
00003719 01        12507 	.data.b	1
0000371a 00000000* 12508 	.data.w	.LDW_49eb268

                                                                      Page 220
                                                              C:\Windows\TEMP\gh_000098c3.si
0000371e 00        12509 	.data.b	0
0000371f 5001      12510 	.data.b	1,80
                   12511 
                   12512 .LDW_49f2cb0:
00003721 1f        12513 	.data.b	31
00003722 00000000* 12514 	.data.w	.LDW641
00003726 00000000* 12515 	.data.w	.LDW741
                   12516 
0000372a 00        12517 	.data.b	0
                   12518 
0000372b 00        12519 	.data.b	0
                   12520 
                   12521 .LDW_49ec050:
0000372c 16        12522 	.data.b	22
0000372d 5f676d48  12523 	.data.b	72,109,103,95,82,115,97,80,107,99,115,49,118,49,53,69,110,99,114,121,112,116,70,105,110,105,115,104,0
00003731 50617352 
00003735 3173636b 
00003739 45353176 
0000373d 7972636e 
00003741 69467470 
00003745 6873696e 
00003749 00 
0000374a 04e9      12524 	.data.b	233,4
0000374c 09        12525 	.data.b	9
0000374d 01        12526 	.data.b	1
0000374e 00000000* 12527 	.data.w	.LDW_4956928
00003752 00000000* 12528 	.data.w	Hmg_RsaPkcs1v15EncryptFinish
00003756 00000000* 12529 	.data.w	__ghs_eofn_Hmg_RsaPkcs1v15EncryptFinish
0000375a 5d01      12530 	.data.b	1,93
0000375c 00        12531 	.data.b	0
0000375d 04        12532 	.data.b	4
0000375e 00        12533 	.data.b	0
0000375f 7c        12534 	.data.b	124
00003760 01        12535 	.data.b	1
00003761 00        12536 	.data.b	0
00003762 00        12537 	.data.b	0
00003763 01        12538 	.data.b	1
00003764 01        12539 	.data.b	1
00003765 00        12540 	.data.b	0
00003766 01        12541 	.data.b	1
                   12542 
                   12543 	.section	.debug_frame
                   12544 .LDW_4c13c58:
00000708 00000000* 12545 	.data.w	.LDW_unq_8e-.LDW_unq_8d
                   12546 .LDW_unq_8d:
0000070c 00000000* 12547 	.data.w	.LDW_4a14d18
00000710 00000000* 12548 	.data.w	Hmg_RsaPkcs1v15EncryptFinish
00000714 00000004  12549 	.data.w	__ghs_eofn_Hmg_RsaPkcs1v15EncryptFinish-Hmg_RsaPkcs1v15EncryptFinish
00000718 01        12550 	.data.b	1
00000719 00000000* 12551 	.data.w	.LDW941
0000071d 00        12552 	.data.b	0
0000071e 00        12553 	.data.b	0
0000071f 00        12554 	.data.b	0
                   12555 .LDW_unq_8e:
                   12556 	.section	.debug_line
0000066c 020500    12557 	.data.b	0,5,2
0000066f 00000000* 12558 	.data.w	Hmg_RsaPkcs1v15EncryptFinish
00000673 06        12559 	.data.b	6
00000674 03        12560 	.data.b	3
00000675 04ed      12561 	.data.b	237,4
00000677 02        12562 	.data.b	2

                                                                      Page 221
                                                              C:\Windows\TEMP\gh_000098c3.si
00000678 00        12563 	.data.b	0
00000679 01        12564 	.data.b	1
0000067a 06        12565 	.data.b	6
0000067b 02        12566 	.data.b	2
0000067c 02        12567 	.data.b	2
0000067d 02        12568 	.data.b	2
0000067e 02        12569 	.data.b	2
0000067f 010100    12570 	.data.b	0,1,1
                   12571 	.section	.debug_info
                   12572 .LDW_49f80d0:
00003767 11        12573 	.data.b	17
00003768 5f617372  12574 	.data.b	114,115,97,95,99,116,120,0
0000376c 00787463 
00003770 04ea      12575 	.data.b	234,4
00003772 1c        12576 	.data.b	28
00003773 01        12577 	.data.b	1
00003774 00000000* 12578 	.data.w	.LDW_49eb268
00003778 00        12579 	.data.b	0
00003779 5001      12580 	.data.b	1,80
                   12581 
                   12582 .LDW_49f7ba8:
0000377b 11        12583 	.data.b	17
0000377c 68706963  12584 	.data.b	99,105,112,104,101,114,0
00003780 007265 
00003783 04eb      12585 	.data.b	235,4
00003785 11        12586 	.data.b	17
00003786 01        12587 	.data.b	1
00003787 00000000* 12588 	.data.w	.LDW_3732d60
0000378b 00        12589 	.data.b	0
0000378c 5101      12590 	.data.b	1,81
                   12591 
                   12592 .LDW_49f2b60:
0000378e 1f        12593 	.data.b	31
0000378f 00000000* 12594 	.data.w	.LDW841
00003793 00000000* 12595 	.data.w	.LDW941
                   12596 
00003797 00        12597 	.data.b	0
                   12598 
00003798 00        12599 	.data.b	0
                   12600 
                   12601 .LDW_49ec3e0:
00003799 16        12602 	.data.b	22
0000379a 5f676d48  12603 	.data.b	72,109,103,95,82,115,97,80,107,99,115,49,118,49,53,69,110,99,114,121,112,116,0
0000379e 50617352 
000037a2 3173636b 
000037a6 45353176 
000037aa 7972636e 
000037ae 007470 
000037b1 04f0      12604 	.data.b	240,4
000037b3 09        12605 	.data.b	9
000037b4 01        12606 	.data.b	1
000037b5 00000000* 12607 	.data.w	.LDW_4956928
000037b9 00000000* 12608 	.data.w	Hmg_RsaPkcs1v15Encrypt
000037bd 00000000* 12609 	.data.w	__ghs_eofn_Hmg_RsaPkcs1v15Encrypt
000037c1 5d01      12610 	.data.b	1,93
000037c3 00        12611 	.data.b	0
000037c4 04        12612 	.data.b	4
000037c5 00        12613 	.data.b	0
000037c6 7c        12614 	.data.b	124
000037c7 01        12615 	.data.b	1
000037c8 00        12616 	.data.b	0

                                                                      Page 222
                                                              C:\Windows\TEMP\gh_000098c3.si
000037c9 00        12617 	.data.b	0
000037ca 01        12618 	.data.b	1
000037cb 01        12619 	.data.b	1
000037cc 00        12620 	.data.b	0
000037cd 01        12621 	.data.b	1
                   12622 
                   12623 	.section	.debug_frame
                   12624 .LDW_4c145d8:
00000720 00000000* 12625 	.data.w	.LDW_unq_90-.LDW_unq_8f
                   12626 .LDW_unq_8f:
00000724 00000000* 12627 	.data.w	.LDW_4a14d18
00000728 00000000* 12628 	.data.w	Hmg_RsaPkcs1v15Encrypt
0000072c 00000004  12629 	.data.w	__ghs_eofn_Hmg_RsaPkcs1v15Encrypt-Hmg_RsaPkcs1v15Encrypt
00000730 01        12630 	.data.b	1
00000731 00000000* 12631 	.data.w	.LDW151
00000735 00        12632 	.data.b	0
00000736 00        12633 	.data.b	0
00000737 00        12634 	.data.b	0
                   12635 .LDW_unq_90:
                   12636 	.section	.debug_line
00000682 020500    12637 	.data.b	0,5,2
00000685 00000000* 12638 	.data.w	Hmg_RsaPkcs1v15Encrypt
00000689 06        12639 	.data.b	6
0000068a 03        12640 	.data.b	3
0000068b 04f6      12641 	.data.b	246,4
0000068d 02        12642 	.data.b	2
0000068e 00        12643 	.data.b	0
0000068f 01        12644 	.data.b	1
00000690 06        12645 	.data.b	6
00000691 02        12646 	.data.b	2
00000692 02        12647 	.data.b	2
00000693 02        12648 	.data.b	2
00000694 02        12649 	.data.b	2
00000695 010100    12650 	.data.b	0,1,1
                   12651 	.section	.debug_info
                   12652 .LDW_49f8180:
000037ce 11        12653 	.data.b	17
000037cf 68706963  12654 	.data.b	99,105,112,104,101,114,0
000037d3 007265 
000037d6 04f1      12655 	.data.b	241,4
000037d8 10        12656 	.data.b	16
000037d9 01        12657 	.data.b	1
000037da 00000000* 12658 	.data.w	.LDW_3732d60
000037de 00        12659 	.data.b	0
000037df 5001      12660 	.data.b	1,80
                   12661 
                   12662 .LDW_49f8230:
000037e1 11        12663 	.data.b	17
000037e2 0067736d  12664 	.data.b	109,115,103,0
000037e6 04f2      12665 	.data.b	242,4
000037e8 10        12666 	.data.b	16
000037e9 01        12667 	.data.b	1
000037ea 00000000* 12668 	.data.w	.LDW_3732c10
000037ee 00        12669 	.data.b	0
000037ef 5101      12670 	.data.b	1,81
                   12671 
                   12672 .LDW_49f85a0:
000037f1 11        12673 	.data.b	17
000037f2 6e654c6d  12674 	.data.b	109,76,101,110,0
000037f6 00 
000037f7 04f3      12675 	.data.b	243,4

                                                                      Page 223
                                                              C:\Windows\TEMP\gh_000098c3.si
000037f9 10        12676 	.data.b	16
000037fa 01        12677 	.data.b	1
000037fb 00000000* 12678 	.data.w	.LDW_49c9cf8
000037ff 00        12679 	.data.b	0
00003800 5201      12680 	.data.b	1,82
                   12681 
                   12682 .LDW_49f86a8:
00003802 11        12683 	.data.b	17
00003803 6c627570  12684 	.data.b	112,117,98,108,105,99,107,101,121,0
00003807 656b6369 
0000380b 0079 
0000380d 04f4      12685 	.data.b	244,4
0000380f 1a        12686 	.data.b	26
00003810 01        12687 	.data.b	1
00003811 00000000* 12688 	.data.w	.LDW_49eb3b8
00003815 00        12689 	.data.b	0
00003816 5301      12690 	.data.b	1,83
                   12691 
                   12692 .LDW_49f2dd0:
00003818 1f        12693 	.data.b	31
00003819 00000000* 12694 	.data.w	.LDW051
0000381d 00000000* 12695 	.data.w	.LDW151
                   12696 
00003821 00        12697 	.data.b	0
                   12698 
00003822 00        12699 	.data.b	0
                   12700 
                   12701 .LDW_49ec0e8:
00003823 16        12702 	.data.b	22
00003824 5f676d48  12703 	.data.b	72,109,103,95,82,115,97,80,107,99,115,49,118,49,53,68,101,99,114,121,112,116,83,116,97,114,116,0
00003828 50617352 
0000382c 3173636b 
00003830 44353176 
00003834 79726365 
00003838 74537470 
0000383c 00747261 
00003840 04f9      12704 	.data.b	249,4
00003842 09        12705 	.data.b	9
00003843 01        12706 	.data.b	1
00003844 00000000* 12707 	.data.w	.LDW_4956928
00003848 00000000* 12708 	.data.w	Hmg_RsaPkcs1v15DecryptStart
0000384c 00000000* 12709 	.data.w	__ghs_eofn_Hmg_RsaPkcs1v15DecryptStart
00003850 5d01      12710 	.data.b	1,93
00003852 00        12711 	.data.b	0
00003853 04        12712 	.data.b	4
00003854 00        12713 	.data.b	0
00003855 7c        12714 	.data.b	124
00003856 01        12715 	.data.b	1
00003857 00        12716 	.data.b	0
00003858 00        12717 	.data.b	0
00003859 01        12718 	.data.b	1
0000385a 01        12719 	.data.b	1
0000385b 00        12720 	.data.b	0
0000385c 01        12721 	.data.b	1
                   12722 
                   12723 	.section	.debug_frame
                   12724 .LDW_4c14498:
00000738 00000000* 12725 	.data.w	.LDW_unq_92-.LDW_unq_91
                   12726 .LDW_unq_91:
0000073c 00000000* 12727 	.data.w	.LDW_4a14d18
00000740 00000000* 12728 	.data.w	Hmg_RsaPkcs1v15DecryptStart

                                                                      Page 224
                                                              C:\Windows\TEMP\gh_000098c3.si
00000744 00000004  12729 	.data.w	__ghs_eofn_Hmg_RsaPkcs1v15DecryptStart-Hmg_RsaPkcs1v15DecryptStart
00000748 01        12730 	.data.b	1
00000749 00000000* 12731 	.data.w	.LDW351
0000074d 00        12732 	.data.b	0
0000074e 00        12733 	.data.b	0
0000074f 00        12734 	.data.b	0
                   12735 .LDW_unq_92:
                   12736 	.section	.debug_line
00000698 020500    12737 	.data.b	0,5,2
0000069b 00000000* 12738 	.data.w	Hmg_RsaPkcs1v15DecryptStart
0000069f 06        12739 	.data.b	6
000006a0 03        12740 	.data.b	3
000006a1 04fe      12741 	.data.b	254,4
000006a3 02        12742 	.data.b	2
000006a4 00        12743 	.data.b	0
000006a5 01        12744 	.data.b	1
000006a6 06        12745 	.data.b	6
000006a7 02        12746 	.data.b	2
000006a8 02        12747 	.data.b	2
000006a9 02        12748 	.data.b	2
000006aa 02        12749 	.data.b	2
000006ab 010100    12750 	.data.b	0,1,1
                   12751 	.section	.debug_info
                   12752 .LDW_49f8650:
0000385d 11        12753 	.data.b	17
0000385e 5f617372  12754 	.data.b	114,115,97,95,99,116,120,0
00003862 00787463 
00003866 04fa      12755 	.data.b	250,4
00003868 1c        12756 	.data.b	28
00003869 01        12757 	.data.b	1
0000386a 00000000* 12758 	.data.w	.LDW_49eb268
0000386e 00        12759 	.data.b	0
0000386f 5001      12760 	.data.b	1,80
                   12761 
                   12762 .LDW_49f88b8:
00003871 11        12763 	.data.b	17
00003872 68706963  12764 	.data.b	99,105,112,104,101,114,0
00003876 007265 
00003879 04fb      12765 	.data.b	251,4
0000387b 10        12766 	.data.b	16
0000387c 01        12767 	.data.b	1
0000387d 00000000* 12768 	.data.w	.LDW_3732c10
00003881 00        12769 	.data.b	0
00003882 5101      12770 	.data.b	1,81
                   12771 
                   12772 .LDW_49f8700:
00003884 11        12773 	.data.b	17
00003885 76697270  12774 	.data.b	112,114,105,118,97,116,101,107,101,121,0
00003889 6b657461 
0000388d 007965 
00003890 04fc      12775 	.data.b	252,4
00003892 1b        12776 	.data.b	27
00003893 01        12777 	.data.b	1
00003894 00000000* 12778 	.data.w	.LDW_49eb230
00003898 00        12779 	.data.b	0
00003899 5201      12780 	.data.b	1,82
                   12781 
                   12782 .LDW_49f2d40:
0000389b 1f        12783 	.data.b	31
0000389c 00000000* 12784 	.data.w	.LDW251
000038a0 00000000* 12785 	.data.w	.LDW351

                                                                      Page 225
                                                              C:\Windows\TEMP\gh_000098c3.si
                   12786 
000038a4 00        12787 	.data.b	0
                   12788 
000038a5 00        12789 	.data.b	0
                   12790 
                   12791 .LDW_49ec180:
000038a6 16        12792 	.data.b	22
000038a7 5f676d48  12793 	.data.b	72,109,103,95,82,115,97,80,107,99,115,49,118,49,53,68,101,99,114,121,112,116,85,112,100,97,116,101,0
000038ab 50617352 
000038af 3173636b 
000038b3 44353176 
000038b7 79726365 
000038bb 70557470 
000038bf 65746164 
000038c3 00 
000038c4 0581      12794 	.data.b	129,5
000038c6 09        12795 	.data.b	9
000038c7 01        12796 	.data.b	1
000038c8 00000000* 12797 	.data.w	.LDW_4956928
000038cc 00000000* 12798 	.data.w	Hmg_RsaPkcs1v15DecryptUpdate
000038d0 00000000* 12799 	.data.w	__ghs_eofn_Hmg_RsaPkcs1v15DecryptUpdate
000038d4 5d01      12800 	.data.b	1,93
000038d6 00        12801 	.data.b	0
000038d7 04        12802 	.data.b	4
000038d8 00        12803 	.data.b	0
000038d9 7c        12804 	.data.b	124
000038da 01        12805 	.data.b	1
000038db 00        12806 	.data.b	0
000038dc 00        12807 	.data.b	0
000038dd 01        12808 	.data.b	1
000038de 01        12809 	.data.b	1
000038df 00        12810 	.data.b	0
000038e0 01        12811 	.data.b	1
                   12812 
                   12813 	.section	.debug_frame
                   12814 .LDW_4c13f18:
00000750 00000000* 12815 	.data.w	.LDW_unq_94-.LDW_unq_93
                   12816 .LDW_unq_93:
00000754 00000000* 12817 	.data.w	.LDW_4a14d18
00000758 00000000* 12818 	.data.w	Hmg_RsaPkcs1v15DecryptUpdate
0000075c 00000004  12819 	.data.w	__ghs_eofn_Hmg_RsaPkcs1v15DecryptUpdate-Hmg_RsaPkcs1v15DecryptUpdate
00000760 01        12820 	.data.b	1
00000761 00000000* 12821 	.data.w	.LDW551
00000765 00        12822 	.data.b	0
00000766 00        12823 	.data.b	0
00000767 00        12824 	.data.b	0
                   12825 .LDW_unq_94:
                   12826 	.section	.debug_line
000006ae 020500    12827 	.data.b	0,5,2
000006b1 00000000* 12828 	.data.w	Hmg_RsaPkcs1v15DecryptUpdate
000006b5 06        12829 	.data.b	6
000006b6 03        12830 	.data.b	3
000006b7 0584      12831 	.data.b	132,5
000006b9 02        12832 	.data.b	2
000006ba 00        12833 	.data.b	0
000006bb 01        12834 	.data.b	1
000006bc 06        12835 	.data.b	6
000006bd 02        12836 	.data.b	2
000006be 02        12837 	.data.b	2
000006bf 02        12838 	.data.b	2
000006c0 02        12839 	.data.b	2

                                                                      Page 226
                                                              C:\Windows\TEMP\gh_000098c3.si
000006c1 010100    12840 	.data.b	0,1,1
                   12841 	.section	.debug_info
                   12842 .LDW_49f84f0:
000038e1 11        12843 	.data.b	17
000038e2 5f617372  12844 	.data.b	114,115,97,95,99,116,120,0
000038e6 00787463 
000038ea 0582      12845 	.data.b	130,5
000038ec 1c        12846 	.data.b	28
000038ed 01        12847 	.data.b	1
000038ee 00000000* 12848 	.data.w	.LDW_49eb268
000038f2 00        12849 	.data.b	0
000038f3 5001      12850 	.data.b	1,80
                   12851 
                   12852 .LDW_49f29e0:
000038f5 1f        12853 	.data.b	31
000038f6 00000000* 12854 	.data.w	.LDW451
000038fa 00000000* 12855 	.data.w	.LDW551
                   12856 
000038fe 00        12857 	.data.b	0
                   12858 
000038ff 00        12859 	.data.b	0
                   12860 
                   12861 .LDW_49ec2b0:
00003900 16        12862 	.data.b	22
00003901 5f676d48  12863 	.data.b	72,109,103,95,82,115,97,80,107,99,115,49,118,49,53,68,101,99,114,121,112,116,70,105,110,105,115,104,0
00003905 50617352 
00003909 3173636b 
0000390d 44353176 
00003911 79726365 
00003915 69467470 
00003919 6873696e 
0000391d 00 
0000391e 0587      12864 	.data.b	135,5
00003920 09        12865 	.data.b	9
00003921 01        12866 	.data.b	1
00003922 00000000* 12867 	.data.w	.LDW_4956928
00003926 00000000* 12868 	.data.w	Hmg_RsaPkcs1v15DecryptFinish
0000392a 00000000* 12869 	.data.w	__ghs_eofn_Hmg_RsaPkcs1v15DecryptFinish
0000392e 5d01      12870 	.data.b	1,93
00003930 00        12871 	.data.b	0
00003931 04        12872 	.data.b	4
00003932 00        12873 	.data.b	0
00003933 7c        12874 	.data.b	124
00003934 01        12875 	.data.b	1
00003935 00        12876 	.data.b	0
00003936 00        12877 	.data.b	0
00003937 01        12878 	.data.b	1
00003938 01        12879 	.data.b	1
00003939 00        12880 	.data.b	0
0000393a 01        12881 	.data.b	1
                   12882 
                   12883 	.section	.debug_frame
                   12884 .LDW_4c10c18:
00000768 00000000* 12885 	.data.w	.LDW_unq_96-.LDW_unq_95
                   12886 .LDW_unq_95:
0000076c 00000000* 12887 	.data.w	.LDW_4a14d18
00000770 00000000* 12888 	.data.w	Hmg_RsaPkcs1v15DecryptFinish
00000774 00000004  12889 	.data.w	__ghs_eofn_Hmg_RsaPkcs1v15DecryptFinish-Hmg_RsaPkcs1v15DecryptFinish
00000778 01        12890 	.data.b	1
00000779 00000000* 12891 	.data.w	.LDW751
0000077d 00        12892 	.data.b	0

                                                                      Page 227
                                                              C:\Windows\TEMP\gh_000098c3.si
0000077e 00        12893 	.data.b	0
0000077f 00        12894 	.data.b	0
                   12895 .LDW_unq_96:
                   12896 	.section	.debug_line
000006c4 020500    12897 	.data.b	0,5,2
000006c7 00000000* 12898 	.data.w	Hmg_RsaPkcs1v15DecryptFinish
000006cb 06        12899 	.data.b	6
000006cc 03        12900 	.data.b	3
000006cd 058c      12901 	.data.b	140,5
000006cf 02        12902 	.data.b	2
000006d0 00        12903 	.data.b	0
000006d1 01        12904 	.data.b	1
000006d2 06        12905 	.data.b	6
000006d3 02        12906 	.data.b	2
000006d4 02        12907 	.data.b	2
000006d5 02        12908 	.data.b	2
000006d6 02        12909 	.data.b	2
000006d7 010100    12910 	.data.b	0,1,1
                   12911 	.section	.debug_info
                   12912 .LDW_49f8758:
0000393b 11        12913 	.data.b	17
0000393c 5f617372  12914 	.data.b	114,115,97,95,99,116,120,0
00003940 00787463 
00003944 0588      12915 	.data.b	136,5
00003946 1c        12916 	.data.b	28
00003947 01        12917 	.data.b	1
00003948 00000000* 12918 	.data.w	.LDW_49eb268
0000394c 00        12919 	.data.b	0
0000394d 5001      12920 	.data.b	1,80
                   12921 
                   12922 .LDW_49f87b0:
0000394f 11        12923 	.data.b	17
00003950 0067736d  12924 	.data.b	109,115,103,0
00003954 0589      12925 	.data.b	137,5
00003956 11        12926 	.data.b	17
00003957 01        12927 	.data.b	1
00003958 00000000* 12928 	.data.w	.LDW_3732d60
0000395c 00        12929 	.data.b	0
0000395d 5101      12930 	.data.b	1,81
                   12931 
                   12932 .LDW_49f85f8:
0000395f 11        12933 	.data.b	17
00003960 6e654c6d  12934 	.data.b	109,76,101,110,0
00003964 00 
00003965 058a      12935 	.data.b	138,5
00003967 12        12936 	.data.b	18
00003968 01        12937 	.data.b	1
00003969 00000000* 12938 	.data.w	.LDW_3732f58
0000396d 00        12939 	.data.b	0
0000396e 5201      12940 	.data.b	1,82
                   12941 
                   12942 .LDW_49f2c50:
00003970 1f        12943 	.data.b	31
00003971 00000000* 12944 	.data.w	.LDW651
00003975 00000000* 12945 	.data.w	.LDW751
                   12946 
00003979 00        12947 	.data.b	0
                   12948 
0000397a 00        12949 	.data.b	0
                   12950 
                   12951 .LDW_49ed220:

                                                                      Page 228
                                                              C:\Windows\TEMP\gh_000098c3.si
0000397b 16        12952 	.data.b	22
0000397c 5f676d48  12953 	.data.b	72,109,103,95,82,115,97,80,107,99,115,49,118,49,53,68,101,99,114,121,112,116,0
00003980 50617352 
00003984 3173636b 
00003988 44353176 
0000398c 79726365 
00003990 007470 
00003993 058f      12954 	.data.b	143,5
00003995 10        12955 	.data.b	16
00003996 01        12956 	.data.b	1
00003997 00000000* 12957 	.data.w	.LDW_4956928
0000399b 00000000* 12958 	.data.w	Hmg_RsaPkcs1v15Decrypt
0000399f 00000000* 12959 	.data.w	__ghs_eofn_Hmg_RsaPkcs1v15Decrypt
000039a3 5d01      12960 	.data.b	1,93
000039a5 00        12961 	.data.b	0
000039a6 04        12962 	.data.b	4
000039a7 00        12963 	.data.b	0
000039a8 7c        12964 	.data.b	124
000039a9 01        12965 	.data.b	1
000039aa 00        12966 	.data.b	0
000039ab 00        12967 	.data.b	0
000039ac 01        12968 	.data.b	1
000039ad 01        12969 	.data.b	1
000039ae 00        12970 	.data.b	0
000039af 01        12971 	.data.b	1
                   12972 
                   12973 	.section	.debug_frame
                   12974 .LDW_4c10cd8:
00000780 00000000* 12975 	.data.w	.LDW_unq_98-.LDW_unq_97
                   12976 .LDW_unq_97:
00000784 00000000* 12977 	.data.w	.LDW_4a14d18
00000788 00000000* 12978 	.data.w	Hmg_RsaPkcs1v15Decrypt
0000078c 00000004  12979 	.data.w	__ghs_eofn_Hmg_RsaPkcs1v15Decrypt-Hmg_RsaPkcs1v15Decrypt
00000790 01        12980 	.data.b	1
00000791 00000000* 12981 	.data.w	.LDW951
00000795 00        12982 	.data.b	0
00000796 00        12983 	.data.b	0
00000797 00        12984 	.data.b	0
                   12985 .LDW_unq_98:
                   12986 	.section	.debug_line
000006da 020500    12987 	.data.b	0,5,2
000006dd 00000000* 12988 	.data.w	Hmg_RsaPkcs1v15Decrypt
000006e1 06        12989 	.data.b	6
000006e2 03        12990 	.data.b	3
000006e3 0595      12991 	.data.b	149,5
000006e5 02        12992 	.data.b	2
000006e6 00        12993 	.data.b	0
000006e7 01        12994 	.data.b	1
000006e8 06        12995 	.data.b	6
000006e9 02        12996 	.data.b	2
000006ea 02        12997 	.data.b	2
000006eb 02        12998 	.data.b	2
000006ec 02        12999 	.data.b	2
000006ed 010100    13000 	.data.b	0,1,1
                   13001 	.section	.debug_info
                   13002 .LDW_49f8808:
000039b0 11        13003 	.data.b	17
000039b1 0067736d  13004 	.data.b	109,115,103,0
000039b5 0590      13005 	.data.b	144,5
000039b7 11        13006 	.data.b	17
000039b8 01        13007 	.data.b	1

                                                                      Page 229
                                                              C:\Windows\TEMP\gh_000098c3.si
000039b9 00000000* 13008 	.data.w	.LDW_3732d60
000039bd 00        13009 	.data.b	0
000039be 5001      13010 	.data.b	1,80
                   13011 
                   13012 .LDW_49f8968:
000039c0 11        13013 	.data.b	17
000039c1 6e654c6d  13014 	.data.b	109,76,101,110,0
000039c5 00 
000039c6 0591      13015 	.data.b	145,5
000039c8 12        13016 	.data.b	18
000039c9 01        13017 	.data.b	1
000039ca 00000000* 13018 	.data.w	.LDW_3732f58
000039ce 00        13019 	.data.b	0
000039cf 5101      13020 	.data.b	1,81
                   13021 
                   13022 .LDW_49f8910:
000039d1 11        13023 	.data.b	17
000039d2 68706963  13024 	.data.b	99,105,112,104,101,114,0
000039d6 007265 
000039d9 0592      13025 	.data.b	146,5
000039db 0f        13026 	.data.b	15
000039dc 01        13027 	.data.b	1
000039dd 00000000* 13028 	.data.w	.LDW_3732c10
000039e1 00        13029 	.data.b	0
000039e2 5201      13030 	.data.b	1,82
                   13031 
                   13032 .LDW_49f8860:
000039e4 11        13033 	.data.b	17
000039e5 76697270  13034 	.data.b	112,114,105,118,97,116,101,107,101,121,0
000039e9 6b657461 
000039ed 007965 
000039f0 0593      13035 	.data.b	147,5
000039f2 1b        13036 	.data.b	27
000039f3 01        13037 	.data.b	1
000039f4 00000000* 13038 	.data.w	.LDW_49eb230
000039f8 00        13039 	.data.b	0
000039f9 5301      13040 	.data.b	1,83
                   13041 
                   13042 .LDW_49f2e60:
000039fb 1f        13043 	.data.b	31
000039fc 00000000* 13044 	.data.w	.LDW851
00003a00 00000000* 13045 	.data.w	.LDW951
                   13046 
00003a04 00        13047 	.data.b	0
                   13048 
00003a05 00        13049 	.data.b	0
                   13050 
                   13051 .LDW_49ed518:
00003a06 16        13052 	.data.b	22
00003a07 5f676d48  13053 	.data.b	72,109,103,95,82,115,97,80,107,99,115,49,79,97,101,112,69,110,99,114,121,112,116,83,116,97,114,116,0
00003a0b 50617352 
00003a0f 3173636b 
00003a13 7065614f 
00003a17 72636e45 
00003a1b 53747079 
00003a1f 74726174 
00003a23 00 
00003a24 0598      13054 	.data.b	152,5
00003a26 09        13055 	.data.b	9
00003a27 01        13056 	.data.b	1
00003a28 00000000* 13057 	.data.w	.LDW_4956928

                                                                      Page 230
                                                              C:\Windows\TEMP\gh_000098c3.si
00003a2c 00000000* 13058 	.data.w	Hmg_RsaPkcs1OaepEncryptStart
00003a30 00000000* 13059 	.data.w	__ghs_eofn_Hmg_RsaPkcs1OaepEncryptStart
00003a34 5d01      13060 	.data.b	1,93
00003a36 00        13061 	.data.b	0
00003a37 04        13062 	.data.b	4
00003a38 00        13063 	.data.b	0
00003a39 7c        13064 	.data.b	124
00003a3a 01        13065 	.data.b	1
00003a3b 00        13066 	.data.b	0
00003a3c 00        13067 	.data.b	0
00003a3d 01        13068 	.data.b	1
00003a3e 01        13069 	.data.b	1
00003a3f 00        13070 	.data.b	0
00003a40 01        13071 	.data.b	1
                   13072 
                   13073 	.section	.debug_frame
                   13074 .LDW_4c113d8:
00000798 00000000* 13075 	.data.w	.LDW_unq_9a-.LDW_unq_99
                   13076 .LDW_unq_99:
0000079c 00000000* 13077 	.data.w	.LDW_4a14d18
000007a0 00000000* 13078 	.data.w	Hmg_RsaPkcs1OaepEncryptStart
000007a4 00000004  13079 	.data.w	__ghs_eofn_Hmg_RsaPkcs1OaepEncryptStart-Hmg_RsaPkcs1OaepEncryptStart
000007a8 01        13080 	.data.b	1
000007a9 00000000* 13081 	.data.w	.LDW161
000007ad 00        13082 	.data.b	0
000007ae 00        13083 	.data.b	0
000007af 00        13084 	.data.b	0
                   13085 .LDW_unq_9a:
                   13086 	.section	.debug_line
000006f0 020500    13087 	.data.b	0,5,2
000006f3 00000000* 13088 	.data.w	Hmg_RsaPkcs1OaepEncryptStart
000006f7 06        13089 	.data.b	6
000006f8 03        13090 	.data.b	3
000006f9 059f      13091 	.data.b	159,5
000006fb 02        13092 	.data.b	2
000006fc 00        13093 	.data.b	0
000006fd 01        13094 	.data.b	1
000006fe 06        13095 	.data.b	6
000006ff 02        13096 	.data.b	2
00000700 02        13097 	.data.b	2
00000701 02        13098 	.data.b	2
00000702 02        13099 	.data.b	2
00000703 010100    13100 	.data.b	0,1,1
                   13101 	.section	.debug_info
                   13102 .LDW_4a095d0:
00003a41 11        13103 	.data.b	17
00003a42 5f617372  13104 	.data.b	114,115,97,95,99,116,120,0
00003a46 00787463 
00003a4a 0599      13105 	.data.b	153,5
00003a4c 1c        13106 	.data.b	28
00003a4d 01        13107 	.data.b	1
00003a4e 00000000* 13108 	.data.w	.LDW_49eb268
00003a52 00        13109 	.data.b	0
00003a53 5001      13110 	.data.b	1,80
                   13111 
                   13112 .LDW_4a09260:
00003a55 11        13113 	.data.b	17
00003a56 0067736d  13114 	.data.b	109,115,103,0
00003a5a 059a      13115 	.data.b	154,5
00003a5c 11        13116 	.data.b	17
00003a5d 01        13117 	.data.b	1

                                                                      Page 231
                                                              C:\Windows\TEMP\gh_000098c3.si
00003a5e 00000000* 13118 	.data.w	.LDW_3732c10
00003a62 00        13119 	.data.b	0
00003a63 5101      13120 	.data.b	1,81
                   13121 
                   13122 .LDW_4a096d8:
00003a65 11        13123 	.data.b	17
00003a66 6e654c6d  13124 	.data.b	109,76,101,110,0
00003a6a 00 
00003a6b 059b      13125 	.data.b	155,5
00003a6d 10        13126 	.data.b	16
00003a6e 01        13127 	.data.b	1
00003a6f 00000000* 13128 	.data.w	.LDW_49c9cf8
00003a73 00        13129 	.data.b	0
00003a74 5201      13130 	.data.b	1,82
                   13131 
                   13132 .LDW_4a09680:
00003a76 11        13133 	.data.b	17
00003a77 7065616f  13134 	.data.b	111,97,101,112,67,116,120,0
00003a7b 00787443 
00003a7f 059c      13135 	.data.b	156,5
00003a81 1a        13136 	.data.b	26
00003a82 01        13137 	.data.b	1
00003a83 00000000* 13138 	.data.w	.LDW_4a08aa8
00003a87 00        13139 	.data.b	0
00003a88 5301      13140 	.data.b	1,83
                   13141 
                   13142 .LDW_4a09ba8:
00003a8a 11        13143 	.data.b	17
00003a8b 6c627570  13144 	.data.b	112,117,98,108,105,99,107,101,121,0
00003a8f 656b6369 
00003a93 0079 
00003a95 059d      13145 	.data.b	157,5
00003a97 1a        13146 	.data.b	26
00003a98 01        13147 	.data.b	1
00003a99 00000000* 13148 	.data.w	.LDW_49eb3b8
00003a9d 00        13149 	.data.b	0
00003a9e 7d02      13150 	.data.b	2,125
00003aa0 00        13151 	.data.b	0
                   13152 
                   13153 .LDW_49f2a40:
00003aa1 1f        13154 	.data.b	31
00003aa2 00000000* 13155 	.data.w	.LDW061
00003aa6 00000000* 13156 	.data.w	.LDW161
                   13157 
00003aaa 00        13158 	.data.b	0
                   13159 
00003aab 00        13160 	.data.b	0
                   13161 
                   13162 .LDW_49ecfc0:
00003aac 16        13163 	.data.b	22
00003aad 5f676d48  13164 	.data.b	72,109,103,95,82,115,97,80,107,99,115,49,79,97,101,112,69,110,99,114,121,112,116,85,112,100,97,116,101,0
00003ab1 50617352 
00003ab5 3173636b 
00003ab9 7065614f 
00003abd 72636e45 
00003ac1 55747079 
00003ac5 74616470 
00003ac9 0065 
00003acb 05a2      13165 	.data.b	162,5
00003acd 09        13166 	.data.b	9
00003ace 01        13167 	.data.b	1

                                                                      Page 232
                                                              C:\Windows\TEMP\gh_000098c3.si
00003acf 00000000* 13168 	.data.w	.LDW_4956928
00003ad3 00000000* 13169 	.data.w	Hmg_RsaPkcs1OaepEncryptUpdate
00003ad7 00000000* 13170 	.data.w	__ghs_eofn_Hmg_RsaPkcs1OaepEncryptUpdate
00003adb 5d01      13171 	.data.b	1,93
00003add 00        13172 	.data.b	0
00003ade 04        13173 	.data.b	4
00003adf 00        13174 	.data.b	0
00003ae0 7c        13175 	.data.b	124
00003ae1 01        13176 	.data.b	1
00003ae2 00        13177 	.data.b	0
00003ae3 00        13178 	.data.b	0
00003ae4 01        13179 	.data.b	1
00003ae5 01        13180 	.data.b	1
00003ae6 00        13181 	.data.b	0
00003ae7 01        13182 	.data.b	1
                   13183 
                   13184 	.section	.debug_frame
                   13185 .LDW_4c11318:
000007b0 00000000* 13186 	.data.w	.LDW_unq_9c-.LDW_unq_9b
                   13187 .LDW_unq_9b:
000007b4 00000000* 13188 	.data.w	.LDW_4a14d18
000007b8 00000000* 13189 	.data.w	Hmg_RsaPkcs1OaepEncryptUpdate
000007bc 00000004  13190 	.data.w	__ghs_eofn_Hmg_RsaPkcs1OaepEncryptUpdate-Hmg_RsaPkcs1OaepEncryptUpdate
000007c0 01        13191 	.data.b	1
000007c1 00000000* 13192 	.data.w	.LDW361
000007c5 00        13193 	.data.b	0
000007c6 00        13194 	.data.b	0
000007c7 00        13195 	.data.b	0
                   13196 .LDW_unq_9c:
                   13197 	.section	.debug_line
00000706 020500    13198 	.data.b	0,5,2
00000709 00000000* 13199 	.data.w	Hmg_RsaPkcs1OaepEncryptUpdate
0000070d 06        13200 	.data.b	6
0000070e 03        13201 	.data.b	3
0000070f 05a5      13202 	.data.b	165,5
00000711 02        13203 	.data.b	2
00000712 00        13204 	.data.b	0
00000713 01        13205 	.data.b	1
00000714 06        13206 	.data.b	6
00000715 02        13207 	.data.b	2
00000716 02        13208 	.data.b	2
00000717 02        13209 	.data.b	2
00000718 02        13210 	.data.b	2
00000719 010100    13211 	.data.b	0,1,1
                   13212 	.section	.debug_info
                   13213 .LDW_4a09578:
00003ae8 11        13214 	.data.b	17
00003ae9 5f617372  13215 	.data.b	114,115,97,95,99,116,120,0
00003aed 00787463 
00003af1 05a3      13216 	.data.b	163,5
00003af3 1c        13217 	.data.b	28
00003af4 01        13218 	.data.b	1
00003af5 00000000* 13219 	.data.w	.LDW_49eb268
00003af9 00        13220 	.data.b	0
00003afa 5001      13221 	.data.b	1,80
                   13222 
                   13223 .LDW_4a12698:
00003afc 1f        13224 	.data.b	31
00003afd 00000000* 13225 	.data.w	.LDW261
00003b01 00000000* 13226 	.data.w	.LDW361
                   13227 

                                                                      Page 233
                                                              C:\Windows\TEMP\gh_000098c3.si
00003b05 00        13228 	.data.b	0
                   13229 
00003b06 00        13230 	.data.b	0
                   13231 
                   13232 .LDW_49ecd60:
00003b07 16        13233 	.data.b	22
00003b08 5f676d48  13234 	.data.b	72,109,103,95,82,115,97,80,107,99,115,49,79,97,101,112,69,110,99,114,121,112,116,70,105,110,105,115,104,0
00003b0c 50617352 
00003b10 3173636b 
00003b14 7065614f 
00003b18 72636e45 
00003b1c 46747079 
00003b20 73696e69 
00003b24 0068 
00003b26 05a8      13235 	.data.b	168,5
00003b28 09        13236 	.data.b	9
00003b29 01        13237 	.data.b	1
00003b2a 00000000* 13238 	.data.w	.LDW_4956928
00003b2e 00000000* 13239 	.data.w	Hmg_RsaPkcs1OaepEncryptFinish
00003b32 00000000* 13240 	.data.w	__ghs_eofn_Hmg_RsaPkcs1OaepEncryptFinish
00003b36 5d01      13241 	.data.b	1,93
00003b38 00        13242 	.data.b	0
00003b39 04        13243 	.data.b	4
00003b3a 00        13244 	.data.b	0
00003b3b 7c        13245 	.data.b	124
00003b3c 01        13246 	.data.b	1
00003b3d 00        13247 	.data.b	0
00003b3e 00        13248 	.data.b	0
00003b3f 01        13249 	.data.b	1
00003b40 01        13250 	.data.b	1
00003b41 00        13251 	.data.b	0
00003b42 01        13252 	.data.b	1
                   13253 
                   13254 	.section	.debug_frame
                   13255 .LDW_4c11c58:
000007c8 00000000* 13256 	.data.w	.LDW_unq_9e-.LDW_unq_9d
                   13257 .LDW_unq_9d:
000007cc 00000000* 13258 	.data.w	.LDW_4a14d18
000007d0 00000000* 13259 	.data.w	Hmg_RsaPkcs1OaepEncryptFinish
000007d4 00000004  13260 	.data.w	__ghs_eofn_Hmg_RsaPkcs1OaepEncryptFinish-Hmg_RsaPkcs1OaepEncryptFinish
000007d8 01        13261 	.data.b	1
000007d9 00000000* 13262 	.data.w	.LDW561
000007dd 00        13263 	.data.b	0
000007de 00        13264 	.data.b	0
000007df 00        13265 	.data.b	0
                   13266 .LDW_unq_9e:
                   13267 	.section	.debug_line
0000071c 020500    13268 	.data.b	0,5,2
0000071f 00000000* 13269 	.data.w	Hmg_RsaPkcs1OaepEncryptFinish
00000723 06        13270 	.data.b	6
00000724 03        13271 	.data.b	3
00000725 05ac      13272 	.data.b	172,5
00000727 02        13273 	.data.b	2
00000728 00        13274 	.data.b	0
00000729 01        13275 	.data.b	1
0000072a 06        13276 	.data.b	6
0000072b 02        13277 	.data.b	2
0000072c 02        13278 	.data.b	2
0000072d 02        13279 	.data.b	2
0000072e 02        13280 	.data.b	2
0000072f 010100    13281 	.data.b	0,1,1

                                                                      Page 234
                                                              C:\Windows\TEMP\gh_000098c3.si
                   13282 	.section	.debug_info
                   13283 .LDW_4a09c00:
00003b43 11        13284 	.data.b	17
00003b44 5f617372  13285 	.data.b	114,115,97,95,99,116,120,0
00003b48 00787463 
00003b4c 05a9      13286 	.data.b	169,5
00003b4e 1c        13287 	.data.b	28
00003b4f 01        13288 	.data.b	1
00003b50 00000000* 13289 	.data.w	.LDW_49eb268
00003b54 00        13290 	.data.b	0
00003b55 5001      13291 	.data.b	1,80
                   13292 
                   13293 .LDW_4a09310:
00003b57 11        13294 	.data.b	17
00003b58 68706963  13295 	.data.b	99,105,112,104,101,114,0
00003b5c 007265 
00003b5f 05aa      13296 	.data.b	170,5
00003b61 11        13297 	.data.b	17
00003b62 01        13298 	.data.b	1
00003b63 00000000* 13299 	.data.w	.LDW_3732d60
00003b67 00        13300 	.data.b	0
00003b68 5101      13301 	.data.b	1,81
                   13302 
                   13303 .LDW_4a127b8:
00003b6a 1f        13304 	.data.b	31
00003b6b 00000000* 13305 	.data.w	.LDW461
00003b6f 00000000* 13306 	.data.w	.LDW561
                   13307 
00003b73 00        13308 	.data.b	0
                   13309 
00003b74 00        13310 	.data.b	0
                   13311 
                   13312 .LDW_49ed6e0:
00003b75 16        13313 	.data.b	22
00003b76 5f676d48  13314 	.data.b	72,109,103,95,82,115,97,80,107,99,115,49,79,97,101,112,69,110,99,114,121,112,116,0
00003b7a 50617352 
00003b7e 3173636b 
00003b82 7065614f 
00003b86 72636e45 
00003b8a 00747079 
00003b8e 05af      13315 	.data.b	175,5
00003b90 09        13316 	.data.b	9
00003b91 01        13317 	.data.b	1
00003b92 00000000* 13318 	.data.w	.LDW_4956928
00003b96 00000000* 13319 	.data.w	Hmg_RsaPkcs1OaepEncrypt
00003b9a 00000000* 13320 	.data.w	__ghs_eofn_Hmg_RsaPkcs1OaepEncrypt
00003b9e 5d01      13321 	.data.b	1,93
00003ba0 00        13322 	.data.b	0
00003ba1 04        13323 	.data.b	4
00003ba2 00        13324 	.data.b	0
00003ba3 7c        13325 	.data.b	124
00003ba4 01        13326 	.data.b	1
00003ba5 00        13327 	.data.b	0
00003ba6 00        13328 	.data.b	0
00003ba7 01        13329 	.data.b	1
00003ba8 01        13330 	.data.b	1
00003ba9 00        13331 	.data.b	0
00003baa 01        13332 	.data.b	1
                   13333 
                   13334 	.section	.debug_frame
                   13335 .LDW_4c37810:

                                                                      Page 235
                                                              C:\Windows\TEMP\gh_000098c3.si
000007e0 00000000* 13336 	.data.w	.LDW_unq_a0-.LDW_unq_9f
                   13337 .LDW_unq_9f:
000007e4 00000000* 13338 	.data.w	.LDW_4a14d18
000007e8 00000000* 13339 	.data.w	Hmg_RsaPkcs1OaepEncrypt
000007ec 00000004  13340 	.data.w	__ghs_eofn_Hmg_RsaPkcs1OaepEncrypt-Hmg_RsaPkcs1OaepEncrypt
000007f0 01        13341 	.data.b	1
000007f1 00000000* 13342 	.data.w	.LDW761
000007f5 00        13343 	.data.b	0
000007f6 00        13344 	.data.b	0
000007f7 00        13345 	.data.b	0
                   13346 .LDW_unq_a0:
                   13347 	.section	.debug_line
00000732 020500    13348 	.data.b	0,5,2
00000735 00000000* 13349 	.data.w	Hmg_RsaPkcs1OaepEncrypt
00000739 06        13350 	.data.b	6
0000073a 03        13351 	.data.b	3
0000073b 05b6      13352 	.data.b	182,5
0000073d 02        13353 	.data.b	2
0000073e 00        13354 	.data.b	0
0000073f 01        13355 	.data.b	1
00000740 06        13356 	.data.b	6
00000741 02        13357 	.data.b	2
00000742 02        13358 	.data.b	2
00000743 02        13359 	.data.b	2
00000744 02        13360 	.data.b	2
00000745 010100    13361 	.data.b	0,1,1
                   13362 	.section	.debug_info
                   13363 .LDW_4a094c8:
00003bab 11        13364 	.data.b	17
00003bac 68706963  13365 	.data.b	99,105,112,104,101,114,0
00003bb0 007265 
00003bb3 05b0      13366 	.data.b	176,5
00003bb5 10        13367 	.data.b	16
00003bb6 01        13368 	.data.b	1
00003bb7 00000000* 13369 	.data.w	.LDW_3732d60
00003bbb 00        13370 	.data.b	0
00003bbc 5001      13371 	.data.b	1,80
                   13372 
                   13373 .LDW_4a093c0:
00003bbe 11        13374 	.data.b	17
00003bbf 0067736d  13375 	.data.b	109,115,103,0
00003bc3 05b1      13376 	.data.b	177,5
00003bc5 11        13377 	.data.b	17
00003bc6 01        13378 	.data.b	1
00003bc7 00000000* 13379 	.data.w	.LDW_3732c10
00003bcb 00        13380 	.data.b	0
00003bcc 5101      13381 	.data.b	1,81
                   13382 
                   13383 .LDW_4a097e0:
00003bce 11        13384 	.data.b	17
00003bcf 6e654c6d  13385 	.data.b	109,76,101,110,0
00003bd3 00 
00003bd4 05b2      13386 	.data.b	178,5
00003bd6 10        13387 	.data.b	16
00003bd7 01        13388 	.data.b	1
00003bd8 00000000* 13389 	.data.w	.LDW_49c9cf8
00003bdc 00        13390 	.data.b	0
00003bdd 5201      13391 	.data.b	1,82
                   13392 
                   13393 .LDW_4a09940:
00003bdf 11        13394 	.data.b	17

                                                                      Page 236
                                                              C:\Windows\TEMP\gh_000098c3.si
00003be0 7065616f  13395 	.data.b	111,97,101,112,67,116,120,0
00003be4 00787443 
00003be8 05b3      13396 	.data.b	179,5
00003bea 1a        13397 	.data.b	26
00003beb 01        13398 	.data.b	1
00003bec 00000000* 13399 	.data.w	.LDW_4a08aa8
00003bf0 00        13400 	.data.b	0
00003bf1 5301      13401 	.data.b	1,83
                   13402 
                   13403 .LDW_4a09788:
00003bf3 11        13404 	.data.b	17
00003bf4 6c627570  13405 	.data.b	112,117,98,108,105,99,107,101,121,0
00003bf8 656b6369 
00003bfc 0079 
00003bfe 05b4      13406 	.data.b	180,5
00003c00 1a        13407 	.data.b	26
00003c01 01        13408 	.data.b	1
00003c02 00000000* 13409 	.data.w	.LDW_49eb3b8
00003c06 00        13410 	.data.b	0
00003c07 7d02      13411 	.data.b	2,125
00003c09 00        13412 	.data.b	0
                   13413 
                   13414 .LDW_4a12308:
00003c0a 1f        13415 	.data.b	31
00003c0b 00000000* 13416 	.data.w	.LDW661
00003c0f 00000000* 13417 	.data.w	.LDW761
                   13418 
00003c13 00        13419 	.data.b	0
                   13420 
00003c14 00        13421 	.data.b	0
                   13422 
                   13423 .LDW_49ed778:
00003c15 16        13424 	.data.b	22
00003c16 5f676d48  13425 	.data.b	72,109,103,95,82,115,97,80,107,99,115,49,79,97,101,112,68,101,99,114,121,112,116,83,116,97,114,116,0
00003c1a 50617352 
00003c1e 3173636b 
00003c22 7065614f 
00003c26 72636544 
00003c2a 53747079 
00003c2e 74726174 
00003c32 00 
00003c33 05b9      13426 	.data.b	185,5
00003c35 09        13427 	.data.b	9
00003c36 01        13428 	.data.b	1
00003c37 00000000* 13429 	.data.w	.LDW_4956928
00003c3b 00000000* 13430 	.data.w	Hmg_RsaPkcs1OaepDecryptStart
00003c3f 00000000* 13431 	.data.w	__ghs_eofn_Hmg_RsaPkcs1OaepDecryptStart
00003c43 5d01      13432 	.data.b	1,93
00003c45 00        13433 	.data.b	0
00003c46 04        13434 	.data.b	4
00003c47 00        13435 	.data.b	0
00003c48 7c        13436 	.data.b	124
00003c49 01        13437 	.data.b	1
00003c4a 00        13438 	.data.b	0
00003c4b 00        13439 	.data.b	0
00003c4c 01        13440 	.data.b	1
00003c4d 01        13441 	.data.b	1
00003c4e 00        13442 	.data.b	0
00003c4f 01        13443 	.data.b	1
                   13444 
                   13445 	.section	.debug_frame

                                                                      Page 237
                                                              C:\Windows\TEMP\gh_000098c3.si
                   13446 .LDW_4c37610:
000007f8 00000000* 13447 	.data.w	.LDW_unq_a2-.LDW_unq_a1
                   13448 .LDW_unq_a1:
000007fc 00000000* 13449 	.data.w	.LDW_4a14d18
00000800 00000000* 13450 	.data.w	Hmg_RsaPkcs1OaepDecryptStart
00000804 00000004  13451 	.data.w	__ghs_eofn_Hmg_RsaPkcs1OaepDecryptStart-Hmg_RsaPkcs1OaepDecryptStart
00000808 01        13452 	.data.b	1
00000809 00000000* 13453 	.data.w	.LDW961
0000080d 00        13454 	.data.b	0
0000080e 00        13455 	.data.b	0
0000080f 00        13456 	.data.b	0
                   13457 .LDW_unq_a2:
                   13458 	.section	.debug_line
00000748 020500    13459 	.data.b	0,5,2
0000074b 00000000* 13460 	.data.w	Hmg_RsaPkcs1OaepDecryptStart
0000074f 06        13461 	.data.b	6
00000750 03        13462 	.data.b	3
00000751 05be      13463 	.data.b	190,5
00000753 02        13464 	.data.b	2
00000754 00        13465 	.data.b	0
00000755 01        13466 	.data.b	1
00000756 06        13467 	.data.b	6
00000757 02        13468 	.data.b	2
00000758 02        13469 	.data.b	2
00000759 02        13470 	.data.b	2
0000075a 02        13471 	.data.b	2
0000075b 010100    13472 	.data.b	0,1,1
                   13473 	.section	.debug_info
                   13474 .LDW_4a092b8:
00003c50 11        13475 	.data.b	17
00003c51 5f617372  13476 	.data.b	114,115,97,95,99,116,120,0
00003c55 00787463 
00003c59 05ba      13477 	.data.b	186,5
00003c5b 1c        13478 	.data.b	28
00003c5c 01        13479 	.data.b	1
00003c5d 00000000* 13480 	.data.w	.LDW_49eb268
00003c61 00        13481 	.data.b	0
00003c62 5001      13482 	.data.b	1,80
                   13483 
                   13484 .LDW_4a09520:
00003c64 11        13485 	.data.b	17
00003c65 68706963  13486 	.data.b	99,105,112,104,101,114,0
00003c69 007265 
00003c6c 05bb      13487 	.data.b	187,5
00003c6e 11        13488 	.data.b	17
00003c6f 01        13489 	.data.b	1
00003c70 00000000* 13490 	.data.w	.LDW_3732c10
00003c74 00        13491 	.data.b	0
00003c75 5101      13492 	.data.b	1,81
                   13493 
                   13494 .LDW_4a09aa0:
00003c77 11        13495 	.data.b	17
00003c78 76697270  13496 	.data.b	112,114,105,118,97,116,101,107,101,121,0
00003c7c 6b657461 
00003c80 007965 
00003c83 05bc      13497 	.data.b	188,5
00003c85 1b        13498 	.data.b	27
00003c86 01        13499 	.data.b	1
00003c87 00000000* 13500 	.data.w	.LDW_49eb230
00003c8b 00        13501 	.data.b	0
00003c8c 5201      13502 	.data.b	1,82

                                                                      Page 238
                                                              C:\Windows\TEMP\gh_000098c3.si
                   13503 
                   13504 .LDW_4a12458:
00003c8e 1f        13505 	.data.b	31
00003c8f 00000000* 13506 	.data.w	.LDW861
00003c93 00000000* 13507 	.data.w	.LDW961
                   13508 
00003c97 00        13509 	.data.b	0
                   13510 
00003c98 00        13511 	.data.b	0
                   13512 
                   13513 .LDW_49ed350:
00003c99 16        13514 	.data.b	22
00003c9a 5f676d48  13515 	.data.b	72,109,103,95,82,115,97,80,107,99,115,49,79,97,101,112,68,101,99,114,121,112,116,85,112,100,97,116,101,0
00003c9e 50617352 
00003ca2 3173636b 
00003ca6 7065614f 
00003caa 72636544 
00003cae 55747079 
00003cb2 74616470 
00003cb6 0065 
00003cb8 05c1      13516 	.data.b	193,5
00003cba 09        13517 	.data.b	9
00003cbb 01        13518 	.data.b	1
00003cbc 00000000* 13519 	.data.w	.LDW_4956928
00003cc0 00000000* 13520 	.data.w	Hmg_RsaPkcs1OaepDecryptUpdate
00003cc4 00000000* 13521 	.data.w	__ghs_eofn_Hmg_RsaPkcs1OaepDecryptUpdate
00003cc8 5d01      13522 	.data.b	1,93
00003cca 00        13523 	.data.b	0
00003ccb 04        13524 	.data.b	4
00003ccc 00        13525 	.data.b	0
00003ccd 7c        13526 	.data.b	124
00003cce 01        13527 	.data.b	1
00003ccf 00        13528 	.data.b	0
00003cd0 00        13529 	.data.b	0
00003cd1 01        13530 	.data.b	1
00003cd2 01        13531 	.data.b	1
00003cd3 00        13532 	.data.b	0
00003cd4 01        13533 	.data.b	1
                   13534 
                   13535 	.section	.debug_frame
                   13536 .LDW_4c37ad0:
00000810 00000000* 13537 	.data.w	.LDW_unq_a4-.LDW_unq_a3
                   13538 .LDW_unq_a3:
00000814 00000000* 13539 	.data.w	.LDW_4a14d18
00000818 00000000* 13540 	.data.w	Hmg_RsaPkcs1OaepDecryptUpdate
0000081c 00000004  13541 	.data.w	__ghs_eofn_Hmg_RsaPkcs1OaepDecryptUpdate-Hmg_RsaPkcs1OaepDecryptUpdate
00000820 01        13542 	.data.b	1
00000821 00000000* 13543 	.data.w	.LDW171
00000825 00        13544 	.data.b	0
00000826 00        13545 	.data.b	0
00000827 00        13546 	.data.b	0
                   13547 .LDW_unq_a4:
                   13548 	.section	.debug_line
0000075e 020500    13549 	.data.b	0,5,2
00000761 00000000* 13550 	.data.w	Hmg_RsaPkcs1OaepDecryptUpdate
00000765 06        13551 	.data.b	6
00000766 03        13552 	.data.b	3
00000767 05c4      13553 	.data.b	196,5
00000769 02        13554 	.data.b	2
0000076a 00        13555 	.data.b	0
0000076b 01        13556 	.data.b	1

                                                                      Page 239
                                                              C:\Windows\TEMP\gh_000098c3.si
0000076c 06        13557 	.data.b	6
0000076d 02        13558 	.data.b	2
0000076e 02        13559 	.data.b	2
0000076f 02        13560 	.data.b	2
00000770 02        13561 	.data.b	2
00000771 010100    13562 	.data.b	0,1,1
                   13563 	.section	.debug_info
                   13564 .LDW_4a09368:
00003cd5 11        13565 	.data.b	17
00003cd6 5f617372  13566 	.data.b	114,115,97,95,99,116,120,0
00003cda 00787463 
00003cde 05c2      13567 	.data.b	194,5
00003ce0 1c        13568 	.data.b	28
00003ce1 01        13569 	.data.b	1
00003ce2 00000000* 13570 	.data.w	.LDW_49eb268
00003ce6 00        13571 	.data.b	0
00003ce7 5001      13572 	.data.b	1,80
                   13573 
                   13574 .LDW_4a12218:
00003ce9 1f        13575 	.data.b	31
00003cea 00000000* 13576 	.data.w	.LDW071
00003cee 00000000* 13577 	.data.w	.LDW171
                   13578 
00003cf2 00        13579 	.data.b	0
                   13580 
00003cf3 00        13581 	.data.b	0
                   13582 
                   13583 .LDW_49ed058:
00003cf4 16        13584 	.data.b	22
00003cf5 5f676d48  13585 	.data.b	72,109,103,95,82,115,97,80,107,99,115,49,79,97,101,112,68,101,99,114,121,112,116,70,105,110,105,115,104,0
00003cf9 50617352 
00003cfd 3173636b 
00003d01 7065614f 
00003d05 72636544 
00003d09 46747079 
00003d0d 73696e69 
00003d11 0068 
00003d13 05c7      13586 	.data.b	199,5
00003d15 09        13587 	.data.b	9
00003d16 01        13588 	.data.b	1
00003d17 00000000* 13589 	.data.w	.LDW_4956928
00003d1b 00000000* 13590 	.data.w	Hmg_RsaPkcs1OaepDecryptFinish
00003d1f 00000000* 13591 	.data.w	__ghs_eofn_Hmg_RsaPkcs1OaepDecryptFinish
00003d23 5d01      13592 	.data.b	1,93
00003d25 00        13593 	.data.b	0
00003d26 04        13594 	.data.b	4
00003d27 00        13595 	.data.b	0
00003d28 7c        13596 	.data.b	124
00003d29 01        13597 	.data.b	1
00003d2a 00        13598 	.data.b	0
00003d2b 00        13599 	.data.b	0
00003d2c 01        13600 	.data.b	1
00003d2d 01        13601 	.data.b	1
00003d2e 00        13602 	.data.b	0
00003d2f 01        13603 	.data.b	1
                   13604 
                   13605 	.section	.debug_frame
                   13606 .LDW_4c37d90:
00000828 00000000* 13607 	.data.w	.LDW_unq_a6-.LDW_unq_a5
                   13608 .LDW_unq_a5:
0000082c 00000000* 13609 	.data.w	.LDW_4a14d18

                                                                      Page 240
                                                              C:\Windows\TEMP\gh_000098c3.si
00000830 00000000* 13610 	.data.w	Hmg_RsaPkcs1OaepDecryptFinish
00000834 00000004  13611 	.data.w	__ghs_eofn_Hmg_RsaPkcs1OaepDecryptFinish-Hmg_RsaPkcs1OaepDecryptFinish
00000838 01        13612 	.data.b	1
00000839 00000000* 13613 	.data.w	.LDW371
0000083d 00        13614 	.data.b	0
0000083e 00        13615 	.data.b	0
0000083f 00        13616 	.data.b	0
                   13617 .LDW_unq_a6:
                   13618 	.section	.debug_line
00000774 020500    13619 	.data.b	0,5,2
00000777 00000000* 13620 	.data.w	Hmg_RsaPkcs1OaepDecryptFinish
0000077b 06        13621 	.data.b	6
0000077c 03        13622 	.data.b	3
0000077d 05cd      13623 	.data.b	205,5
0000077f 02        13624 	.data.b	2
00000780 00        13625 	.data.b	0
00000781 01        13626 	.data.b	1
00000782 06        13627 	.data.b	6
00000783 02        13628 	.data.b	2
00000784 02        13629 	.data.b	2
00000785 02        13630 	.data.b	2
00000786 02        13631 	.data.b	2
00000787 010100    13632 	.data.b	0,1,1
                   13633 	.section	.debug_info
                   13634 .LDW_4a09418:
00003d30 11        13635 	.data.b	17
00003d31 5f617372  13636 	.data.b	114,115,97,95,99,116,120,0
00003d35 00787463 
00003d39 05c8      13637 	.data.b	200,5
00003d3b 1c        13638 	.data.b	28
00003d3c 01        13639 	.data.b	1
00003d3d 00000000* 13640 	.data.w	.LDW_49eb268
00003d41 00        13641 	.data.b	0
00003d42 5001      13642 	.data.b	1,80
                   13643 
                   13644 .LDW_4a09730:
00003d44 11        13645 	.data.b	17
00003d45 0067736d  13646 	.data.b	109,115,103,0
00003d49 05c9      13647 	.data.b	201,5
00003d4b 11        13648 	.data.b	17
00003d4c 01        13649 	.data.b	1
00003d4d 00000000* 13650 	.data.w	.LDW_3732d60
00003d51 00        13651 	.data.b	0
00003d52 5101      13652 	.data.b	1,81
                   13653 
                   13654 .LDW_4a09838:
00003d54 11        13655 	.data.b	17
00003d55 6e654c6d  13656 	.data.b	109,76,101,110,0
00003d59 00 
00003d5a 05ca      13657 	.data.b	202,5
00003d5c 12        13658 	.data.b	18
00003d5d 01        13659 	.data.b	1
00003d5e 00000000* 13660 	.data.w	.LDW_3732f58
00003d62 00        13661 	.data.b	0
00003d63 5201      13662 	.data.b	1,82
                   13663 
                   13664 .LDW_4a09cb0:
00003d65 11        13665 	.data.b	17
00003d66 7065616f  13666 	.data.b	111,97,101,112,67,116,120,0
00003d6a 00787443 
00003d6e 05cb      13667 	.data.b	203,5

                                                                      Page 241
                                                              C:\Windows\TEMP\gh_000098c3.si
00003d70 1a        13668 	.data.b	26
00003d71 01        13669 	.data.b	1
00003d72 00000000* 13670 	.data.w	.LDW_4a08aa8
00003d76 00        13671 	.data.b	0
00003d77 5301      13672 	.data.b	1,83
                   13673 
                   13674 .LDW_4a124b8:
00003d79 1f        13675 	.data.b	31
00003d7a 00000000* 13676 	.data.w	.LDW271
00003d7e 00000000* 13677 	.data.w	.LDW371
                   13678 
00003d82 00        13679 	.data.b	0
                   13680 
00003d83 00        13681 	.data.b	0
                   13682 
                   13683 .LDW_49ed810:
00003d84 16        13684 	.data.b	22
00003d85 5f676d48  13685 	.data.b	72,109,103,95,82,115,97,80,107,99,115,49,79,97,101,112,68,101,99,114,121,112,116,0
00003d89 50617352 
00003d8d 3173636b 
00003d91 7065614f 
00003d95 72636544 
00003d99 00747079 
00003d9d 05d0      13686 	.data.b	208,5
00003d9f 09        13687 	.data.b	9
00003da0 01        13688 	.data.b	1
00003da1 00000000* 13689 	.data.w	.LDW_4956928
00003da5 00000000* 13690 	.data.w	Hmg_RsaPkcs1OaepDecrypt
00003da9 00000000* 13691 	.data.w	__ghs_eofn_Hmg_RsaPkcs1OaepDecrypt
00003dad 5d01      13692 	.data.b	1,93
00003daf 00        13693 	.data.b	0
00003db0 04        13694 	.data.b	4
00003db1 00        13695 	.data.b	0
00003db2 7c        13696 	.data.b	124
00003db3 01        13697 	.data.b	1
00003db4 00        13698 	.data.b	0
00003db5 00        13699 	.data.b	0
00003db6 01        13700 	.data.b	1
00003db7 01        13701 	.data.b	1
00003db8 00        13702 	.data.b	0
00003db9 01        13703 	.data.b	1
                   13704 
                   13705 	.section	.debug_frame
                   13706 .LDW_4c385d0:
00000840 00000000* 13707 	.data.w	.LDW_unq_a8-.LDW_unq_a7
                   13708 .LDW_unq_a7:
00000844 00000000* 13709 	.data.w	.LDW_4a14d18
00000848 00000000* 13710 	.data.w	Hmg_RsaPkcs1OaepDecrypt
0000084c 00000004  13711 	.data.w	__ghs_eofn_Hmg_RsaPkcs1OaepDecrypt-Hmg_RsaPkcs1OaepDecrypt
00000850 01        13712 	.data.b	1
00000851 00000000* 13713 	.data.w	.LDW571
00000855 00        13714 	.data.b	0
00000856 00        13715 	.data.b	0
00000857 00        13716 	.data.b	0
                   13717 .LDW_unq_a8:
                   13718 	.section	.debug_line
0000078a 020500    13719 	.data.b	0,5,2
0000078d 00000000* 13720 	.data.w	Hmg_RsaPkcs1OaepDecrypt
00000791 06        13721 	.data.b	6
00000792 03        13722 	.data.b	3
00000793 05d7      13723 	.data.b	215,5

                                                                      Page 242
                                                              C:\Windows\TEMP\gh_000098c3.si
00000795 02        13724 	.data.b	2
00000796 00        13725 	.data.b	0
00000797 01        13726 	.data.b	1
00000798 06        13727 	.data.b	6
00000799 02        13728 	.data.b	2
0000079a 02        13729 	.data.b	2
0000079b 02        13730 	.data.b	2
0000079c 02        13731 	.data.b	2
0000079d 010100    13732 	.data.b	0,1,1
                   13733 	.section	.debug_info
                   13734 .LDW_4a09890:
00003dba 11        13735 	.data.b	17
00003dbb 0067736d  13736 	.data.b	109,115,103,0
00003dbf 05d1      13737 	.data.b	209,5
00003dc1 11        13738 	.data.b	17
00003dc2 01        13739 	.data.b	1
00003dc3 00000000* 13740 	.data.w	.LDW_3732d60
00003dc7 00        13741 	.data.b	0
00003dc8 5001      13742 	.data.b	1,80
                   13743 
                   13744 .LDW_4a098e8:
00003dca 11        13745 	.data.b	17
00003dcb 6e654c6d  13746 	.data.b	109,76,101,110,0
00003dcf 00 
00003dd0 05d2      13747 	.data.b	210,5
00003dd2 12        13748 	.data.b	18
00003dd3 01        13749 	.data.b	1
00003dd4 00000000* 13750 	.data.w	.LDW_3732f58
00003dd8 00        13751 	.data.b	0
00003dd9 5101      13752 	.data.b	1,81
                   13753 
                   13754 .LDW_4a09998:
00003ddb 11        13755 	.data.b	17
00003ddc 68706963  13756 	.data.b	99,105,112,104,101,114,0
00003de0 007265 
00003de3 05d3      13757 	.data.b	211,5
00003de5 10        13758 	.data.b	16
00003de6 01        13759 	.data.b	1
00003de7 00000000* 13760 	.data.w	.LDW_3732c10
00003deb 00        13761 	.data.b	0
00003dec 5201      13762 	.data.b	1,82
                   13763 
                   13764 .LDW_4a099f0:
00003dee 11        13765 	.data.b	17
00003def 7065616f  13766 	.data.b	111,97,101,112,67,116,120,0
00003df3 00787443 
00003df7 05d4      13767 	.data.b	212,5
00003df9 1a        13768 	.data.b	26
00003dfa 01        13769 	.data.b	1
00003dfb 00000000* 13770 	.data.w	.LDW_4a08aa8
00003dff 00        13771 	.data.b	0
00003e00 5301      13772 	.data.b	1,83
                   13773 
                   13774 .LDW_4a09a48:
00003e02 11        13775 	.data.b	17
00003e03 76697270  13776 	.data.b	112,114,105,118,97,116,101,107,101,121,0
00003e07 6b657461 
00003e0b 007965 
00003e0e 05d5      13777 	.data.b	213,5
00003e10 1b        13778 	.data.b	27
00003e11 01        13779 	.data.b	1

                                                                      Page 243
                                                              C:\Windows\TEMP\gh_000098c3.si
00003e12 00000000* 13780 	.data.w	.LDW_49eb230
00003e16 00        13781 	.data.b	0
00003e17 7d02      13782 	.data.b	2,125
00003e19 00        13783 	.data.b	0
                   13784 
                   13785 .LDW_4a12728:
00003e1a 1f        13786 	.data.b	31
00003e1b 00000000* 13787 	.data.w	.LDW471
00003e1f 00000000* 13788 	.data.w	.LDW571
                   13789 
00003e23 00        13790 	.data.b	0
                   13791 
00003e24 00        13792 	.data.b	0
                   13793 
                   13794 .LDW_49ed8a8:
00003e25 16        13795 	.data.b	22
00003e26 5f676d48  13796 	.data.b	72,109,103,95,68,105,102,102,105,101,72,101,108,108,109,97,110,75,101,121,112,97,105,114,71,101,110,0
00003e2a 66666944 
00003e2e 65486569 
00003e32 616d6c6c 
00003e36 79654b6e 
00003e3a 72696170 
00003e3e 006e6547 
00003e42 05db      13797 	.data.b	219,5
00003e44 09        13798 	.data.b	9
00003e45 01        13799 	.data.b	1
00003e46 00000000* 13800 	.data.w	.LDW_4956928
00003e4a 00000000* 13801 	.data.w	Hmg_DiffieHellmanKeypairGen
00003e4e 00000000* 13802 	.data.w	__ghs_eofn_Hmg_DiffieHellmanKeypairGen
00003e52 5d01      13803 	.data.b	1,93
00003e54 00        13804 	.data.b	0
00003e55 04        13805 	.data.b	4
00003e56 00        13806 	.data.b	0
00003e57 7c        13807 	.data.b	124
00003e58 01        13808 	.data.b	1
00003e59 00        13809 	.data.b	0
00003e5a 00        13810 	.data.b	0
00003e5b 01        13811 	.data.b	1
00003e5c 01        13812 	.data.b	1
00003e5d 00        13813 	.data.b	0
00003e5e 01        13814 	.data.b	1
                   13815 
                   13816 	.section	.debug_frame
                   13817 .LDW_4c38c90:
00000858 00000000* 13818 	.data.w	.LDW_unq_aa-.LDW_unq_a9
                   13819 .LDW_unq_a9:
0000085c 00000000* 13820 	.data.w	.LDW_4a14d18
00000860 00000000* 13821 	.data.w	Hmg_DiffieHellmanKeypairGen
00000864 00000004  13822 	.data.w	__ghs_eofn_Hmg_DiffieHellmanKeypairGen-Hmg_DiffieHellmanKeypairGen
00000868 01        13823 	.data.b	1
00000869 00000000* 13824 	.data.w	.LDW771
0000086d 00        13825 	.data.b	0
0000086e 00        13826 	.data.b	0
0000086f 00        13827 	.data.b	0
                   13828 .LDW_unq_aa:
                   13829 	.section	.debug_line
000007a0 020500    13830 	.data.b	0,5,2
000007a3 00000000* 13831 	.data.w	Hmg_DiffieHellmanKeypairGen
000007a7 06        13832 	.data.b	6
000007a8 03        13833 	.data.b	3
000007a9 05e2      13834 	.data.b	226,5

                                                                      Page 244
                                                              C:\Windows\TEMP\gh_000098c3.si
000007ab 02        13835 	.data.b	2
000007ac 00        13836 	.data.b	0
000007ad 01        13837 	.data.b	1
000007ae 06        13838 	.data.b	6
000007af 02        13839 	.data.b	2
000007b0 02        13840 	.data.b	2
000007b1 02        13841 	.data.b	2
000007b2 02        13842 	.data.b	2
000007b3 010100    13843 	.data.b	0,1,1
                   13844 	.section	.debug_info
                   13845 .LDW_4a09c58:
00003e5f 11        13846 	.data.b	17
00003e60 676e7270  13847 	.data.b	112,114,110,103,67,116,120,0
00003e64 00787443 
00003e68 05dc      13848 	.data.b	220,5
00003e6a 19        13849 	.data.b	25
00003e6b 01        13850 	.data.b	1
00003e6c 00000000* 13851 	.data.w	.LDW_4a08b50
00003e70 00        13852 	.data.b	0
00003e71 5001      13853 	.data.b	1,80
                   13854 
                   13855 .LDW_4a09208:
00003e73 11        13856 	.data.b	17
00003e74 6c627570  13857 	.data.b	112,117,98,108,105,99,86,97,108,117,101,0
00003e78 61566369 
00003e7c 0065756c 
00003e80 05dd      13858 	.data.b	221,5
00003e82 10        13859 	.data.b	16
00003e83 01        13860 	.data.b	1
00003e84 00000000* 13861 	.data.w	.LDW_3732d60
00003e88 00        13862 	.data.b	0
00003e89 5101      13863 	.data.b	1,81
                   13864 
                   13865 .LDW_4a0a180:
00003e8b 11        13866 	.data.b	17
00003e8c 76697270  13867 	.data.b	112,114,105,118,97,116,101,86,97,108,117,101,0
00003e90 56657461 
00003e94 65756c61 
00003e98 00 
00003e99 05de      13868 	.data.b	222,5
00003e9b 12        13869 	.data.b	18
00003e9c 01        13870 	.data.b	1
00003e9d 00000000* 13871 	.data.w	.LDW_3732d60
00003ea1 00        13872 	.data.b	0
00003ea2 5201      13873 	.data.b	1,82
                   13874 
                   13875 .LDW_4a09d60:
00003ea4 11        13876 	.data.b	17
00003ea5 65736162  13877 	.data.b	98,97,115,101,71,0
00003ea9 0047 
00003eab 05df      13878 	.data.b	223,5
00003ead 10        13879 	.data.b	16
00003eae 01        13880 	.data.b	1
00003eaf 00000000* 13881 	.data.w	.LDW_3732c10
00003eb3 00        13882 	.data.b	0
00003eb4 5301      13883 	.data.b	1,83
                   13884 
                   13885 .LDW_4a09e10:
00003eb6 11        13886 	.data.b	17
00003eb7 6d697270  13887 	.data.b	112,114,105,109,101,80,0
00003ebb 005065 

                                                                      Page 245
                                                              C:\Windows\TEMP\gh_000098c3.si
00003ebe 05e0      13888 	.data.b	224,5
00003ec0 10        13889 	.data.b	16
00003ec1 01        13890 	.data.b	1
00003ec2 00000000* 13891 	.data.w	.LDW_3732c10
00003ec6 00        13892 	.data.b	0
00003ec7 7d02      13893 	.data.b	2,125
00003ec9 00        13894 	.data.b	0
                   13895 
                   13896 .LDW_4a12c38:
00003eca 1f        13897 	.data.b	31
00003ecb 00000000* 13898 	.data.w	.LDW671
00003ecf 00000000* 13899 	.data.w	.LDW771
                   13900 
00003ed3 00        13901 	.data.b	0
                   13902 
00003ed4 00        13903 	.data.b	0
                   13904 
                   13905 .LDW_49ed188:
00003ed5 16        13906 	.data.b	22
00003ed6 5f676d48  13907 	.data.b	72,109,103,95,68,105,102,102,105,101,72,101,108,108,109,97,110,83,104,97,114,101,100,118,97,108,117,101,71,101,110,0
00003eda 66666944 
00003ede 65486569 
00003ee2 616d6c6c 
00003ee6 6168536e 
00003eea 76646572 
00003eee 65756c61 
00003ef2 006e6547 
00003ef6 05e5      13908 	.data.b	229,5
00003ef8 09        13909 	.data.b	9
00003ef9 01        13910 	.data.b	1
00003efa 00000000* 13911 	.data.w	.LDW_4956928
00003efe 00000000* 13912 	.data.w	Hmg_DiffieHellmanSharedvalueGen
00003f02 00000000* 13913 	.data.w	__ghs_eofn_Hmg_DiffieHellmanSharedvalueGen
00003f06 5d01      13914 	.data.b	1,93
00003f08 00        13915 	.data.b	0
00003f09 04        13916 	.data.b	4
00003f0a 00        13917 	.data.b	0
00003f0b 7c        13918 	.data.b	124
00003f0c 01        13919 	.data.b	1
00003f0d 00        13920 	.data.b	0
00003f0e 00        13921 	.data.b	0
00003f0f 01        13922 	.data.b	1
00003f10 01        13923 	.data.b	1
00003f11 00        13924 	.data.b	0
00003f12 01        13925 	.data.b	1
                   13926 
                   13927 	.section	.debug_frame
                   13928 .LDW_4c38e10:
00000870 00000000* 13929 	.data.w	.LDW_unq_ac-.LDW_unq_ab
                   13930 .LDW_unq_ab:
00000874 00000000* 13931 	.data.w	.LDW_4a14d18
00000878 00000000* 13932 	.data.w	Hmg_DiffieHellmanSharedvalueGen
0000087c 00000004  13933 	.data.w	__ghs_eofn_Hmg_DiffieHellmanSharedvalueGen-Hmg_DiffieHellmanSharedvalueGen
00000880 01        13934 	.data.b	1
00000881 00000000* 13935 	.data.w	.LDW971
00000885 00        13936 	.data.b	0
00000886 00        13937 	.data.b	0
00000887 00        13938 	.data.b	0
                   13939 .LDW_unq_ac:
                   13940 	.section	.debug_line
000007b6 020500    13941 	.data.b	0,5,2

                                                                      Page 246
                                                              C:\Windows\TEMP\gh_000098c3.si
000007b9 00000000* 13942 	.data.w	Hmg_DiffieHellmanSharedvalueGen
000007bd 06        13943 	.data.b	6
000007be 03        13944 	.data.b	3
000007bf 05eb      13945 	.data.b	235,5
000007c1 02        13946 	.data.b	2
000007c2 00        13947 	.data.b	0
000007c3 01        13948 	.data.b	1
000007c4 06        13949 	.data.b	6
000007c5 02        13950 	.data.b	2
000007c6 02        13951 	.data.b	2
000007c7 02        13952 	.data.b	2
000007c8 02        13953 	.data.b	2
000007c9 010100    13954 	.data.b	0,1,1
                   13955 	.section	.debug_info
                   13956 .LDW_4a0a020:
00003f13 11        13957 	.data.b	17
00003f14 72636573  13958 	.data.b	115,101,99,114,101,116,86,97,108,117,101,0
00003f18 61567465 
00003f1c 0065756c 
00003f20 05e6      13959 	.data.b	230,5
00003f22 10        13960 	.data.b	16
00003f23 01        13961 	.data.b	1
00003f24 00000000* 13962 	.data.w	.LDW_3732d60
00003f28 00        13963 	.data.b	0
00003f29 5001      13964 	.data.b	1,80
                   13965 
                   13966 .LDW_4a09f70:
00003f2b 11        13967 	.data.b	17
00003f2c 6c627570  13968 	.data.b	112,117,98,108,105,99,86,97,108,117,101,0
00003f30 61566369 
00003f34 0065756c 
00003f38 05e7      13969 	.data.b	231,5
00003f3a 10        13970 	.data.b	16
00003f3b 01        13971 	.data.b	1
00003f3c 00000000* 13972 	.data.w	.LDW_3732c10
00003f40 00        13973 	.data.b	0
00003f41 5101      13974 	.data.b	1,81
                   13975 
                   13976 .LDW_4a09db8:
00003f43 11        13977 	.data.b	17
00003f44 76697270  13978 	.data.b	112,114,105,118,97,116,101,86,97,108,117,101,0
00003f48 56657461 
00003f4c 65756c61 
00003f50 00 
00003f51 05e8      13979 	.data.b	232,5
00003f53 10        13980 	.data.b	16
00003f54 01        13981 	.data.b	1
00003f55 00000000* 13982 	.data.w	.LDW_3732c10
00003f59 00        13983 	.data.b	0
00003f5a 5201      13984 	.data.b	1,82
                   13985 
                   13986 .LDW_4a09d08:
00003f5c 11        13987 	.data.b	17
00003f5d 6d697270  13988 	.data.b	112,114,105,109,101,80,0
00003f61 005065 
00003f64 05e9      13989 	.data.b	233,5
00003f66 10        13990 	.data.b	16
00003f67 01        13991 	.data.b	1
00003f68 00000000* 13992 	.data.w	.LDW_3732c10
00003f6c 00        13993 	.data.b	0
00003f6d 5301      13994 	.data.b	1,83

                                                                      Page 247
                                                              C:\Windows\TEMP\gh_000098c3.si
                   13995 
                   13996 .LDW_4a12a88:
00003f6f 1f        13997 	.data.b	31
00003f70 00000000* 13998 	.data.w	.LDW871
00003f74 00000000* 13999 	.data.w	.LDW971
                   14000 
00003f78 00        14001 	.data.b	0
                   14002 
00003f79 00        14003 	.data.b	0
                   14004 
                   14005 .LDW_49ed0f0:
00003f7a 15        14006 	.data.b	21
00003f7b 5f676d48  14007 	.data.b	72,109,103,95,80,114,110,103,73,110,105,116,0
00003f7f 676e7250 
00003f83 74696e49 
00003f87 00 
00003f88 05f0      14008 	.data.b	240,5
00003f8a 06        14009 	.data.b	6
00003f8b 01        14010 	.data.b	1
00003f8c 00000000* 14011 	.data.w	Hmg_PrngInit
00003f90 00000000* 14012 	.data.w	__ghs_eofn_Hmg_PrngInit
00003f94 5d01      14013 	.data.b	1,93
00003f96 00        14014 	.data.b	0
00003f97 04        14015 	.data.b	4
00003f98 00        14016 	.data.b	0
00003f99 7c        14017 	.data.b	124
00003f9a 01        14018 	.data.b	1
00003f9b 00        14019 	.data.b	0
00003f9c 00        14020 	.data.b	0
00003f9d 01        14021 	.data.b	1
00003f9e 01        14022 	.data.b	1
00003f9f 00        14023 	.data.b	0
00003fa0 01        14024 	.data.b	1
                   14025 
                   14026 	.section	.debug_frame
                   14027 .LDW_4c38f90:
00000888 00000000* 14028 	.data.w	.LDW_unq_ae-.LDW_unq_ad
                   14029 .LDW_unq_ad:
0000088c 00000000* 14030 	.data.w	.LDW_4a14d18
00000890 00000000* 14031 	.data.w	Hmg_PrngInit
00000894 00000002  14032 	.data.w	__ghs_eofn_Hmg_PrngInit-Hmg_PrngInit
00000898 01        14033 	.data.b	1
00000899 00000000* 14034 	.data.w	.LDW181
0000089d 00        14035 	.data.b	0
0000089e 00        14036 	.data.b	0
0000089f 00        14037 	.data.b	0
                   14038 .LDW_unq_ae:
                   14039 	.section	.debug_line
000007cc 020500    14040 	.data.b	0,5,2
000007cf 00000000* 14041 	.data.w	Hmg_PrngInit
000007d3 06        14042 	.data.b	6
000007d4 03        14043 	.data.b	3
000007d5 05f3      14044 	.data.b	243,5
000007d7 02        14045 	.data.b	2
000007d8 00        14046 	.data.b	0
000007d9 01        14047 	.data.b	1
000007da 02        14048 	.data.b	2
000007db 02        14049 	.data.b	2
000007dc 010100    14050 	.data.b	0,1,1
                   14051 	.section	.debug_info
                   14052 .LDW_4a0a0d0:

                                                                      Page 248
                                                              C:\Windows\TEMP\gh_000098c3.si
00003fa1 11        14053 	.data.b	17
00003fa2 00637068  14054 	.data.b	104,112,99,0
00003fa6 05f1      14055 	.data.b	241,5
00003fa8 19        14056 	.data.b	25
00003fa9 01        14057 	.data.b	1
00003faa 00000000* 14058 	.data.w	.LDW_4a08b50
00003fae 00        14059 	.data.b	0
00003faf 5001      14060 	.data.b	1,80
                   14061 
                   14062 .LDW_4a12cf8:
00003fb1 1f        14063 	.data.b	31
00003fb2 00000000* 14064 	.data.w	.LDW081
00003fb6 00000000* 14065 	.data.w	.LDW181
                   14066 
00003fba 00        14067 	.data.b	0
                   14068 
00003fbb 00        14069 	.data.b	0
                   14070 
                   14071 .LDW_49ecf28:
00003fbc 15        14072 	.data.b	21
00003fbd 5f676d48  14073 	.data.b	72,109,103,95,80,114,110,103,82,101,115,101,101,100,0
00003fc1 676e7250 
00003fc5 65736552 
00003fc9 006465 
00003fcc 05f5      14074 	.data.b	245,5
00003fce 06        14075 	.data.b	6
00003fcf 01        14076 	.data.b	1
00003fd0 00000000* 14077 	.data.w	Hmg_PrngReseed
00003fd4 00000000* 14078 	.data.w	__ghs_eofn_Hmg_PrngReseed
00003fd8 5d01      14079 	.data.b	1,93
00003fda 00        14080 	.data.b	0
00003fdb 04        14081 	.data.b	4
00003fdc 00        14082 	.data.b	0
00003fdd 7c        14083 	.data.b	124
00003fde 01        14084 	.data.b	1
00003fdf 00        14085 	.data.b	0
00003fe0 00        14086 	.data.b	0
00003fe1 01        14087 	.data.b	1
00003fe2 01        14088 	.data.b	1
00003fe3 00        14089 	.data.b	0
00003fe4 01        14090 	.data.b	1
                   14091 
                   14092 	.section	.debug_frame
                   14093 .LDW_4c39050:
000008a0 00000000* 14094 	.data.w	.LDW_unq_b0-.LDW_unq_af
                   14095 .LDW_unq_af:
000008a4 00000000* 14096 	.data.w	.LDW_4a14d18
000008a8 00000000* 14097 	.data.w	Hmg_PrngReseed
000008ac 00000002  14098 	.data.w	__ghs_eofn_Hmg_PrngReseed-Hmg_PrngReseed
000008b0 01        14099 	.data.b	1
000008b1 00000000* 14100 	.data.w	.LDW381
000008b5 00        14101 	.data.b	0
000008b6 00        14102 	.data.b	0
000008b7 00        14103 	.data.b	0
                   14104 .LDW_unq_b0:
                   14105 	.section	.debug_line
000007df 020500    14106 	.data.b	0,5,2
000007e2 00000000* 14107 	.data.w	Hmg_PrngReseed
000007e6 06        14108 	.data.b	6
000007e7 03        14109 	.data.b	3
000007e8 05f9      14110 	.data.b	249,5

                                                                      Page 249
                                                              C:\Windows\TEMP\gh_000098c3.si
000007ea 02        14111 	.data.b	2
000007eb 00        14112 	.data.b	0
000007ec 01        14113 	.data.b	1
000007ed 02        14114 	.data.b	2
000007ee 02        14115 	.data.b	2
000007ef 010100    14116 	.data.b	0,1,1
                   14117 	.section	.debug_info
                   14118 .LDW_4a0a128:
00003fe5 11        14119 	.data.b	17
00003fe6 00637068  14120 	.data.b	104,112,99,0
00003fea 05f6      14121 	.data.b	246,5
00003fec 19        14122 	.data.b	25
00003fed 01        14123 	.data.b	1
00003fee 00000000* 14124 	.data.w	.LDW_4a08b50
00003ff2 00        14125 	.data.b	0
00003ff3 5001      14126 	.data.b	1,80
                   14127 
                   14128 .LDW_4a09fc8:
00003ff5 11        14129 	.data.b	17
00003ff6 72746e65  14130 	.data.b	101,110,116,114,111,112,121,0
00003ffa 0079706f 
00003ffe 05f7      14131 	.data.b	247,5
00004000 10        14132 	.data.b	16
00004001 01        14133 	.data.b	1
00004002 00000000* 14134 	.data.w	.LDW_3732c10
00004006 00        14135 	.data.b	0
00004007 5101      14136 	.data.b	1,81
                   14137 
                   14138 .LDW_4a12b78:
00004009 1f        14139 	.data.b	31
0000400a 00000000* 14140 	.data.w	.LDW281
0000400e 00000000* 14141 	.data.w	.LDW381
                   14142 
00004012 00        14143 	.data.b	0
                   14144 
00004013 00        14145 	.data.b	0
                   14146 
                   14147 .LDW_49ed3e8:
00004014 16        14148 	.data.b	22
00004015 5f676d48  14149 	.data.b	72,109,103,95,80,114,110,103,71,101,116,82,97,110,100,0
00004019 676e7250 
0000401d 52746547 
00004021 00646e61 
00004025 05fb      14150 	.data.b	251,5
00004027 09        14151 	.data.b	9
00004028 01        14152 	.data.b	1
00004029 00000000* 14153 	.data.w	.LDW_4956928
0000402d 00000000* 14154 	.data.w	Hmg_PrngGetRand
00004031 00000000* 14155 	.data.w	__ghs_eofn_Hmg_PrngGetRand
00004035 5d01      14156 	.data.b	1,93
00004037 00        14157 	.data.b	0
00004038 04        14158 	.data.b	4
00004039 00        14159 	.data.b	0
0000403a 7c        14160 	.data.b	124
0000403b 01        14161 	.data.b	1
0000403c 00        14162 	.data.b	0
0000403d 00        14163 	.data.b	0
0000403e 01        14164 	.data.b	1
0000403f 01        14165 	.data.b	1
00004040 00        14166 	.data.b	0
00004041 01        14167 	.data.b	1

                                                                      Page 250
                                                              C:\Windows\TEMP\gh_000098c3.si
                   14168 
                   14169 	.section	.debug_frame
                   14170 .LDW_4c39bd0:
000008b8 00000000* 14171 	.data.w	.LDW_unq_b2-.LDW_unq_b1
                   14172 .LDW_unq_b1:
000008bc 00000000* 14173 	.data.w	.LDW_4a14d18
000008c0 00000000* 14174 	.data.w	Hmg_PrngGetRand
000008c4 00000004  14175 	.data.w	__ghs_eofn_Hmg_PrngGetRand-Hmg_PrngGetRand
000008c8 01        14176 	.data.b	1
000008c9 00000000* 14177 	.data.w	.LDW581
000008cd 00        14178 	.data.b	0
000008ce 00        14179 	.data.b	0
000008cf 00        14180 	.data.b	0
                   14181 .LDW_unq_b2:
                   14182 	.section	.debug_line
000007f2 020500    14183 	.data.b	0,5,2
000007f5 00000000* 14184 	.data.w	Hmg_PrngGetRand
000007f9 06        14185 	.data.b	6
000007fa 03        14186 	.data.b	3
000007fb 0680      14187 	.data.b	128,6
000007fd 02        14188 	.data.b	2
000007fe 00        14189 	.data.b	0
000007ff 01        14190 	.data.b	1
00000800 06        14191 	.data.b	6
00000801 02        14192 	.data.b	2
00000802 02        14193 	.data.b	2
00000803 02        14194 	.data.b	2
00000804 02        14195 	.data.b	2
00000805 010100    14196 	.data.b	0,1,1
                   14197 	.section	.debug_info
                   14198 .LDW_4a09ec0:
00004042 11        14199 	.data.b	17
00004043 00637068  14200 	.data.b	104,112,99,0
00004047 05fc      14201 	.data.b	252,5
00004049 19        14202 	.data.b	25
0000404a 01        14203 	.data.b	1
0000404b 00000000* 14204 	.data.w	.LDW_4a08b50
0000404f 00        14205 	.data.b	0
00004050 5001      14206 	.data.b	1,80
                   14207 
                   14208 .LDW_4a09e68:
00004052 11        14209 	.data.b	17
00004053 6f646e72  14210 	.data.b	114,110,100,111,117,116,0
00004057 007475 
0000405a 05fd      14211 	.data.b	253,5
0000405c 12        14212 	.data.b	18
0000405d 01        14213 	.data.b	1
0000405e 00000000* 14214 	.data.w	.LDW_3732d60
00004062 00        14215 	.data.b	0
00004063 5101      14216 	.data.b	1,81
                   14217 
                   14218 .LDW_4a09f18:
00004065 11        14219 	.data.b	17
00004066 006e656c  14220 	.data.b	108,101,110,0
0000406a 05fe      14221 	.data.b	254,5
0000406c 13        14222 	.data.b	19
0000406d 01        14223 	.data.b	1
0000406e 00000000* 14224 	.data.w	.LDW_49c9cf8
00004072 00        14225 	.data.b	0
00004073 5201      14226 	.data.b	1,82
                   14227 

                                                                      Page 251
                                                              C:\Windows\TEMP\gh_000098c3.si
                   14228 .LDW_4a12998:
00004075 1f        14229 	.data.b	31
00004076 00000000* 14230 	.data.w	.LDW481
0000407a 00000000* 14231 	.data.w	.LDW581
                   14232 
0000407e 00        14233 	.data.b	0
                   14234 
0000407f 00        14235 	.data.b	0
                   14236 
                   14237 .LDW_49ed5b0:
00004080 16        14238 	.data.b	22
00004081 5f676d48  14239 	.data.b	72,109,103,95,82,115,97,77,111,100,69,120,112,111,110,101,110,116,76,111,110,103,83,116,97,114,116,0
00004085 4d617352 
00004089 7845646f 
0000408d 656e6f70 
00004091 6f4c746e 
00004095 7453676e 
00004099 00747261 
0000409d 0685      14240 	.data.b	133,6
0000409f 09        14241 	.data.b	9
000040a0 01        14242 	.data.b	1
000040a1 00000000* 14243 	.data.w	.LDW_4956928
000040a5 00000000* 14244 	.data.w	Hmg_RsaModExponentLongStart
000040a9 00000000* 14245 	.data.w	__ghs_eofn_Hmg_RsaModExponentLongStart
000040ad 5d01      14246 	.data.b	1,93
000040af 00        14247 	.data.b	0
000040b0 04        14248 	.data.b	4
000040b1 00        14249 	.data.b	0
000040b2 7c        14250 	.data.b	124
000040b3 01        14251 	.data.b	1
000040b4 00        14252 	.data.b	0
000040b5 00        14253 	.data.b	0
000040b6 01        14254 	.data.b	1
000040b7 01        14255 	.data.b	1
000040b8 00        14256 	.data.b	0
000040b9 01        14257 	.data.b	1
                   14258 
                   14259 	.section	.debug_frame
                   14260 .LDW_4c398d0:
000008d0 00000000* 14261 	.data.w	.LDW_unq_b4-.LDW_unq_b3
                   14262 .LDW_unq_b3:
000008d4 00000000* 14263 	.data.w	.LDW_4a14d18
000008d8 00000000* 14264 	.data.w	Hmg_RsaModExponentLongStart
000008dc 00000004  14265 	.data.w	__ghs_eofn_Hmg_RsaModExponentLongStart-Hmg_RsaModExponentLongStart
000008e0 01        14266 	.data.b	1
000008e1 00000000* 14267 	.data.w	.LDW781
000008e5 00        14268 	.data.b	0
000008e6 00        14269 	.data.b	0
000008e7 00        14270 	.data.b	0
                   14271 .LDW_unq_b4:
                   14272 	.section	.debug_line
00000808 020500    14273 	.data.b	0,5,2
0000080b 00000000* 14274 	.data.w	Hmg_RsaModExponentLongStart
0000080f 06        14275 	.data.b	6
00000810 03        14276 	.data.b	3
00000811 068a      14277 	.data.b	138,6
00000813 02        14278 	.data.b	2
00000814 00        14279 	.data.b	0
00000815 01        14280 	.data.b	1
00000816 06        14281 	.data.b	6
00000817 02        14282 	.data.b	2

                                                                      Page 252
                                                              C:\Windows\TEMP\gh_000098c3.si
00000818 02        14283 	.data.b	2
00000819 02        14284 	.data.b	2
0000081a 02        14285 	.data.b	2
0000081b 010100    14286 	.data.b	0,1,1
                   14287 	.section	.debug_info
                   14288 .LDW_4a0a078:
000040ba 11        14289 	.data.b	17
000040bb 43617372  14290 	.data.b	114,115,97,67,116,120,0
000040bf 007874 
000040c2 0686      14291 	.data.b	134,6
000040c4 1d        14292 	.data.b	29
000040c5 01        14293 	.data.b	1
000040c6 00000000* 14294 	.data.w	.LDW_49eb268
000040ca 00        14295 	.data.b	0
000040cb 5001      14296 	.data.b	1,80
                   14297 
                   14298 .LDW_4a25ac8:
000040cd 11        14299 	.data.b	17
000040ce 004d4570  14300 	.data.b	112,69,77,0
000040d2 0687      14301 	.data.b	135,6
000040d4 11        14302 	.data.b	17
000040d5 01        14303 	.data.b	1
000040d6 00000000* 14304 	.data.w	.LDW_3732c10
000040da 00        14305 	.data.b	0
000040db 5101      14306 	.data.b	1,81
                   14307 
                   14308 .LDW_4a254f0:
000040dd 11        14309 	.data.b	17
000040de 76697250  14310 	.data.b	80,114,105,118,97,116,101,107,101,121,0
000040e2 6b657461 
000040e6 007965 
000040e9 0688      14311 	.data.b	136,6
000040eb 1c        14312 	.data.b	28
000040ec 01        14313 	.data.b	1
000040ed 00000000* 14314 	.data.w	.LDW_49eb230
000040f1 00        14315 	.data.b	0
000040f2 5201      14316 	.data.b	1,82
                   14317 
                   14318 .LDW_4a12d28:
000040f4 1f        14319 	.data.b	31
000040f5 00000000* 14320 	.data.w	.LDW681
000040f9 00000000* 14321 	.data.w	.LDW781
                   14322 
000040fd 00        14323 	.data.b	0
                   14324 
000040fe 00        14325 	.data.b	0
                   14326 
                   14327 .LDW_49ed480:
000040ff 16        14328 	.data.b	22
00004100 5f676d48  14329 	.data.b	72,109,103,95,82,115,97,77,111,100,69,120,112,111,110,101,110,116,76,111,110,103,85,112,100,97,116,101,0
00004104 4d617352 
00004108 7845646f 
0000410c 656e6f70 
00004110 6f4c746e 
00004114 7055676e 
00004118 65746164 
0000411c 00 
0000411d 068d      14330 	.data.b	141,6
0000411f 09        14331 	.data.b	9
00004120 01        14332 	.data.b	1
00004121 00000000* 14333 	.data.w	.LDW_4956928

                                                                      Page 253
                                                              C:\Windows\TEMP\gh_000098c3.si
00004125 00000000* 14334 	.data.w	Hmg_RsaModExponentLongUpdate
00004129 00000000* 14335 	.data.w	__ghs_eofn_Hmg_RsaModExponentLongUpdate
0000412d 5d01      14336 	.data.b	1,93
0000412f 00        14337 	.data.b	0
00004130 04        14338 	.data.b	4
00004131 00        14339 	.data.b	0
00004132 7c        14340 	.data.b	124
00004133 01        14341 	.data.b	1
00004134 00        14342 	.data.b	0
00004135 00        14343 	.data.b	0
00004136 01        14344 	.data.b	1
00004137 01        14345 	.data.b	1
00004138 00        14346 	.data.b	0
00004139 01        14347 	.data.b	1
                   14348 
                   14349 	.section	.debug_frame
                   14350 .LDW_4c39d90:
000008e8 00000000* 14351 	.data.w	.LDW_unq_b6-.LDW_unq_b5
                   14352 .LDW_unq_b5:
000008ec 00000000* 14353 	.data.w	.LDW_4a14d18
000008f0 00000000* 14354 	.data.w	Hmg_RsaModExponentLongUpdate
000008f4 00000004  14355 	.data.w	__ghs_eofn_Hmg_RsaModExponentLongUpdate-Hmg_RsaModExponentLongUpdate
000008f8 01        14356 	.data.b	1
000008f9 00000000* 14357 	.data.w	.LDW981
000008fd 00        14358 	.data.b	0
000008fe 00        14359 	.data.b	0
000008ff 00        14360 	.data.b	0
                   14361 .LDW_unq_b6:
                   14362 	.section	.debug_line
0000081e 020500    14363 	.data.b	0,5,2
00000821 00000000* 14364 	.data.w	Hmg_RsaModExponentLongUpdate
00000825 06        14365 	.data.b	6
00000826 03        14366 	.data.b	3
00000827 0690      14367 	.data.b	144,6
00000829 02        14368 	.data.b	2
0000082a 00        14369 	.data.b	0
0000082b 01        14370 	.data.b	1
0000082c 06        14371 	.data.b	6
0000082d 02        14372 	.data.b	2
0000082e 02        14373 	.data.b	2
0000082f 02        14374 	.data.b	2
00000830 02        14375 	.data.b	2
00000831 010100    14376 	.data.b	0,1,1
                   14377 	.section	.debug_info
                   14378 .LDW_4a257b0:
0000413a 11        14379 	.data.b	17
0000413b 43617372  14380 	.data.b	114,115,97,67,116,120,0
0000413f 007874 
00004142 068e      14381 	.data.b	142,6
00004144 1d        14382 	.data.b	29
00004145 01        14383 	.data.b	1
00004146 00000000* 14384 	.data.w	.LDW_49eb268
0000414a 00        14385 	.data.b	0
0000414b 5001      14386 	.data.b	1,80
                   14387 
                   14388 .LDW_4a12d88:
0000414d 1f        14389 	.data.b	31
0000414e 00000000* 14390 	.data.w	.LDW881
00004152 00000000* 14391 	.data.w	.LDW981
                   14392 
00004156 00        14393 	.data.b	0

                                                                      Page 254
                                                              C:\Windows\TEMP\gh_000098c3.si
                   14394 
00004157 00        14395 	.data.b	0
                   14396 
                   14397 .LDW_49ed2b8:
00004158 16        14398 	.data.b	22
00004159 5f676d48  14399 	.data.b	72,109,103,95,82,115,97,77,111,100,69,120,112,111,110,101,110,116,76,111,110,103,70,105,110,105,115,104,0
0000415d 4d617352 
00004161 7845646f 
00004165 656e6f70 
00004169 6f4c746e 
0000416d 6946676e 
00004171 6873696e 
00004175 00 
00004176 0693      14400 	.data.b	147,6
00004178 09        14401 	.data.b	9
00004179 01        14402 	.data.b	1
0000417a 00000000* 14403 	.data.w	.LDW_4956928
0000417e 00000000* 14404 	.data.w	Hmg_RsaModExponentLongFinish
00004182 00000000* 14405 	.data.w	__ghs_eofn_Hmg_RsaModExponentLongFinish
00004186 5d01      14406 	.data.b	1,93
00004188 00        14407 	.data.b	0
00004189 04        14408 	.data.b	4
0000418a 00        14409 	.data.b	0
0000418b 7c        14410 	.data.b	124
0000418c 01        14411 	.data.b	1
0000418d 00        14412 	.data.b	0
0000418e 00        14413 	.data.b	0
0000418f 01        14414 	.data.b	1
00004190 01        14415 	.data.b	1
00004191 00        14416 	.data.b	0
00004192 01        14417 	.data.b	1
                   14418 
                   14419 	.section	.debug_frame
                   14420 .LDW_4c3a450:
00000900 00000000* 14421 	.data.w	.LDW_unq_b8-.LDW_unq_b7
                   14422 .LDW_unq_b7:
00000904 00000000* 14423 	.data.w	.LDW_4a14d18
00000908 00000000* 14424 	.data.w	Hmg_RsaModExponentLongFinish
0000090c 00000004  14425 	.data.w	__ghs_eofn_Hmg_RsaModExponentLongFinish-Hmg_RsaModExponentLongFinish
00000910 01        14426 	.data.b	1
00000911 00000000* 14427 	.data.w	.LDW191
00000915 00        14428 	.data.b	0
00000916 00        14429 	.data.b	0
00000917 00        14430 	.data.b	0
                   14431 .LDW_unq_b8:
                   14432 	.section	.debug_line
00000834 020500    14433 	.data.b	0,5,2
00000837 00000000* 14434 	.data.w	Hmg_RsaModExponentLongFinish
0000083b 06        14435 	.data.b	6
0000083c 03        14436 	.data.b	3
0000083d 0697      14437 	.data.b	151,6
0000083f 02        14438 	.data.b	2
00000840 00        14439 	.data.b	0
00000841 01        14440 	.data.b	1
00000842 06        14441 	.data.b	6
00000843 02        14442 	.data.b	2
00000844 02        14443 	.data.b	2
00000845 02        14444 	.data.b	2
00000846 02        14445 	.data.b	2
00000847 010100    14446 	.data.b	0,1,1
                   14447 	.section	.debug_info

                                                                      Page 255
                                                              C:\Windows\TEMP\gh_000098c3.si
                   14448 .LDW_4a25cd8:
00004193 11        14449 	.data.b	17
00004194 43617372  14450 	.data.b	114,115,97,67,116,120,0
00004198 007874 
0000419b 0694      14451 	.data.b	148,6
0000419d 1d        14452 	.data.b	29
0000419e 01        14453 	.data.b	1
0000419f 00000000* 14454 	.data.w	.LDW_49eb268
000041a3 00        14455 	.data.b	0
000041a4 5001      14456 	.data.b	1,80
                   14457 
                   14458 .LDW_4a259c0:
000041a6 11        14459 	.data.b	17
000041a7 004d4370  14460 	.data.b	112,67,77,0
000041ab 0695      14461 	.data.b	149,6
000041ad 12        14462 	.data.b	18
000041ae 01        14463 	.data.b	1
000041af 00000000* 14464 	.data.w	.LDW_3732d60
000041b3 00        14465 	.data.b	0
000041b4 5101      14466 	.data.b	1,81
                   14467 
                   14468 .LDW_4a12818:
000041b6 1f        14469 	.data.b	31
000041b7 00000000* 14470 	.data.w	.LDW091
000041bb 00000000* 14471 	.data.w	.LDW191
                   14472 
000041bf 00        14473 	.data.b	0
                   14474 
000041c0 00        14475 	.data.b	0
                   14476 
                   14477 .LDW_49ed648:
000041c1 16        14478 	.data.b	22
000041c2 5f676d48  14479 	.data.b	72,109,103,95,82,115,97,77,111,100,69,120,112,111,110,101,110,116,76,111,110,103,0
000041c6 4d617352 
000041ca 7845646f 
000041ce 656e6f70 
000041d2 6f4c746e 
000041d6 00676e 
000041d9 069a      14480 	.data.b	154,6
000041db 09        14481 	.data.b	9
000041dc 01        14482 	.data.b	1
000041dd 00000000* 14483 	.data.w	.LDW_4956928
000041e1 00000000* 14484 	.data.w	Hmg_RsaModExponentLong
000041e5 00000000* 14485 	.data.w	__ghs_eofn_Hmg_RsaModExponentLong
000041e9 5d01      14486 	.data.b	1,93
000041eb 00        14487 	.data.b	0
000041ec 04        14488 	.data.b	4
000041ed 00        14489 	.data.b	0
000041ee 7c        14490 	.data.b	124
000041ef 01        14491 	.data.b	1
000041f0 00        14492 	.data.b	0
000041f1 00        14493 	.data.b	0
000041f2 01        14494 	.data.b	1
000041f3 01        14495 	.data.b	1
000041f4 00        14496 	.data.b	0
000041f5 01        14497 	.data.b	1
                   14498 
                   14499 	.section	.debug_frame
                   14500 .LDW_4c3a7d0:
00000918 00000000* 14501 	.data.w	.LDW_unq_ba-.LDW_unq_b9
                   14502 .LDW_unq_b9:

                                                                      Page 256
                                                              C:\Windows\TEMP\gh_000098c3.si
0000091c 00000000* 14503 	.data.w	.LDW_4a14d18
00000920 00000000* 14504 	.data.w	Hmg_RsaModExponentLong
00000924 00000004  14505 	.data.w	__ghs_eofn_Hmg_RsaModExponentLong-Hmg_RsaModExponentLong
00000928 01        14506 	.data.b	1
00000929 00000000* 14507 	.data.w	.LDW391
0000092d 00        14508 	.data.b	0
0000092e 00        14509 	.data.b	0
0000092f 00        14510 	.data.b	0
                   14511 .LDW_unq_ba:
                   14512 	.section	.debug_line
0000084a 020500    14513 	.data.b	0,5,2
0000084d 00000000* 14514 	.data.w	Hmg_RsaModExponentLong
00000851 06        14515 	.data.b	6
00000852 03        14516 	.data.b	3
00000853 069f      14517 	.data.b	159,6
00000855 02        14518 	.data.b	2
00000856 00        14519 	.data.b	0
00000857 01        14520 	.data.b	1
00000858 06        14521 	.data.b	6
00000859 02        14522 	.data.b	2
0000085a 02        14523 	.data.b	2
0000085b 02        14524 	.data.b	2
0000085c 02        14525 	.data.b	2
0000085d 010100    14526 	.data.b	0,1,1
                   14527 	.section	.debug_info
                   14528 .LDW_4a25498:
000041f6 11        14529 	.data.b	17
000041f7 004d4370  14530 	.data.b	112,67,77,0
000041fb 069b      14531 	.data.b	155,6
000041fd 11        14532 	.data.b	17
000041fe 01        14533 	.data.b	1
000041ff 00000000* 14534 	.data.w	.LDW_3732d60
00004203 00        14535 	.data.b	0
00004204 5001      14536 	.data.b	1,80
                   14537 
                   14538 .LDW_4a25a18:
00004206 11        14539 	.data.b	17
00004207 004d4570  14540 	.data.b	112,69,77,0
0000420b 069c      14541 	.data.b	156,6
0000420d 10        14542 	.data.b	16
0000420e 01        14543 	.data.b	1
0000420f 00000000* 14544 	.data.w	.LDW_3732c10
00004213 00        14545 	.data.b	0
00004214 5101      14546 	.data.b	1,81
                   14547 
                   14548 .LDW_4a252e0:
00004216 11        14549 	.data.b	17
00004217 76697250  14550 	.data.b	80,114,105,118,97,116,101,107,101,121,0
0000421b 6b657461 
0000421f 007965 
00004222 069d      14551 	.data.b	157,6
00004224 1c        14552 	.data.b	28
00004225 01        14553 	.data.b	1
00004226 00000000* 14554 	.data.w	.LDW_49eb230
0000422a 00        14555 	.data.b	0
0000422b 5201      14556 	.data.b	1,82
                   14557 
                   14558 .LDW_4a12a28:
0000422d 1f        14559 	.data.b	31
0000422e 00000000* 14560 	.data.w	.LDW291
00004232 00000000* 14561 	.data.w	.LDW391

                                                                      Page 257
                                                              C:\Windows\TEMP\gh_000098c3.si
                   14562 
00004236 00        14563 	.data.b	0
                   14564 
00004237 00        14565 	.data.b	0
                   14566 
                   14567 .LDW_49ece90:
00004238 16        14568 	.data.b	22
00004239 5f676d48  14569 	.data.b	72,109,103,95,82,115,97,77,111,100,69,120,112,111,110,101,110,116,83,116,97,114,116,0
0000423d 4d617352 
00004241 7845646f 
00004245 656e6f70 
00004249 7453746e 
0000424d 00747261 
00004251 06a3      14570 	.data.b	163,6
00004253 09        14571 	.data.b	9
00004254 01        14572 	.data.b	1
00004255 00000000* 14573 	.data.w	.LDW_4956928
00004259 00000000* 14574 	.data.w	Hmg_RsaModExponentStart
0000425d 00000000* 14575 	.data.w	__ghs_eofn_Hmg_RsaModExponentStart
00004261 5d01      14576 	.data.b	1,93
00004263 00        14577 	.data.b	0
00004264 04        14578 	.data.b	4
00004265 00        14579 	.data.b	0
00004266 7c        14580 	.data.b	124
00004267 01        14581 	.data.b	1
00004268 00        14582 	.data.b	0
00004269 00        14583 	.data.b	0
0000426a 01        14584 	.data.b	1
0000426b 01        14585 	.data.b	1
0000426c 00        14586 	.data.b	0
0000426d 01        14587 	.data.b	1
                   14588 
                   14589 	.section	.debug_frame
                   14590 .LDW_4c3a8d0:
00000930 00000000* 14591 	.data.w	.LDW_unq_bc-.LDW_unq_bb
                   14592 .LDW_unq_bb:
00000934 00000000* 14593 	.data.w	.LDW_4a14d18
00000938 00000000* 14594 	.data.w	Hmg_RsaModExponentStart
0000093c 00000004  14595 	.data.w	__ghs_eofn_Hmg_RsaModExponentStart-Hmg_RsaModExponentStart
00000940 01        14596 	.data.b	1
00000941 00000000* 14597 	.data.w	.LDW591
00000945 00        14598 	.data.b	0
00000946 00        14599 	.data.b	0
00000947 00        14600 	.data.b	0
                   14601 .LDW_unq_bc:
                   14602 	.section	.debug_line
00000860 020500    14603 	.data.b	0,5,2
00000863 00000000* 14604 	.data.w	Hmg_RsaModExponentStart
00000867 06        14605 	.data.b	6
00000868 03        14606 	.data.b	3
00000869 06a8      14607 	.data.b	168,6
0000086b 02        14608 	.data.b	2
0000086c 00        14609 	.data.b	0
0000086d 01        14610 	.data.b	1
0000086e 06        14611 	.data.b	6
0000086f 02        14612 	.data.b	2
00000870 02        14613 	.data.b	2
00000871 02        14614 	.data.b	2
00000872 02        14615 	.data.b	2
00000873 010100    14616 	.data.b	0,1,1
                   14617 	.section	.debug_info

                                                                      Page 258
                                                              C:\Windows\TEMP\gh_000098c3.si
                   14618 .LDW_4a25650:
0000426e 11        14619 	.data.b	17
0000426f 43617372  14620 	.data.b	114,115,97,67,116,120,0
00004273 007874 
00004276 06a4      14621 	.data.b	164,6
00004278 1d        14622 	.data.b	29
00004279 01        14623 	.data.b	1
0000427a 00000000* 14624 	.data.w	.LDW_49eb268
0000427e 00        14625 	.data.b	0
0000427f 5001      14626 	.data.b	1,80
                   14627 
                   14628 .LDW_4a25968:
00004281 11        14629 	.data.b	17
00004282 004d4570  14630 	.data.b	112,69,77,0
00004286 06a5      14631 	.data.b	165,6
00004288 11        14632 	.data.b	17
00004289 01        14633 	.data.b	1
0000428a 00000000* 14634 	.data.w	.LDW_3732c10
0000428e 00        14635 	.data.b	0
0000428f 5101      14636 	.data.b	1,81
                   14637 
                   14638 .LDW_4a25910:
00004291 11        14639 	.data.b	17
00004292 6c627550  14640 	.data.b	80,117,98,108,105,99,107,101,121,0
00004296 656b6369 
0000429a 0079 
0000429c 06a6      14641 	.data.b	166,6
0000429e 1b        14642 	.data.b	27
0000429f 01        14643 	.data.b	1
000042a0 00000000* 14644 	.data.w	.LDW_49eb3b8
000042a4 00        14645 	.data.b	0
000042a5 5201      14646 	.data.b	1,82
                   14647 
                   14648 .LDW_4a12e78:
000042a7 1f        14649 	.data.b	31
000042a8 00000000* 14650 	.data.w	.LDW491
000042ac 00000000* 14651 	.data.w	.LDW591
                   14652 
000042b0 00        14653 	.data.b	0
                   14654 
000042b1 00        14655 	.data.b	0
                   14656 
                   14657 .LDW_49eccc8:
000042b2 16        14658 	.data.b	22
000042b3 5f676d48  14659 	.data.b	72,109,103,95,82,115,97,77,111,100,69,120,112,111,110,101,110,116,85,112,100,97,116,101,0
000042b7 4d617352 
000042bb 7845646f 
000042bf 656e6f70 
000042c3 7055746e 
000042c7 65746164 
000042cb 00 
000042cc 06ab      14660 	.data.b	171,6
000042ce 09        14661 	.data.b	9
000042cf 01        14662 	.data.b	1
000042d0 00000000* 14663 	.data.w	.LDW_4956928
000042d4 00000000* 14664 	.data.w	Hmg_RsaModExponentUpdate
000042d8 00000000* 14665 	.data.w	__ghs_eofn_Hmg_RsaModExponentUpdate
000042dc 5d01      14666 	.data.b	1,93
000042de 00        14667 	.data.b	0
000042df 04        14668 	.data.b	4
000042e0 00        14669 	.data.b	0

                                                                      Page 259
                                                              C:\Windows\TEMP\gh_000098c3.si
000042e1 7c        14670 	.data.b	124
000042e2 01        14671 	.data.b	1
000042e3 00        14672 	.data.b	0
000042e4 00        14673 	.data.b	0
000042e5 01        14674 	.data.b	1
000042e6 01        14675 	.data.b	1
000042e7 00        14676 	.data.b	0
000042e8 01        14677 	.data.b	1
                   14678 
                   14679 	.section	.debug_frame
                   14680 .LDW_4c3ab90:
00000948 00000000* 14681 	.data.w	.LDW_unq_be-.LDW_unq_bd
                   14682 .LDW_unq_bd:
0000094c 00000000* 14683 	.data.w	.LDW_4a14d18
00000950 00000000* 14684 	.data.w	Hmg_RsaModExponentUpdate
00000954 00000004  14685 	.data.w	__ghs_eofn_Hmg_RsaModExponentUpdate-Hmg_RsaModExponentUpdate
00000958 01        14686 	.data.b	1
00000959 00000000* 14687 	.data.w	.LDW791
0000095d 00        14688 	.data.b	0
0000095e 00        14689 	.data.b	0
0000095f 00        14690 	.data.b	0
                   14691 .LDW_unq_be:
                   14692 	.section	.debug_line
00000876 020500    14693 	.data.b	0,5,2
00000879 00000000* 14694 	.data.w	Hmg_RsaModExponentUpdate
0000087d 06        14695 	.data.b	6
0000087e 03        14696 	.data.b	3
0000087f 06ae      14697 	.data.b	174,6
00000881 02        14698 	.data.b	2
00000882 00        14699 	.data.b	0
00000883 01        14700 	.data.b	1
00000884 06        14701 	.data.b	6
00000885 02        14702 	.data.b	2
00000886 02        14703 	.data.b	2
00000887 02        14704 	.data.b	2
00000888 02        14705 	.data.b	2
00000889 010100    14706 	.data.b	0,1,1
                   14707 	.section	.debug_info
                   14708 .LDW_4a25a70:
000042e9 11        14709 	.data.b	17
000042ea 43617372  14710 	.data.b	114,115,97,67,116,120,0
000042ee 007874 
000042f1 06ac      14711 	.data.b	172,6
000042f3 1d        14712 	.data.b	29
000042f4 01        14713 	.data.b	1
000042f5 00000000* 14714 	.data.w	.LDW_49eb268
000042f9 00        14715 	.data.b	0
000042fa 5001      14716 	.data.b	1,80
                   14717 
                   14718 .LDW_4a13118:
000042fc 1f        14719 	.data.b	31
000042fd 00000000* 14720 	.data.w	.LDW691
00004301 00000000* 14721 	.data.w	.LDW791
                   14722 
00004305 00        14723 	.data.b	0
                   14724 
00004306 00        14725 	.data.b	0
                   14726 
                   14727 .LDW_49ecdf8:
00004307 16        14728 	.data.b	22
00004308 5f676d48  14729 	.data.b	72,109,103,95,82,115,97,77,111,100,69,120,112,111,110,101,110,116,70,105,110,105,115,104,0

                                                                      Page 260
                                                              C:\Windows\TEMP\gh_000098c3.si
0000430c 4d617352 
00004310 7845646f 
00004314 656e6f70 
00004318 6946746e 
0000431c 6873696e 
00004320 00 
00004321 06b1      14730 	.data.b	177,6
00004323 09        14731 	.data.b	9
00004324 01        14732 	.data.b	1
00004325 00000000* 14733 	.data.w	.LDW_4956928
00004329 00000000* 14734 	.data.w	Hmg_RsaModExponentFinish
0000432d 00000000* 14735 	.data.w	__ghs_eofn_Hmg_RsaModExponentFinish
00004331 5d01      14736 	.data.b	1,93
00004333 00        14737 	.data.b	0
00004334 04        14738 	.data.b	4
00004335 00        14739 	.data.b	0
00004336 7c        14740 	.data.b	124
00004337 01        14741 	.data.b	1
00004338 00        14742 	.data.b	0
00004339 00        14743 	.data.b	0
0000433a 01        14744 	.data.b	1
0000433b 01        14745 	.data.b	1
0000433c 00        14746 	.data.b	0
0000433d 01        14747 	.data.b	1
                   14748 
                   14749 	.section	.debug_frame
                   14750 .LDW_4c3af90:
00000960 00000000* 14751 	.data.w	.LDW_unq_c0-.LDW_unq_bf
                   14752 .LDW_unq_bf:
00000964 00000000* 14753 	.data.w	.LDW_4a14d18
00000968 00000000* 14754 	.data.w	Hmg_RsaModExponentFinish
0000096c 00000004  14755 	.data.w	__ghs_eofn_Hmg_RsaModExponentFinish-Hmg_RsaModExponentFinish
00000970 01        14756 	.data.b	1
00000971 00000000* 14757 	.data.w	.LDW991
00000975 00        14758 	.data.b	0
00000976 00        14759 	.data.b	0
00000977 00        14760 	.data.b	0
                   14761 .LDW_unq_c0:
                   14762 	.section	.debug_line
0000088c 020500    14763 	.data.b	0,5,2
0000088f 00000000* 14764 	.data.w	Hmg_RsaModExponentFinish
00000893 06        14765 	.data.b	6
00000894 03        14766 	.data.b	3
00000895 06b5      14767 	.data.b	181,6
00000897 02        14768 	.data.b	2
00000898 00        14769 	.data.b	0
00000899 01        14770 	.data.b	1
0000089a 06        14771 	.data.b	6
0000089b 02        14772 	.data.b	2
0000089c 02        14773 	.data.b	2
0000089d 02        14774 	.data.b	2
0000089e 02        14775 	.data.b	2
0000089f 010100    14776 	.data.b	0,1,1
                   14777 	.section	.debug_info
                   14778 .LDW_4a255a0:
0000433e 11        14779 	.data.b	17
0000433f 43617372  14780 	.data.b	114,115,97,67,116,120,0
00004343 007874 
00004346 06b2      14781 	.data.b	178,6
00004348 1d        14782 	.data.b	29
00004349 01        14783 	.data.b	1

                                                                      Page 261
                                                              C:\Windows\TEMP\gh_000098c3.si
0000434a 00000000* 14784 	.data.w	.LDW_49eb268
0000434e 00        14785 	.data.b	0
0000434f 5001      14786 	.data.b	1,80
                   14787 
                   14788 .LDW_4a25b78:
00004351 11        14789 	.data.b	17
00004352 004d4370  14790 	.data.b	112,67,77,0
00004356 06b3      14791 	.data.b	179,6
00004358 12        14792 	.data.b	18
00004359 01        14793 	.data.b	1
0000435a 00000000* 14794 	.data.w	.LDW_3732d60
0000435e 00        14795 	.data.b	0
0000435f 5101      14796 	.data.b	1,81
                   14797 
                   14798 .LDW_4a12ea8:
00004361 1f        14799 	.data.b	31
00004362 00000000* 14800 	.data.w	.LDW891
00004366 00000000* 14801 	.data.w	.LDW991
                   14802 
0000436a 00        14803 	.data.b	0
                   14804 
0000436b 00        14805 	.data.b	0
                   14806 
                   14807 .LDW_4a26e18:
0000436c 16        14808 	.data.b	22
0000436d 5f676d48  14809 	.data.b	72,109,103,95,82,115,97,77,111,100,69,120,112,111,110,101,110,116,0
00004371 4d617352 
00004375 7845646f 
00004379 656e6f70 
0000437d 00746e 
00004380 06b8      14810 	.data.b	184,6
00004382 09        14811 	.data.b	9
00004383 01        14812 	.data.b	1
00004384 00000000* 14813 	.data.w	.LDW_4956928
00004388 00000000* 14814 	.data.w	Hmg_RsaModExponent
0000438c 00000000* 14815 	.data.w	__ghs_eofn_Hmg_RsaModExponent
00004390 5d01      14816 	.data.b	1,93
00004392 00        14817 	.data.b	0
00004393 04        14818 	.data.b	4
00004394 00        14819 	.data.b	0
00004395 7c        14820 	.data.b	124
00004396 01        14821 	.data.b	1
00004397 00        14822 	.data.b	0
00004398 00        14823 	.data.b	0
00004399 01        14824 	.data.b	1
0000439a 01        14825 	.data.b	1
0000439b 00        14826 	.data.b	0
0000439c 01        14827 	.data.b	1
                   14828 
                   14829 	.section	.debug_frame
                   14830 .LDW_4c3b490:
00000978 00000000* 14831 	.data.w	.LDW_unq_c2-.LDW_unq_c1
                   14832 .LDW_unq_c1:
0000097c 00000000* 14833 	.data.w	.LDW_4a14d18
00000980 00000000* 14834 	.data.w	Hmg_RsaModExponent
00000984 00000004  14835 	.data.w	__ghs_eofn_Hmg_RsaModExponent-Hmg_RsaModExponent
00000988 01        14836 	.data.b	1
00000989 00000000* 14837 	.data.w	.LDW102
0000098d 00        14838 	.data.b	0
0000098e 00        14839 	.data.b	0
0000098f 00        14840 	.data.b	0

                                                                      Page 262
                                                              C:\Windows\TEMP\gh_000098c3.si
                   14841 .LDW_unq_c2:
                   14842 	.section	.debug_line
000008a2 020500    14843 	.data.b	0,5,2
000008a5 00000000* 14844 	.data.w	Hmg_RsaModExponent
000008a9 06        14845 	.data.b	6
000008aa 03        14846 	.data.b	3
000008ab 06bd      14847 	.data.b	189,6
000008ad 02        14848 	.data.b	2
000008ae 00        14849 	.data.b	0
000008af 01        14850 	.data.b	1
000008b0 06        14851 	.data.b	6
000008b1 02        14852 	.data.b	2
000008b2 02        14853 	.data.b	2
000008b3 02        14854 	.data.b	2
000008b4 02        14855 	.data.b	2
000008b5 010100    14856 	.data.b	0,1,1
                   14857 	.section	.debug_info
                   14858 .LDW_4a25548:
0000439d 11        14859 	.data.b	17
0000439e 004d4370  14860 	.data.b	112,67,77,0
000043a2 06b9      14861 	.data.b	185,6
000043a4 11        14862 	.data.b	17
000043a5 01        14863 	.data.b	1
000043a6 00000000* 14864 	.data.w	.LDW_3732d60
000043aa 00        14865 	.data.b	0
000043ab 5001      14866 	.data.b	1,80
                   14867 
                   14868 .LDW_4a25b20:
000043ad 11        14869 	.data.b	17
000043ae 004d4570  14870 	.data.b	112,69,77,0
000043b2 06ba      14871 	.data.b	186,6
000043b4 10        14872 	.data.b	16
000043b5 01        14873 	.data.b	1
000043b6 00000000* 14874 	.data.w	.LDW_3732c10
000043ba 00        14875 	.data.b	0
000043bb 5101      14876 	.data.b	1,81
                   14877 
                   14878 .LDW_4a255f8:
000043bd 11        14879 	.data.b	17
000043be 6c627550  14880 	.data.b	80,117,98,108,105,99,107,101,121,0
000043c2 656b6369 
000043c6 0079 
000043c8 06bb      14881 	.data.b	187,6
000043ca 1b        14882 	.data.b	27
000043cb 01        14883 	.data.b	1
000043cc 00000000* 14884 	.data.w	.LDW_49eb3b8
000043d0 00        14885 	.data.b	0
000043d1 5201      14886 	.data.b	1,82
                   14887 
                   14888 .LDW_4a130e8:
000043d3 1f        14889 	.data.b	31
000043d4 00000000* 14890 	.data.w	.LDW002
000043d8 00000000* 14891 	.data.w	.LDW102
                   14892 
000043dc 00        14893 	.data.b	0
                   14894 
000043dd 00        14895 	.data.b	0
                   14896 
                   14897 .LDW_4a26eb0:
000043de 16        14898 	.data.b	22
000043df 5f676d48  14899 	.data.b	72,109,103,95,83,104,97,49,54,48,83,116,97,114,116,0

                                                                      Page 263
                                                              C:\Windows\TEMP\gh_000098c3.si
000043e3 31616853 
000043e7 74533036 
000043eb 00747261 
000043ef 06c2      14900 	.data.b	194,6
000043f1 09        14901 	.data.b	9
000043f2 01        14902 	.data.b	1
000043f3 00000000* 14903 	.data.w	.LDW_4956928
000043f7 00000000* 14904 	.data.w	Hmg_Sha160Start
000043fb 00000000* 14905 	.data.w	__ghs_eofn_Hmg_Sha160Start
000043ff 5d01      14906 	.data.b	1,93
00004401 00        14907 	.data.b	0
00004402 04        14908 	.data.b	4
00004403 00        14909 	.data.b	0
00004404 7c        14910 	.data.b	124
00004405 01        14911 	.data.b	1
00004406 00        14912 	.data.b	0
00004407 00        14913 	.data.b	0
00004408 01        14914 	.data.b	1
00004409 01        14915 	.data.b	1
0000440a 00        14916 	.data.b	0
0000440b 01        14917 	.data.b	1
                   14918 
                   14919 	.section	.debug_frame
                   14920 .LDW_4c3b550:
00000990 00000000* 14921 	.data.w	.LDW_unq_c4-.LDW_unq_c3
                   14922 .LDW_unq_c3:
00000994 00000000* 14923 	.data.w	.LDW_4a14d18
00000998 00000000* 14924 	.data.w	Hmg_Sha160Start
0000099c 00000004  14925 	.data.w	__ghs_eofn_Hmg_Sha160Start-Hmg_Sha160Start
000009a0 01        14926 	.data.b	1
000009a1 00000000* 14927 	.data.w	.LDW302
000009a5 00        14928 	.data.b	0
000009a6 00        14929 	.data.b	0
000009a7 00        14930 	.data.b	0
                   14931 .LDW_unq_c4:
                   14932 	.section	.debug_line
000008b8 020500    14933 	.data.b	0,5,2
000008bb 00000000* 14934 	.data.w	Hmg_Sha160Start
000008bf 06        14935 	.data.b	6
000008c0 03        14936 	.data.b	3
000008c1 06c5      14937 	.data.b	197,6
000008c3 02        14938 	.data.b	2
000008c4 00        14939 	.data.b	0
000008c5 01        14940 	.data.b	1
000008c6 06        14941 	.data.b	6
000008c7 02        14942 	.data.b	2
000008c8 02        14943 	.data.b	2
000008c9 02        14944 	.data.b	2
000008ca 02        14945 	.data.b	2
000008cb 010100    14946 	.data.b	0,1,1
                   14947 	.section	.debug_info
                   14948 .LDW_4a253e8:
0000440c 11        14949 	.data.b	17
0000440d 31616873  14950 	.data.b	115,104,97,49,54,48,67,116,120,0
00004411 74433036 
00004415 0078 
00004417 06c3      14951 	.data.b	195,6
00004419 1b        14952 	.data.b	27
0000441a 01        14953 	.data.b	1
0000441b 00000000* 14954 	.data.w	.LDW_4a08e60
0000441f 00        14955 	.data.b	0

                                                                      Page 264
                                                              C:\Windows\TEMP\gh_000098c3.si
00004420 5001      14956 	.data.b	1,80
                   14957 
                   14958 .LDW_4a12f08:
00004422 1f        14959 	.data.b	31
00004423 00000000* 14960 	.data.w	.LDW202
00004427 00000000* 14961 	.data.w	.LDW302
                   14962 
0000442b 00        14963 	.data.b	0
                   14964 
0000442c 00        14965 	.data.b	0
                   14966 
                   14967 .LDW_4a26958:
0000442d 16        14968 	.data.b	22
0000442e 5f676d48  14969 	.data.b	72,109,103,95,83,104,97,49,54,48,85,112,100,97,116,101,0
00004432 31616853 
00004436 70553036 
0000443a 65746164 
0000443e 00 
0000443f 06c8      14970 	.data.b	200,6
00004441 09        14971 	.data.b	9
00004442 01        14972 	.data.b	1
00004443 00000000* 14973 	.data.w	.LDW_4956928
00004447 00000000* 14974 	.data.w	Hmg_Sha160Update
0000444b 00000000* 14975 	.data.w	__ghs_eofn_Hmg_Sha160Update
0000444f 5d01      14976 	.data.b	1,93
00004451 00        14977 	.data.b	0
00004452 04        14978 	.data.b	4
00004453 00        14979 	.data.b	0
00004454 7c        14980 	.data.b	124
00004455 01        14981 	.data.b	1
00004456 00        14982 	.data.b	0
00004457 00        14983 	.data.b	0
00004458 01        14984 	.data.b	1
00004459 01        14985 	.data.b	1
0000445a 00        14986 	.data.b	0
0000445b 01        14987 	.data.b	1
                   14988 
                   14989 	.section	.debug_frame
                   14990 .LDW_4c3b710:
000009a8 00000000* 14991 	.data.w	.LDW_unq_c6-.LDW_unq_c5
                   14992 .LDW_unq_c5:
000009ac 00000000* 14993 	.data.w	.LDW_4a14d18
000009b0 00000000* 14994 	.data.w	Hmg_Sha160Update
000009b4 00000004  14995 	.data.w	__ghs_eofn_Hmg_Sha160Update-Hmg_Sha160Update
000009b8 01        14996 	.data.b	1
000009b9 00000000* 14997 	.data.w	.LDW502
000009bd 00        14998 	.data.b	0
000009be 00        14999 	.data.b	0
000009bf 00        15000 	.data.b	0
                   15001 .LDW_unq_c6:
                   15002 	.section	.debug_line
000008ce 020500    15003 	.data.b	0,5,2
000008d1 00000000* 15004 	.data.w	Hmg_Sha160Update
000008d5 06        15005 	.data.b	6
000008d6 03        15006 	.data.b	3
000008d7 06cd      15007 	.data.b	205,6
000008d9 02        15008 	.data.b	2
000008da 00        15009 	.data.b	0
000008db 01        15010 	.data.b	1
000008dc 06        15011 	.data.b	6
000008dd 02        15012 	.data.b	2

                                                                      Page 265
                                                              C:\Windows\TEMP\gh_000098c3.si
000008de 02        15013 	.data.b	2
000008df 02        15014 	.data.b	2
000008e0 02        15015 	.data.b	2
000008e1 010100    15016 	.data.b	0,1,1
                   15017 	.section	.debug_info
                   15018 .LDW_4a25758:
0000445c 11        15019 	.data.b	17
0000445d 31616873  15020 	.data.b	115,104,97,49,54,48,67,116,120,0
00004461 74433036 
00004465 0078 
00004467 06c9      15021 	.data.b	201,6
00004469 1b        15022 	.data.b	27
0000446a 01        15023 	.data.b	1
0000446b 00000000* 15024 	.data.w	.LDW_4a08e60
0000446f 00        15025 	.data.b	0
00004470 5001      15026 	.data.b	1,80
                   15027 
                   15028 .LDW_4a25288:
00004472 11        15029 	.data.b	17
00004473 61746164  15030 	.data.b	100,97,116,97,0
00004477 00 
00004478 06ca      15031 	.data.b	202,6
0000447a 17        15032 	.data.b	23
0000447b 01        15033 	.data.b	1
0000447c 00000000* 15034 	.data.w	.LDW_3732c10
00004480 00        15035 	.data.b	0
00004481 5101      15036 	.data.b	1,81
                   15037 
                   15038 .LDW_4a25230:
00004483 11        15039 	.data.b	17
00004484 61746164  15040 	.data.b	100,97,116,97,76,101,110,0
00004488 006e654c 
0000448c 06cb      15041 	.data.b	203,6
0000448e 17        15042 	.data.b	23
0000448f 01        15043 	.data.b	1
00004490 00000000* 15044 	.data.w	.LDW_49c9cf8
00004494 00        15045 	.data.b	0
00004495 5201      15046 	.data.b	1,82
                   15047 
                   15048 .LDW_4a13088:
00004497 1f        15049 	.data.b	31
00004498 00000000* 15050 	.data.w	.LDW402
0000449c 00000000* 15051 	.data.w	.LDW502
                   15052 
000044a0 00        15053 	.data.b	0
                   15054 
000044a1 00        15055 	.data.b	0
                   15056 
                   15057 .LDW_4a26530:
000044a2 16        15058 	.data.b	22
000044a3 5f676d48  15059 	.data.b	72,109,103,95,83,104,97,49,54,48,70,105,110,105,115,104,0
000044a7 31616853 
000044ab 69463036 
000044af 6873696e 
000044b3 00 
000044b4 06d0      15060 	.data.b	208,6
000044b6 09        15061 	.data.b	9
000044b7 01        15062 	.data.b	1
000044b8 00000000* 15063 	.data.w	.LDW_4956928
000044bc 00000000* 15064 	.data.w	Hmg_Sha160Finish
000044c0 00000000* 15065 	.data.w	__ghs_eofn_Hmg_Sha160Finish

                                                                      Page 266
                                                              C:\Windows\TEMP\gh_000098c3.si
000044c4 5d01      15066 	.data.b	1,93
000044c6 00        15067 	.data.b	0
000044c7 04        15068 	.data.b	4
000044c8 00        15069 	.data.b	0
000044c9 7c        15070 	.data.b	124
000044ca 01        15071 	.data.b	1
000044cb 00        15072 	.data.b	0
000044cc 00        15073 	.data.b	0
000044cd 01        15074 	.data.b	1
000044ce 01        15075 	.data.b	1
000044cf 00        15076 	.data.b	0
000044d0 01        15077 	.data.b	1
                   15078 
                   15079 	.section	.debug_frame
                   15080 .LDW_4c3c1d0:
000009c0 00000000* 15081 	.data.w	.LDW_unq_c8-.LDW_unq_c7
                   15082 .LDW_unq_c7:
000009c4 00000000* 15083 	.data.w	.LDW_4a14d18
000009c8 00000000* 15084 	.data.w	Hmg_Sha160Finish
000009cc 00000004  15085 	.data.w	__ghs_eofn_Hmg_Sha160Finish-Hmg_Sha160Finish
000009d0 01        15086 	.data.b	1
000009d1 00000000* 15087 	.data.w	.LDW702
000009d5 00        15088 	.data.b	0
000009d6 00        15089 	.data.b	0
000009d7 00        15090 	.data.b	0
                   15091 .LDW_unq_c8:
                   15092 	.section	.debug_line
000008e4 020500    15093 	.data.b	0,5,2
000008e7 00000000* 15094 	.data.w	Hmg_Sha160Finish
000008eb 06        15095 	.data.b	6
000008ec 03        15096 	.data.b	3
000008ed 06d4      15097 	.data.b	212,6
000008ef 02        15098 	.data.b	2
000008f0 00        15099 	.data.b	0
000008f1 01        15100 	.data.b	1
000008f2 06        15101 	.data.b	6
000008f3 02        15102 	.data.b	2
000008f4 02        15103 	.data.b	2
000008f5 02        15104 	.data.b	2
000008f6 02        15105 	.data.b	2
000008f7 010100    15106 	.data.b	0,1,1
                   15107 	.section	.debug_info
                   15108 .LDW_4a256a8:
000044d1 11        15109 	.data.b	17
000044d2 31616873  15110 	.data.b	115,104,97,49,54,48,67,116,120,0
000044d6 74433036 
000044da 0078 
000044dc 06d1      15111 	.data.b	209,6
000044de 1b        15112 	.data.b	27
000044df 01        15113 	.data.b	1
000044e0 00000000* 15114 	.data.w	.LDW_4a08e60
000044e4 00        15115 	.data.b	0
000044e5 5001      15116 	.data.b	1,80
                   15117 
                   15118 .LDW_4a25440:
000044e7 11        15119 	.data.b	17
000044e8 65676964  15120 	.data.b	100,105,103,101,115,116,0
000044ec 007473 
000044ef 06d2      15121 	.data.b	210,6
000044f1 15        15122 	.data.b	21
000044f2 01        15123 	.data.b	1

                                                                      Page 267
                                                              C:\Windows\TEMP\gh_000098c3.si
000044f3 00000000* 15124 	.data.w	.LDW_3732d60
000044f7 00        15125 	.data.b	0
000044f8 5101      15126 	.data.b	1,81
                   15127 
                   15128 .LDW_4a12ff8:
000044fa 1f        15129 	.data.b	31
000044fb 00000000* 15130 	.data.w	.LDW602
000044ff 00000000* 15131 	.data.w	.LDW702
                   15132 
00004503 00        15133 	.data.b	0
                   15134 
00004504 00        15135 	.data.b	0
                   15136 
                   15137 .LDW_4a266f8:
00004505 16        15138 	.data.b	22
00004506 5f676d48  15139 	.data.b	72,109,103,95,83,104,97,49,54,48,0
0000450a 31616853 
0000450e 003036 
00004511 06d7      15140 	.data.b	215,6
00004513 09        15141 	.data.b	9
00004514 01        15142 	.data.b	1
00004515 00000000* 15143 	.data.w	.LDW_4956928
00004519 00000000* 15144 	.data.w	Hmg_Sha160
0000451d 00000000* 15145 	.data.w	__ghs_eofn_Hmg_Sha160
00004521 5d01      15146 	.data.b	1,93
00004523 00        15147 	.data.b	0
00004524 04        15148 	.data.b	4
00004525 00        15149 	.data.b	0
00004526 7c        15150 	.data.b	124
00004527 01        15151 	.data.b	1
00004528 00        15152 	.data.b	0
00004529 00        15153 	.data.b	0
0000452a 01        15154 	.data.b	1
0000452b 01        15155 	.data.b	1
0000452c 00        15156 	.data.b	0
0000452d 01        15157 	.data.b	1
                   15158 
                   15159 	.section	.debug_frame
                   15160 .LDW_4c3be90:
000009d8 00000000* 15161 	.data.w	.LDW_unq_ca-.LDW_unq_c9
                   15162 .LDW_unq_c9:
000009dc 00000000* 15163 	.data.w	.LDW_4a14d18
000009e0 00000000* 15164 	.data.w	Hmg_Sha160
000009e4 00000004  15165 	.data.w	__ghs_eofn_Hmg_Sha160-Hmg_Sha160
000009e8 01        15166 	.data.b	1
000009e9 00000000* 15167 	.data.w	.LDW902
000009ed 00        15168 	.data.b	0
000009ee 00        15169 	.data.b	0
000009ef 00        15170 	.data.b	0
                   15171 .LDW_unq_ca:
                   15172 	.section	.debug_line
000008fa 020500    15173 	.data.b	0,5,2
000008fd 00000000* 15174 	.data.w	Hmg_Sha160
00000901 06        15175 	.data.b	6
00000902 03        15176 	.data.b	3
00000903 06dc      15177 	.data.b	220,6
00000905 02        15178 	.data.b	2
00000906 00        15179 	.data.b	0
00000907 01        15180 	.data.b	1
00000908 06        15181 	.data.b	6
00000909 02        15182 	.data.b	2

                                                                      Page 268
                                                              C:\Windows\TEMP\gh_000098c3.si
0000090a 02        15183 	.data.b	2
0000090b 02        15184 	.data.b	2
0000090c 02        15185 	.data.b	2
0000090d 010100    15186 	.data.b	0,1,1
                   15187 	.section	.debug_info
                   15188 .LDW_4a25700:
0000452e 11        15189 	.data.b	17
0000452f 65676964  15190 	.data.b	100,105,103,101,115,116,0
00004533 007473 
00004536 06d8      15191 	.data.b	216,6
00004538 12        15192 	.data.b	18
00004539 01        15193 	.data.b	1
0000453a 00000000* 15194 	.data.w	.LDW_3732d60
0000453e 00        15195 	.data.b	0
0000453f 5001      15196 	.data.b	1,80
                   15197 
                   15198 .LDW_4a25860:
00004541 11        15199 	.data.b	17
00004542 61746164  15200 	.data.b	100,97,116,97,0
00004546 00 
00004547 06d9      15201 	.data.b	217,6
00004549 12        15202 	.data.b	18
0000454a 01        15203 	.data.b	1
0000454b 00000000* 15204 	.data.w	.LDW_3732c10
0000454f 00        15205 	.data.b	0
00004550 5101      15206 	.data.b	1,81
                   15207 
                   15208 .LDW_4a258b8:
00004552 11        15209 	.data.b	17
00004553 61746164  15210 	.data.b	100,97,116,97,76,101,110,0
00004557 006e654c 
0000455b 06da      15211 	.data.b	218,6
0000455d 12        15212 	.data.b	18
0000455e 01        15213 	.data.b	1
0000455f 00000000* 15214 	.data.w	.LDW_49c9cf8
00004563 00        15215 	.data.b	0
00004564 5201      15216 	.data.b	1,82
                   15217 
                   15218 .LDW_4a282d0:
00004566 1f        15219 	.data.b	31
00004567 00000000* 15220 	.data.w	.LDW802
0000456b 00000000* 15221 	.data.w	.LDW902
                   15222 
0000456f 00        15223 	.data.b	0
                   15224 
00004570 00        15225 	.data.b	0
                   15226 
                   15227 .LDW_4a26d80:
00004571 16        15228 	.data.b	22
00004572 5f676d48  15229 	.data.b	72,109,103,95,83,104,97,50,53,54,83,116,97,114,116,0
00004576 32616853 
0000457a 74533635 
0000457e 00747261 
00004582 06e1      15230 	.data.b	225,6
00004584 09        15231 	.data.b	9
00004585 01        15232 	.data.b	1
00004586 00000000* 15233 	.data.w	.LDW_4956928
0000458a 00000000* 15234 	.data.w	Hmg_Sha256Start
0000458e 00000000* 15235 	.data.w	__ghs_eofn_Hmg_Sha256Start
00004592 5d01      15236 	.data.b	1,93
00004594 00        15237 	.data.b	0

                                                                      Page 269
                                                              C:\Windows\TEMP\gh_000098c3.si
00004595 04        15238 	.data.b	4
00004596 00        15239 	.data.b	0
00004597 7c        15240 	.data.b	124
00004598 01        15241 	.data.b	1
00004599 00        15242 	.data.b	0
0000459a 00        15243 	.data.b	0
0000459b 01        15244 	.data.b	1
0000459c 01        15245 	.data.b	1
0000459d 00        15246 	.data.b	0
0000459e 01        15247 	.data.b	1
                   15248 
                   15249 	.section	.debug_frame
                   15250 .LDW_4c3c490:
000009f0 00000000* 15251 	.data.w	.LDW_unq_cc-.LDW_unq_cb
                   15252 .LDW_unq_cb:
000009f4 00000000* 15253 	.data.w	.LDW_4a14d18
000009f8 00000000* 15254 	.data.w	Hmg_Sha256Start
000009fc 00000004  15255 	.data.w	__ghs_eofn_Hmg_Sha256Start-Hmg_Sha256Start
00000a00 01        15256 	.data.b	1
00000a01 00000000* 15257 	.data.w	.LDW112
00000a05 00        15258 	.data.b	0
00000a06 00        15259 	.data.b	0
00000a07 00        15260 	.data.b	0
                   15261 .LDW_unq_cc:
                   15262 	.section	.debug_line
00000910 020500    15263 	.data.b	0,5,2
00000913 00000000* 15264 	.data.w	Hmg_Sha256Start
00000917 06        15265 	.data.b	6
00000918 03        15266 	.data.b	3
00000919 06e4      15267 	.data.b	228,6
0000091b 02        15268 	.data.b	2
0000091c 00        15269 	.data.b	0
0000091d 01        15270 	.data.b	1
0000091e 06        15271 	.data.b	6
0000091f 02        15272 	.data.b	2
00000920 02        15273 	.data.b	2
00000921 02        15274 	.data.b	2
00000922 02        15275 	.data.b	2
00000923 010100    15276 	.data.b	0,1,1
                   15277 	.section	.debug_info
                   15278 .LDW_4a25c80:
0000459f 11        15279 	.data.b	17
000045a0 32616873  15280 	.data.b	115,104,97,50,53,54,67,116,120,0
000045a4 74433635 
000045a8 0078 
000045aa 06e2      15281 	.data.b	226,6
000045ac 1b        15282 	.data.b	27
000045ad 01        15283 	.data.b	1
000045ae 00000000* 15284 	.data.w	.LDW_4a08a38
000045b2 00        15285 	.data.b	0
000045b3 5001      15286 	.data.b	1,80
                   15287 
                   15288 .LDW_4a285a0:
000045b5 1f        15289 	.data.b	31
000045b6 00000000* 15290 	.data.w	.LDW012
000045ba 00000000* 15291 	.data.w	.LDW112
                   15292 
000045be 00        15293 	.data.b	0
                   15294 
000045bf 00        15295 	.data.b	0
                   15296 

                                                                      Page 270
                                                              C:\Windows\TEMP\gh_000098c3.si
                   15297 .LDW_4a26f48:
000045c0 16        15298 	.data.b	22
000045c1 5f676d48  15299 	.data.b	72,109,103,95,83,104,97,50,53,54,85,112,100,97,116,101,0
000045c5 32616853 
000045c9 70553635 
000045cd 65746164 
000045d1 00 
000045d2 06e7      15300 	.data.b	231,6
000045d4 09        15301 	.data.b	9
000045d5 01        15302 	.data.b	1
000045d6 00000000* 15303 	.data.w	.LDW_4956928
000045da 00000000* 15304 	.data.w	Hmg_Sha256Update
000045de 00000000* 15305 	.data.w	__ghs_eofn_Hmg_Sha256Update
000045e2 5d01      15306 	.data.b	1,93
000045e4 00        15307 	.data.b	0
000045e5 04        15308 	.data.b	4
000045e6 00        15309 	.data.b	0
000045e7 7c        15310 	.data.b	124
000045e8 01        15311 	.data.b	1
000045e9 00        15312 	.data.b	0
000045ea 00        15313 	.data.b	0
000045eb 01        15314 	.data.b	1
000045ec 01        15315 	.data.b	1
000045ed 00        15316 	.data.b	0
000045ee 01        15317 	.data.b	1
                   15318 
                   15319 	.section	.debug_frame
                   15320 .LDW_4c3c810:
00000a08 00000000* 15321 	.data.w	.LDW_unq_ce-.LDW_unq_cd
                   15322 .LDW_unq_cd:
00000a0c 00000000* 15323 	.data.w	.LDW_4a14d18
00000a10 00000000* 15324 	.data.w	Hmg_Sha256Update
00000a14 00000004  15325 	.data.w	__ghs_eofn_Hmg_Sha256Update-Hmg_Sha256Update
00000a18 01        15326 	.data.b	1
00000a19 00000000* 15327 	.data.w	.LDW312
00000a1d 00        15328 	.data.b	0
00000a1e 00        15329 	.data.b	0
00000a1f 00        15330 	.data.b	0
                   15331 .LDW_unq_ce:
                   15332 	.section	.debug_line
00000926 020500    15333 	.data.b	0,5,2
00000929 00000000* 15334 	.data.w	Hmg_Sha256Update
0000092d 06        15335 	.data.b	6
0000092e 03        15336 	.data.b	3
0000092f 06ec      15337 	.data.b	236,6
00000931 02        15338 	.data.b	2
00000932 00        15339 	.data.b	0
00000933 01        15340 	.data.b	1
00000934 06        15341 	.data.b	6
00000935 02        15342 	.data.b	2
00000936 02        15343 	.data.b	2
00000937 02        15344 	.data.b	2
00000938 02        15345 	.data.b	2
00000939 010100    15346 	.data.b	0,1,1
                   15347 	.section	.debug_info
                   15348 .LDW_4a25338:
000045ef 11        15349 	.data.b	17
000045f0 32616873  15350 	.data.b	115,104,97,50,53,54,67,116,120,0
000045f4 74433635 
000045f8 0078 
000045fa 06e8      15351 	.data.b	232,6

                                                                      Page 271
                                                              C:\Windows\TEMP\gh_000098c3.si
000045fc 1b        15352 	.data.b	27
000045fd 01        15353 	.data.b	1
000045fe 00000000* 15354 	.data.w	.LDW_4a08a38
00004602 00        15355 	.data.b	0
00004603 5001      15356 	.data.b	1,80
                   15357 
                   15358 .LDW_4a25d88:
00004605 11        15359 	.data.b	17
00004606 61746164  15360 	.data.b	100,97,116,97,0
0000460a 00 
0000460b 06e9      15361 	.data.b	233,6
0000460d 17        15362 	.data.b	23
0000460e 01        15363 	.data.b	1
0000460f 00000000* 15364 	.data.w	.LDW_3732c10
00004613 00        15365 	.data.b	0
00004614 5101      15366 	.data.b	1,81
                   15367 
                   15368 .LDW_4a25d30:
00004616 11        15369 	.data.b	17
00004617 61746164  15370 	.data.b	100,97,116,97,76,101,110,0
0000461b 006e654c 
0000461f 06ea      15371 	.data.b	234,6
00004621 17        15372 	.data.b	23
00004622 01        15373 	.data.b	1
00004623 00000000* 15374 	.data.w	.LDW_49c9cf8
00004627 00        15375 	.data.b	0
00004628 5201      15376 	.data.b	1,82
                   15377 
                   15378 .LDW_4a284e0:
0000462a 1f        15379 	.data.b	31
0000462b 00000000* 15380 	.data.w	.LDW212
0000462f 00000000* 15381 	.data.w	.LDW312
                   15382 
00004633 00        15383 	.data.b	0
                   15384 
00004634 00        15385 	.data.b	0
                   15386 
                   15387 .LDW_4a26ce8:
00004635 16        15388 	.data.b	22
00004636 5f676d48  15389 	.data.b	72,109,103,95,83,104,97,50,53,54,70,105,110,105,115,104,0
0000463a 32616853 
0000463e 69463635 
00004642 6873696e 
00004646 00 
00004647 06ef      15390 	.data.b	239,6
00004649 09        15391 	.data.b	9
0000464a 01        15392 	.data.b	1
0000464b 00000000* 15393 	.data.w	.LDW_4956928
0000464f 00000000* 15394 	.data.w	Hmg_Sha256Finish
00004653 00000000* 15395 	.data.w	__ghs_eofn_Hmg_Sha256Finish
00004657 5d01      15396 	.data.b	1,93
00004659 00        15397 	.data.b	0
0000465a 04        15398 	.data.b	4
0000465b 00        15399 	.data.b	0
0000465c 7c        15400 	.data.b	124
0000465d 01        15401 	.data.b	1
0000465e 00        15402 	.data.b	0
0000465f 00        15403 	.data.b	0
00004660 01        15404 	.data.b	1
00004661 01        15405 	.data.b	1
00004662 00        15406 	.data.b	0

                                                                      Page 272
                                                              C:\Windows\TEMP\gh_000098c3.si
00004663 01        15407 	.data.b	1
                   15408 
                   15409 	.section	.debug_frame
                   15410 .LDW_4c3ca50:
00000a20 00000000* 15411 	.data.w	.LDW_unq_d0-.LDW_unq_cf
                   15412 .LDW_unq_cf:
00000a24 00000000* 15413 	.data.w	.LDW_4a14d18
00000a28 00000000* 15414 	.data.w	Hmg_Sha256Finish
00000a2c 00000004  15415 	.data.w	__ghs_eofn_Hmg_Sha256Finish-Hmg_Sha256Finish
00000a30 01        15416 	.data.b	1
00000a31 00000000* 15417 	.data.w	.LDW512
00000a35 00        15418 	.data.b	0
00000a36 00        15419 	.data.b	0
00000a37 00        15420 	.data.b	0
                   15421 .LDW_unq_d0:
                   15422 	.section	.debug_line
0000093c 020500    15423 	.data.b	0,5,2
0000093f 00000000* 15424 	.data.w	Hmg_Sha256Finish
00000943 06        15425 	.data.b	6
00000944 03        15426 	.data.b	3
00000945 06f3      15427 	.data.b	243,6
00000947 02        15428 	.data.b	2
00000948 00        15429 	.data.b	0
00000949 01        15430 	.data.b	1
0000094a 06        15431 	.data.b	6
0000094b 02        15432 	.data.b	2
0000094c 02        15433 	.data.b	2
0000094d 02        15434 	.data.b	2
0000094e 02        15435 	.data.b	2
0000094f 010100    15436 	.data.b	0,1,1
                   15437 	.section	.debug_info
                   15438 .LDW_4a26150:
00004664 11        15439 	.data.b	17
00004665 32616873  15440 	.data.b	115,104,97,50,53,54,67,116,120,0
00004669 74433635 
0000466d 0078 
0000466f 06f0      15441 	.data.b	240,6
00004671 1b        15442 	.data.b	27
00004672 01        15443 	.data.b	1
00004673 00000000* 15444 	.data.w	.LDW_4a08a38
00004677 00        15445 	.data.b	0
00004678 5001      15446 	.data.b	1,80
                   15447 
                   15448 .LDW_4a25de0:
0000467a 11        15449 	.data.b	17
0000467b 65676964  15450 	.data.b	100,105,103,101,115,116,0
0000467f 007473 
00004682 06f1      15451 	.data.b	241,6
00004684 15        15452 	.data.b	21
00004685 01        15453 	.data.b	1
00004686 00000000* 15454 	.data.w	.LDW_3732d60
0000468a 00        15455 	.data.b	0
0000468b 5101      15456 	.data.b	1,81
                   15457 
                   15458 .LDW_4a28330:
0000468d 1f        15459 	.data.b	31
0000468e 00000000* 15460 	.data.w	.LDW412
00004692 00000000* 15461 	.data.w	.LDW512
                   15462 
00004696 00        15463 	.data.b	0
                   15464 

                                                                      Page 273
                                                              C:\Windows\TEMP\gh_000098c3.si
00004697 00        15465 	.data.b	0
                   15466 
                   15467 .LDW_4a26fe0:
00004698 16        15468 	.data.b	22
00004699 5f676d48  15469 	.data.b	72,109,103,95,83,104,97,50,53,54,0
0000469d 32616853 
000046a1 003635 
000046a4 06f6      15470 	.data.b	246,6
000046a6 09        15471 	.data.b	9
000046a7 01        15472 	.data.b	1
000046a8 00000000* 15473 	.data.w	.LDW_4956928
000046ac 00000000* 15474 	.data.w	Hmg_Sha256
000046b0 00000000* 15475 	.data.w	__ghs_eofn_Hmg_Sha256
000046b4 5d01      15476 	.data.b	1,93
000046b6 00        15477 	.data.b	0
000046b7 04        15478 	.data.b	4
000046b8 00        15479 	.data.b	0
000046b9 7c        15480 	.data.b	124
000046ba 01        15481 	.data.b	1
000046bb 00        15482 	.data.b	0
000046bc 00        15483 	.data.b	0
000046bd 01        15484 	.data.b	1
000046be 01        15485 	.data.b	1
000046bf 00        15486 	.data.b	0
000046c0 01        15487 	.data.b	1
                   15488 
                   15489 	.section	.debug_frame
                   15490 .LDW_4c3d190:
00000a38 00000000* 15491 	.data.w	.LDW_unq_d2-.LDW_unq_d1
                   15492 .LDW_unq_d1:
00000a3c 00000000* 15493 	.data.w	.LDW_4a14d18
00000a40 00000000* 15494 	.data.w	Hmg_Sha256
00000a44 00000004  15495 	.data.w	__ghs_eofn_Hmg_Sha256-Hmg_Sha256
00000a48 01        15496 	.data.b	1
00000a49 00000000* 15497 	.data.w	.LDW712
00000a4d 00        15498 	.data.b	0
00000a4e 00        15499 	.data.b	0
00000a4f 00        15500 	.data.b	0
                   15501 .LDW_unq_d2:
                   15502 	.section	.debug_line
00000952 020500    15503 	.data.b	0,5,2
00000955 00000000* 15504 	.data.w	Hmg_Sha256
00000959 06        15505 	.data.b	6
0000095a 03        15506 	.data.b	3
0000095b 06fb      15507 	.data.b	251,6
0000095d 02        15508 	.data.b	2
0000095e 00        15509 	.data.b	0
0000095f 01        15510 	.data.b	1
00000960 06        15511 	.data.b	6
00000961 02        15512 	.data.b	2
00000962 02        15513 	.data.b	2
00000963 02        15514 	.data.b	2
00000964 02        15515 	.data.b	2
00000965 010100    15516 	.data.b	0,1,1
                   15517 	.section	.debug_info
                   15518 .LDW_4a25e90:
000046c1 11        15519 	.data.b	17
000046c2 65676964  15520 	.data.b	100,105,103,101,115,116,0
000046c6 007473 
000046c9 06f7      15521 	.data.b	247,6
000046cb 12        15522 	.data.b	18

                                                                      Page 274
                                                              C:\Windows\TEMP\gh_000098c3.si
000046cc 01        15523 	.data.b	1
000046cd 00000000* 15524 	.data.w	.LDW_3732d60
000046d1 00        15525 	.data.b	0
000046d2 5001      15526 	.data.b	1,80
                   15527 
                   15528 .LDW_4a25e38:
000046d4 11        15529 	.data.b	17
000046d5 61746164  15530 	.data.b	100,97,116,97,0
000046d9 00 
000046da 06f8      15531 	.data.b	248,6
000046dc 12        15532 	.data.b	18
000046dd 01        15533 	.data.b	1
000046de 00000000* 15534 	.data.w	.LDW_3732c10
000046e2 00        15535 	.data.b	0
000046e3 5101      15536 	.data.b	1,81
                   15537 
                   15538 .LDW_4a26048:
000046e5 11        15539 	.data.b	17
000046e6 61746164  15540 	.data.b	100,97,116,97,76,101,110,0
000046ea 006e654c 
000046ee 06f9      15541 	.data.b	249,6
000046f0 12        15542 	.data.b	18
000046f1 01        15543 	.data.b	1
000046f2 00000000* 15544 	.data.w	.LDW_49c9cf8
000046f6 00        15545 	.data.b	0
000046f7 5201      15546 	.data.b	1,82
                   15547 
                   15548 .LDW_4a28570:
000046f9 1f        15549 	.data.b	31
000046fa 00000000* 15550 	.data.w	.LDW612
000046fe 00000000* 15551 	.data.w	.LDW712
                   15552 
00004702 00        15553 	.data.b	0
                   15554 
00004703 00        15555 	.data.b	0
                   15556 
00004704 00        15557 	.data.b	0
                   15558 
                   15559 	.section	.debug_line
                   15560 .Ldw_line_end:
                   15561 	.section	.debug_macinfo
00000000 03        15562 	.data.b	3
00000001 00        15563 	.data.b	0
00000002 01        15564 	.data.b	1
00000003 03        15565 	.data.b	3
00000004 1d        15566 	.data.b	29
00000005 02        15567 	.data.b	2
00000006 01        15568 	.data.b	1
00000007 28        15569 	.data.b	40
00000008 5f474d48  15570 	.data.b	72,77,71,95,70,65,73,76,85,82,69,32,40,49,85,41,0
0000000c 4c494146 
00000010 20455255 
00000014 29553128 
00000018 00 
00000019 01        15571 	.data.b	1
0000001a 37        15572 	.data.b	55
0000001b 5f474d48  15573 	.data.b	72,77,71,95,73,78,32,99,111,110,115,116,0
0000001f 63204e49 
00000023 74736e6f 
00000027 00 
00000028 01        15574 	.data.b	1

                                                                      Page 275
                                                              C:\Windows\TEMP\gh_000098c3.si
00000029 3b        15575 	.data.b	59
0000002a 5f474d48  15576 	.data.b	72,77,71,95,79,85,84,32,0
0000002e 2054554f 
00000032 00 
00000033 01        15577 	.data.b	1
00000034 3f        15578 	.data.b	63
00000035 5f474d48  15579 	.data.b	72,77,71,95,73,78,79,85,84,32,0
00000039 554f4e49 
0000003d 002054 
00000040 01        15580 	.data.b	1
00000041 43        15581 	.data.b	67
00000042 5f474d48  15582 	.data.b	72,77,71,95,82,83,65,95,66,73,84,95,83,73,90,69,32,50,48,52,56,85,0
00000046 5f415352 
0000004a 5f544942 
0000004e 455a4953 
00000052 34303220 
00000056 005538 
00000059 01        15583 	.data.b	1
0000005a 46        15584 	.data.b	70
0000005b 5f474d48  15585 	.data.b	72,77,71,95,65,69,83,95,78,95,66,76,79,67,75,32,49,54,85,0
0000005f 5f534541 
00000063 4c425f4e 
00000067 204b434f 
0000006b 00553631 
0000006f 01        15586 	.data.b	1
00000070 47        15587 	.data.b	71
00000071 5f474d48  15588 	.data.b	72,77,71,95,65,69,83,95,78,95,82,79,85,78,68,32,49,52,85,0
00000075 5f534541 
00000079 4f525f4e 
0000007d 20444e55 
00000081 00553431 
00000085 01        15589 	.data.b	1
00000086 48        15590 	.data.b	72
00000087 5f474d48  15591 	.data.b	72,77,71,95,65,69,83,95,67,77,65,67,95,84,65,71,95,76,69,78,32,49,54,85,0
0000008b 5f534541 
0000008f 43414d43 
00000093 4741545f 
00000097 4e454c5f 
0000009b 55363120 
0000009f 00 
000000a0 01        15592 	.data.b	1
000000a1 49        15593 	.data.b	73
000000a2 5f474d48  15594 	.data.b	72,77,71,95,71,67,77,95,84,65,71,95,83,73,90,69,32,49,54,85,0
000000a6 5f4d4347 
000000aa 5f474154 
000000ae 455a4953 
000000b2 55363120 
000000b6 00 
000000b7 01        15595 	.data.b	1
000000b8 4d        15596 	.data.b	77
000000b9 5f474d48  15597 	.data.b	72,77,71,95,69,67,67,95,87,79,82,68,83,95,83,73,90,69,32,56,85,0
000000bd 5f434345 
000000c1 44524f57 
000000c5 49535f53 
000000c9 3820455a 
000000cd 0055 
000000cf 01        15598 	.data.b	1
000000d0 50        15599 	.data.b	80
000000d1 5f474d48  15600 	.data.b	72,77,71,95,69,67,73,69,83,95,84,65,71,95,66,89,84,69,83,32,49,54,85,0
000000d5 45494345 
000000d9 41545f53 

                                                                      Page 276
                                                              C:\Windows\TEMP\gh_000098c3.si
000000dd 59425f47 
000000e1 20534554 
000000e5 00553631 
000000e9 01        15601 	.data.b	1
000000ea 51        15602 	.data.b	81
000000eb 5f474d48  15603 	.data.b	72,77,71,95,69,67,73,69,83,95,77,83,71,95,77,65,88,95,66,89,84,69,83,32,51,50,85,0
000000ef 45494345 
000000f3 534d5f53 
000000f7 414d5f47 
000000fb 59425f58 
000000ff 20534554 
00000103 00553233 
00000107 01        15604 	.data.b	1
00000108 55        15605 	.data.b	85
00000109 5f474d48  15606 	.data.b	72,77,71,95,83,72,65,49,54,48,95,66,76,79,67,75,95,83,73,90,69,32,54,52,85,0
0000010d 31414853 
00000111 425f3036 
00000115 4b434f4c 
00000119 5a49535f 
0000011d 34362045 
00000121 0055 
00000123 01        15607 	.data.b	1
00000124 57        15608 	.data.b	87
00000125 5f474d48  15609 	.data.b	72,77,71,95,83,72,65,49,54,48,95,68,73,71,69,83,84,95,83,73,90,69,32,50,48,85,0
00000129 31414853 
0000012d 445f3036 
00000131 53454749 
00000135 49535f54 
00000139 3220455a 
0000013d 005530 
00000140 01        15610 	.data.b	1
00000141 5b        15611 	.data.b	91
00000142 5f474d48  15612 	.data.b	72,77,71,95,83,72,65,50,53,54,95,66,76,79,67,75,95,83,73,90,69,32,54,52,85,0
00000146 32414853 
0000014a 425f3635 
0000014e 4b434f4c 
00000152 5a49535f 
00000156 34362045 
0000015a 0055 
0000015c 01        15613 	.data.b	1
0000015d 5d        15614 	.data.b	93
0000015e 5f474d48  15615 	.data.b	72,77,71,95,83,72,65,50,53,54,95,68,73,71,69,83,84,95,83,73,90,69,32,51,50,85,0
00000162 32414853 
00000166 445f3635 
0000016a 53454749 
0000016e 49535f54 
00000172 3320455a 
00000176 005532 
00000179 01        15616 	.data.b	1
0000017a 64        15617 	.data.b	100
0000017b 5f474d48  15618 	.data.b	72,77,71,95,82,83,65,95,68,87,79,82,68,95,83,73,90,69,32,40,72,77,71,95,82,83,65,95,66,73,84,95,83,73,90,69,32,47,32,51,50,85,41,0
0000017f 5f415352 
00000183 524f5744 
00000187 49535f44 
0000018b 2820455a 
0000018f 5f474d48 
00000193 5f415352 
00000197 5f544942 
0000019b 455a4953 
0000019f 33202f20 
000001a3 00295532 

                                                                      Page 277
                                                              C:\Windows\TEMP\gh_000098c3.si
000001a7 01        15619 	.data.b	1
000001a8 77        15620 	.data.b	119
000001a9 5f474d48  15621 	.data.b	72,77,71,95,69,78,84,82,79,80,89,95,76,69,78,32,49,54,117,0
000001ad 52544e45 
000001b1 5f59504f 
000001b5 204e454c 
000001b9 00753631 
000001bd 01        15622 	.data.b	1
000001be 79        15623 	.data.b	121
000001bf 5f474d48  15624 	.data.b	72,77,71,95,82,78,68,95,75,69,89,95,83,73,90,69,32,51,50,117,0
000001c3 5f444e52 
000001c7 5f59454b 
000001cb 455a4953 
000001cf 75323320 
000001d3 00 
000001d4 01        15625 	.data.b	1
000001d5 7b        15626 	.data.b	123
000001d6 5f474d48  15627 	.data.b	72,77,71,95,82,78,68,95,83,84,65,84,69,95,83,73,90,69,32,49,54,117,0
000001da 5f444e52 
000001de 54415453 
000001e2 49535f45 
000001e6 3120455a 
000001ea 007536 
000001ed 04        15628 	.data.b	4
000001ee 04        15629 	.data.b	4
000001ef 00        15630 	.data.b	0
                   15631 	.section	.debug_abbrev
0000011d 00        15632 	.data.b	0
                   15633 	.section	.debug_info
                   15634 .Ldw_end:
