                                                                      Page 1
                                                              C:\Windows\TEMP\gh_00000ro3.si
Command Line: D:\ts_mirr\gh\ARM.V2017.1.4\comp_201714\asarm.exe -elf -b0 -I. -ICryptoLib/DummyCrypto/usercode -IFBL/FBL_Output/inc -IFBL/Integration_Code/integration_FBL_F/fixedcode -IFBL/Integration_Code/integration_FBL_F/usercode -IFBL/Integration_Code/integration_FBL_F/usercode/infineon_ucb/TC3XX -IFBL/Modules/b_autosar_cdd_FBL_common/delivery/aut_hsm -IFBL/Modules/b_autosar_cdd_FBL_common/delivery/btl -IFBL/Modules/b_autosar_cdd_FBL_common/delivery/comm -IFBL/Modules/b_autosar_cdd_FBL_common/delivery/diag -IFBL/Modules/b_autosar_cdd_FBL_common/delivery/mem -IFBL/Modules/b_autosar_cdd_FBL_common/delivery/misc -IFBL/Modules/b_autosar_cdd_FBL_common/delivery/sec -IFBL/Modules/b_autosar_cdd_FBL_cytxxx/delivery -IFBL/Modules/b_autosar_cdd_FBL_cytxxx/delivery/ip/CYT2B7 -IFBL/Modules/b_autosar_cdd_FBL_cytxxx/delivery/ip/CYT2B9 -IFBL/Modules/b_autosar_cdd_FBL_cytxxx/delivery/ip/CYT2BL -IFBL/Modules/b_autosar_cdd_FBL_cytxxx/delivery/ip/CYT3BB -IFBL/Modules/b_autosar_cdd_FBL_cytxxx/delivery/ip/CYT4BB -IFBL/Modules/b_autosar_cdd_FBL_cytxxx/delivery/ip/CYT4BF -Iinc -ID:\ts_mirr\gh\ARM.V2017.1.4\comp_201714\lib\thumb2 -cpu=cortexm4f -fpu=vfpv3_d16 -fpu=single -patch_dbo=C:\Working\AUTOSAR\WPC\01_SWP_Backup\ksn_backup\e_ka4_pe_wpc_v200_220519_1\FBL\Debug_FBL\CryptoLib\DummyCrypto\usercode\Dummy_HaeHsmDriver.dbo -source=Dummy_HaeHsmDriver.c -o FBL\Debug_FBL\CryptoLib\DummyCrypto\usercode\gh_00000ro3.o -list=FBL/Debug_FBL/CryptoLib/DummyCrypto/usercode/Dummy_HaeHsmDriver.lst C:\Windows\TEMP\gh_00000ro3.si 
Original File: C:\Windows\TEMP\gh_00000ro3.si
Source File: Dummy_HaeHsmDriver.c
Directory: C:\Working\AUTOSAR\WPC\01_SWP_Backup\ksn_backup\e_ka4_pe_wpc_v200_220519_1
Host OS: Windows
EASE: Copyright (C) 1983-2016 Green Hills Software.  All Rights Reserved.
Release: Compiler v2017.1.4
Build Directory: [Directory] COMP-VAL-WIN47:l:/compiler/release-branch-2017-1-comp/build/v2017.1-2017-04-09/win32-comp-ecom
Revision: [VCInfo] http://toolsvc/branches/release-branch-2017-1-comp/src@589570 (built by auto-compiler)
Revision Date: Mon Apr 10 11:52:57 2017

Release Date: Mon Apr 10 09:00:05 2017

                       1 ;Driver Command: ccarm -o
                       2 ;		FBL/Debug_FBL/CryptoLib/DummyCrypto/usercode/Dummy_HaeHsmDriver.o
                       3 ;		-D__GHS__ --no_alternative_tokens --no_commons --prototype_errors
                       4 ;		--short_enum -DCPU_BOARD_REVC -DCYT2B98CAE -DCY_USE_PSVP=0
                       5 ;		-D__ghs__ -Dcyt2b9 -Dtviibe2m -G -OI -Ointerproc -Olink -Omax
                       6 ;		-Ospeed -Wformat -Wimplicit-int -Wshadow -Wtrigraphs -Wundef
                       7 ;		-align4 -asm3g -c -cpu=cortexm4f -dwarf2 -fsingle
                       8 ;		-globalcheck=normal -globalcheck_qualifiers -list -nostartfiles
                       9 ;		-preprocess_assembly_files -reject_duplicates -thumb -thumb_lib
                      10 ;		--gnu_asm -D__cortexm4__ -DFLASH_START -DGHS -DIN_BOOT
                      11 ;		-D_GHS_C_ARM_ -D__EDG__ -DDISABLE_MCAL_INTERMODULE_ASR_CHECK -I.
                      12 ;		-ICryptoLib/DummyCrypto/usercode -IFBL/FBL_Output/inc
                      13 ;		-IFBL/Integration_Code/integration_FBL_F/fixedcode
                      14 ;		-IFBL/Integration_Code/integration_FBL_F/usercode
                      15 ;		-IFBL/Integration_Code/integration_FBL_F/usercode/infineon_ucb/TC3XX
                      16 ;		-IFBL/Modules/b_autosar_cdd_FBL_common/delivery/aut_hsm
                      17 ;		-IFBL/Modules/b_autosar_cdd_FBL_common/delivery/btl
                      18 ;		-IFBL/Modules/b_autosar_cdd_FBL_common/delivery/comm
                      19 ;		-IFBL/Modules/b_autosar_cdd_FBL_common/delivery/diag
                      20 ;		-IFBL/Modules/b_autosar_cdd_FBL_common/delivery/mem
                      21 ;		-IFBL/Modules/b_autosar_cdd_FBL_common/delivery/misc
                      22 ;		-IFBL/Modules/b_autosar_cdd_FBL_common/delivery/sec
                      23 ;		-IFBL/Modules/b_autosar_cdd_FBL_cytxxx/delivery
                      24 ;		-IFBL/Modules/b_autosar_cdd_FBL_cytxxx/delivery/ip/CYT2B7
                      25 ;		-IFBL/Modules/b_autosar_cdd_FBL_cytxxx/delivery/ip/CYT2B9
                      26 ;		-IFBL/Modules/b_autosar_cdd_FBL_cytxxx/delivery/ip/CYT2BL
                      27 ;		-IFBL/Modules/b_autosar_cdd_FBL_cytxxx/delivery/ip/CYT3BB
                      28 ;		-IFBL/Modules/b_autosar_cdd_FBL_cytxxx/delivery/ip/CYT4BB
                      29 ;		-IFBL/Modules/b_autosar_cdd_FBL_cytxxx/delivery/ip/CYT4BF -Iinc
                      30 ;		CryptoLib/DummyCrypto/usercode/Dummy_HaeHsmDriver.c
                      31 ;Source File:   CryptoLib/DummyCrypto/usercode/Dummy_HaeHsmDriver.c
                      32 ;Directory:     
                      33 ;		C:\Working\AUTOSAR\WPC\01_SWP_Backup\ksn_backup\e_ka4_pe_wpc_v200_220519_1
                      34 ;Compile Date:  Wed May 25 13:50:59 2022
                      35 ;Host OS:       Win32
                      36 ;Version:       C-ARM 2017.1.4 RELEASE VERSION
                      37 ;Release:       Compiler v2017.1.4
                      38 ;Revision Date: Tue Apr 11 02:37:22 2017
                      39 ;Release Date:  Mon Apr 10 09:00:05 2017
                      40 ; ecom  -g -w -OLM
                      41 	.text
                      42 ..bof.C.3A.5CWorking.5CAUTOSAR.5CWPC.5C01_SWP_Backup.5Cksn_backup.5Ce_ka4_pe_wpc_v200_220519_1.5CFBL.5CDebug_FBL.5CCryptoLib.5CDummyCrypto.5Cusercode.5CDummy_HaeHsmDriver...43.3A.5CWorking.5CAUTOSAR.5CWPC.5C01_SWP_Backup.5Cksn_backup.5Ce_ka4_pe_wpc_v200_220519_1..628DB5B3..0::
                      43 	.align	2
                      44 ..gh.f.f.1.a.1.e.0:
                      45 	.endo	..gh.f.f.1.a.1.e.0
                      46 	.thumb2
                      47 HSM_AesEncStart::
                      48 .LDW01:
00000000 2001         49 	movs	r0,1
                      50 .LDW11:

                                                                      Page 2
                                                              C:\Windows\TEMP\gh_00000ro3.si
00000002 4770         51 	ret
                      52 __ghs_eofn_HSM_AesEncStart::
                      53 	.endf	HSM_AesEncStart
                      54 
                      55 ;aesCtx	none	param
                      56 ;aesMode	none	param
                      57 ;aesKeyNum	none	param
                      58 ;ivBuff	none	param
                      59 
                      60 	.section ".bss","awb"
                      61 .L48:
                      62 	.endo	.L48
                      63 	.text
                      64 ..gh.f.f.1.a.1.e.1:
                      65 	.endo	..gh.f.f.1.a.1.e.1
                      66 HSM_AesEncUpdate::
                      67 .LDW21:
00000004 2001         68 	movs	r0,1
                      69 .LDW31:
00000006 4770         70 	ret
                      71 __ghs_eofn_HSM_AesEncUpdate::
                      72 	.endf	HSM_AesEncUpdate
                      73 
                      74 ;aesCtx	none	param
                      75 ;plain	none	param
                      76 ;plainLen	none	param
                      77 
                      78 	.section ".bss","awb"
                      79 .L112:
                      80 	.endo	.L112
                      81 	.text
                      82 ..gh.f.f.1.a.1.e.2:
                      83 	.endo	..gh.f.f.1.a.1.e.2
                      84 HSM_AesEncFinish::
                      85 .LDW41:
00000008 2001         86 	movs	r0,1
                      87 .LDW51:
0000000a 4770         88 	ret
                      89 __ghs_eofn_HSM_AesEncFinish::
                      90 	.endf	HSM_AesEncFinish
                      91 
                      92 ;aesCtx	none	param
                      93 
                      94 	.section ".bss","awb"
                      95 .L176:
                      96 	.endo	.L176
                      97 	.text
                      98 ..gh.f.f.1.a.1.e.3:
                      99 	.endo	..gh.f.f.1.a.1.e.3
                     100 HSM_AesDecStart::
                     101 .LDW61:
0000000c 2001        102 	movs	r0,1
                     103 .LDW71:
0000000e 4770        104 	ret
                     105 __ghs_eofn_HSM_AesDecStart::
                     106 	.endf	HSM_AesDecStart
                     107 
                     108 ;aesCtx	none	param
                     109 ;aesMode	none	param
                     110 ;aesKeyNum	none	param
                     111 ;ivBuff	none	param

                                                                      Page 3
                                                              C:\Windows\TEMP\gh_00000ro3.si
                     112 
                     113 	.section ".bss","awb"
                     114 .L240:
                     115 	.endo	.L240
                     116 	.text
                     117 ..gh.f.f.1.a.1.e.4:
                     118 	.endo	..gh.f.f.1.a.1.e.4
                     119 HSM_AesDecUpdate::
                     120 .LDW81:
00000010 2001        121 	movs	r0,1
                     122 .LDW91:
00000012 4770        123 	ret
                     124 __ghs_eofn_HSM_AesDecUpdate::
                     125 	.endf	HSM_AesDecUpdate
                     126 
                     127 ;aesCtx	none	param
                     128 ;cipher	none	param
                     129 ;cipherLen	none	param
                     130 
                     131 	.section ".bss","awb"
                     132 .L304:
                     133 	.endo	.L304
                     134 	.text
                     135 ..gh.f.f.1.a.1.e.5:
                     136 	.endo	..gh.f.f.1.a.1.e.5
                     137 HSM_AesDecFinish::
                     138 .LDW02:
00000014 2001        139 	movs	r0,1
                     140 .LDW12:
00000016 4770        141 	ret
                     142 __ghs_eofn_HSM_AesDecFinish::
                     143 	.endf	HSM_AesDecFinish
                     144 
                     145 ;aesCtx	none	param
                     146 
                     147 	.section ".bss","awb"
                     148 .L368:
                     149 	.endo	.L368
                     150 	.text
                     151 ..gh.f.f.1.a.1.e.6:
                     152 	.endo	..gh.f.f.1.a.1.e.6
                     153 HSM_AesCmacStart::
                     154 .LDW22:
00000018 2001        155 	movs	r0,1
                     156 .LDW32:
0000001a 4770        157 	ret
                     158 __ghs_eofn_HSM_AesCmacStart::
                     159 	.endf	HSM_AesCmacStart
                     160 
                     161 ;aesCmacCtx	none	param
                     162 ;aesCmacKeyNum	none	param
                     163 ;totalMsgLen	none	param
                     164 
                     165 	.section ".bss","awb"
                     166 .L432:
                     167 	.endo	.L432
                     168 	.text
                     169 ..gh.f.f.1.a.1.e.7:
                     170 	.endo	..gh.f.f.1.a.1.e.7
                     171 HSM_AesCmacUpdate::
                     172 .LDW42:

                                                                      Page 4
                                                              C:\Windows\TEMP\gh_00000ro3.si
0000001c 2001        173 	movs	r0,1
                     174 .LDW52:
0000001e 4770        175 	ret
                     176 __ghs_eofn_HSM_AesCmacUpdate::
                     177 	.endf	HSM_AesCmacUpdate
                     178 
                     179 ;aesCmacCtx	none	param
                     180 ;data	none	param
                     181 ;dataLen	none	param
                     182 
                     183 	.section ".bss","awb"
                     184 .L496:
                     185 	.endo	.L496
                     186 	.text
                     187 ..gh.f.f.1.a.1.e.8:
                     188 	.endo	..gh.f.f.1.a.1.e.8
                     189 HSM_AesCmacFinish::
                     190 .LDW62:
00000020 2001        191 	movs	r0,1
                     192 .LDW72:
00000022 4770        193 	ret
                     194 __ghs_eofn_HSM_AesCmacFinish::
                     195 	.endf	HSM_AesCmacFinish
                     196 
                     197 ;aesCmacCtx	none	param
                     198 ;digest	none	param
                     199 
                     200 	.section ".bss","awb"
                     201 .L560:
                     202 	.endo	.L560
                     203 	.text
                     204 ..gh.f.f.1.a.1.e.9:
                     205 	.endo	..gh.f.f.1.a.1.e.9
                     206 HSM_EccEcdsaSignStart::
                     207 .LDW82:
00000024 2001        208 	movs	r0,1
                     209 .LDW92:
00000026 4770        210 	ret
                     211 __ghs_eofn_HSM_EccEcdsaSignStart::
                     212 	.endf	HSM_EccEcdsaSignStart
                     213 
                     214 ;eccCtx	none	param
                     215 ;eccKeyNum	none	param
                     216 
                     217 	.section ".bss","awb"
                     218 .L624:
                     219 	.endo	.L624
                     220 	.text
                     221 ..gh.f.f.1.a.1.e.10:
                     222 	.endo	..gh.f.f.1.a.1.e.10
                     223 HSM_EccEcdsaSignUpdate::
                     224 .LDW03:
00000028 2001        225 	movs	r0,1
                     226 .LDW13:
0000002a 4770        227 	ret
                     228 __ghs_eofn_HSM_EccEcdsaSignUpdate::
                     229 	.endf	HSM_EccEcdsaSignUpdate
                     230 
                     231 ;eccCtx	none	param
                     232 ;digest	none	param
                     233 ;secretNumber	none	param

                                                                      Page 5
                                                              C:\Windows\TEMP\gh_00000ro3.si
                     234 
                     235 	.section ".bss","awb"
                     236 .L688:
                     237 	.endo	.L688
                     238 	.text
                     239 ..gh.f.f.1.a.1.e.11:
                     240 	.endo	..gh.f.f.1.a.1.e.11
                     241 HSM_EccEcdsaSignFinish::
                     242 .LDW23:
0000002c 2001        243 	movs	r0,1
                     244 .LDW33:
0000002e 4770        245 	ret
                     246 __ghs_eofn_HSM_EccEcdsaSignFinish::
                     247 	.endf	HSM_EccEcdsaSignFinish
                     248 
                     249 ;eccCtx	none	param
                     250 ;sign	none	param
                     251 
                     252 	.section ".bss","awb"
                     253 .L752:
                     254 	.endo	.L752
                     255 	.text
                     256 ..gh.f.f.1.a.1.e.12:
                     257 	.endo	..gh.f.f.1.a.1.e.12
                     258 HSM_EccEcdsaVerifyStart::
                     259 .LDW43:
00000030 2001        260 	movs	r0,1
                     261 .LDW53:
00000032 4770        262 	ret
                     263 __ghs_eofn_HSM_EccEcdsaVerifyStart::
                     264 	.endf	HSM_EccEcdsaVerifyStart
                     265 
                     266 ;eccCtx	none	param
                     267 ;eccKeyNum	none	param
                     268 
                     269 	.section ".bss","awb"
                     270 .L816:
                     271 	.endo	.L816
                     272 	.text
                     273 ..gh.f.f.1.a.1.e.13:
                     274 	.endo	..gh.f.f.1.a.1.e.13
                     275 HSM_EccEcdsaVerifyUpdate::
                     276 .LDW63:
00000034 2001        277 	movs	r0,1
                     278 .LDW73:
00000036 4770        279 	ret
                     280 __ghs_eofn_HSM_EccEcdsaVerifyUpdate::
                     281 	.endf	HSM_EccEcdsaVerifyUpdate
                     282 
                     283 ;eccCtx	none	param
                     284 ;digest	none	param
                     285 ;sign	none	param
                     286 
                     287 	.section ".bss","awb"
                     288 .L880:
                     289 	.endo	.L880
                     290 	.text
                     291 ..gh.f.f.1.a.1.e.14:
                     292 	.endo	..gh.f.f.1.a.1.e.14
                     293 HSM_EccEcdsaVerifyFinish::
                     294 .LDW83:

                                                                      Page 6
                                                              C:\Windows\TEMP\gh_00000ro3.si
00000038 2001        295 	movs	r0,1
                     296 .LDW93:
0000003a 4770        297 	ret
                     298 __ghs_eofn_HSM_EccEcdsaVerifyFinish::
                     299 	.endf	HSM_EccEcdsaVerifyFinish
                     300 
                     301 ;eccCtx	none	param
                     302 ;result	none	param
                     303 
                     304 	.section ".bss","awb"
                     305 .L944:
                     306 	.endo	.L944
                     307 	.text
                     308 ..gh.f.f.1.a.1.e.15:
                     309 	.endo	..gh.f.f.1.a.1.e.15
                     310 HSM_EccEcdhStart::
                     311 .LDW04:
0000003c 2001        312 	movs	r0,1
                     313 .LDW14:
0000003e 4770        314 	ret
                     315 __ghs_eofn_HSM_EccEcdhStart::
                     316 	.endf	HSM_EccEcdhStart
                     317 
                     318 ;eccCtx	none	param
                     319 ;eccKeyNum	none	param
                     320 
                     321 	.section ".bss","awb"
                     322 .L1008:
                     323 	.endo	.L1008
                     324 	.text
                     325 ..gh.f.f.1.a.1.e.16:
                     326 	.endo	..gh.f.f.1.a.1.e.16
                     327 HSM_EccEcdhUpdate::
                     328 .LDW24:
00000040 2001        329 	movs	r0,1
                     330 .LDW34:
00000042 4770        331 	ret
                     332 __ghs_eofn_HSM_EccEcdhUpdate::
                     333 	.endf	HSM_EccEcdhUpdate
                     334 
                     335 ;eccCtx	none	param
                     336 ;pubkeyOtherSide	none	param
                     337 
                     338 	.section ".bss","awb"
                     339 .L1072:
                     340 	.endo	.L1072
                     341 	.text
                     342 ..gh.f.f.1.a.1.e.17:
                     343 	.endo	..gh.f.f.1.a.1.e.17
                     344 HSM_EccEcdhFinish::
                     345 .LDW44:
00000044 2001        346 	movs	r0,1
                     347 .LDW54:
00000046 4770        348 	ret
                     349 __ghs_eofn_HSM_EccEcdhFinish::
                     350 	.endf	HSM_EccEcdhFinish
                     351 
                     352 ;eccCtx	none	param
                     353 ;secretValue	none	param
                     354 
                     355 	.section ".bss","awb"

                                                                      Page 7
                                                              C:\Windows\TEMP\gh_00000ro3.si
                     356 .L1136:
                     357 	.endo	.L1136
                     358 	.text
                     359 ..gh.f.f.1.a.1.e.18:
                     360 	.endo	..gh.f.f.1.a.1.e.18
                     361 HSM_Sha160Start::
                     362 .LDW64:
00000048 2001        363 	movs	r0,1
                     364 .LDW74:
0000004a 4770        365 	ret
                     366 __ghs_eofn_HSM_Sha160Start::
                     367 	.endf	HSM_Sha160Start
                     368 
                     369 ;sha160Ctx	none	param
                     370 
                     371 	.section ".bss","awb"
                     372 .L1200:
                     373 	.endo	.L1200
                     374 	.text
                     375 ..gh.f.f.1.a.1.e.19:
                     376 	.endo	..gh.f.f.1.a.1.e.19
                     377 HSM_Sha160Update::
                     378 .LDW84:
0000004c 2001        379 	movs	r0,1
                     380 .LDW94:
0000004e 4770        381 	ret
                     382 __ghs_eofn_HSM_Sha160Update::
                     383 	.endf	HSM_Sha160Update
                     384 
                     385 ;sha160Ctx	none	param
                     386 ;data	none	param
                     387 ;dataLen	none	param
                     388 
                     389 	.section ".bss","awb"
                     390 .L1264:
                     391 	.endo	.L1264
                     392 	.text
                     393 ..gh.f.f.1.a.1.e.20:
                     394 	.endo	..gh.f.f.1.a.1.e.20
                     395 HSM_Sha160Finish::
                     396 .LDW05:
00000050 2001        397 	movs	r0,1
                     398 .LDW15:
00000052 4770        399 	ret
                     400 __ghs_eofn_HSM_Sha160Finish::
                     401 	.endf	HSM_Sha160Finish
                     402 
                     403 ;sha160Ctx	none	param
                     404 ;digest	none	param
                     405 
                     406 	.section ".bss","awb"
                     407 .L1328:
                     408 	.endo	.L1328
                     409 	.text
                     410 ..gh.f.f.1.a.1.e.21:
                     411 	.endo	..gh.f.f.1.a.1.e.21
                     412 HSM_Sha256Start::
                     413 .LDW25:
00000054 2001        414 	movs	r0,1
                     415 .LDW35:
00000056 4770        416 	ret

                                                                      Page 8
                                                              C:\Windows\TEMP\gh_00000ro3.si
                     417 __ghs_eofn_HSM_Sha256Start::
                     418 	.endf	HSM_Sha256Start
                     419 
                     420 ;sha256Ctx	none	param
                     421 
                     422 	.section ".bss","awb"
                     423 .L1392:
                     424 	.endo	.L1392
                     425 	.text
                     426 ..gh.f.f.1.a.1.e.22:
                     427 	.endo	..gh.f.f.1.a.1.e.22
                     428 HSM_Sha256Update::
                     429 .LDW45:
00000058 2001        430 	movs	r0,1
                     431 .LDW55:
0000005a 4770        432 	ret
                     433 __ghs_eofn_HSM_Sha256Update::
                     434 	.endf	HSM_Sha256Update
                     435 
                     436 ;sha256Ctx	none	param
                     437 ;data	none	param
                     438 ;dataLen	none	param
                     439 
                     440 	.section ".bss","awb"
                     441 .L1456:
                     442 	.endo	.L1456
                     443 	.text
                     444 ..gh.f.f.1.a.1.e.23:
                     445 	.endo	..gh.f.f.1.a.1.e.23
                     446 HSM_Sha256Finish::
                     447 .LDW65:
0000005c 2001        448 	movs	r0,1
                     449 .LDW75:
0000005e 4770        450 	ret
                     451 __ghs_eofn_HSM_Sha256Finish::
                     452 	.endf	HSM_Sha256Finish
                     453 
                     454 ;sha256Ctx	none	param
                     455 ;digest	none	param
                     456 
                     457 	.section ".bss","awb"
                     458 .L1520:
                     459 	.endo	.L1520
                     460 	.text
                     461 ..gh.f.f.1.a.1.e.24:
                     462 	.endo	..gh.f.f.1.a.1.e.24
                     463 HSM_HmacSha256Start::
                     464 .LDW85:
00000060 2001        465 	movs	r0,1
                     466 .LDW95:
00000062 4770        467 	ret
                     468 __ghs_eofn_HSM_HmacSha256Start::
                     469 	.endf	HSM_HmacSha256Start
                     470 
                     471 ;hmacSha256Ctx	none	param
                     472 ;keyNum	none	param
                     473 
                     474 	.section ".bss","awb"
                     475 .L1584:
                     476 	.endo	.L1584
                     477 	.text

                                                                      Page 9
                                                              C:\Windows\TEMP\gh_00000ro3.si
                     478 ..gh.f.f.1.a.1.e.25:
                     479 	.endo	..gh.f.f.1.a.1.e.25
                     480 HSM_HmacSha256Update::
                     481 .LDW06:
00000064 2001        482 	movs	r0,1
                     483 .LDW16:
00000066 4770        484 	ret
                     485 __ghs_eofn_HSM_HmacSha256Update::
                     486 	.endf	HSM_HmacSha256Update
                     487 
                     488 ;hmacSha256Ctx	none	param
                     489 ;data	none	param
                     490 ;dataLen	none	param
                     491 
                     492 	.section ".bss","awb"
                     493 .L1648:
                     494 	.endo	.L1648
                     495 	.text
                     496 ..gh.f.f.1.a.1.e.26:
                     497 	.endo	..gh.f.f.1.a.1.e.26
                     498 HSM_HmacSha256Finish::
                     499 .LDW26:
00000068 2001        500 	movs	r0,1
                     501 .LDW36:
0000006a 4770        502 	ret
                     503 __ghs_eofn_HSM_HmacSha256Finish::
                     504 	.endf	HSM_HmacSha256Finish
                     505 
                     506 ;hmacSha256Ctx	none	param
                     507 ;digest	none	param
                     508 
                     509 	.section ".bss","awb"
                     510 .L1712:
                     511 	.endo	.L1712
                     512 	.text
                     513 ..gh.f.f.1.a.1.e.27:
                     514 	.endo	..gh.f.f.1.a.1.e.27
                     515 HSM_Pbkdf2Start::
                     516 .LDW46:
0000006c 2001        517 	movs	r0,1
                     518 .LDW56:
0000006e 4770        519 	ret
                     520 __ghs_eofn_HSM_Pbkdf2Start::
                     521 	.endf	HSM_Pbkdf2Start
                     522 
                     523 ;pbkdf2Ctx	none	param
                     524 ;pbkdf2KeyNum	none	param
                     525 
                     526 	.section ".bss","awb"
                     527 .L1776:
                     528 	.endo	.L1776
                     529 	.text
                     530 ..gh.f.f.1.a.1.e.28:
                     531 	.endo	..gh.f.f.1.a.1.e.28
                     532 HSM_Pbkdf2Update::
                     533 .LDW66:
00000070 2001        534 	movs	r0,1
                     535 .LDW76:
00000072 4770        536 	ret
                     537 __ghs_eofn_HSM_Pbkdf2Update::
                     538 	.endf	HSM_Pbkdf2Update

                                                                      Page 10
                                                              C:\Windows\TEMP\gh_00000ro3.si
                     539 
                     540 ;pbkdf2Ctx	none	param
                     541 ;pbkdf2KeyNum	none	param
                     542 ;dkLen	none	param
                     543 ;password	none	param
                     544 ;pLen	none	param
                     545 ;salt	none	param
                     546 ;sLen	none	param
                     547 ;icount	none	param
                     548 
                     549 	.section ".bss","awb"
                     550 .L1840:
                     551 	.endo	.L1840
                     552 	.text
                     553 ..gh.f.f.1.a.1.e.29:
                     554 	.endo	..gh.f.f.1.a.1.e.29
                     555 HSM_Pbkdf2Finish::
                     556 .LDW86:
00000074 2001        557 	movs	r0,1
                     558 .LDW96:
00000076 4770        559 	ret
                     560 __ghs_eofn_HSM_Pbkdf2Finish::
                     561 	.endf	HSM_Pbkdf2Finish
                     562 
                     563 ;pbkdf2Ctx	none	param
                     564 ;dkLen	none	param
                     565 ;derivedKey	none	param
                     566 
                     567 	.section ".bss","awb"
                     568 .L1904:
                     569 	.endo	.L1904
                     570 	.text
                     571 ..gh.f.f.1.a.1.e.30:
                     572 	.endo	..gh.f.f.1.a.1.e.30
                     573 HSM_RsaPkcs1v15SignStart::
                     574 .LDW07:
00000078 2001        575 	movs	r0,1
                     576 .LDW17:
0000007a 4770        577 	ret
                     578 __ghs_eofn_HSM_RsaPkcs1v15SignStart::
                     579 	.endf	HSM_RsaPkcs1v15SignStart
                     580 
                     581 ;pkcs1Ctx	none	param
                     582 ;rsaKeyNum	none	param
                     583 
                     584 	.section ".bss","awb"
                     585 .L1968:
                     586 	.endo	.L1968
                     587 	.text
                     588 ..gh.f.f.1.a.1.e.31:
                     589 	.endo	..gh.f.f.1.a.1.e.31
                     590 HSM_RsaPkcs1v15SignUpdate::
                     591 .LDW27:
0000007c 2001        592 	movs	r0,1
                     593 .LDW37:
0000007e 4770        594 	ret
                     595 __ghs_eofn_HSM_RsaPkcs1v15SignUpdate::
                     596 	.endf	HSM_RsaPkcs1v15SignUpdate
                     597 
                     598 ;pkcs1Ctx	none	param
                     599 ;digest	none	param

                                                                      Page 11
                                                              C:\Windows\TEMP\gh_00000ro3.si
                     600 
                     601 	.section ".bss","awb"
                     602 .L2032:
                     603 	.endo	.L2032
                     604 	.text
                     605 ..gh.f.f.1.a.1.e.32:
                     606 	.endo	..gh.f.f.1.a.1.e.32
                     607 HSM_RsaPkcs1v15SignFinish::
                     608 .LDW47:
00000080 2001        609 	movs	r0,1
                     610 .LDW57:
00000082 4770        611 	ret
                     612 __ghs_eofn_HSM_RsaPkcs1v15SignFinish::
                     613 	.endf	HSM_RsaPkcs1v15SignFinish
                     614 
                     615 ;pkcs1Ctx	none	param
                     616 ;sign	none	param
                     617 
                     618 	.section ".bss","awb"
                     619 .L2096:
                     620 	.endo	.L2096
                     621 	.text
                     622 ..gh.f.f.1.a.1.e.33:
                     623 	.endo	..gh.f.f.1.a.1.e.33
                     624 HSM_RsaPkcs1v15VerifyStart::
                     625 .LDW67:
00000084 2001        626 	movs	r0,1
                     627 .LDW77:
00000086 4770        628 	ret
                     629 __ghs_eofn_HSM_RsaPkcs1v15VerifyStart::
                     630 	.endf	HSM_RsaPkcs1v15VerifyStart
                     631 
                     632 ;pkcs1Ctx	none	param
                     633 ;rsaKeyNum	none	param
                     634 
                     635 	.section ".bss","awb"
                     636 .L2160:
                     637 	.endo	.L2160
                     638 	.text
                     639 ..gh.f.f.1.a.1.e.34:
                     640 	.endo	..gh.f.f.1.a.1.e.34
                     641 HSM_RsaPkcs1v15VerifyUpdate::
                     642 .LDW87:
00000088 2001        643 	movs	r0,1
                     644 .LDW97:
0000008a 4770        645 	ret
                     646 __ghs_eofn_HSM_RsaPkcs1v15VerifyUpdate::
                     647 	.endf	HSM_RsaPkcs1v15VerifyUpdate
                     648 
                     649 ;pkcs1Ctx	none	param
                     650 ;digest	none	param
                     651 ;sign	none	param
                     652 
                     653 	.section ".bss","awb"
                     654 .L2224:
                     655 	.endo	.L2224
                     656 	.text
                     657 ..gh.f.f.1.a.1.e.35:
                     658 	.endo	..gh.f.f.1.a.1.e.35
                     659 HSM_RsaPkcs1v15Sha160VerifyUpdate::
                     660 .LDW08:

                                                                      Page 12
                                                              C:\Windows\TEMP\gh_00000ro3.si
0000008c 2001        661 	movs	r0,1
                     662 .LDW18:
0000008e 4770        663 	ret
                     664 __ghs_eofn_HSM_RsaPkcs1v15Sha160VerifyUpdate::
                     665 	.endf	HSM_RsaPkcs1v15Sha160VerifyUpdate
                     666 
                     667 ;pkcs1Ctx	none	param
                     668 ;digest	none	param
                     669 ;sign	none	param
                     670 
                     671 	.section ".bss","awb"
                     672 .L2288:
                     673 	.endo	.L2288
                     674 	.text
                     675 ..gh.f.f.1.a.1.e.36:
                     676 	.endo	..gh.f.f.1.a.1.e.36
                     677 HSM_RsaPkcs1v15VerifyFinish::
                     678 .LDW28:
00000090 2001        679 	movs	r0,1
                     680 .LDW38:
00000092 4770        681 	ret
                     682 __ghs_eofn_HSM_RsaPkcs1v15VerifyFinish::
                     683 	.endf	HSM_RsaPkcs1v15VerifyFinish
                     684 
                     685 ;pkcs1Ctx	none	param
                     686 ;verifyResult	none	param
                     687 
                     688 	.section ".bss","awb"
                     689 .L2352:
                     690 	.endo	.L2352
                     691 	.text
                     692 ..gh.f.f.1.a.1.e.37:
                     693 	.endo	..gh.f.f.1.a.1.e.37
                     694 HSM_RsaPkcs1v15EncStart::
                     695 .LDW48:
00000094 2001        696 	movs	r0,1
                     697 .LDW58:
00000096 4770        698 	ret
                     699 __ghs_eofn_HSM_RsaPkcs1v15EncStart::
                     700 	.endf	HSM_RsaPkcs1v15EncStart
                     701 
                     702 ;pkcs1Ctx	none	param
                     703 ;rsaKeyNum	none	param
                     704 
                     705 	.section ".bss","awb"
                     706 .L2416:
                     707 	.endo	.L2416
                     708 	.text
                     709 ..gh.f.f.1.a.1.e.38:
                     710 	.endo	..gh.f.f.1.a.1.e.38
                     711 HSM_RsaPkcs1v15EncUpdate::
                     712 .LDW68:
00000098 2001        713 	movs	r0,1
                     714 .LDW78:
0000009a 4770        715 	ret
                     716 __ghs_eofn_HSM_RsaPkcs1v15EncUpdate::
                     717 	.endf	HSM_RsaPkcs1v15EncUpdate
                     718 
                     719 ;pkcs1Ctx	none	param
                     720 ;msg	none	param
                     721 ;msgLen	none	param

                                                                      Page 13
                                                              C:\Windows\TEMP\gh_00000ro3.si
                     722 
                     723 	.section ".bss","awb"
                     724 .L2480:
                     725 	.endo	.L2480
                     726 	.text
                     727 ..gh.f.f.1.a.1.e.39:
                     728 	.endo	..gh.f.f.1.a.1.e.39
                     729 HSM_RsaPkcs1v15EncFinish::
                     730 .LDW88:
0000009c 2001        731 	movs	r0,1
                     732 .LDW98:
0000009e 4770        733 	ret
                     734 __ghs_eofn_HSM_RsaPkcs1v15EncFinish::
                     735 	.endf	HSM_RsaPkcs1v15EncFinish
                     736 
                     737 ;pkcs1Ctx	none	param
                     738 ;cipher	none	param
                     739 
                     740 	.section ".bss","awb"
                     741 .L2544:
                     742 	.endo	.L2544
                     743 	.text
                     744 ..gh.f.f.1.a.1.e.40:
                     745 	.endo	..gh.f.f.1.a.1.e.40
                     746 HSM_RsaPkcs1v15DecStart::
                     747 .LDW09:
000000a0 2001        748 	movs	r0,1
                     749 .LDW19:
000000a2 4770        750 	ret
                     751 __ghs_eofn_HSM_RsaPkcs1v15DecStart::
                     752 	.endf	HSM_RsaPkcs1v15DecStart
                     753 
                     754 ;pkcs1Ctx	none	param
                     755 ;rsaKeyNum	none	param
                     756 
                     757 	.section ".bss","awb"
                     758 .L2608:
                     759 	.endo	.L2608
                     760 	.text
                     761 ..gh.f.f.1.a.1.e.41:
                     762 	.endo	..gh.f.f.1.a.1.e.41
                     763 HSM_RsaPkcs1v15DecUpdate::
                     764 .LDW29:
000000a4 2001        765 	movs	r0,1
                     766 .LDW39:
000000a6 4770        767 	ret
                     768 __ghs_eofn_HSM_RsaPkcs1v15DecUpdate::
                     769 	.endf	HSM_RsaPkcs1v15DecUpdate
                     770 
                     771 ;pkcs1Ctx	none	param
                     772 ;cipher	none	param
                     773 
                     774 	.section ".bss","awb"
                     775 .L2672:
                     776 	.endo	.L2672
                     777 	.text
                     778 ..gh.f.f.1.a.1.e.42:
                     779 	.endo	..gh.f.f.1.a.1.e.42
                     780 HSM_RsaPkcs1v15DecFinish::
                     781 .LDW49:
000000a8 2001        782 	movs	r0,1

                                                                      Page 14
                                                              C:\Windows\TEMP\gh_00000ro3.si
                     783 .LDW59:
000000aa 4770        784 	ret
                     785 __ghs_eofn_HSM_RsaPkcs1v15DecFinish::
                     786 	.endf	HSM_RsaPkcs1v15DecFinish
                     787 
                     788 ;pkcs1Ctx	none	param
                     789 ;msg	none	param
                     790 ;msgLen	none	param
                     791 
                     792 	.section ".bss","awb"
                     793 .L2736:
                     794 	.endo	.L2736
                     795 	.text
                     796 ..gh.f.f.1.a.1.e.43:
                     797 	.endo	..gh.f.f.1.a.1.e.43
                     798 HSM_RsaPkcs1PssSignStart::
                     799 .LDW69:
000000ac 2001        800 	movs	r0,1
                     801 .LDW79:
000000ae 4770        802 	ret
                     803 __ghs_eofn_HSM_RsaPkcs1PssSignStart::
                     804 	.endf	HSM_RsaPkcs1PssSignStart
                     805 
                     806 ;pkcs1Ctx	none	param
                     807 ;rsaKeyNum	none	param
                     808 
                     809 	.section ".bss","awb"
                     810 .L2800:
                     811 	.endo	.L2800
                     812 	.text
                     813 ..gh.f.f.1.a.1.e.44:
                     814 	.endo	..gh.f.f.1.a.1.e.44
                     815 HSM_RsaPkcs1PssSignUpdate::
                     816 .LDW89:
000000b0 2001        817 	movs	r0,1
                     818 .LDW99:
000000b2 4770        819 	ret
                     820 __ghs_eofn_HSM_RsaPkcs1PssSignUpdate::
                     821 	.endf	HSM_RsaPkcs1PssSignUpdate
                     822 
                     823 ;pkcs1Ctx	none	param
                     824 ;digest	none	param
                     825 ;salt	none	param
                     826 ;saltLen	none	param
                     827 
                     828 	.section ".bss","awb"
                     829 .L2864:
                     830 	.endo	.L2864
                     831 	.text
                     832 ..gh.f.f.1.a.1.e.45:
                     833 	.endo	..gh.f.f.1.a.1.e.45
                     834 HSM_RsaPkcs1PssSignFinish::
                     835 .LDW001:
000000b4 2001        836 	movs	r0,1
                     837 .LDW101:
000000b6 4770        838 	ret
                     839 __ghs_eofn_HSM_RsaPkcs1PssSignFinish::
                     840 	.endf	HSM_RsaPkcs1PssSignFinish
                     841 
                     842 ;pkcs1Ctx	none	param
                     843 ;sign	none	param

                                                                      Page 15
                                                              C:\Windows\TEMP\gh_00000ro3.si
                     844 
                     845 	.section ".bss","awb"
                     846 .L2928:
                     847 	.endo	.L2928
                     848 	.text
                     849 ..gh.f.f.1.a.1.e.46:
                     850 	.endo	..gh.f.f.1.a.1.e.46
                     851 HSM_RsaPkcs1PssVerifyStart::
                     852 .LDW201:
000000b8 2001        853 	movs	r0,1
                     854 .LDW301:
000000ba 4770        855 	ret
                     856 __ghs_eofn_HSM_RsaPkcs1PssVerifyStart::
                     857 	.endf	HSM_RsaPkcs1PssVerifyStart
                     858 
                     859 ;pkcs1Ctx	none	param
                     860 ;rsaKeyNum	none	param
                     861 
                     862 	.section ".bss","awb"
                     863 .L2992:
                     864 	.endo	.L2992
                     865 	.text
                     866 ..gh.f.f.1.a.1.e.47:
                     867 	.endo	..gh.f.f.1.a.1.e.47
                     868 HSM_RsaPkcs1PssVerifyUpdate::
                     869 .LDW401:
000000bc 2001        870 	movs	r0,1
                     871 .LDW501:
000000be 4770        872 	ret
                     873 __ghs_eofn_HSM_RsaPkcs1PssVerifyUpdate::
                     874 	.endf	HSM_RsaPkcs1PssVerifyUpdate
                     875 
                     876 ;pkcs1Ctx	none	param
                     877 ;digest	none	param
                     878 ;sign	none	param
                     879 ;saltLen	none	param
                     880 
                     881 	.section ".bss","awb"
                     882 .L3056:
                     883 	.endo	.L3056
                     884 	.text
                     885 ..gh.f.f.1.a.1.e.48:
                     886 	.endo	..gh.f.f.1.a.1.e.48
                     887 HSM_RsaPkcs1PssVerifyFinish::
                     888 .LDW601:
000000c0 2001        889 	movs	r0,1
                     890 .LDW701:
000000c2 4770        891 	ret
                     892 __ghs_eofn_HSM_RsaPkcs1PssVerifyFinish::
                     893 	.endf	HSM_RsaPkcs1PssVerifyFinish
                     894 
                     895 ;pkcs1Ctx	none	param
                     896 ;result	none	param
                     897 
                     898 	.section ".bss","awb"
                     899 .L3120:
                     900 	.endo	.L3120
                     901 	.text
                     902 ..gh.f.f.1.a.1.e.49:
                     903 	.endo	..gh.f.f.1.a.1.e.49
                     904 HSM_RsaPkcs1oaepEncStart::

                                                                      Page 16
                                                              C:\Windows\TEMP\gh_00000ro3.si
                     905 .LDW801:
000000c4 2001        906 	movs	r0,1
                     907 .LDW901:
000000c6 4770        908 	ret
                     909 __ghs_eofn_HSM_RsaPkcs1oaepEncStart::
                     910 	.endf	HSM_RsaPkcs1oaepEncStart
                     911 
                     912 ;pkcs1Ctx	none	param
                     913 ;rsaKeyNum	none	param
                     914 
                     915 	.section ".bss","awb"
                     916 .L3184:
                     917 	.endo	.L3184
                     918 	.text
                     919 ..gh.f.f.1.a.1.e.50:
                     920 	.endo	..gh.f.f.1.a.1.e.50
                     921 HSM_RsaPkcs1oaepEncUpdate::
                     922 .LDW011:
000000c8 2001        923 	movs	r0,1
                     924 .LDW111:
000000ca 4770        925 	ret
                     926 __ghs_eofn_HSM_RsaPkcs1oaepEncUpdate::
                     927 	.endf	HSM_RsaPkcs1oaepEncUpdate
                     928 
                     929 ;pkcs1Ctx	none	param
                     930 ;msg	none	param
                     931 ;msgLen	none	param
                     932 ;label	none	param
                     933 ;labelLen	none	param
                     934 ;seed	none	param
                     935 
                     936 	.section ".bss","awb"
                     937 .L3248:
                     938 	.endo	.L3248
                     939 	.text
                     940 ..gh.f.f.1.a.1.e.51:
                     941 	.endo	..gh.f.f.1.a.1.e.51
                     942 HSM_RsaPkcs1oaepEncFinish::
                     943 .LDW211:
000000cc 2001        944 	movs	r0,1
                     945 .LDW311:
000000ce 4770        946 	ret
                     947 __ghs_eofn_HSM_RsaPkcs1oaepEncFinish::
                     948 	.endf	HSM_RsaPkcs1oaepEncFinish
                     949 
                     950 ;pkcs1Ctx	none	param
                     951 ;cipher	none	param
                     952 
                     953 	.section ".bss","awb"
                     954 .L3312:
                     955 	.endo	.L3312
                     956 	.text
                     957 ..gh.f.f.1.a.1.e.52:
                     958 	.endo	..gh.f.f.1.a.1.e.52
                     959 HSM_RsaPkcs1oaepDecStart::
                     960 .LDW411:
000000d0 2001        961 	movs	r0,1
                     962 .LDW511:
000000d2 4770        963 	ret
                     964 __ghs_eofn_HSM_RsaPkcs1oaepDecStart::
                     965 	.endf	HSM_RsaPkcs1oaepDecStart

                                                                      Page 17
                                                              C:\Windows\TEMP\gh_00000ro3.si
                     966 
                     967 ;pkcs1Ctx	none	param
                     968 ;rsaKeyNum	none	param
                     969 
                     970 	.section ".bss","awb"
                     971 .L3376:
                     972 	.endo	.L3376
                     973 	.text
                     974 ..gh.f.f.1.a.1.e.53:
                     975 	.endo	..gh.f.f.1.a.1.e.53
                     976 HSM_RsaPkcs1oaepDecUpdate::
                     977 .LDW611:
000000d4 2001        978 	movs	r0,1
                     979 .LDW711:
000000d6 4770        980 	ret
                     981 __ghs_eofn_HSM_RsaPkcs1oaepDecUpdate::
                     982 	.endf	HSM_RsaPkcs1oaepDecUpdate
                     983 
                     984 ;pkcs1Ctx	none	param
                     985 ;cipher	none	param
                     986 ;label	none	param
                     987 ;labelLen	none	param
                     988 
                     989 	.section ".bss","awb"
                     990 .L3440:
                     991 	.endo	.L3440
                     992 	.text
                     993 ..gh.f.f.1.a.1.e.54:
                     994 	.endo	..gh.f.f.1.a.1.e.54
                     995 HSM_RsaPkcs1oaepDecFinish::
                     996 .LDW811:
000000d8 2001        997 	movs	r0,1
                     998 .LDW911:
000000da 4770        999 	ret
                    1000 __ghs_eofn_HSM_RsaPkcs1oaepDecFinish::
                    1001 	.endf	HSM_RsaPkcs1oaepDecFinish
                    1002 
                    1003 ;pkcs1Ctx	none	param
                    1004 ;msg	none	param
                    1005 ;msgLen	none	param
                    1006 
                    1007 	.section ".bss","awb"
                    1008 .L3504:
                    1009 	.endo	.L3504
                    1010 	.text
                    1011 ..gh.f.f.1.a.1.e.55:
                    1012 	.endo	..gh.f.f.1.a.1.e.55
                    1013 HSM_RsaPkcs3DHKeypairGenStart::
                    1014 .LDW021:
000000dc 2001       1015 	movs	r0,1
                    1016 .LDW121:
000000de 4770       1017 	ret
                    1018 __ghs_eofn_HSM_RsaPkcs3DHKeypairGenStart::
                    1019 	.endf	HSM_RsaPkcs3DHKeypairGenStart
                    1020 
                    1021 ;pkcs3Ctx	none	param
                    1022 
                    1023 	.section ".bss","awb"
                    1024 .L3568:
                    1025 	.endo	.L3568
                    1026 	.text

                                                                      Page 18
                                                              C:\Windows\TEMP\gh_00000ro3.si
                    1027 ..gh.f.f.1.a.1.e.56:
                    1028 	.endo	..gh.f.f.1.a.1.e.56
                    1029 HSM_RsaPkcs3DHKeypairGenUpdate::
                    1030 .LDW221:
000000e0 2001       1031 	movs	r0,1
                    1032 .LDW321:
000000e2 4770       1033 	ret
                    1034 __ghs_eofn_HSM_RsaPkcs3DHKeypairGenUpdate::
                    1035 	.endf	HSM_RsaPkcs3DHKeypairGenUpdate
                    1036 
                    1037 ;pkcs3Ctx	none	param
                    1038 ;privValue	none	param
                    1039 ;baseG	none	param
                    1040 ;primeP	none	param
                    1041 
                    1042 	.section ".bss","awb"
                    1043 .L3632:
                    1044 	.endo	.L3632
                    1045 	.text
                    1046 ..gh.f.f.1.a.1.e.57:
                    1047 	.endo	..gh.f.f.1.a.1.e.57
                    1048 HSM_RsaPkcs3DHKeypairGenFinish::
                    1049 .LDW421:
000000e4 2001       1050 	movs	r0,1
                    1051 .LDW521:
000000e6 4770       1052 	ret
                    1053 __ghs_eofn_HSM_RsaPkcs3DHKeypairGenFinish::
                    1054 	.endf	HSM_RsaPkcs3DHKeypairGenFinish
                    1055 
                    1056 ;pkcs3Ctx	none	param
                    1057 ;publicValue	none	param
                    1058 ;privateValue	none	param
                    1059 
                    1060 	.section ".bss","awb"
                    1061 .L3696:
                    1062 	.endo	.L3696
                    1063 	.text
                    1064 ..gh.f.f.1.a.1.e.58:
                    1065 	.endo	..gh.f.f.1.a.1.e.58
                    1066 HSM_RsaPkcs3DHSharedValueGenStart::
                    1067 .LDW621:
000000e8 2001       1068 	movs	r0,1
                    1069 .LDW721:
000000ea 4770       1070 	ret
                    1071 __ghs_eofn_HSM_RsaPkcs3DHSharedValueGenStart::
                    1072 	.endf	HSM_RsaPkcs3DHSharedValueGenStart
                    1073 
                    1074 ;pkcs3Ctx	none	param
                    1075 
                    1076 	.section ".bss","awb"
                    1077 .L3760:
                    1078 	.endo	.L3760
                    1079 	.text
                    1080 ..gh.f.f.1.a.1.e.59:
                    1081 	.endo	..gh.f.f.1.a.1.e.59
                    1082 HSM_RsaPkcs3DHSharedValueGenUpdate::
                    1083 .LDW821:
000000ec 2001       1084 	movs	r0,1
                    1085 .LDW921:
000000ee 4770       1086 	ret
                    1087 __ghs_eofn_HSM_RsaPkcs3DHSharedValueGenUpdate::

                                                                      Page 19
                                                              C:\Windows\TEMP\gh_00000ro3.si
                    1088 	.endf	HSM_RsaPkcs3DHSharedValueGenUpdate
                    1089 
                    1090 ;pkcs3Ctx	none	param
                    1091 ;publicValue	none	param
                    1092 ;privateValue	none	param
                    1093 ;primeP	none	param
                    1094 
                    1095 	.section ".bss","awb"
                    1096 .L3824:
                    1097 	.endo	.L3824
                    1098 	.text
                    1099 ..gh.f.f.1.a.1.e.60:
                    1100 	.endo	..gh.f.f.1.a.1.e.60
                    1101 HSM_RsaPkcs3DHSharedValueGenFinish::
                    1102 .LDW031:
000000f0 2001       1103 	movs	r0,1
                    1104 .LDW131:
000000f2 4770       1105 	ret
                    1106 __ghs_eofn_HSM_RsaPkcs3DHSharedValueGenFinish::
                    1107 	.endf	HSM_RsaPkcs3DHSharedValueGenFinish
                    1108 
                    1109 ;pkcs3Ctx	none	param
                    1110 ;secretValue	none	param
                    1111 
                    1112 	.section ".bss","awb"
                    1113 .L3888:
                    1114 	.endo	.L3888
                    1115 	.text
                    1116 ..gh.f.f.1.a.1.e.61:
                    1117 	.endo	..gh.f.f.1.a.1.e.61
                    1118 HSM_DriverInitialize::
                    1119 .LDW231:
000000f4 2001       1120 	movs	r0,1
                    1121 .LDW331:
000000f6 4770       1122 	ret
                    1123 __ghs_eofn_HSM_DriverInitialize::
                    1124 	.endf	HSM_DriverInitialize
                    1125 
                    1126 	.section ".bss","awb"
                    1127 .L3952:
                    1128 	.endo	.L3952
                    1129 	.text
                    1130 ..gh.f.f.1.a.1.e.62:
                    1131 	.endo	..gh.f.f.1.a.1.e.62
                    1132 HSM_EnableService::
                    1133 .LDW431:
000000f8 2001       1134 	movs	r0,1
                    1135 .LDW531:
000000fa 4770       1136 	ret
                    1137 __ghs_eofn_HSM_EnableService::
                    1138 	.endf	HSM_EnableService
                    1139 
                    1140 ;conf	none	param
                    1141 ;priority	none	param
                    1142 
                    1143 	.section ".bss","awb"
                    1144 .L4016:
                    1145 	.endo	.L4016
                    1146 	.text
                    1147 ..gh.f.f.1.a.1.e.63:
                    1148 	.endo	..gh.f.f.1.a.1.e.63

                                                                      Page 20
                                                              C:\Windows\TEMP\gh_00000ro3.si
                    1149 HSM_IrqHandler::
                    1150 .LDW631:
                    1151 .LDW731:
000000fc 4770       1152 	ret
                    1153 __ghs_eofn_HSM_IrqHandler::
                    1154 	.endf	HSM_IrqHandler
                    1155 
                    1156 	.section ".bss","awb"
                    1157 .L4074:
                    1158 	.endo	.L4074
                    1159 	.text
                    1160 ..gh.f.f.1.a.1.e.64:
                    1161 	.endo	..gh.f.f.1.a.1.e.64
                    1162 HSM_GetLastErrorCode::
                    1163 .LDW831:
000000fe f64f70ff   1164 	mov	r0,0xffff
                    1165 .LDW931:
00000102 4770       1166 	ret
                    1167 __ghs_eofn_HSM_GetLastErrorCode::
                    1168 	.endf	HSM_GetLastErrorCode
                    1169 
                    1170 	.section ".bss","awb"
                    1171 .L4144:
                    1172 	.endo	.L4144
                    1173 	.text
                    1174 ..gh.f.f.1.a.1.e.65:
                    1175 	.endo	..gh.f.f.1.a.1.e.65
                    1176 HSM_WaitResp::
                    1177 .LDW041:
00000104 2001       1178 	movs	r0,1
                    1179 .LDW141:
00000106 4770       1180 	ret
                    1181 __ghs_eofn_HSM_WaitResp::
                    1182 	.endf	HSM_WaitResp
                    1183 
                    1184 ;jobId	none	param
                    1185 
                    1186 	.section ".bss","awb"
                    1187 .L4208:
                    1188 	.endo	.L4208
                    1189 	.text
                    1190 ..gh.f.f.1.a.1.e.66:
                    1191 	.endo	..gh.f.f.1.a.1.e.66
                    1192 HSM_ReadRxBuff::
                    1193 .LDW241:
00000108 2001       1194 	movs	r0,1
                    1195 .LDW341:
0000010a 4770       1196 	ret
                    1197 __ghs_eofn_HSM_ReadRxBuff::
                    1198 	.endf	HSM_ReadRxBuff
                    1199 
                    1200 ;jobId	none	param
                    1201 ;count	none	param
                    1202 ;data	none	param
                    1203 
                    1204 	.section ".bss","awb"
                    1205 .L4272:
                    1206 	.endo	.L4272
                    1207 	.text
                    1208 ..gh.f.f.1.a.1.e.67:
                    1209 	.endo	..gh.f.f.1.a.1.e.67

                                                                      Page 21
                                                              C:\Windows\TEMP\gh_00000ro3.si
                    1210 HSM_GetMaxTranSizeByte::
                    1211 .LDW441:
0000010c 2000       1212 	movs	r0,0
                    1213 .LDW541:
0000010e 4770       1214 	ret
                    1215 __ghs_eofn_HSM_GetMaxTranSizeByte::
                    1216 	.endf	HSM_GetMaxTranSizeByte
                    1217 
                    1218 	.section ".bss","awb"
                    1219 .L4336:
                    1220 	.endo	.L4336
                    1221 	.text
                    1222 ..gh.f.f.1.a.1.e.68:
                    1223 	.endo	..gh.f.f.1.a.1.e.68
                    1224 HSM_CancelJob::
                    1225 .LDW641:
00000110 2001       1226 	movs	r0,1
                    1227 .LDW741:
00000112 4770       1228 	ret
                    1229 __ghs_eofn_HSM_CancelJob::
                    1230 	.endf	HSM_CancelJob
                    1231 
                    1232 ;jobId	none	param
                    1233 
                    1234 	.section ".bss","awb"
                    1235 .L4400:
                    1236 	.endo	.L4400
                    1237 	.text
                    1238 ..gh.f.f.1.a.1.e.69:
                    1239 	.endo	..gh.f.f.1.a.1.e.69
                    1240 HSM_GetMcuUid::
                    1241 .LDW841:
00000114 2001       1242 	movs	r0,1
                    1243 .LDW941:
00000116 4770       1244 	ret
                    1245 __ghs_eofn_HSM_GetMcuUid::
                    1246 	.endf	HSM_GetMcuUid
                    1247 
                    1248 ;uid	none	param
                    1249 
                    1250 	.section ".bss","awb"
                    1251 .L4464:
                    1252 	.endo	.L4464
                    1253 	.text
                    1254 ..gh.f.f.1.a.1.e.70:
                    1255 	.endo	..gh.f.f.1.a.1.e.70
                    1256 HSM_GetVersionInfo::
                    1257 .LDW051:
00000118 2001       1258 	movs	r0,1
                    1259 .LDW151:
0000011a 4770       1260 	ret
                    1261 __ghs_eofn_HSM_GetVersionInfo::
                    1262 	.endf	HSM_GetVersionInfo
                    1263 
                    1264 ;version	none	param
                    1265 
                    1266 	.section ".bss","awb"
                    1267 .L4528:
                    1268 	.endo	.L4528
                    1269 	.text
                    1270 ..gh.f.f.1.a.1.e.71:

                                                                      Page 22
                                                              C:\Windows\TEMP\gh_00000ro3.si
                    1271 	.endo	..gh.f.f.1.a.1.e.71
                    1272 HSM_GetAllSecurityInfo::
                    1273 .LDW251:
0000011c 2001       1274 	movs	r0,1
                    1275 .LDW351:
0000011e 4770       1276 	ret
                    1277 __ghs_eofn_HSM_GetAllSecurityInfo::
                    1278 	.endf	HSM_GetAllSecurityInfo
                    1279 
                    1280 ;info	none	param
                    1281 
                    1282 	.section ".bss","awb"
                    1283 .L4592:
                    1284 	.endo	.L4592
                    1285 	.text
                    1286 ..gh.f.f.1.a.1.e.72:
                    1287 	.endo	..gh.f.f.1.a.1.e.72
                    1288 HSM_CheckHsmTempStopState::
                    1289 .LDW451:
00000120 2000       1290 	movs	r0,0
                    1291 .LDW551:
00000122 4770       1292 	ret
                    1293 __ghs_eofn_HSM_CheckHsmTempStopState::
                    1294 	.endf	HSM_CheckHsmTempStopState
                    1295 
                    1296 	.section ".bss","awb"
                    1297 .L4656:
                    1298 	.endo	.L4656
                    1299 	.text
                    1300 ..gh.f.f.1.a.1.e.73:
                    1301 	.endo	..gh.f.f.1.a.1.e.73
                    1302 HSM_TempStop::
                    1303 .LDW651:
00000124 2001       1304 	movs	r0,1
                    1305 .LDW751:
00000126 4770       1306 	ret
                    1307 __ghs_eofn_HSM_TempStop::
                    1308 	.endf	HSM_TempStop
                    1309 
                    1310 	.section ".bss","awb"
                    1311 .L4720:
                    1312 	.endo	.L4720
                    1313 	.text
                    1314 ..gh.f.f.1.a.1.e.74:
                    1315 	.endo	..gh.f.f.1.a.1.e.74
                    1316 HSM_Restart::
                    1317 .LDW851:
00000128 2001       1318 	movs	r0,1
                    1319 .LDW951:
0000012a 4770       1320 	ret
                    1321 __ghs_eofn_HSM_Restart::
                    1322 	.endf	HSM_Restart
                    1323 
                    1324 	.section ".bss","awb"
                    1325 .L4784:
                    1326 	.endo	.L4784
                    1327 	.text
                    1328 ..gh.f.f.1.a.1.e.75:
                    1329 	.endo	..gh.f.f.1.a.1.e.75
                    1330 HSM_FactoryHsmConfigurationLock::
                    1331 .LDW061:

                                                                      Page 23
                                                              C:\Windows\TEMP\gh_00000ro3.si
0000012c 2001       1332 	movs	r0,1
                    1333 .LDW161:
0000012e 4770       1334 	ret
                    1335 __ghs_eofn_HSM_FactoryHsmConfigurationLock::
                    1336 	.endf	HSM_FactoryHsmConfigurationLock
                    1337 
                    1338 	.section ".bss","awb"
                    1339 .L4848:
                    1340 	.endo	.L4848
                    1341 	.text
                    1342 ..gh.f.f.1.a.1.e.76:
                    1343 	.endo	..gh.f.f.1.a.1.e.76
                    1344 HSM_DisableInterruptService::
                    1345 .LDW261:
                    1346 .LDW361:
00000130 4770       1347 	ret
                    1348 __ghs_eofn_HSM_DisableInterruptService::
                    1349 	.endf	HSM_DisableInterruptService
                    1350 
                    1351 	.section ".bss","awb"
                    1352 .L4906:
                    1353 	.endo	.L4906
                    1354 	.text
                    1355 ..gh.f.f.1.a.1.e.77:
                    1356 	.endo	..gh.f.f.1.a.1.e.77
                    1357 HSM_SetCallbackFuncWaitCount::
                    1358 .LDW461:
                    1359 .LDW561:
00000132 4770       1360 	ret
                    1361 __ghs_eofn_HSM_SetCallbackFuncWaitCount::
                    1362 	.endf	HSM_SetCallbackFuncWaitCount
                    1363 
                    1364 ;waitCount	none	param
                    1365 
                    1366 	.section ".bss","awb"
                    1367 .L4970:
                    1368 	.endo	.L4970
                    1369 	.text
                    1370 ..gh.f.f.1.a.1.e.78:
                    1371 	.endo	..gh.f.f.1.a.1.e.78
                    1372 HSM_Sleep::
                    1373 .LDW661:
00000134 2001       1374 	movs	r0,1
                    1375 .LDW761:
00000136 4770       1376 	ret
                    1377 __ghs_eofn_HSM_Sleep::
                    1378 	.endf	HSM_Sleep
                    1379 
                    1380 	.section ".bss","awb"
                    1381 .L5040:
                    1382 	.endo	.L5040
                    1383 	.text
                    1384 ..gh.f.f.1.a.1.e.79:
                    1385 	.endo	..gh.f.f.1.a.1.e.79
                    1386 HSM_Wakeup::
                    1387 .LDW861:
00000138 2001       1388 	movs	r0,1
                    1389 .LDW961:
0000013a 4770       1390 	ret
                    1391 __ghs_eofn_HSM_Wakeup::
                    1392 	.endf	HSM_Wakeup

                                                                      Page 24
                                                              C:\Windows\TEMP\gh_00000ro3.si
                    1393 
                    1394 	.section ".bss","awb"
                    1395 .L5104:
                    1396 	.endo	.L5104
                    1397 	.text
                    1398 ..gh.f.f.1.a.1.e.80:
                    1399 	.endo	..gh.f.f.1.a.1.e.80
                    1400 HSM_SetWakeupTrigger::
                    1401 .LDW071:
0000013c 2001       1402 	movs	r0,1
                    1403 .LDW171:
0000013e 4770       1404 	ret
                    1405 __ghs_eofn_HSM_SetWakeupTrigger::
                    1406 	.endf	HSM_SetWakeupTrigger
                    1407 
                    1408 ;list	none	param
                    1409 ;idxNum	none	param
                    1410 
                    1411 	.section ".bss","awb"
                    1412 .L5168:
                    1413 	.endo	.L5168
                    1414 	.text
                    1415 ..gh.f.f.1.a.1.e.81:
                    1416 	.endo	..gh.f.f.1.a.1.e.81
                    1417 HSM_IsSleepStatus::
                    1418 .LDW271:
00000140 2000       1419 	movs	r0,0
                    1420 .LDW371:
00000142 4770       1421 	ret
                    1422 __ghs_eofn_HSM_IsSleepStatus::
                    1423 	.endf	HSM_IsSleepStatus
                    1424 
                    1425 	.section ".bss","awb"
                    1426 .L5232:
                    1427 	.endo	.L5232
                    1428 	.text
                    1429 ..gh.f.f.1.a.1.e.82:
                    1430 	.endo	..gh.f.f.1.a.1.e.82
                    1431 HSM_StartUsingDFlash::
                    1432 .LDW471:
00000144 2001       1433 	movs	r0,1
                    1434 .LDW571:
00000146 4770       1435 	ret
                    1436 __ghs_eofn_HSM_StartUsingDFlash::
                    1437 	.endf	HSM_StartUsingDFlash
                    1438 
                    1439 	.section ".bss","awb"
                    1440 .L5296:
                    1441 	.endo	.L5296
                    1442 	.text
                    1443 ..gh.f.f.1.a.1.e.83:
                    1444 	.endo	..gh.f.f.1.a.1.e.83
                    1445 HSM_FinishUsingDFlash::
                    1446 .LDW671:
00000148 2001       1447 	movs	r0,1
                    1448 .LDW771:
0000014a 4770       1449 	ret
                    1450 __ghs_eofn_HSM_FinishUsingDFlash::
                    1451 	.endf	HSM_FinishUsingDFlash
                    1452 
                    1453 	.section ".bss","awb"

                                                                      Page 25
                                                              C:\Windows\TEMP\gh_00000ro3.si
                    1454 .L5360:
                    1455 	.endo	.L5360
                    1456 	.text
                    1457 ..gh.f.f.1.a.1.e.84:
                    1458 	.endo	..gh.f.f.1.a.1.e.84
                    1459 HSM_SetHsmHandlerIrqN::
                    1460 .LDW871:
0000014c 2001       1461 	movs	r0,1
                    1462 .LDW971:
0000014e 4770       1463 	ret
                    1464 __ghs_eofn_HSM_SetHsmHandlerIrqN::
                    1465 	.endf	HSM_SetHsmHandlerIrqN
                    1466 
                    1467 ;irqN	none	param
                    1468 
                    1469 	.section ".bss","awb"
                    1470 .L5424:
                    1471 	.endo	.L5424
                    1472 	.text
                    1473 ..gh.f.f.1.a.1.e.85:
                    1474 	.endo	..gh.f.f.1.a.1.e.85
                    1475 HSM_ClearWakeupTrigger::
                    1476 .LDW081:
00000150 2001       1477 	movs	r0,1
                    1478 .LDW181:
00000152 4770       1479 	ret
                    1480 __ghs_eofn_HSM_ClearWakeupTrigger::
                    1481 	.endf	HSM_ClearWakeupTrigger
                    1482 
                    1483 	.section ".bss","awb"
                    1484 .L5488:
                    1485 	.endo	.L5488
                    1486 	.text
                    1487 ..gh.f.f.1.a.1.e.86:
                    1488 	.endo	..gh.f.f.1.a.1.e.86
                    1489 HSM_SetApiWaitRespTime::
                    1490 .LDW281:
                    1491 .LDW381:
00000154 4770       1492 	ret
                    1493 __ghs_eofn_HSM_SetApiWaitRespTime::
                    1494 	.endf	HSM_SetApiWaitRespTime
                    1495 
                    1496 ;ms	none	param
                    1497 
                    1498 	.section ".bss","awb"
                    1499 .L5546:
                    1500 	.endo	.L5546
                    1501 	.text
                    1502 ..gh.f.f.1.a.1.e.87:
                    1503 	.endo	..gh.f.f.1.a.1.e.87
                    1504 HSM_ChallengeRequest::
                    1505 .LDW481:
00000156 2001       1506 	movs	r0,1
                    1507 .LDW581:
00000158 4770       1508 	ret
                    1509 __ghs_eofn_HSM_ChallengeRequest::
                    1510 	.endf	HSM_ChallengeRequest
                    1511 
                    1512 ;ChallengeValue	none	param
                    1513 
                    1514 	.section ".bss","awb"

                                                                      Page 26
                                                              C:\Windows\TEMP\gh_00000ro3.si
                    1515 .L5616:
                    1516 	.endo	.L5616
                    1517 	.text
                    1518 ..gh.f.f.1.a.1.e.88:
                    1519 	.endo	..gh.f.f.1.a.1.e.88
                    1520 HSM_ResponseForward::
                    1521 .LDW681:
0000015a 2001       1522 	movs	r0,1
                    1523 .LDW781:
0000015c 4770       1524 	ret
                    1525 __ghs_eofn_HSM_ResponseForward::
                    1526 	.endf	HSM_ResponseForward
                    1527 
                    1528 ;ResponseValue	none	param
                    1529 
                    1530 	.section ".bss","awb"
                    1531 .L5680:
                    1532 	.endo	.L5680
                    1533 	.text
                    1534 ..gh.f.f.1.a.1.e.89:
                    1535 	.endo	..gh.f.f.1.a.1.e.89
                    1536 HSM_GetConfigurationLockState::
                    1537 .LDW881:
0000015e 2001       1538 	movs	r0,1
                    1539 .LDW981:
00000160 4770       1540 	ret
                    1541 __ghs_eofn_HSM_GetConfigurationLockState::
                    1542 	.endf	HSM_GetConfigurationLockState
                    1543 
                    1544 ;state	none	param
                    1545 
                    1546 	.section ".bss","awb"
                    1547 .L5744:
                    1548 	.endo	.L5744
                    1549 	.text
                    1550 ..gh.f.f.1.a.1.e.90:
                    1551 	.endo	..gh.f.f.1.a.1.e.90
                    1552 HSM_SetIdAuthentication::
                    1553 .LDW091:
00000162 2001       1554 	movs	r0,1
                    1555 .LDW191:
00000164 4770       1556 	ret
                    1557 __ghs_eofn_HSM_SetIdAuthentication::
                    1558 	.endf	HSM_SetIdAuthentication
                    1559 
                    1560 ;idAuth	none	param
                    1561 
                    1562 	.section ".bss","awb"
                    1563 .L5808:
                    1564 	.endo	.L5808
                    1565 	.text
                    1566 ..gh.f.f.1.a.1.e.91:
                    1567 	.endo	..gh.f.f.1.a.1.e.91
                    1568 HSM_SetInterruptConfig::
                    1569 .LDW291:
00000166 2001       1570 	movs	r0,1
                    1571 .LDW391:
00000168 4770       1572 	ret
                    1573 __ghs_eofn_HSM_SetInterruptConfig::
                    1574 	.endf	HSM_SetInterruptConfig
                    1575 

                                                                      Page 27
                                                              C:\Windows\TEMP\gh_00000ro3.si
                    1576 ;coreNum	none	param
                    1577 ;priority	none	param
                    1578 
                    1579 	.section ".bss","awb"
                    1580 .L5872:
                    1581 	.endo	.L5872
                    1582 	.text
                    1583 ..gh.f.f.1.a.1.e.92:
                    1584 	.endo	..gh.f.f.1.a.1.e.92
                    1585 HSM_FwTamperDetectionStatus::
                    1586 .LDW491:
0000016a 2001       1587 	movs	r0,1
                    1588 .LDW591:
0000016c 4770       1589 	ret
                    1590 __ghs_eofn_HSM_FwTamperDetectionStatus::
                    1591 	.endf	HSM_FwTamperDetectionStatus
                    1592 
                    1593 ;state	none	param
                    1594 
                    1595 	.section ".bss","awb"
                    1596 .L5936:
                    1597 	.endo	.L5936
                    1598 	.text
                    1599 ..gh.f.f.1.a.1.e.93:
                    1600 	.endo	..gh.f.f.1.a.1.e.93
                    1601 HSM_FwTamperDetectionLog::
                    1602 .LDW691:
0000016e 2001       1603 	movs	r0,1
                    1604 .LDW791:
00000170 4770       1605 	ret
                    1606 __ghs_eofn_HSM_FwTamperDetectionLog::
                    1607 	.endf	HSM_FwTamperDetectionLog
                    1608 
                    1609 ;ftdLog	none	param
                    1610 
                    1611 	.section ".bss","awb"
                    1612 .L6000:
                    1613 	.endo	.L6000
                    1614 	.text
                    1615 ..gh.f.f.1.a.1.e.94:
                    1616 	.endo	..gh.f.f.1.a.1.e.94
                    1617 HSM_FwTamperDetectionTempStop::
                    1618 .LDW891:
00000172 2001       1619 	movs	r0,1
                    1620 .LDW991:
00000174 4770       1621 	ret
                    1622 __ghs_eofn_HSM_FwTamperDetectionTempStop::
                    1623 	.endf	HSM_FwTamperDetectionTempStop
                    1624 
                    1625 ;password	none	param
                    1626 ;pwByteLen	none	param
                    1627 ;errState	none	param
                    1628 
                    1629 	.section ".bss","awb"
                    1630 .L6064:
                    1631 	.endo	.L6064
                    1632 	.text
                    1633 ..gh.f.f.1.a.1.e.95:
                    1634 	.endo	..gh.f.f.1.a.1.e.95
                    1635 HSM_FwTamperDetectionRestart::
                    1636 .LDW002:

                                                                      Page 28
                                                              C:\Windows\TEMP\gh_00000ro3.si
00000176 2001       1637 	movs	r0,1
                    1638 .LDW102:
00000178 4770       1639 	ret
                    1640 __ghs_eofn_HSM_FwTamperDetectionRestart::
                    1641 	.endf	HSM_FwTamperDetectionRestart
                    1642 
                    1643 	.section ".bss","awb"
                    1644 .L6128:
                    1645 	.endo	.L6128
                    1646 	.text
                    1647 ..gh.f.f.1.a.1.e.96:
                    1648 	.endo	..gh.f.f.1.a.1.e.96
                    1649 HSM_FwTamperDetectionConfig::
                    1650 .LDW202:
0000017a 2001       1651 	movs	r0,1
                    1652 .LDW302:
0000017c 4770       1653 	ret
                    1654 __ghs_eofn_HSM_FwTamperDetectionConfig::
                    1655 	.endf	HSM_FwTamperDetectionConfig
                    1656 
                    1657 ;ftdConfig	none	param
                    1658 ;cbFunc	none	param
                    1659 
                    1660 	.section ".bss","awb"
                    1661 .L6192:
                    1662 	.endo	.L6192
                    1663 	.text
                    1664 ..gh.f.f.1.a.1.e.97:
                    1665 	.endo	..gh.f.f.1.a.1.e.97
                    1666 HSM_FwTamperDetectionUpdtTarget::
                    1667 .LDW402:
0000017e 2001       1668 	movs	r0,1
                    1669 .LDW502:
00000180 4770       1670 	ret
                    1671 __ghs_eofn_HSM_FwTamperDetectionUpdtTarget::
                    1672 	.endf	HSM_FwTamperDetectionUpdtTarget
                    1673 
                    1674 ;ftdTarget	none	param
                    1675 ;cbFunc	none	param
                    1676 
                    1677 	.section ".bss","awb"
                    1678 .L6256:
                    1679 	.endo	.L6256
                    1680 	.text
                    1681 ..gh.f.f.1.a.1.e.98:
                    1682 	.endo	..gh.f.f.1.a.1.e.98
                    1683 HSM_FactoryFwTamperDetectionEnable::
                    1684 .LDW602:
00000182 2001       1685 	movs	r0,1
                    1686 .LDW702:
00000184 4770       1687 	ret
                    1688 __ghs_eofn_HSM_FactoryFwTamperDetectionEnable::
                    1689 	.endf	HSM_FactoryFwTamperDetectionEnable
                    1690 
                    1691 ;ftdConfig	none	param
                    1692 ;cbFunc	none	param
                    1693 
                    1694 	.section ".bss","awb"
                    1695 .L6320:
                    1696 	.endo	.L6320
                    1697 	.text

                                                                      Page 29
                                                              C:\Windows\TEMP\gh_00000ro3.si
                    1698 ..gh.f.f.1.a.1.e.99:
                    1699 	.endo	..gh.f.f.1.a.1.e.99
                    1700 HSM_FactoryFwTamperDetectionDisable::
                    1701 .LDW802:
00000186 2001       1702 	movs	r0,1
                    1703 .LDW902:
00000188 4770       1704 	ret
                    1705 __ghs_eofn_HSM_FactoryFwTamperDetectionDisable::
                    1706 	.endf	HSM_FactoryFwTamperDetectionDisable
                    1707 
                    1708 	.section ".bss","awb"
                    1709 .L6384:
                    1710 	.endo	.L6384
                    1711 	.text
                    1712 ..gh.f.f.1.a.1.e.100:
                    1713 	.endo	..gh.f.f.1.a.1.e.100
                    1714 HSM_KeyManagementSetAesKey::
                    1715 .LDW012:
0000018a 2001       1716 	movs	r0,1
                    1717 .LDW112:
0000018c 4770       1718 	ret
                    1719 __ghs_eofn_HSM_KeyManagementSetAesKey::
                    1720 	.endf	HSM_KeyManagementSetAesKey
                    1721 
                    1722 ;keyIndex	none	param
                    1723 ;key	none	param
                    1724 ;keyLock	none	param
                    1725 
                    1726 	.section ".bss","awb"
                    1727 .L6448:
                    1728 	.endo	.L6448
                    1729 	.text
                    1730 ..gh.f.f.1.a.1.e.101:
                    1731 	.endo	..gh.f.f.1.a.1.e.101
                    1732 HSM_KeyManagementSetRsaKey::
                    1733 .LDW212:
0000018e 2001       1734 	movs	r0,1
                    1735 .LDW312:
00000190 4770       1736 	ret
                    1737 __ghs_eofn_HSM_KeyManagementSetRsaKey::
                    1738 	.endf	HSM_KeyManagementSetRsaKey
                    1739 
                    1740 ;keyIndex	none	param
                    1741 ;key	none	param
                    1742 ;keyLock	none	param
                    1743 
                    1744 	.section ".bss","awb"
                    1745 .L6512:
                    1746 	.endo	.L6512
                    1747 	.text
                    1748 ..gh.f.f.1.a.1.e.102:
                    1749 	.endo	..gh.f.f.1.a.1.e.102
                    1750 HSM_KeyManagementSetEccKey::
                    1751 .LDW412:
00000192 2001       1752 	movs	r0,1
                    1753 .LDW512:
00000194 4770       1754 	ret
                    1755 __ghs_eofn_HSM_KeyManagementSetEccKey::
                    1756 	.endf	HSM_KeyManagementSetEccKey
                    1757 
                    1758 ;keyIndex	none	param

                                                                      Page 30
                                                              C:\Windows\TEMP\gh_00000ro3.si
                    1759 ;key	none	param
                    1760 ;keyLock	none	param
                    1761 
                    1762 	.section ".bss","awb"
                    1763 .L6576:
                    1764 	.endo	.L6576
                    1765 	.text
                    1766 ..gh.f.f.1.a.1.e.103:
                    1767 	.endo	..gh.f.f.1.a.1.e.103
                    1768 HSM_KeyManagementValidateKey::
                    1769 .LDW612:
00000196 2001       1770 	movs	r0,1
                    1771 .LDW712:
00000198 4770       1772 	ret
                    1773 __ghs_eofn_HSM_KeyManagementValidateKey::
                    1774 	.endf	HSM_KeyManagementValidateKey
                    1775 
                    1776 ;keyType	none	param
                    1777 ;keyIndex	none	param
                    1778 
                    1779 	.section ".bss","awb"
                    1780 .L6640:
                    1781 	.endo	.L6640
                    1782 	.text
                    1783 ..gh.f.f.1.a.1.e.104:
                    1784 	.endo	..gh.f.f.1.a.1.e.104
                    1785 HSM_PDPConfig::
                    1786 .LDW812:
0000019a 2001       1787 	movs	r0,1
                    1788 .LDW912:
0000019c 4770       1789 	ret
                    1790 __ghs_eofn_HSM_PDPConfig::
                    1791 	.endf	HSM_PDPConfig
                    1792 
                    1793 ;pdpConfig	none	param
                    1794 
                    1795 	.section ".bss","awb"
                    1796 .L6704:
                    1797 	.endo	.L6704
                    1798 	.text
                    1799 ..gh.f.f.1.a.1.e.105:
                    1800 	.endo	..gh.f.f.1.a.1.e.105
                    1801 HSM_PDPDataUpdate::
                    1802 .LDW022:
0000019e 2001       1803 	movs	r0,1
                    1804 .LDW122:
000001a0 4770       1805 	ret
                    1806 __ghs_eofn_HSM_PDPDataUpdate::
                    1807 	.endf	HSM_PDPDataUpdate
                    1808 
                    1809 	.section ".bss","awb"
                    1810 .L6768:
                    1811 	.endo	.L6768
                    1812 	.text
                    1813 ..gh.f.f.1.a.1.e.106:
                    1814 	.endo	..gh.f.f.1.a.1.e.106
                    1815 HSM_PDPDataVerify::
                    1816 .LDW222:
000001a2 2001       1817 	movs	r0,1
                    1818 .LDW322:
000001a4 4770       1819 	ret

                                                                      Page 31
                                                              C:\Windows\TEMP\gh_00000ro3.si
                    1820 __ghs_eofn_HSM_PDPDataVerify::
                    1821 	.endf	HSM_PDPDataVerify
                    1822 
                    1823 	.section ".bss","awb"
                    1824 .L6832:
                    1825 	.endo	.L6832
                    1826 	.text
                    1827 ..gh.f.f.1.a.1.e.107:
                    1828 	.endo	..gh.f.f.1.a.1.e.107
                    1829 HSM_PDPDisable::
                    1830 .LDW422:
000001a6 2001       1831 	movs	r0,1
                    1832 .LDW522:
000001a8 4770       1833 	ret
                    1834 __ghs_eofn_HSM_PDPDisable::
                    1835 	.endf	HSM_PDPDisable
                    1836 
                    1837 	.section ".bss","awb"
                    1838 .L6896:
                    1839 	.endo	.L6896
                    1840 	.text
                    1841 ..gh.f.f.1.a.1.e.108:
                    1842 	.endo	..gh.f.f.1.a.1.e.108
                    1843 HSM_TrueRandomGenerate::
                    1844 .LDW622:
000001aa 2001       1845 	movs	r0,1
                    1846 .LDW722:
000001ac 4770       1847 	ret
                    1848 __ghs_eofn_HSM_TrueRandomGenerate::
                    1849 	.endf	HSM_TrueRandomGenerate
                    1850 
                    1851 ;randValue	none	param
                    1852 ;len	none	param
                    1853 
                    1854 	.section ".bss","awb"
                    1855 .L6960:
                    1856 	.endo	.L6960
                    1857 	.text
                    1858 ..gh.f.f.1.a.1.e.109:
                    1859 	.endo	..gh.f.f.1.a.1.e.109
                    1860 HSM_PseudoRandomGenerate::
                    1861 .LDW822:
000001ae 2001       1862 	movs	r0,1
                    1863 .LDW922:
000001b0 4770       1864 	ret
                    1865 __ghs_eofn_HSM_PseudoRandomGenerate::
                    1866 	.endf	HSM_PseudoRandomGenerate
                    1867 
                    1868 ;randValue	none	param
                    1869 ;len	none	param
                    1870 
                    1871 	.section ".bss","awb"
                    1872 .L7024:
                    1873 	.endo	.L7024
                    1874 	.text
                    1875 ..gh.f.f.1.a.1.e.110:
                    1876 	.endo	..gh.f.f.1.a.1.e.110
                    1877 HSM_SecureBootResult::
                    1878 .LDW032:
000001b2 2001       1879 	movs	r0,1
                    1880 .LDW132:

                                                                      Page 32
                                                              C:\Windows\TEMP\gh_00000ro3.si
000001b4 4770       1881 	ret
                    1882 __ghs_eofn_HSM_SecureBootResult::
                    1883 	.endf	HSM_SecureBootResult
                    1884 
                    1885 ;state	none	param
                    1886 
                    1887 	.section ".bss","awb"
                    1888 .L7088:
                    1889 	.endo	.L7088
                    1890 	.text
                    1891 ..gh.f.f.1.a.1.e.111:
                    1892 	.endo	..gh.f.f.1.a.1.e.111
                    1893 HSM_SecureBootMacUpdate::
                    1894 .LDW232:
000001b6 2001       1895 	movs	r0,1
                    1896 .LDW332:
000001b8 4770       1897 	ret
                    1898 __ghs_eofn_HSM_SecureBootMacUpdate::
                    1899 	.endf	HSM_SecureBootMacUpdate
                    1900 
                    1901 ;sbConfig	none	param
                    1902 
                    1903 	.section ".bss","awb"
                    1904 .L7152:
                    1905 	.endo	.L7152
                    1906 	.text
                    1907 ..gh.f.f.1.a.1.e.112:
                    1908 	.endo	..gh.f.f.1.a.1.e.112
                    1909 HSM_FactorySecureBootEnable::
                    1910 .LDW432:
000001ba 2001       1911 	movs	r0,1
                    1912 .LDW532:
000001bc 4770       1913 	ret
                    1914 __ghs_eofn_HSM_FactorySecureBootEnable::
                    1915 	.endf	HSM_FactorySecureBootEnable
                    1916 
                    1917 ;sbConfig	none	param
                    1918 
                    1919 	.section ".bss","awb"
                    1920 .L7216:
                    1921 	.endo	.L7216
                    1922 	.text
                    1923 ..gh.f.f.1.a.1.e.113:
                    1924 	.endo	..gh.f.f.1.a.1.e.113
                    1925 HSM_FactorySecureBootDisable::
                    1926 .LDW632:
000001be 2001       1927 	movs	r0,1
                    1928 .LDW732:
000001c0 4770       1929 	ret
                    1930 __ghs_eofn_HSM_FactorySecureBootDisable::
                    1931 	.endf	HSM_FactorySecureBootDisable
                    1932 
                    1933 	.section ".bss","awb"
                    1934 .L7280:
                    1935 	.endo	.L7280
                    1936 	.text
                    1937 ..gh.f.f.1.a.1.e.114:
                    1938 	.endo	..gh.f.f.1.a.1.e.114
                    1939 HSM_FactorySecureBootEnableDualBank::
                    1940 .LDW832:
000001c2 2001       1941 	movs	r0,1

                                                                      Page 33
                                                              C:\Windows\TEMP\gh_00000ro3.si
                    1942 .LDW932:
000001c4 4770       1943 	ret
                    1944 __ghs_eofn_HSM_FactorySecureBootEnableDualBank::
                    1945 	.endf	HSM_FactorySecureBootEnableDualBank
                    1946 
                    1947 ;sbConfig	none	param
                    1948 
                    1949 	.section ".bss","awb"
                    1950 .L7344:
                    1951 	.endo	.L7344
                    1952 	.text
                    1953 ..gh.f.f.1.a.1.e.115:
                    1954 	.endo	..gh.f.f.1.a.1.e.115
                    1955 HSM_SecureBootMacUpdateDualBank::
                    1956 .LDW042:
000001c6 2001       1957 	movs	r0,1
                    1958 .LDW142:
000001c8 4770       1959 	ret
                    1960 __ghs_eofn_HSM_SecureBootMacUpdateDualBank::
                    1961 	.endf	HSM_SecureBootMacUpdateDualBank
                    1962 
                    1963 ;sbConfig	none	param
                    1964 
                    1965 	.section ".bss","awb"
                    1966 .L7408:
                    1967 	.endo	.L7408
                    1968 	.text
                    1969 ..gh.f.f.1.a.1.e.116:
                    1970 	.endo	..gh.f.f.1.a.1.e.116
                    1971 HSM_FactoryDebuggerProtectionEnable::
                    1972 .LDW242:
000001ca 2001       1973 	movs	r0,1
                    1974 .LDW342:
000001cc 4770       1975 	ret
                    1976 __ghs_eofn_HSM_FactoryDebuggerProtectionEnable::
                    1977 	.endf	HSM_FactoryDebuggerProtectionEnable
                    1978 
                    1979 ;password	none	param
                    1980 ;pwByteLen	none	param
                    1981 
                    1982 	.section ".bss","awb"
                    1983 .L7472:
                    1984 	.endo	.L7472
                    1985 	.text
                    1986 ..gh.f.f.1.a.1.e.117:
                    1987 	.endo	..gh.f.f.1.a.1.e.117
                    1988 HSM_FactoryDebuggerProtectionTempStop::
                    1989 .LDW442:
000001ce 2001       1990 	movs	r0,1
                    1991 .LDW542:
000001d0 4770       1992 	ret
                    1993 __ghs_eofn_HSM_FactoryDebuggerProtectionTempStop::
                    1994 	.endf	HSM_FactoryDebuggerProtectionTempStop
                    1995 
                    1996 ;password	none	param
                    1997 ;pwByteLen	none	param
                    1998 ;debugState	none	param
                    1999 
                    2000 	.section ".bss","awb"
                    2001 .L7536:
                    2002 	.endo	.L7536

                                                                      Page 34
                                                              C:\Windows\TEMP\gh_00000ro3.si
                    2003 	.text
                    2004 ..gh.f.f.1.a.1.e.118:
                    2005 	.endo	..gh.f.f.1.a.1.e.118
                    2006 HSM_FeatureOnDemandCertStore::
                    2007 .LDW642:
000001d2 2001       2008 	movs	r0,1
                    2009 .LDW742:
000001d4 4770       2010 	ret
                    2011 __ghs_eofn_HSM_FeatureOnDemandCertStore::
                    2012 	.endf	HSM_FeatureOnDemandCertStore
                    2013 
                    2014 ;fodCert	none	param
                    2015 ;signInfo	none	param
                    2016 ;errState	none	param
                    2017 
                    2018 	.section ".bss","awb"
                    2019 .L7600:
                    2020 	.endo	.L7600
                    2021 	.text
                    2022 ..gh.f.f.1.a.1.e.119:
                    2023 	.endo	..gh.f.f.1.a.1.e.119
                    2024 HSM_FeatureOnDemandCertDelete::
                    2025 .LDW842:
000001d6 2001       2026 	movs	r0,1
                    2027 .LDW942:
000001d8 4770       2028 	ret
                    2029 __ghs_eofn_HSM_FeatureOnDemandCertDelete::
                    2030 	.endf	HSM_FeatureOnDemandCertDelete
                    2031 
                    2032 ;fodCert	none	param
                    2033 ;signInfo	none	param
                    2034 ;errState	none	param
                    2035 
                    2036 	.section ".bss","awb"
                    2037 .L7664:
                    2038 	.endo	.L7664
                    2039 	.text
                    2040 ..gh.f.f.1.a.1.e.120:
                    2041 	.endo	..gh.f.f.1.a.1.e.120
                    2042 HSM_FeatureOnDemandGetCertList::
                    2043 .LDW052:
000001da 2001       2044 	movs	r0,1
                    2045 .LDW152:
000001dc 4770       2046 	ret
                    2047 __ghs_eofn_HSM_FeatureOnDemandGetCertList::
                    2048 	.endf	HSM_FeatureOnDemandGetCertList
                    2049 
                    2050 ;fodCertList	none	param
                    2051 ;numOfFodCert	none	param
                    2052 ;errState	none	param
                    2053 
                    2054 	.section ".bss","awb"
                    2055 .L7728:
                    2056 	.endo	.L7728
                    2057 	.text
                    2058 
                    2059 	.ghsnote info, 19, 3, 640
                    2060 	.align	2
                    2061 ..eof.C.3A.5CWorking.5CAUTOSAR.5CWPC.5C01_SWP_Backup.5Cksn_backup.5Ce_ka4_pe_wpc_v200_220519_1.5CFBL.5CDebug_FBL.5CCryptoLib.5CDummyCrypto.5Cusercode.5CDummy_HaeHsmDriver...43.3A.5CWorking.5CAUTOSAR.5CWPC.5C01_SWP_Backup.5Cksn_backup.5Ce_ka4_pe_wpc_v200_220519_1..628DB5B3..0::
                    2062 	.section	.debug_info
                    2063 .Ldw_begin:

                                                                      Page 35
                                                              C:\Windows\TEMP\gh_00000ro3.si
00000000 00000000*  2064 	.data.w	.Ldw_end-.Ldw_begin-4
00000004 0002       2065 	.data.b	2,0
00000006 00000000*  2066 	.data.w	.Ldw_abbr_begin
0000000a 04         2067 	.data.b	4
                    2068 	.section	.debug_abbrev
                    2069 .Ldw_abbr_begin:
                    2070 	.section	.debug_info
0000000b 01         2071 	.data.b	1
0000000c 00000000*  2072 	.data.w	..bof.C.3A.5CWorking.5CAUTOSAR.5CWPC.5C01_SWP_Backup.5Cksn_backup.5Ce_ka4_pe_wpc_v200_220519_1.5CFBL.5CDebug_FBL.5CCryptoLib.5CDummyCrypto.5Cusercode.5CDummy_HaeHsmDriver...43.3A.5CWorking.5CAUTOSAR.5CWPC.5C01_SWP_Backup.5Cksn_backup.5Ce_ka4_pe_wpc_v200_220519_1..628DB5B3..0
00000010 00000000*  2073 	.data.w	..eof.C.3A.5CWorking.5CAUTOSAR.5CWPC.5C01_SWP_Backup.5Cksn_backup.5Ce_ka4_pe_wpc_v200_220519_1.5CFBL.5CDebug_FBL.5CCryptoLib.5CDummyCrypto.5Cusercode.5CDummy_HaeHsmDriver...43.3A.5CWorking.5CAUTOSAR.5CWPC.5C01_SWP_Backup.5Cksn_backup.5Ce_ka4_pe_wpc_v200_220519_1..628DB5B3..0
00000014 70797243   2074 	.data.b	67,114,121,112,116,111,76,105,98,47,68,117,109,109,121,67,114,121,112,116,111,47,117,115,101,114,99,111,100,101,47,68,117,109,109,121,95,72,97,101,72,115,109,68,114,105,118,101,114,46,99,0
00000018 694c6f74 
0000001c 75442f62 
00000020 43796d6d 
00000024 74707972 
00000028 73752f6f 
0000002c 6f637265 
00000030 442f6564 
00000034 796d6d75 
00000038 6561485f 
0000003c 446d7348 
00000040 65766972 
00000044 00632e72 
00000048 575c3a43   2075 	.data.b	67,58,92,87,111,114,107,105,110,103,92,65,85,84,79,83,65,82,92,87,80,67,92,48,49,95,83,87,80,95,66,97,99,107,117,112,92,107,115,110,95,98,97,99,107,117,112,92,101,95,107,97,52,95,112,101,95,119,112,99
0000004c 696b726f 
00000050 415c676e 
00000054 534f5455 
00000058 575c5241 
0000005c 305c4350 
00000060 57535f31 
00000064 61425f50 
00000068 70756b63 
0000006c 6e736b5c 
00000070 6361625f 
00000074 5c70756b 
00000078 616b5f65 
0000007c 65705f34 
00000080 6370775f 
00000084 3032765f   2076 	.data.b	95,118,50,48,48,95,50,50,48,53,49,57,95,49,0
00000088 32325f30 
0000008c 39313530 
00000090 00315f 
00000093 20534847   2077 	.data.b	71,72,83,32,67,32,50,48,49,55,46,49,46,52,32,91,100,117,97,108,93,0
00000097 30322043 
0000009b 312e3731 
0000009f 5b20342e 
000000a3 6c617564 
000000a7 005d 
000000a9 0001       2078 	.data.b	1,0
000000ab 00000000*  2079 	.data.w	.Ldw_line_begin
000000af 00000000*  2080 	.data.w	.Ldw_macinfo_begin
000000b3 00         2081 	.data.b	0
                    2082 
                    2083 	.section	.debug_abbrev
00000000 01         2084 	.data.b	1
00000001 11         2085 	.data.b	17
00000002 01         2086 	.data.b	1
00000003 0111       2087 	.data.b	17,1
00000005 0112       2088 	.data.b	18,1
00000007 0803       2089 	.data.b	3,8
00000009 081b       2090 	.data.b	27,8

                                                                      Page 36
                                                              C:\Windows\TEMP\gh_00000ro3.si
0000000b 0825       2091 	.data.b	37,8
0000000d 0513       2092 	.data.b	19,5
0000000f 0610       2093 	.data.b	16,6
00000011 0643       2094 	.data.b	67,6
00000013 0b42       2095 	.data.b	66,11
00000015 0000       2096 	.data.b	0,0
                    2097 
                    2098 	.section	.debug_line
                    2099 .Ldw_line_begin:
00000000 00000000*  2100 	.data.w	.Ldw_line_end-.Ldw_line_begin-4
00000004 0002       2101 	.data.b	2,0
00000006 00000000*  2102 	.data.w	.Ldw_lpro_end-.Ldw_lpro_begin
                    2103 .Ldw_lpro_begin:
0000000a 01         2104 	.data.b	1
0000000b 00         2105 	.data.b	0
0000000c 00         2106 	.data.b	0
0000000d 04         2107 	.data.b	4
0000000e 0a         2108 	.data.b	10
0000000f 010100     2109 	.data.b	0,1,1
00000012 000101     2110 	.data.b	1,1,0
00000015 010000     2111 	.data.b	0,0,1
00000018 00         2112 	.data.b	0
00000019 70797243   2113 	.data.b	67,114,121,112,116,111,76,105,98,47,68,117,109,109,121,67,114,121,112,116,111,47,117,115,101,114,99,111,100,101,47,68,117,109,109,121,95,72,97,101,72,115,109,68,114,105,118,101,114,46,99,0
0000001d 694c6f74 
00000021 75442f62 
00000025 43796d6d 
00000029 74707972 
0000002d 73752f6f 
00000031 6f637265 
00000035 442f6564 
00000039 796d6d75 
0000003d 6561485f 
00000041 446d7348 
00000045 65766972 
00000049 00632e72 
0000004d 000000     2114 	.data.b	0,0,0
00000050 70797243   2115 	.data.b	67,114,121,112,116,111,76,105,98,47,68,117,109,109,121,67,114,121,112,116,111,47,117,115,101,114,99,111,100,101,47,68,117,109,109,121,95,72,97,101,72,115,109,68,114,105,118,101,114,46,104,0
00000054 694c6f74 
00000058 75442f62 
0000005c 43796d6d 
00000060 74707972 
00000064 73752f6f 
00000068 6f637265 
0000006c 442f6564 
00000070 796d6d75 
00000074 6561485f 
00000078 446d7348 
0000007c 65766972 
00000080 00682e72 
00000084 000000     2116 	.data.b	0,0,0
00000087 00         2117 	.data.b	0
                    2118 .Ldw_lpro_end:
                    2119 	.section	.debug_macinfo
                    2120 .Ldw_macinfo_begin:
                    2121 	.section	.debug_frame
                    2122 .LDW_4a21e10:
00000000 00000000*  2123 	.data.w	.LDW_unq_2-.LDW_unq_1
                    2124 .LDW_unq_1:
00000004 ffffffff   2125 	.data.b	255,255,255,255
00000008 01         2126 	.data.b	1
00000009 00         2127 	.data.b	0

                                                                      Page 37
                                                              C:\Windows\TEMP\gh_00000ro3.si
0000000a 01         2128 	.data.b	1
0000000b 01         2129 	.data.b	1
0000000c 00         2130 	.data.b	0
0000000d 0c         2131 	.data.b	12
0000000e 0d         2132 	.data.b	13
0000000f 00         2133 	.data.b	0
00000010 07         2134 	.data.b	7
00000011 00         2135 	.data.b	0
00000012 07         2136 	.data.b	7
00000013 01         2137 	.data.b	1
00000014 07         2138 	.data.b	7
00000015 02         2139 	.data.b	2
00000016 07         2140 	.data.b	7
00000017 03         2141 	.data.b	3
00000018 07         2142 	.data.b	7
00000019 04         2143 	.data.b	4
0000001a 07         2144 	.data.b	7
0000001b 05         2145 	.data.b	5
0000001c 07         2146 	.data.b	7
0000001d 06         2147 	.data.b	6
0000001e 07         2148 	.data.b	7
0000001f 07         2149 	.data.b	7
00000020 07         2150 	.data.b	7
00000021 08         2151 	.data.b	8
00000022 07         2152 	.data.b	7
00000023 09         2153 	.data.b	9
00000024 07         2154 	.data.b	7
00000025 0a         2155 	.data.b	10
00000026 07         2156 	.data.b	7
00000027 0b         2157 	.data.b	11
00000028 07         2158 	.data.b	7
00000029 0c         2159 	.data.b	12
0000002a 07         2160 	.data.b	7
0000002b 0d         2161 	.data.b	13
0000002c 07         2162 	.data.b	7
0000002d 0e         2163 	.data.b	14
0000002e 07         2164 	.data.b	7
0000002f 0f         2165 	.data.b	15
00000030 07         2166 	.data.b	7
00000031 10         2167 	.data.b	16
00000032 07         2168 	.data.b	7
00000033 11         2169 	.data.b	17
00000034 07         2170 	.data.b	7
00000035 12         2171 	.data.b	18
00000036 07         2172 	.data.b	7
00000037 13         2173 	.data.b	19
00000038 07         2174 	.data.b	7
00000039 14         2175 	.data.b	20
0000003a 07         2176 	.data.b	7
0000003b 15         2177 	.data.b	21
0000003c 07         2178 	.data.b	7
0000003d 16         2179 	.data.b	22
0000003e 07         2180 	.data.b	7
0000003f 17         2181 	.data.b	23
00000040 07         2182 	.data.b	7
00000041 18         2183 	.data.b	24
00000042 07         2184 	.data.b	7
00000043 19         2185 	.data.b	25
00000044 07         2186 	.data.b	7
00000045 1a         2187 	.data.b	26
00000046 07         2188 	.data.b	7

                                                                      Page 38
                                                              C:\Windows\TEMP\gh_00000ro3.si
00000047 1b         2189 	.data.b	27
00000048 07         2190 	.data.b	7
00000049 1c         2191 	.data.b	28
0000004a 07         2192 	.data.b	7
0000004b 1d         2193 	.data.b	29
0000004c 07         2194 	.data.b	7
0000004d 1e         2195 	.data.b	30
0000004e 07         2196 	.data.b	7
0000004f 1f         2197 	.data.b	31
00000050 07         2198 	.data.b	7
00000051 20         2199 	.data.b	32
00000052 07         2200 	.data.b	7
00000053 21         2201 	.data.b	33
00000054 07         2202 	.data.b	7
00000055 22         2203 	.data.b	34
00000056 07         2204 	.data.b	7
00000057 23         2205 	.data.b	35
00000058 07         2206 	.data.b	7
00000059 24         2207 	.data.b	36
0000005a 07         2208 	.data.b	7
0000005b 25         2209 	.data.b	37
0000005c 07         2210 	.data.b	7
0000005d 26         2211 	.data.b	38
0000005e 07         2212 	.data.b	7
0000005f 27         2213 	.data.b	39
00000060 07         2214 	.data.b	7
00000061 28         2215 	.data.b	40
00000062 07         2216 	.data.b	7
00000063 29         2217 	.data.b	41
00000064 07         2218 	.data.b	7
00000065 2a         2219 	.data.b	42
00000066 07         2220 	.data.b	7
00000067 2b         2221 	.data.b	43
00000068 07         2222 	.data.b	7
00000069 2c         2223 	.data.b	44
0000006a 07         2224 	.data.b	7
0000006b 2d         2225 	.data.b	45
0000006c 07         2226 	.data.b	7
0000006d 2e         2227 	.data.b	46
0000006e 07         2228 	.data.b	7
0000006f 2f         2229 	.data.b	47
00000070 07         2230 	.data.b	7
00000071 30         2231 	.data.b	48
00000072 07         2232 	.data.b	7
00000073 31         2233 	.data.b	49
00000074 07         2234 	.data.b	7
00000075 32         2235 	.data.b	50
00000076 07         2236 	.data.b	7
00000077 33         2237 	.data.b	51
00000078 07         2238 	.data.b	7
00000079 34         2239 	.data.b	52
0000007a 07         2240 	.data.b	7
0000007b 35         2241 	.data.b	53
0000007c 07         2242 	.data.b	7
0000007d 36         2243 	.data.b	54
0000007e 07         2244 	.data.b	7
0000007f 37         2245 	.data.b	55
00000080 07         2246 	.data.b	7
00000081 38         2247 	.data.b	56
00000082 07         2248 	.data.b	7
00000083 39         2249 	.data.b	57

                                                                      Page 39
                                                              C:\Windows\TEMP\gh_00000ro3.si
00000084 07         2250 	.data.b	7
00000085 3a         2251 	.data.b	58
00000086 07         2252 	.data.b	7
00000087 3b         2253 	.data.b	59
00000088 07         2254 	.data.b	7
00000089 3c         2255 	.data.b	60
0000008a 07         2256 	.data.b	7
0000008b 3d         2257 	.data.b	61
0000008c 07         2258 	.data.b	7
0000008d 3e         2259 	.data.b	62
0000008e 07         2260 	.data.b	7
0000008f 3f         2261 	.data.b	63
                    2262 .LDW_unq_2:
                    2263 	.section	.debug_info
                    2264 .LDW_3791950:
000000b4 27         2265 	.data.b	39
000000b5 69736e75   2266 	.data.b	117,110,115,105,103,110,101,100,32,99,104,97,114,0
000000b9 64656e67 
000000bd 61686320 
000000c1 0072 
000000c3 08         2267 	.data.b	8
000000c4 01         2268 	.data.b	1
                    2269 
                    2270 	.section	.debug_abbrev
00000017 27         2271 	.data.b	39
00000018 24         2272 	.data.b	36
00000019 00         2273 	.data.b	0
0000001a 0803       2274 	.data.b	3,8
0000001c 0b3e       2275 	.data.b	62,11
0000001e 0b0b       2276 	.data.b	11,11
00000020 0000       2277 	.data.b	0,0
                    2278 
                    2279 	.section	.debug_info
                    2280 .LDW_3791988:
000000c5 31         2281 	.data.b	49
000000c6 00000000*  2282 	.data.w	.LDW_4977b90
                    2283 
                    2284 	.section	.debug_abbrev
00000022 31         2285 	.data.b	49
00000023 0f         2286 	.data.b	15
00000024 00         2287 	.data.b	0
00000025 1049       2288 	.data.b	73,16
00000027 0000       2289 	.data.b	0,0
                    2290 
                    2291 	.section	.debug_info
                    2292 .LDW_37919c0:
000000ca 27         2293 	.data.b	39
000000cb 69736e75   2294 	.data.b	117,110,115,105,103,110,101,100,32,115,104,111,114,116,0
000000cf 64656e67 
000000d3 6f687320 
000000d7 007472 
000000da 07         2295 	.data.b	7
000000db 02         2296 	.data.b	2
                    2297 
                    2298 .LDW_4977c98:
000000dc 2b         2299 	.data.b	43
000000dd 00000000*  2300 	.data.w	.LDW_3791950
                    2301 
                    2302 	.section	.debug_abbrev
00000029 2b         2303 	.data.b	43
0000002a 26         2304 	.data.b	38

                                                                      Page 40
                                                              C:\Windows\TEMP\gh_00000ro3.si
0000002b 00         2305 	.data.b	0
0000002c 1049       2306 	.data.b	73,16
0000002e 0000       2307 	.data.b	0,0
                    2308 
                    2309 	.section	.debug_info
                    2310 .LDW_3791c98:
000000e1 31         2311 	.data.b	49
000000e2 00000000*  2312 	.data.w	.LDW_4977c98
                    2313 
                    2314 .LDW_3791c28:
000000e6 46         2315 	.data.b	70
000000e7 00000000*  2316 	.data.w	.LDW_3791950
000000eb 01         2317 	.data.b	1
                    2318 
                    2319 	.section	.debug_abbrev
00000030 46         2320 	.data.b	70
00000031 15         2321 	.data.b	21
00000032 01         2322 	.data.b	1
00000033 1049       2323 	.data.b	73,16
00000035 0c27       2324 	.data.b	39,12
00000037 0000       2325 	.data.b	0,0
                    2326 
                    2327 	.section	.debug_info
                    2328 .LDW_374fb58:
000000ec 14         2329 	.data.b	20
000000ed 00000000*  2330 	.data.w	.LDW_3791988
000000f1 00         2331 	.data.b	0
                    2332 
                    2333 	.section	.debug_abbrev
00000039 14         2334 	.data.b	20
0000003a 05         2335 	.data.b	5
0000003b 00         2336 	.data.b	0
0000003c 1049       2337 	.data.b	73,16
0000003e 0c4b       2338 	.data.b	75,12
00000040 0000       2339 	.data.b	0,0
                    2340 
                    2341 	.section	.debug_info
                    2342 .LDW_3750098:
000000f2 14         2343 	.data.b	20
000000f3 00000000*  2344 	.data.w	.LDW_4977c40
000000f7 00         2345 	.data.b	0
                    2346 
                    2347 .LDW_374fd08:
000000f8 14         2348 	.data.b	20
000000f9 00000000*  2349 	.data.w	.LDW_37919c0
000000fd 00         2350 	.data.b	0
                    2351 
                    2352 .LDW_374fc48:
000000fe 14         2353 	.data.b	20
000000ff 00000000*  2354 	.data.w	.LDW_3791c98
00000103 00         2355 	.data.b	0
                    2356 
00000104 00         2357 	.data.b	0
                    2358 
                    2359 .LDW_4977ee8:
00000105 2b         2360 	.data.b	43
00000106 00000000*  2361 	.data.w	.LDW_4977b90
                    2362 
                    2363 .LDW_3792050:
0000010a 31         2364 	.data.b	49
0000010b 00000000*  2365 	.data.w	.LDW_4977ee8

                                                                      Page 41
                                                              C:\Windows\TEMP\gh_00000ro3.si
                    2366 
                    2367 .LDW_3792088:
0000010f 27         2368 	.data.b	39
00000110 69736e75   2369 	.data.b	117,110,115,105,103,110,101,100,32,108,111,110,103,0
00000114 64656e67 
00000118 6e6f6c20 
0000011c 0067 
0000011e 07         2370 	.data.b	7
0000011f 04         2371 	.data.b	4
                    2372 
                    2373 .LDW_3792018:
00000120 46         2374 	.data.b	70
00000121 00000000*  2375 	.data.w	.LDW_3791950
00000125 01         2376 	.data.b	1
                    2377 
                    2378 .LDW_374fca8:
00000126 14         2379 	.data.b	20
00000127 00000000*  2380 	.data.w	.LDW_3792050
0000012b 00         2381 	.data.b	0
                    2382 
                    2383 .LDW_374fb88:
0000012c 14         2384 	.data.b	20
0000012d 00000000*  2385 	.data.w	.LDW_3791c98
00000131 00         2386 	.data.b	0
                    2387 
                    2388 .LDW_374ff78:
00000132 14         2389 	.data.b	20
00000133 00000000*  2390 	.data.w	.LDW_3792088
00000137 00         2391 	.data.b	0
                    2392 
00000138 00         2393 	.data.b	0
                    2394 
                    2395 .LDW_4a04cf8:
00000139 46         2396 	.data.b	70
0000013a 00000000*  2397 	.data.w	.LDW_3791950
0000013e 01         2398 	.data.b	1
                    2399 
                    2400 .LDW_374fbb8:
0000013f 14         2401 	.data.b	20
00000140 00000000*  2402 	.data.w	.LDW_3792050
00000144 00         2403 	.data.b	0
                    2404 
00000145 00         2405 	.data.b	0
                    2406 
                    2407 .LDW_4a04908:
00000146 46         2408 	.data.b	70
00000147 00000000*  2409 	.data.w	.LDW_3791950
0000014b 01         2410 	.data.b	1
                    2411 
                    2412 .LDW_374ffa8:
0000014c 14         2413 	.data.b	20
0000014d 00000000*  2414 	.data.w	.LDW_3791988
00000151 00         2415 	.data.b	0
                    2416 
                    2417 .LDW_374fbe8:
00000152 14         2418 	.data.b	20
00000153 00000000*  2419 	.data.w	.LDW_4977c40
00000157 00         2420 	.data.b	0
                    2421 
                    2422 .LDW_4a055d0:
00000158 14         2423 	.data.b	20

                                                                      Page 42
                                                              C:\Windows\TEMP\gh_00000ro3.si
00000159 00000000*  2424 	.data.w	.LDW_37919c0
0000015d 00         2425 	.data.b	0
                    2426 
                    2427 .LDW_4a05420:
0000015e 14         2428 	.data.b	20
0000015f 00000000*  2429 	.data.w	.LDW_3791c98
00000163 00         2430 	.data.b	0
                    2431 
00000164 00         2432 	.data.b	0
                    2433 
                    2434 .LDW_4a04b38:
00000165 46         2435 	.data.b	70
00000166 00000000*  2436 	.data.w	.LDW_3791950
0000016a 01         2437 	.data.b	1
                    2438 
                    2439 .LDW_4a05630:
0000016b 14         2440 	.data.b	20
0000016c 00000000*  2441 	.data.w	.LDW_3792050
00000170 00         2442 	.data.b	0
                    2443 
                    2444 .LDW_4a05540:
00000171 14         2445 	.data.b	20
00000172 00000000*  2446 	.data.w	.LDW_3791c98
00000176 00         2447 	.data.b	0
                    2448 
                    2449 .LDW_4a051e0:
00000177 14         2450 	.data.b	20
00000178 00000000*  2451 	.data.w	.LDW_3792088
0000017c 00         2452 	.data.b	0
                    2453 
0000017d 00         2454 	.data.b	0
                    2455 
                    2456 .LDW_4a04a90:
0000017e 46         2457 	.data.b	70
0000017f 00000000*  2458 	.data.w	.LDW_3791950
00000183 01         2459 	.data.b	1
                    2460 
                    2461 .LDW_4a05390:
00000184 14         2462 	.data.b	20
00000185 00000000*  2463 	.data.w	.LDW_3792050
00000189 00         2464 	.data.b	0
                    2465 
0000018a 00         2466 	.data.b	0
                    2467 
                    2468 .LDW_4a04c18:
0000018b 46         2469 	.data.b	70
0000018c 00000000*  2470 	.data.w	.LDW_3791950
00000190 01         2471 	.data.b	1
                    2472 
                    2473 .LDW_4a052d0:
00000191 14         2474 	.data.b	20
00000192 00000000*  2475 	.data.w	.LDW_3791988
00000196 00         2476 	.data.b	0
                    2477 
                    2478 .LDW_4a05570:
00000197 14         2479 	.data.b	20
00000198 00000000*  2480 	.data.w	.LDW_37919c0
0000019c 00         2481 	.data.b	0
                    2482 
                    2483 .LDW_4a05660:
0000019d 14         2484 	.data.b	20

                                                                      Page 43
                                                              C:\Windows\TEMP\gh_00000ro3.si
0000019e 00000000*  2485 	.data.w	.LDW_3792088
000001a2 00         2486 	.data.b	0
                    2487 
000001a3 00         2488 	.data.b	0
                    2489 
                    2490 .LDW_4a04828:
000001a4 46         2491 	.data.b	70
000001a5 00000000*  2492 	.data.w	.LDW_3791950
000001a9 01         2493 	.data.b	1
                    2494 
                    2495 .LDW_4a05270:
000001aa 14         2496 	.data.b	20
000001ab 00000000*  2497 	.data.w	.LDW_3792050
000001af 00         2498 	.data.b	0
                    2499 
                    2500 .LDW_4a05210:
000001b0 14         2501 	.data.b	20
000001b1 00000000*  2502 	.data.w	.LDW_3791c98
000001b5 00         2503 	.data.b	0
                    2504 
                    2505 .LDW_4a05240:
000001b6 14         2506 	.data.b	20
000001b7 00000000*  2507 	.data.w	.LDW_3792088
000001bb 00         2508 	.data.b	0
                    2509 
000001bc 00         2510 	.data.b	0
                    2511 
                    2512 .LDW_4a04be0:
000001bd 31         2513 	.data.b	49
000001be 00000000*  2514 	.data.w	.LDW_3791950
                    2515 
                    2516 .LDW_4a04ac8:
000001c2 46         2517 	.data.b	70
000001c3 00000000*  2518 	.data.w	.LDW_3791950
000001c7 01         2519 	.data.b	1
                    2520 
                    2521 .LDW_4a05690:
000001c8 14         2522 	.data.b	20
000001c9 00000000*  2523 	.data.w	.LDW_3792050
000001cd 00         2524 	.data.b	0
                    2525 
                    2526 .LDW_4a055a0:
000001ce 14         2527 	.data.b	20
000001cf 00000000*  2528 	.data.w	.LDW_4a04be0
000001d3 00         2529 	.data.b	0
                    2530 
000001d4 00         2531 	.data.b	0
                    2532 
                    2533 .LDW_4a049e8:
000001d5 46         2534 	.data.b	70
000001d6 00000000*  2535 	.data.w	.LDW_3791950
000001da 01         2536 	.data.b	1
                    2537 
                    2538 .LDW_4a05330:
000001db 14         2539 	.data.b	20
000001dc 00000000*  2540 	.data.w	.LDW_3791988
000001e0 00         2541 	.data.b	0
                    2542 
                    2543 .LDW_4a05450:
000001e1 14         2544 	.data.b	20
000001e2 00000000*  2545 	.data.w	.LDW_37919c0

                                                                      Page 44
                                                              C:\Windows\TEMP\gh_00000ro3.si
000001e6 00         2546 	.data.b	0
                    2547 
000001e7 00         2548 	.data.b	0
                    2549 
                    2550 .LDW_4a04c88:
000001e8 46         2551 	.data.b	70
000001e9 00000000*  2552 	.data.w	.LDW_3791950
000001ed 01         2553 	.data.b	1
                    2554 
                    2555 .LDW_4a056f0:
000001ee 14         2556 	.data.b	20
000001ef 00000000*  2557 	.data.w	.LDW_3792050
000001f3 00         2558 	.data.b	0
                    2559 
                    2560 .LDW_4a05120:
000001f4 14         2561 	.data.b	20
000001f5 00000000*  2562 	.data.w	.LDW_3791c98
000001f9 00         2563 	.data.b	0
                    2564 
                    2565 .LDW_4a05150:
000001fa 14         2566 	.data.b	20
000001fb 00000000*  2567 	.data.w	.LDW_3791c98
000001ff 00         2568 	.data.b	0
                    2569 
00000200 00         2570 	.data.b	0
                    2571 
                    2572 .LDW_4a04e10:
00000201 31         2573 	.data.b	49
00000202 00000000*  2574 	.data.w	.LDW_4a0af20
                    2575 
                    2576 .LDW_4a04860:
00000206 46         2577 	.data.b	70
00000207 00000000*  2578 	.data.w	.LDW_3791950
0000020b 01         2579 	.data.b	1
                    2580 
                    2581 .LDW_4a053c0:
0000020c 14         2582 	.data.b	20
0000020d 00000000*  2583 	.data.w	.LDW_3792050
00000211 00         2584 	.data.b	0
                    2585 
                    2586 .LDW_4a053f0:
00000212 14         2587 	.data.b	20
00000213 00000000*  2588 	.data.w	.LDW_4a04e10
00000217 00         2589 	.data.b	0
                    2590 
00000218 00         2591 	.data.b	0
                    2592 
                    2593 .LDW_4a04b00:
00000219 46         2594 	.data.b	70
0000021a 00000000*  2595 	.data.w	.LDW_3791950
0000021e 01         2596 	.data.b	1
                    2597 
                    2598 .LDW_4a054b0:
0000021f 14         2599 	.data.b	20
00000220 00000000*  2600 	.data.w	.LDW_3791988
00000224 00         2601 	.data.b	0
                    2602 
                    2603 .LDW_4a054e0:
00000225 14         2604 	.data.b	20
00000226 00000000*  2605 	.data.w	.LDW_37919c0
0000022a 00         2606 	.data.b	0

                                                                      Page 45
                                                              C:\Windows\TEMP\gh_00000ro3.si
                    2607 
0000022b 00         2608 	.data.b	0
                    2609 
                    2610 .LDW_4a0aa50:
0000022c 2b         2611 	.data.b	43
0000022d 00000000*  2612 	.data.w	.LDW_4a0af20
                    2613 
                    2614 .LDW_4a04e80:
00000231 31         2615 	.data.b	49
00000232 00000000*  2616 	.data.w	.LDW_4a0aa50
                    2617 
                    2618 .LDW_4a04940:
00000236 46         2619 	.data.b	70
00000237 00000000*  2620 	.data.w	.LDW_3791950
0000023b 01         2621 	.data.b	1
                    2622 
                    2623 .LDW_4a05780:
0000023c 14         2624 	.data.b	20
0000023d 00000000*  2625 	.data.w	.LDW_3792050
00000241 00         2626 	.data.b	0
                    2627 
                    2628 .LDW_4a057b0:
00000242 14         2629 	.data.b	20
00000243 00000000*  2630 	.data.w	.LDW_3791c98
00000247 00         2631 	.data.b	0
                    2632 
                    2633 .LDW_4a057e0:
00000248 14         2634 	.data.b	20
00000249 00000000*  2635 	.data.w	.LDW_4a04e80
0000024d 00         2636 	.data.b	0
                    2637 
0000024e 00         2638 	.data.b	0
                    2639 
                    2640 .LDW_4a04898:
0000024f 46         2641 	.data.b	70
00000250 00000000*  2642 	.data.w	.LDW_3791950
00000254 01         2643 	.data.b	1
                    2644 
                    2645 .LDW_4a05840:
00000255 14         2646 	.data.b	20
00000256 00000000*  2647 	.data.w	.LDW_3792050
0000025a 00         2648 	.data.b	0
                    2649 
                    2650 .LDW_4a05870:
0000025b 14         2651 	.data.b	20
0000025c 00000000*  2652 	.data.w	.LDW_4a04be0
00000260 00         2653 	.data.b	0
                    2654 
00000261 00         2655 	.data.b	0
                    2656 
                    2657 .LDW_4a04b70:
00000262 46         2658 	.data.b	70
00000263 00000000*  2659 	.data.w	.LDW_3791950
00000267 01         2660 	.data.b	1
                    2661 
                    2662 .LDW_4a05720:
00000268 14         2663 	.data.b	20
00000269 00000000*  2664 	.data.w	.LDW_3791988
0000026d 00         2665 	.data.b	0
                    2666 
                    2667 .LDW_4a0c2f0:

                                                                      Page 46
                                                              C:\Windows\TEMP\gh_00000ro3.si
0000026e 14         2668 	.data.b	20
0000026f 00000000*  2669 	.data.w	.LDW_37919c0
00000273 00         2670 	.data.b	0
                    2671 
00000274 00         2672 	.data.b	0
                    2673 
                    2674 .LDW_4a0ad68:
00000275 2b         2675 	.data.b	43
00000276 00000000*  2676 	.data.w	.LDW_4a0ab00
                    2677 
                    2678 .LDW_4a04dd8:
0000027a 31         2679 	.data.b	49
0000027b 00000000*  2680 	.data.w	.LDW_4a0ad68
                    2681 
                    2682 .LDW_4a04cc0:
0000027f 46         2683 	.data.b	70
00000280 00000000*  2684 	.data.w	.LDW_3791950
00000284 01         2685 	.data.b	1
                    2686 
                    2687 .LDW_4a0c290:
00000285 14         2688 	.data.b	20
00000286 00000000*  2689 	.data.w	.LDW_3792050
0000028a 00         2690 	.data.b	0
                    2691 
                    2692 .LDW_4a0c2c0:
0000028b 14         2693 	.data.b	20
0000028c 00000000*  2694 	.data.w	.LDW_4a04dd8
00000290 00         2695 	.data.b	0
                    2696 
00000291 00         2697 	.data.b	0
                    2698 
                    2699 .LDW_4a04c50:
00000292 46         2700 	.data.b	70
00000293 00000000*  2701 	.data.w	.LDW_3791950
00000297 01         2702 	.data.b	1
                    2703 
                    2704 .LDW_4a0c380:
00000298 14         2705 	.data.b	20
00000299 00000000*  2706 	.data.w	.LDW_3792050
0000029d 00         2707 	.data.b	0
                    2708 
                    2709 .LDW_4a0c3b0:
0000029e 14         2710 	.data.b	20
0000029f 00000000*  2711 	.data.w	.LDW_4a04be0
000002a3 00         2712 	.data.b	0
                    2713 
000002a4 00         2714 	.data.b	0
                    2715 
                    2716 .LDW_4a04d30:
000002a5 46         2717 	.data.b	70
000002a6 00000000*  2718 	.data.w	.LDW_3791950
000002aa 01         2719 	.data.b	1
                    2720 
                    2721 .LDW_4a0c260:
000002ab 14         2722 	.data.b	20
000002ac 00000000*  2723 	.data.w	.LDW_3791988
000002b0 00         2724 	.data.b	0
                    2725 
000002b1 00         2726 	.data.b	0
                    2727 
                    2728 .LDW_4a04d68:

                                                                      Page 47
                                                              C:\Windows\TEMP\gh_00000ro3.si
000002b2 46         2729 	.data.b	70
000002b3 00000000*  2730 	.data.w	.LDW_3791950
000002b7 01         2731 	.data.b	1
                    2732 
                    2733 .LDW_4a0c1a0:
000002b8 14         2734 	.data.b	20
000002b9 00000000*  2735 	.data.w	.LDW_3792050
000002bd 00         2736 	.data.b	0
                    2737 
                    2738 .LDW_4a0bff0:
000002be 14         2739 	.data.b	20
000002bf 00000000*  2740 	.data.w	.LDW_3791c98
000002c3 00         2741 	.data.b	0
                    2742 
                    2743 .LDW_4a0bde0:
000002c4 14         2744 	.data.b	20
000002c5 00000000*  2745 	.data.w	.LDW_3792088
000002c9 00         2746 	.data.b	0
                    2747 
000002ca 00         2748 	.data.b	0
                    2749 
                    2750 .LDW_4a04ba8:
000002cb 46         2751 	.data.b	70
000002cc 00000000*  2752 	.data.w	.LDW_3791950
000002d0 01         2753 	.data.b	1
                    2754 
                    2755 .LDW_4a0c170:
000002d1 14         2756 	.data.b	20
000002d2 00000000*  2757 	.data.w	.LDW_3792050
000002d6 00         2758 	.data.b	0
                    2759 
                    2760 .LDW_4a0c080:
000002d7 14         2761 	.data.b	20
000002d8 00000000*  2762 	.data.w	.LDW_4a04be0
000002dc 00         2763 	.data.b	0
                    2764 
000002dd 00         2765 	.data.b	0
                    2766 
                    2767 .LDW_4a04da0:
000002de 46         2768 	.data.b	70
000002df 00000000*  2769 	.data.w	.LDW_3791950
000002e3 01         2770 	.data.b	1
                    2771 
                    2772 .LDW_4a0c140:
000002e4 14         2773 	.data.b	20
000002e5 00000000*  2774 	.data.w	.LDW_3791988
000002e9 00         2775 	.data.b	0
                    2776 
000002ea 00         2777 	.data.b	0
                    2778 
                    2779 .LDW_4a04a20:
000002eb 46         2780 	.data.b	70
000002ec 00000000*  2781 	.data.w	.LDW_3791950
000002f0 01         2782 	.data.b	1
                    2783 
                    2784 .LDW_4a0c0b0:
000002f1 14         2785 	.data.b	20
000002f2 00000000*  2786 	.data.w	.LDW_3792050
000002f6 00         2787 	.data.b	0
                    2788 
                    2789 .LDW_4a0c1d0:

                                                                      Page 48
                                                              C:\Windows\TEMP\gh_00000ro3.si
000002f7 14         2790 	.data.b	20
000002f8 00000000*  2791 	.data.w	.LDW_3791c98
000002fc 00         2792 	.data.b	0
                    2793 
                    2794 .LDW_4a0bd50:
000002fd 14         2795 	.data.b	20
000002fe 00000000*  2796 	.data.w	.LDW_3792088
00000302 00         2797 	.data.b	0
                    2798 
00000303 00         2799 	.data.b	0
                    2800 
                    2801 .LDW_4a048d0:
00000304 46         2802 	.data.b	70
00000305 00000000*  2803 	.data.w	.LDW_3791950
00000309 01         2804 	.data.b	1
                    2805 
                    2806 .LDW_4a0c020:
0000030a 14         2807 	.data.b	20
0000030b 00000000*  2808 	.data.w	.LDW_3792050
0000030f 00         2809 	.data.b	0
                    2810 
                    2811 .LDW_4a0bf30:
00000310 14         2812 	.data.b	20
00000311 00000000*  2813 	.data.w	.LDW_4a04be0
00000315 00         2814 	.data.b	0
                    2815 
00000316 00         2816 	.data.b	0
                    2817 
                    2818 .LDW_4a04e48:
00000317 46         2819 	.data.b	70
00000318 00000000*  2820 	.data.w	.LDW_3791950
0000031c 01         2821 	.data.b	1
                    2822 
                    2823 .LDW_4a0c0e0:
0000031d 14         2824 	.data.b	20
0000031e 00000000*  2825 	.data.w	.LDW_3791988
00000322 00         2826 	.data.b	0
                    2827 
                    2828 .LDW_4a0bcf0:
00000323 14         2829 	.data.b	20
00000324 00000000*  2830 	.data.w	.LDW_37919c0
00000328 00         2831 	.data.b	0
                    2832 
00000329 00         2833 	.data.b	0
                    2834 
                    2835 .LDW_4a04a58:
0000032a 46         2836 	.data.b	70
0000032b 00000000*  2837 	.data.w	.LDW_3791950
0000032f 01         2838 	.data.b	1
                    2839 
                    2840 .LDW_4a0bf60:
00000330 14         2841 	.data.b	20
00000331 00000000*  2842 	.data.w	.LDW_3792050
00000335 00         2843 	.data.b	0
                    2844 
                    2845 .LDW_4a0c050:
00000336 14         2846 	.data.b	20
00000337 00000000*  2847 	.data.w	.LDW_3791c98
0000033b 00         2848 	.data.b	0
                    2849 
                    2850 .LDW_4a0bcc0:

                                                                      Page 49
                                                              C:\Windows\TEMP\gh_00000ro3.si
0000033c 14         2851 	.data.b	20
0000033d 00000000*  2852 	.data.w	.LDW_3792088
00000341 00         2853 	.data.b	0
                    2854 
00000342 00         2855 	.data.b	0
                    2856 
                    2857 .LDW_4a04eb8:
00000343 46         2858 	.data.b	70
00000344 00000000*  2859 	.data.w	.LDW_3791950
00000348 01         2860 	.data.b	1
                    2861 
                    2862 .LDW_4a0c200:
00000349 14         2863 	.data.b	20
0000034a 00000000*  2864 	.data.w	.LDW_3792050
0000034e 00         2865 	.data.b	0
                    2866 
                    2867 .LDW_4a0c230:
0000034f 14         2868 	.data.b	20
00000350 00000000*  2869 	.data.w	.LDW_4a04be0
00000354 00         2870 	.data.b	0
                    2871 
00000355 00         2872 	.data.b	0
                    2873 
                    2874 .LDW_4a04ef0:
00000356 46         2875 	.data.b	70
00000357 00000000*  2876 	.data.w	.LDW_3791950
0000035b 01         2877 	.data.b	1
                    2878 
                    2879 .LDW_4a0bc90:
0000035c 14         2880 	.data.b	20
0000035d 00000000*  2881 	.data.w	.LDW_3791988
00000361 00         2882 	.data.b	0
                    2883 
                    2884 .LDW_4a0be40:
00000362 14         2885 	.data.b	20
00000363 00000000*  2886 	.data.w	.LDW_37919c0
00000367 00         2887 	.data.b	0
                    2888 
00000368 00         2889 	.data.b	0
                    2890 
                    2891 .LDW_4a04978:
00000369 46         2892 	.data.b	70
0000036a 00000000*  2893 	.data.w	.LDW_3791950
0000036e 01         2894 	.data.b	1
                    2895 
                    2896 .LDW_4a0bea0:
0000036f 14         2897 	.data.b	20
00000370 00000000*  2898 	.data.w	.LDW_3792050
00000374 00         2899 	.data.b	0
                    2900 
                    2901 .LDW_4a0bed0:
00000375 14         2902 	.data.b	20
00000376 00000000*  2903 	.data.w	.LDW_37919c0
0000037a 00         2904 	.data.b	0
                    2905 
                    2906 .LDW_4a23970:
0000037b 14         2907 	.data.b	20
0000037c 00000000*  2908 	.data.w	.LDW_3792088
00000380 00         2909 	.data.b	0
                    2910 
                    2911 .LDW_4a23a30:

                                                                      Page 50
                                                              C:\Windows\TEMP\gh_00000ro3.si
00000381 14         2912 	.data.b	20
00000382 00000000*  2913 	.data.w	.LDW_3791c98
00000386 00         2914 	.data.b	0
                    2915 
                    2916 .LDW_4a23a90:
00000387 14         2917 	.data.b	20
00000388 00000000*  2918 	.data.w	.LDW_3792088
0000038c 00         2919 	.data.b	0
                    2920 
                    2921 .LDW_4a23610:
0000038d 14         2922 	.data.b	20
0000038e 00000000*  2923 	.data.w	.LDW_3791c98
00000392 00         2924 	.data.b	0
                    2925 
                    2926 .LDW_4a238e0:
00000393 14         2927 	.data.b	20
00000394 00000000*  2928 	.data.w	.LDW_3792088
00000398 00         2929 	.data.b	0
                    2930 
                    2931 .LDW_4a23520:
00000399 14         2932 	.data.b	20
0000039a 00000000*  2933 	.data.w	.LDW_3792088
0000039e 00         2934 	.data.b	0
                    2935 
0000039f 00         2936 	.data.b	0
                    2937 
                    2938 .LDW_4a049b0:
000003a0 46         2939 	.data.b	70
000003a1 00000000*  2940 	.data.w	.LDW_3791950
000003a5 01         2941 	.data.b	1
                    2942 
                    2943 .LDW_4a23700:
000003a6 14         2944 	.data.b	20
000003a7 00000000*  2945 	.data.w	.LDW_3792050
000003ab 00         2946 	.data.b	0
                    2947 
                    2948 .LDW_4a236a0:
000003ac 14         2949 	.data.b	20
000003ad 00000000*  2950 	.data.w	.LDW_3792088
000003b1 00         2951 	.data.b	0
                    2952 
                    2953 .LDW_4a236d0:
000003b2 14         2954 	.data.b	20
000003b3 00000000*  2955 	.data.w	.LDW_4a04be0
000003b7 00         2956 	.data.b	0
                    2957 
000003b8 00         2958 	.data.b	0
                    2959 
                    2960 .LDW_4a04f28:
000003b9 46         2961 	.data.b	70
000003ba 00000000*  2962 	.data.w	.LDW_3791950
000003be 01         2963 	.data.b	1
                    2964 
                    2965 .LDW_4a23880:
000003bf 14         2966 	.data.b	20
000003c0 00000000*  2967 	.data.w	.LDW_3791988
000003c4 00         2968 	.data.b	0
                    2969 
                    2970 .LDW_4a235e0:
000003c5 14         2971 	.data.b	20
000003c6 00000000*  2972 	.data.w	.LDW_37919c0

                                                                      Page 51
                                                              C:\Windows\TEMP\gh_00000ro3.si
000003ca 00         2973 	.data.b	0
                    2974 
000003cb 00         2975 	.data.b	0
                    2976 
                    2977 .LDW_4a04f98:
000003cc 46         2978 	.data.b	70
000003cd 00000000*  2979 	.data.w	.LDW_3791950
000003d1 01         2980 	.data.b	1
                    2981 
                    2982 .LDW_4a23850:
000003d2 14         2983 	.data.b	20
000003d3 00000000*  2984 	.data.w	.LDW_3792050
000003d7 00         2985 	.data.b	0
                    2986 
                    2987 .LDW_4a23730:
000003d8 14         2988 	.data.b	20
000003d9 00000000*  2989 	.data.w	.LDW_3791c98
000003dd 00         2990 	.data.b	0
                    2991 
000003de 00         2992 	.data.b	0
                    2993 
                    2994 .LDW_4a04f60:
000003df 46         2995 	.data.b	70
000003e0 00000000*  2996 	.data.w	.LDW_3791950
000003e4 01         2997 	.data.b	1
                    2998 
                    2999 .LDW_4a23910:
000003e5 14         3000 	.data.b	20
000003e6 00000000*  3001 	.data.w	.LDW_3792050
000003ea 00         3002 	.data.b	0
                    3003 
                    3004 .LDW_4a23af0:
000003eb 14         3005 	.data.b	20
000003ec 00000000*  3006 	.data.w	.LDW_4a04be0
000003f0 00         3007 	.data.b	0
                    3008 
000003f1 00         3009 	.data.b	0
                    3010 
                    3011 .LDW_4a25350:
000003f2 46         3012 	.data.b	70
000003f3 00000000*  3013 	.data.w	.LDW_3791950
000003f7 01         3014 	.data.b	1
                    3015 
                    3016 .LDW_4a23790:
000003f8 14         3017 	.data.b	20
000003f9 00000000*  3018 	.data.w	.LDW_3791988
000003fd 00         3019 	.data.b	0
                    3020 
                    3021 .LDW_4a23a00:
000003fe 14         3022 	.data.b	20
000003ff 00000000*  3023 	.data.w	.LDW_37919c0
00000403 00         3024 	.data.b	0
                    3025 
00000404 00         3026 	.data.b	0
                    3027 
                    3028 .LDW_4a24f60:
00000405 46         3029 	.data.b	70
00000406 00000000*  3030 	.data.w	.LDW_3791950
0000040a 01         3031 	.data.b	1
                    3032 
                    3033 .LDW_4a23a60:

                                                                      Page 52
                                                              C:\Windows\TEMP\gh_00000ro3.si
0000040b 14         3034 	.data.b	20
0000040c 00000000*  3035 	.data.w	.LDW_3792050
00000410 00         3036 	.data.b	0
                    3037 
                    3038 .LDW_4a23640:
00000411 14         3039 	.data.b	20
00000412 00000000*  3040 	.data.w	.LDW_3791c98
00000416 00         3041 	.data.b	0
                    3042 
                    3043 .LDW_4a238b0:
00000417 14         3044 	.data.b	20
00000418 00000000*  3045 	.data.w	.LDW_3791c98
0000041c 00         3046 	.data.b	0
                    3047 
0000041d 00         3048 	.data.b	0
                    3049 
                    3050 .LDW_4a24ef0:
0000041e 46         3051 	.data.b	70
0000041f 00000000*  3052 	.data.w	.LDW_3791950
00000423 01         3053 	.data.b	1
                    3054 
                    3055 .LDW_4a23ac0:
00000424 14         3056 	.data.b	20
00000425 00000000*  3057 	.data.w	.LDW_3792050
00000429 00         3058 	.data.b	0
                    3059 
                    3060 .LDW_4a23760:
0000042a 14         3061 	.data.b	20
0000042b 00000000*  3062 	.data.w	.LDW_3791c98
0000042f 00         3063 	.data.b	0
                    3064 
                    3065 .LDW_4a237c0:
00000430 14         3066 	.data.b	20
00000431 00000000*  3067 	.data.w	.LDW_3791c98
00000435 00         3068 	.data.b	0
                    3069 
00000436 00         3070 	.data.b	0
                    3071 
                    3072 .LDW_4a252e0:
00000437 46         3073 	.data.b	70
00000438 00000000*  3074 	.data.w	.LDW_3791950
0000043c 01         3075 	.data.b	1
                    3076 
                    3077 .LDW_4a23820:
0000043d 14         3078 	.data.b	20
0000043e 00000000*  3079 	.data.w	.LDW_3792050
00000442 00         3080 	.data.b	0
                    3081 
                    3082 .LDW_4a23c40:
00000443 14         3083 	.data.b	20
00000444 00000000*  3084 	.data.w	.LDW_4a04be0
00000448 00         3085 	.data.b	0
                    3086 
00000449 00         3087 	.data.b	0
                    3088 
                    3089 .LDW_4a24fd0:
0000044a 46         3090 	.data.b	70
0000044b 00000000*  3091 	.data.w	.LDW_3791950
0000044f 01         3092 	.data.b	1
                    3093 
                    3094 .LDW_4a23be0:

                                                                      Page 53
                                                              C:\Windows\TEMP\gh_00000ro3.si
00000450 14         3095 	.data.b	20
00000451 00000000*  3096 	.data.w	.LDW_3791988
00000455 00         3097 	.data.b	0
                    3098 
                    3099 .LDW_4a23ca0:
00000456 14         3100 	.data.b	20
00000457 00000000*  3101 	.data.w	.LDW_37919c0
0000045b 00         3102 	.data.b	0
                    3103 
0000045c 00         3104 	.data.b	0
                    3105 
                    3106 .LDW_4a25190:
0000045d 46         3107 	.data.b	70
0000045e 00000000*  3108 	.data.w	.LDW_3791950
00000462 01         3109 	.data.b	1
                    3110 
                    3111 .LDW_4a23bb0:
00000463 14         3112 	.data.b	20
00000464 00000000*  3113 	.data.w	.LDW_3792050
00000468 00         3114 	.data.b	0
                    3115 
                    3116 .LDW_4a23b50:
00000469 14         3117 	.data.b	20
0000046a 00000000*  3118 	.data.w	.LDW_3791c98
0000046e 00         3119 	.data.b	0
                    3120 
                    3121 .LDW_4a23b80:
0000046f 14         3122 	.data.b	20
00000470 00000000*  3123 	.data.w	.LDW_3792088
00000474 00         3124 	.data.b	0
                    3125 
00000475 00         3126 	.data.b	0
                    3127 
                    3128 .LDW_4a250e8:
00000476 46         3129 	.data.b	70
00000477 00000000*  3130 	.data.w	.LDW_3791950
0000047b 01         3131 	.data.b	1
                    3132 
                    3133 .LDW_4a25aa8:
0000047c 14         3134 	.data.b	20
0000047d 00000000*  3135 	.data.w	.LDW_3792050
00000481 00         3136 	.data.b	0
                    3137 
                    3138 .LDW_4a25988:
00000482 14         3139 	.data.b	20
00000483 00000000*  3140 	.data.w	.LDW_4a04be0
00000487 00         3141 	.data.b	0
                    3142 
00000488 00         3143 	.data.b	0
                    3144 
                    3145 .LDW_4a251c8:
00000489 46         3146 	.data.b	70
0000048a 00000000*  3147 	.data.w	.LDW_3791950
0000048e 01         3148 	.data.b	1
                    3149 
                    3150 .LDW_4a259b8:
0000048f 14         3151 	.data.b	20
00000490 00000000*  3152 	.data.w	.LDW_3791988
00000494 00         3153 	.data.b	0
                    3154 
                    3155 .LDW_4a259e8:

                                                                      Page 54
                                                              C:\Windows\TEMP\gh_00000ro3.si
00000495 14         3156 	.data.b	20
00000496 00000000*  3157 	.data.w	.LDW_37919c0
0000049a 00         3158 	.data.b	0
                    3159 
0000049b 00         3160 	.data.b	0
                    3161 
                    3162 .LDW_4a25078:
0000049c 46         3163 	.data.b	70
0000049d 00000000*  3164 	.data.w	.LDW_3791950
000004a1 01         3165 	.data.b	1
                    3166 
                    3167 .LDW_4a25568:
000004a2 14         3168 	.data.b	20
000004a3 00000000*  3169 	.data.w	.LDW_3792050
000004a7 00         3170 	.data.b	0
                    3171 
                    3172 .LDW_4a25598:
000004a8 14         3173 	.data.b	20
000004a9 00000000*  3174 	.data.w	.LDW_3791c98
000004ad 00         3175 	.data.b	0
                    3176 
000004ae 00         3177 	.data.b	0
                    3178 
                    3179 .LDW_4a24e10:
000004af 31         3180 	.data.b	49
000004b0 00000000*  3181 	.data.w	.LDW_3792088
                    3182 
                    3183 .LDW_4a25008:
000004b4 46         3184 	.data.b	70
000004b5 00000000*  3185 	.data.w	.LDW_3791950
000004b9 01         3186 	.data.b	1
                    3187 
                    3188 .LDW_4a25628:
000004ba 14         3189 	.data.b	20
000004bb 00000000*  3190 	.data.w	.LDW_3792050
000004bf 00         3191 	.data.b	0
                    3192 
                    3193 .LDW_4a25b08:
000004c0 14         3194 	.data.b	20
000004c1 00000000*  3195 	.data.w	.LDW_4a04be0
000004c5 00         3196 	.data.b	0
                    3197 
                    3198 .LDW_4a25538:
000004c6 14         3199 	.data.b	20
000004c7 00000000*  3200 	.data.w	.LDW_4a24e10
000004cb 00         3201 	.data.b	0
                    3202 
000004cc 00         3203 	.data.b	0
                    3204 
                    3205 .LDW_4a24e48:
000004cd 46         3206 	.data.b	70
000004ce 00000000*  3207 	.data.w	.LDW_3791950
000004d2 01         3208 	.data.b	1
                    3209 
                    3210 .LDW_4a25658:
000004d3 14         3211 	.data.b	20
000004d4 00000000*  3212 	.data.w	.LDW_3791988
000004d8 00         3213 	.data.b	0
                    3214 
                    3215 .LDW_4a25688:
000004d9 14         3216 	.data.b	20

                                                                      Page 55
                                                              C:\Windows\TEMP\gh_00000ro3.si
000004da 00000000*  3217 	.data.w	.LDW_37919c0
000004de 00         3218 	.data.b	0
                    3219 
000004df 00         3220 	.data.b	0
                    3221 
                    3222 .LDW_4a24e80:
000004e0 46         3223 	.data.b	70
000004e1 00000000*  3224 	.data.w	.LDW_3791950
000004e5 01         3225 	.data.b	1
                    3226 
                    3227 .LDW_4a25928:
000004e6 14         3228 	.data.b	20
000004e7 00000000*  3229 	.data.w	.LDW_3792050
000004eb 00         3230 	.data.b	0
                    3231 
                    3232 .LDW_4a25838:
000004ec 14         3233 	.data.b	20
000004ed 00000000*  3234 	.data.w	.LDW_3791c98
000004f1 00         3235 	.data.b	0
                    3236 
                    3237 .LDW_4a25958:
000004f2 14         3238 	.data.b	20
000004f3 00000000*  3239 	.data.w	.LDW_3791c98
000004f7 00         3240 	.data.b	0
                    3241 
                    3242 .LDW_4a256b8:
000004f8 14         3243 	.data.b	20
000004f9 00000000*  3244 	.data.w	.LDW_3792088
000004fd 00         3245 	.data.b	0
                    3246 
000004fe 00         3247 	.data.b	0
                    3248 
                    3249 .LDW_4a24f28:
000004ff 46         3250 	.data.b	70
00000500 00000000*  3251 	.data.w	.LDW_3791950
00000504 01         3252 	.data.b	1
                    3253 
                    3254 .LDW_4a25a48:
00000505 14         3255 	.data.b	20
00000506 00000000*  3256 	.data.w	.LDW_3792050
0000050a 00         3257 	.data.b	0
                    3258 
                    3259 .LDW_4a25a78:
0000050b 14         3260 	.data.b	20
0000050c 00000000*  3261 	.data.w	.LDW_4a04be0
00000510 00         3262 	.data.b	0
                    3263 
00000511 00         3264 	.data.b	0
                    3265 
                    3266 .LDW_4a25158:
00000512 46         3267 	.data.b	70
00000513 00000000*  3268 	.data.w	.LDW_3791950
00000517 01         3269 	.data.b	1
                    3270 
                    3271 .LDW_4a256e8:
00000518 14         3272 	.data.b	20
00000519 00000000*  3273 	.data.w	.LDW_3791988
0000051d 00         3274 	.data.b	0
                    3275 
                    3276 .LDW_4a25718:
0000051e 14         3277 	.data.b	20

                                                                      Page 56
                                                              C:\Windows\TEMP\gh_00000ro3.si
0000051f 00000000*  3278 	.data.w	.LDW_37919c0
00000523 00         3279 	.data.b	0
                    3280 
00000524 00         3281 	.data.b	0
                    3282 
                    3283 .LDW_4a25388:
00000525 46         3284 	.data.b	70
00000526 00000000*  3285 	.data.w	.LDW_3791950
0000052a 01         3286 	.data.b	1
                    3287 
                    3288 .LDW_4a25748:
0000052b 14         3289 	.data.b	20
0000052c 00000000*  3290 	.data.w	.LDW_3792050
00000530 00         3291 	.data.b	0
                    3292 
                    3293 .LDW_4a25778:
00000531 14         3294 	.data.b	20
00000532 00000000*  3295 	.data.w	.LDW_3791c98
00000536 00         3296 	.data.b	0
                    3297 
                    3298 .LDW_4a257a8:
00000537 14         3299 	.data.b	20
00000538 00000000*  3300 	.data.w	.LDW_3791c98
0000053c 00         3301 	.data.b	0
                    3302 
                    3303 .LDW_4a257d8:
0000053d 14         3304 	.data.b	20
0000053e 00000000*  3305 	.data.w	.LDW_3792088
00000542 00         3306 	.data.b	0
                    3307 
00000543 00         3308 	.data.b	0
                    3309 
                    3310 .LDW_4a25270:
00000544 46         3311 	.data.b	70
00000545 00000000*  3312 	.data.w	.LDW_3791950
00000549 01         3313 	.data.b	1
                    3314 
                    3315 .LDW_4a25fb8:
0000054a 14         3316 	.data.b	20
0000054b 00000000*  3317 	.data.w	.LDW_3792050
0000054f 00         3318 	.data.b	0
                    3319 
                    3320 .LDW_4a25e98:
00000550 14         3321 	.data.b	20
00000551 00000000*  3322 	.data.w	.LDW_4a04be0
00000555 00         3323 	.data.b	0
                    3324 
00000556 00         3325 	.data.b	0
                    3326 
                    3327 .LDW_4a253f8:
00000557 46         3328 	.data.b	70
00000558 00000000*  3329 	.data.w	.LDW_3791950
0000055c 01         3330 	.data.b	1
                    3331 
                    3332 .LDW_4a25da8:
0000055d 14         3333 	.data.b	20
0000055e 00000000*  3334 	.data.w	.LDW_3791988
00000562 00         3335 	.data.b	0
                    3336 
                    3337 .LDW_4a25bc8:
00000563 14         3338 	.data.b	20

                                                                      Page 57
                                                              C:\Windows\TEMP\gh_00000ro3.si
00000564 00000000*  3339 	.data.w	.LDW_37919c0
00000568 00         3340 	.data.b	0
                    3341 
00000569 00         3342 	.data.b	0
                    3343 
                    3344 .LDW_4a24f98:
0000056a 46         3345 	.data.b	70
0000056b 00000000*  3346 	.data.w	.LDW_3791950
0000056f 01         3347 	.data.b	1
                    3348 
                    3349 .LDW_4a25fe8:
00000570 14         3350 	.data.b	20
00000571 00000000*  3351 	.data.w	.LDW_3792050
00000575 00         3352 	.data.b	0
                    3353 
                    3354 .LDW_4a26018:
00000576 14         3355 	.data.b	20
00000577 00000000*  3356 	.data.w	.LDW_3791c98
0000057b 00         3357 	.data.b	0
                    3358 
                    3359 .LDW_4a25c58:
0000057c 14         3360 	.data.b	20
0000057d 00000000*  3361 	.data.w	.LDW_3792088
00000581 00         3362 	.data.b	0
                    3363 
                    3364 .LDW_4a25b98:
00000582 14         3365 	.data.b	20
00000583 00000000*  3366 	.data.w	.LDW_3791c98
00000587 00         3367 	.data.b	0
                    3368 
                    3369 .LDW_4a25c88:
00000588 14         3370 	.data.b	20
00000589 00000000*  3371 	.data.w	.LDW_3792088
0000058d 00         3372 	.data.b	0
                    3373 
                    3374 .LDW_4a25f58:
0000058e 14         3375 	.data.b	20
0000058f 00000000*  3376 	.data.w	.LDW_3791c98
00000593 00         3377 	.data.b	0
                    3378 
00000594 00         3379 	.data.b	0
                    3380 
                    3381 .LDW_4a25040:
00000595 46         3382 	.data.b	70
00000596 00000000*  3383 	.data.w	.LDW_3791950
0000059a 01         3384 	.data.b	1
                    3385 
                    3386 .LDW_4a25f88:
0000059b 14         3387 	.data.b	20
0000059c 00000000*  3388 	.data.w	.LDW_3792050
000005a0 00         3389 	.data.b	0
                    3390 
                    3391 .LDW_4a25cb8:
000005a1 14         3392 	.data.b	20
000005a2 00000000*  3393 	.data.w	.LDW_4a04be0
000005a6 00         3394 	.data.b	0
                    3395 
000005a7 00         3396 	.data.b	0
                    3397 
                    3398 .LDW_4a25120:
000005a8 46         3399 	.data.b	70

                                                                      Page 58
                                                              C:\Windows\TEMP\gh_00000ro3.si
000005a9 00000000*  3400 	.data.w	.LDW_3791950
000005ad 01         3401 	.data.b	1
                    3402 
                    3403 .LDW_4a26048:
000005ae 14         3404 	.data.b	20
000005af 00000000*  3405 	.data.w	.LDW_3791988
000005b3 00         3406 	.data.b	0
                    3407 
                    3408 .LDW_4a26078:
000005b4 14         3409 	.data.b	20
000005b5 00000000*  3410 	.data.w	.LDW_37919c0
000005b9 00         3411 	.data.b	0
                    3412 
000005ba 00         3413 	.data.b	0
                    3414 
                    3415 .LDW_4a250b0:
000005bb 46         3416 	.data.b	70
000005bc 00000000*  3417 	.data.w	.LDW_3791950
000005c0 01         3418 	.data.b	1
                    3419 
                    3420 .LDW_4a260a8:
000005c1 14         3421 	.data.b	20
000005c2 00000000*  3422 	.data.w	.LDW_3792050
000005c6 00         3423 	.data.b	0
                    3424 
                    3425 .LDW_4a260d8:
000005c7 14         3426 	.data.b	20
000005c8 00000000*  3427 	.data.w	.LDW_3791c98
000005cc 00         3428 	.data.b	0
                    3429 
                    3430 .LDW_4a25d18:
000005cd 14         3431 	.data.b	20
000005ce 00000000*  3432 	.data.w	.LDW_3791c98
000005d2 00         3433 	.data.b	0
                    3434 
                    3435 .LDW_4a25d48:
000005d3 14         3436 	.data.b	20
000005d4 00000000*  3437 	.data.w	.LDW_3792088
000005d8 00         3438 	.data.b	0
                    3439 
000005d9 00         3440 	.data.b	0
                    3441 
                    3442 .LDW_4a24eb8:
000005da 46         3443 	.data.b	70
000005db 00000000*  3444 	.data.w	.LDW_3791950
000005df 01         3445 	.data.b	1
                    3446 
                    3447 .LDW_4a25ef8:
000005e0 14         3448 	.data.b	20
000005e1 00000000*  3449 	.data.w	.LDW_3792050
000005e5 00         3450 	.data.b	0
                    3451 
                    3452 .LDW_4a25b38:
000005e6 14         3453 	.data.b	20
000005e7 00000000*  3454 	.data.w	.LDW_4a04be0
000005eb 00         3455 	.data.b	0
                    3456 
                    3457 .LDW_4a25d78:
000005ec 14         3458 	.data.b	20
000005ed 00000000*  3459 	.data.w	.LDW_4a24e10
000005f1 00         3460 	.data.b	0

                                                                      Page 59
                                                              C:\Windows\TEMP\gh_00000ro3.si
                    3461 
000005f2 00         3462 	.data.b	0
                    3463 
                    3464 .LDW_4a25318:
000005f3 46         3465 	.data.b	70
000005f4 00000000*  3466 	.data.w	.LDW_3791950
000005f8 01         3467 	.data.b	1
                    3468 
                    3469 .LDW_4a25e08:
000005f9 14         3470 	.data.b	20
000005fa 00000000*  3471 	.data.w	.LDW_3791988
000005fe 00         3472 	.data.b	0
                    3473 
000005ff 00         3474 	.data.b	0
                    3475 
                    3476 .LDW_4a25200:
00000600 46         3477 	.data.b	70
00000601 00000000*  3478 	.data.w	.LDW_3791950
00000605 01         3479 	.data.b	1
                    3480 
                    3481 .LDW_4a25ec8:
00000606 14         3482 	.data.b	20
00000607 00000000*  3483 	.data.w	.LDW_3792050
0000060b 00         3484 	.data.b	0
                    3485 
                    3486 .LDW_4a25f28:
0000060c 14         3487 	.data.b	20
0000060d 00000000*  3488 	.data.w	.LDW_3791c98
00000611 00         3489 	.data.b	0
                    3490 
                    3491 .LDW_4a261f8:
00000612 14         3492 	.data.b	20
00000613 00000000*  3493 	.data.w	.LDW_3791c98
00000617 00         3494 	.data.b	0
                    3495 
                    3496 .LDW_4a26438:
00000618 14         3497 	.data.b	20
00000619 00000000*  3498 	.data.w	.LDW_3791c98
0000061d 00         3499 	.data.b	0
                    3500 
0000061e 00         3501 	.data.b	0
                    3502 
                    3503 .LDW_4a25238:
0000061f 46         3504 	.data.b	70
00000620 00000000*  3505 	.data.w	.LDW_3791950
00000624 01         3506 	.data.b	1
                    3507 
                    3508 .LDW_4a26378:
00000625 14         3509 	.data.b	20
00000626 00000000*  3510 	.data.w	.LDW_3792050
0000062a 00         3511 	.data.b	0
                    3512 
                    3513 .LDW_4a26228:
0000062b 14         3514 	.data.b	20
0000062c 00000000*  3515 	.data.w	.LDW_4a04be0
00000630 00         3516 	.data.b	0
                    3517 
                    3518 .LDW_4a26468:
00000631 14         3519 	.data.b	20
00000632 00000000*  3520 	.data.w	.LDW_4a04be0
00000636 00         3521 	.data.b	0

                                                                      Page 60
                                                              C:\Windows\TEMP\gh_00000ro3.si
                    3522 
00000637 00         3523 	.data.b	0
                    3524 
                    3525 .LDW_4a252a8:
00000638 46         3526 	.data.b	70
00000639 00000000*  3527 	.data.w	.LDW_3791950
0000063d 01         3528 	.data.b	1
                    3529 
                    3530 .LDW_4a26138:
0000063e 14         3531 	.data.b	20
0000063f 00000000*  3532 	.data.w	.LDW_3791988
00000643 00         3533 	.data.b	0
                    3534 
00000644 00         3535 	.data.b	0
                    3536 
                    3537 .LDW_4a253c0:
00000645 46         3538 	.data.b	70
00000646 00000000*  3539 	.data.w	.LDW_3791950
0000064a 01         3540 	.data.b	1
                    3541 
                    3542 .LDW_4a26258:
0000064b 14         3543 	.data.b	20
0000064c 00000000*  3544 	.data.w	.LDW_3792050
00000650 00         3545 	.data.b	0
                    3546 
                    3547 .LDW_4a263d8:
00000651 14         3548 	.data.b	20
00000652 00000000*  3549 	.data.w	.LDW_3791c98
00000656 00         3550 	.data.b	0
                    3551 
                    3552 .LDW_4a262e8:
00000657 14         3553 	.data.b	20
00000658 00000000*  3554 	.data.w	.LDW_3791c98
0000065c 00         3555 	.data.b	0
                    3556 
                    3557 .LDW_4a26168:
0000065d 14         3558 	.data.b	20
0000065e 00000000*  3559 	.data.w	.LDW_3791c98
00000662 00         3560 	.data.b	0
                    3561 
00000663 00         3562 	.data.b	0
                    3563 
                    3564 .LDW_4a24d30:
00000664 46         3565 	.data.b	70
00000665 00000000*  3566 	.data.w	.LDW_3791950
00000669 01         3567 	.data.b	1
                    3568 
                    3569 .LDW_4a26498:
0000066a 14         3570 	.data.b	20
0000066b 00000000*  3571 	.data.w	.LDW_3792050
0000066f 00         3572 	.data.b	0
                    3573 
                    3574 .LDW_4a26318:
00000670 14         3575 	.data.b	20
00000671 00000000*  3576 	.data.w	.LDW_4a04be0
00000675 00         3577 	.data.b	0
                    3578 
00000676 00         3579 	.data.b	0
                    3580 
                    3581 .LDW_4a24d68:
00000677 46         3582 	.data.b	70

                                                                      Page 61
                                                              C:\Windows\TEMP\gh_00000ro3.si
00000678 00000000*  3583 	.data.w	.LDW_3791950
0000067c 01         3584 	.data.b	1
                    3585 
0000067d 00         3586 	.data.b	0
                    3587 
                    3588 .LDW_4a24da0:
0000067e 46         3589 	.data.b	70
0000067f 00000000*  3590 	.data.w	.LDW_3791950
00000683 01         3591 	.data.b	1
                    3592 
                    3593 .LDW_4a261c8:
00000684 14         3594 	.data.b	20
00000685 00000000*  3595 	.data.w	.LDW_3792088
00000689 00         3596 	.data.b	0
                    3597 
                    3598 .LDW_4a26198:
0000068a 14         3599 	.data.b	20
0000068b 00000000*  3600 	.data.w	.LDW_3792088
0000068f 00         3601 	.data.b	0
                    3602 
00000690 00         3603 	.data.b	0
                    3604 
                    3605 .LDW_4a25430:
00000691 47         3606 	.data.b	71
00000692 01         3607 	.data.b	1
                    3608 
                    3609 	.section	.debug_abbrev
00000042 47         3610 	.data.b	71
00000043 15         3611 	.data.b	21
00000044 01         3612 	.data.b	1
00000045 0c27       3613 	.data.b	39,12
00000047 0000       3614 	.data.b	0,0
                    3615 
                    3616 	.section	.debug_info
00000693 00         3617 	.data.b	0
                    3618 
                    3619 .LDW_4a254a0:
00000694 46         3620 	.data.b	70
00000695 00000000*  3621 	.data.w	.LDW_3792088
00000699 01         3622 	.data.b	1
                    3623 
0000069a 00         3624 	.data.b	0
                    3625 
                    3626 .LDW_4a25468:
0000069b 46         3627 	.data.b	70
0000069c 00000000*  3628 	.data.w	.LDW_3791950
000006a0 01         3629 	.data.b	1
                    3630 
                    3631 .LDW_4a42430:
000006a1 14         3632 	.data.b	20
000006a2 00000000*  3633 	.data.w	.LDW_37919c0
000006a6 00         3634 	.data.b	0
                    3635 
000006a7 00         3636 	.data.b	0
                    3637 
                    3638 .LDW_4a42798:
000006a8 46         3639 	.data.b	70
000006a9 00000000*  3640 	.data.w	.LDW_3791950
000006ad 01         3641 	.data.b	1
                    3642 
                    3643 .LDW_4a42490:

                                                                      Page 62
                                                              C:\Windows\TEMP\gh_00000ro3.si
000006ae 14         3644 	.data.b	20
000006af 00000000*  3645 	.data.w	.LDW_37919c0
000006b3 00         3646 	.data.b	0
                    3647 
                    3648 .LDW_4a42280:
000006b4 14         3649 	.data.b	20
000006b5 00000000*  3650 	.data.w	.LDW_3792088
000006b9 00         3651 	.data.b	0
                    3652 
                    3653 .LDW_4a42220:
000006ba 14         3654 	.data.b	20
000006bb 00000000*  3655 	.data.w	.LDW_4a04be0
000006bf 00         3656 	.data.b	0
                    3657 
000006c0 00         3658 	.data.b	0
                    3659 
                    3660 .LDW_4a42b88:
000006c1 46         3661 	.data.b	70
000006c2 00000000*  3662 	.data.w	.LDW_3792088
000006c6 01         3663 	.data.b	1
                    3664 
000006c7 00         3665 	.data.b	0
                    3666 
                    3667 .LDW_4a42a38:
000006c8 46         3668 	.data.b	70
000006c9 00000000*  3669 	.data.w	.LDW_3791950
000006cd 01         3670 	.data.b	1
                    3671 
                    3672 .LDW_4a421c0:
000006ce 14         3673 	.data.b	20
000006cf 00000000*  3674 	.data.w	.LDW_37919c0
000006d3 00         3675 	.data.b	0
                    3676 
000006d4 00         3677 	.data.b	0
                    3678 
                    3679 .LDW_4a42b50:
000006d5 46         3680 	.data.b	70
000006d6 00000000*  3681 	.data.w	.LDW_3791950
000006da 01         3682 	.data.b	1
                    3683 
                    3684 .LDW_4a42400:
000006db 14         3685 	.data.b	20
000006dc 00000000*  3686 	.data.w	.LDW_4a04be0
000006e0 00         3687 	.data.b	0
                    3688 
000006e1 00         3689 	.data.b	0
                    3690 
                    3691 .LDW_4a42648:
000006e2 31         3692 	.data.b	49
000006e3 00000000*  3693 	.data.w	.LDW_4a437c0
                    3694 
                    3695 .LDW_4a42920:
000006e7 46         3696 	.data.b	70
000006e8 00000000*  3697 	.data.w	.LDW_3791950
000006ec 01         3698 	.data.b	1
                    3699 
                    3700 .LDW_4a422e0:
000006ed 14         3701 	.data.b	20
000006ee 00000000*  3702 	.data.w	.LDW_4a42648
000006f2 00         3703 	.data.b	0
                    3704 

                                                                      Page 63
                                                              C:\Windows\TEMP\gh_00000ro3.si
000006f3 00         3705 	.data.b	0
                    3706 
                    3707 .LDW_4a425a0:
000006f4 31         3708 	.data.b	49
000006f5 00000000*  3709 	.data.w	.LDW_4a43500
                    3710 
                    3711 .LDW_4a42a00:
000006f9 46         3712 	.data.b	70
000006fa 00000000*  3713 	.data.w	.LDW_3791950
000006fe 01         3714 	.data.b	1
                    3715 
                    3716 .LDW_4a424c0:
000006ff 14         3717 	.data.b	20
00000700 00000000*  3718 	.data.w	.LDW_4a425a0
00000704 00         3719 	.data.b	0
                    3720 
00000705 00         3721 	.data.b	0
                    3722 
                    3723 .LDW_4a42958:
00000706 46         3724 	.data.b	70
00000707 00000000*  3725 	.data.w	.LDW_3791950
0000070b 01         3726 	.data.b	1
                    3727 
0000070c 00         3728 	.data.b	0
                    3729 
                    3730 .LDW_4a42bc0:
0000070d 46         3731 	.data.b	70
0000070e 00000000*  3732 	.data.w	.LDW_3791950
00000712 01         3733 	.data.b	1
                    3734 
00000713 00         3735 	.data.b	0
                    3736 
                    3737 .LDW_4a42990:
00000714 46         3738 	.data.b	70
00000715 00000000*  3739 	.data.w	.LDW_3791950
00000719 01         3740 	.data.b	1
                    3741 
0000071a 00         3742 	.data.b	0
                    3743 
                    3744 .LDW_4a42760:
0000071b 46         3745 	.data.b	70
0000071c 00000000*  3746 	.data.w	.LDW_3791950
00000720 01         3747 	.data.b	1
                    3748 
00000721 00         3749 	.data.b	0
                    3750 
                    3751 .LDW_4a42808:
00000722 47         3752 	.data.b	71
00000723 01         3753 	.data.b	1
                    3754 
00000724 00         3755 	.data.b	0
                    3756 
                    3757 .LDW_4a425d8:
00000725 47         3758 	.data.b	71
00000726 01         3759 	.data.b	1
                    3760 
                    3761 .LDW_4a41620:
00000727 14         3762 	.data.b	20
00000728 00000000*  3763 	.data.w	.LDW_3792088
0000072c 00         3764 	.data.b	0
                    3765 

                                                                      Page 64
                                                              C:\Windows\TEMP\gh_00000ro3.si
0000072d 00         3766 	.data.b	0
                    3767 
                    3768 .LDW_4a42bf8:
0000072e 46         3769 	.data.b	70
0000072f 00000000*  3770 	.data.w	.LDW_3791950
00000733 01         3771 	.data.b	1
                    3772 
00000734 00         3773 	.data.b	0
                    3774 
                    3775 .LDW_4a429c8:
00000735 46         3776 	.data.b	70
00000736 00000000*  3777 	.data.w	.LDW_3791950
0000073a 01         3778 	.data.b	1
                    3779 
0000073b 00         3780 	.data.b	0
                    3781 
                    3782 .LDW_4a436b8:
0000073c 2b         3783 	.data.b	43
0000073d 00000000*  3784 	.data.w	.LDW_37919c0
                    3785 
                    3786 .LDW_4a42a70:
00000741 31         3787 	.data.b	49
00000742 00000000*  3788 	.data.w	.LDW_4a436b8
                    3789 
                    3790 .LDW_4a42b18:
00000746 46         3791 	.data.b	70
00000747 00000000*  3792 	.data.w	.LDW_3791950
0000074b 01         3793 	.data.b	1
                    3794 
                    3795 .LDW_4a419e0:
0000074c 14         3796 	.data.b	20
0000074d 00000000*  3797 	.data.w	.LDW_4a42a70
00000751 00         3798 	.data.b	0
                    3799 
                    3800 .LDW_4a416e0:
00000752 14         3801 	.data.b	20
00000753 00000000*  3802 	.data.w	.LDW_37919c0
00000757 00         3803 	.data.b	0
                    3804 
00000758 00         3805 	.data.b	0
                    3806 
                    3807 .LDW_4a42aa8:
00000759 46         3808 	.data.b	70
0000075a 00000000*  3809 	.data.w	.LDW_3791950
0000075e 01         3810 	.data.b	1
                    3811 
0000075f 00         3812 	.data.b	0
                    3813 
                    3814 .LDW_4a42ae0:
00000760 46         3815 	.data.b	70
00000761 00000000*  3816 	.data.w	.LDW_3791950
00000765 01         3817 	.data.b	1
                    3818 
00000766 00         3819 	.data.b	0
                    3820 
                    3821 .LDW_4a427d0:
00000767 46         3822 	.data.b	70
00000768 00000000*  3823 	.data.w	.LDW_3791950
0000076c 01         3824 	.data.b	1
                    3825 
0000076d 00         3826 	.data.b	0

                                                                      Page 65
                                                              C:\Windows\TEMP\gh_00000ro3.si
                    3827 
                    3828 .LDW_4a42c30:
0000076e 46         3829 	.data.b	70
0000076f 00000000*  3830 	.data.w	.LDW_3791950
00000773 01         3831 	.data.b	1
                    3832 
                    3833 .LDW_4a416b0:
00000774 14         3834 	.data.b	20
00000775 00000000*  3835 	.data.w	.LDW_3791950
00000779 00         3836 	.data.b	0
                    3837 
0000077a 00         3838 	.data.b	0
                    3839 
                    3840 .LDW_4a426f0:
0000077b 46         3841 	.data.b	70
0000077c 00000000*  3842 	.data.w	.LDW_3791950
00000780 01         3843 	.data.b	1
                    3844 
00000781 00         3845 	.data.b	0
                    3846 
                    3847 .LDW_4a42610:
00000782 47         3848 	.data.b	71
00000783 01         3849 	.data.b	1
                    3850 
                    3851 .LDW_4a41950:
00000784 14         3852 	.data.b	20
00000785 00000000*  3853 	.data.w	.LDW_3792088
00000789 00         3854 	.data.b	0
                    3855 
0000078a 00         3856 	.data.b	0
                    3857 
                    3858 .LDW_4a42680:
0000078b 46         3859 	.data.b	70
0000078c 00000000*  3860 	.data.w	.LDW_3791950
00000790 01         3861 	.data.b	1
                    3862 
                    3863 .LDW_4a417d0:
00000791 14         3864 	.data.b	20
00000792 00000000*  3865 	.data.w	.LDW_4a04be0
00000796 00         3866 	.data.b	0
                    3867 
00000797 00         3868 	.data.b	0
                    3869 
                    3870 .LDW_4a426b8:
00000798 46         3871 	.data.b	70
00000799 00000000*  3872 	.data.w	.LDW_3791950
0000079d 01         3873 	.data.b	1
                    3874 
                    3875 .LDW_4a415c0:
0000079e 14         3876 	.data.b	20
0000079f 00000000*  3877 	.data.w	.LDW_4a04be0
000007a3 00         3878 	.data.b	0
                    3879 
000007a4 00         3880 	.data.b	0
                    3881 
                    3882 .LDW_4a42840:
000007a5 31         3883 	.data.b	49
000007a6 00000000*  3884 	.data.w	.LDW_4a42dc8
                    3885 
                    3886 .LDW_4a42568:
000007aa 46         3887 	.data.b	70

                                                                      Page 66
                                                              C:\Windows\TEMP\gh_00000ro3.si
000007ab 00000000*  3888 	.data.w	.LDW_3791950
000007af 01         3889 	.data.b	1
                    3890 
                    3891 .LDW_4a41830:
000007b0 14         3892 	.data.b	20
000007b1 00000000*  3893 	.data.w	.LDW_4a42840
000007b5 00         3894 	.data.b	0
                    3895 
000007b6 00         3896 	.data.b	0
                    3897 
                    3898 .LDW_4a433a0:
000007b7 2b         3899 	.data.b	43
000007b8 00000000*  3900 	.data.w	.LDW_3792088
                    3901 
                    3902 .LDW_4a42878:
000007bc 31         3903 	.data.b	49
000007bd 00000000*  3904 	.data.w	.LDW_4a433a0
                    3905 
                    3906 .LDW_4a42728:
000007c1 46         3907 	.data.b	70
000007c2 00000000*  3908 	.data.w	.LDW_3791950
000007c6 01         3909 	.data.b	1
                    3910 
                    3911 .LDW_4a41aa0:
000007c7 14         3912 	.data.b	20
000007c8 00000000*  3913 	.data.w	.LDW_4a42878
000007cc 00         3914 	.data.b	0
                    3915 
000007cd 00         3916 	.data.b	0
                    3917 
                    3918 .LDW_4a428b0:
000007ce 46         3919 	.data.b	70
000007cf 00000000*  3920 	.data.w	.LDW_3791950
000007d3 01         3921 	.data.b	1
                    3922 
                    3923 .LDW_4a418c0:
000007d4 14         3924 	.data.b	20
000007d5 00000000*  3925 	.data.w	.LDW_3792088
000007d9 00         3926 	.data.b	0
                    3927 
                    3928 .LDW_4a418f0:
000007da 14         3929 	.data.b	20
000007db 00000000*  3930 	.data.w	.LDW_3792088
000007df 00         3931 	.data.b	0
                    3932 
000007e0 00         3933 	.data.b	0
                    3934 
                    3935 .LDW_4a42ca0:
000007e1 31         3936 	.data.b	49
000007e2 00000000*  3937 	.data.w	.LDW_4a42ed0
                    3938 
                    3939 .LDW_4a428e8:
000007e6 46         3940 	.data.b	70
000007e7 00000000*  3941 	.data.w	.LDW_3791950
000007eb 01         3942 	.data.b	1
                    3943 
                    3944 .LDW_4a41b00:
000007ec 14         3945 	.data.b	20
000007ed 00000000*  3946 	.data.w	.LDW_4a42ca0
000007f1 00         3947 	.data.b	0
                    3948 

                                                                      Page 67
                                                              C:\Windows\TEMP\gh_00000ro3.si
000007f2 00         3949 	.data.b	0
                    3950 
                    3951 .LDW_4a42cd8:
000007f3 31         3952 	.data.b	49
000007f4 00000000*  3953 	.data.w	.LDW_4a42d70
                    3954 
                    3955 .LDW_4a42c68:
000007f8 46         3956 	.data.b	70
000007f9 00000000*  3957 	.data.w	.LDW_3791950
000007fd 01         3958 	.data.b	1
                    3959 
                    3960 .LDW_4a415f0:
000007fe 14         3961 	.data.b	20
000007ff 00000000*  3962 	.data.w	.LDW_4a42cd8
00000803 00         3963 	.data.b	0
                    3964 
00000804 00         3965 	.data.b	0
                    3966 
                    3967 .LDW_4a546b0:
00000805 31         3968 	.data.b	49
00000806 00000000*  3969 	.data.w	.LDW_4a43138
                    3970 
                    3971 .LDW_4a54608:
0000080a 46         3972 	.data.b	70
0000080b 00000000*  3973 	.data.w	.LDW_3791950
0000080f 01         3974 	.data.b	1
                    3975 
                    3976 .LDW_4a41c50:
00000810 14         3977 	.data.b	20
00000811 00000000*  3978 	.data.w	.LDW_3791c98
00000815 00         3979 	.data.b	0
                    3980 
                    3981 .LDW_4a41ce0:
00000816 14         3982 	.data.b	20
00000817 00000000*  3983 	.data.w	.LDW_3792088
0000081b 00         3984 	.data.b	0
                    3985 
                    3986 .LDW_4a41b90:
0000081c 14         3987 	.data.b	20
0000081d 00000000*  3988 	.data.w	.LDW_4a546b0
00000821 00         3989 	.data.b	0
                    3990 
00000822 00         3991 	.data.b	0
                    3992 
                    3993 .LDW_4a54560:
00000823 46         3994 	.data.b	70
00000824 00000000*  3995 	.data.w	.LDW_3791950
00000828 01         3996 	.data.b	1
                    3997 
00000829 00         3998 	.data.b	0
                    3999 
                    4000 .LDW_4a43a80:
0000082a 2b         4001 	.data.b	43
0000082b 00000000*  4002 	.data.w	.LDW_4a43ad8
                    4003 
                    4004 .LDW_4a54598:
0000082f 31         4005 	.data.b	49
00000830 00000000*  4006 	.data.w	.LDW_4a43a80
                    4007 
                    4008 .LDW_4a54640:
00000834 47         4009 	.data.b	71

                                                                      Page 68
                                                              C:\Windows\TEMP\gh_00000ro3.si
00000835 01         4010 	.data.b	1
                    4011 
00000836 00         4012 	.data.b	0
                    4013 
                    4014 .LDW_4a544b8:
00000837 31         4015 	.data.b	49
00000838 00000000*  4016 	.data.w	.LDW_4a54640
                    4017 
                    4018 .LDW_4a54480:
0000083c 46         4019 	.data.b	70
0000083d 00000000*  4020 	.data.w	.LDW_3791950
00000841 01         4021 	.data.b	1
                    4022 
                    4023 .LDW_4a41bf0:
00000842 14         4024 	.data.b	20
00000843 00000000*  4025 	.data.w	.LDW_4a54598
00000847 00         4026 	.data.b	0
                    4027 
                    4028 .LDW_4a41d40:
00000848 14         4029 	.data.b	20
00000849 00000000*  4030 	.data.w	.LDW_4a43c90
0000084d 00         4031 	.data.b	0
                    4032 
0000084e 00         4033 	.data.b	0
                    4034 
                    4035 .LDW_4a43c38:
0000084f 2b         4036 	.data.b	43
00000850 00000000*  4037 	.data.w	.LDW_4a43b30
                    4038 
                    4039 .LDW_4a54838:
00000854 31         4040 	.data.b	49
00000855 00000000*  4041 	.data.w	.LDW_4a43c38
                    4042 
                    4043 .LDW_4a545d0:
00000859 46         4044 	.data.b	70
0000085a 00000000*  4045 	.data.w	.LDW_3791950
0000085e 01         4046 	.data.b	1
                    4047 
                    4048 .LDW_4a41d70:
0000085f 14         4049 	.data.b	20
00000860 00000000*  4050 	.data.w	.LDW_4a54838
00000864 00         4051 	.data.b	0
                    4052 
                    4053 .LDW_4a41da0:
00000865 14         4054 	.data.b	20
00000866 00000000*  4055 	.data.w	.LDW_4a43c90
0000086a 00         4056 	.data.b	0
                    4057 
0000086b 00         4058 	.data.b	0
                    4059 
                    4060 .LDW_4a544f0:
0000086c 46         4061 	.data.b	70
0000086d 00000000*  4062 	.data.w	.LDW_3791950
00000871 01         4063 	.data.b	1
                    4064 
                    4065 .LDW_4a41c80:
00000872 14         4066 	.data.b	20
00000873 00000000*  4067 	.data.w	.LDW_4a54598
00000877 00         4068 	.data.b	0
                    4069 
                    4070 .LDW_4a41e00:

                                                                      Page 69
                                                              C:\Windows\TEMP\gh_00000ro3.si
00000878 14         4071 	.data.b	20
00000879 00000000*  4072 	.data.w	.LDW_4a43c90
0000087d 00         4073 	.data.b	0
                    4074 
0000087e 00         4075 	.data.b	0
                    4076 
                    4077 .LDW_4a54678:
0000087f 46         4078 	.data.b	70
00000880 00000000*  4079 	.data.w	.LDW_3791950
00000884 01         4080 	.data.b	1
                    4081 
00000885 00         4082 	.data.b	0
                    4083 
                    4084 .LDW_4a54aa0:
00000886 46         4085 	.data.b	70
00000887 00000000*  4086 	.data.w	.LDW_3791950
0000088b 01         4087 	.data.b	1
                    4088 
                    4089 .LDW_4a41ef0:
0000088c 14         4090 	.data.b	20
0000088d 00000000*  4091 	.data.w	.LDW_4a436b8
00000891 00         4092 	.data.b	0
                    4093 
                    4094 .LDW_4a41dd0:
00000892 14         4095 	.data.b	20
00000893 00000000*  4096 	.data.w	.LDW_4a04be0
00000897 00         4097 	.data.b	0
                    4098 
                    4099 .LDW_4a420a0:
00000898 14         4100 	.data.b	20
00000899 00000000*  4101 	.data.w	.LDW_37919c0
0000089d 00         4102 	.data.b	0
                    4103 
0000089e 00         4104 	.data.b	0
                    4105 
                    4106 .LDW_4a548e0:
0000089f 31         4107 	.data.b	49
000008a0 00000000*  4108 	.data.w	.LDW_4a57aa0
                    4109 
                    4110 .LDW_4a54870:
000008a4 46         4111 	.data.b	70
000008a5 00000000*  4112 	.data.w	.LDW_3791950
000008a9 01         4113 	.data.b	1
                    4114 
                    4115 .LDW_4a42040:
000008aa 14         4116 	.data.b	20
000008ab 00000000*  4117 	.data.w	.LDW_4a436b8
000008af 00         4118 	.data.b	0
                    4119 
                    4120 .LDW_4a41e90:
000008b0 14         4121 	.data.b	20
000008b1 00000000*  4122 	.data.w	.LDW_4a548e0
000008b5 00         4123 	.data.b	0
                    4124 
                    4125 .LDW_4a41e30:
000008b6 14         4126 	.data.b	20
000008b7 00000000*  4127 	.data.w	.LDW_37919c0
000008bb 00         4128 	.data.b	0
                    4129 
000008bc 00         4130 	.data.b	0
                    4131 

                                                                      Page 70
                                                              C:\Windows\TEMP\gh_00000ro3.si
                    4132 .LDW_4a54720:
000008bd 31         4133 	.data.b	49
000008be 00000000*  4134 	.data.w	.LDW_4a57940
                    4135 
                    4136 .LDW_4a546e8:
000008c2 46         4137 	.data.b	70
000008c3 00000000*  4138 	.data.w	.LDW_3791950
000008c7 01         4139 	.data.b	1
                    4140 
                    4141 .LDW_4a41fb0:
000008c8 14         4142 	.data.b	20
000008c9 00000000*  4143 	.data.w	.LDW_4a436b8
000008cd 00         4144 	.data.b	0
                    4145 
                    4146 .LDW_4a41f20:
000008ce 14         4147 	.data.b	20
000008cf 00000000*  4148 	.data.w	.LDW_4a54720
000008d3 00         4149 	.data.b	0
                    4150 
                    4151 .LDW_4a41bc0:
000008d4 14         4152 	.data.b	20
000008d5 00000000*  4153 	.data.w	.LDW_37919c0
000008d9 00         4154 	.data.b	0
                    4155 
000008da 00         4156 	.data.b	0
                    4157 
                    4158 .LDW_4a54758:
000008db 46         4159 	.data.b	70
000008dc 00000000*  4160 	.data.w	.LDW_3791950
000008e0 01         4161 	.data.b	1
                    4162 
                    4163 .LDW_4a42100:
000008e1 14         4164 	.data.b	20
000008e2 00000000*  4165 	.data.w	.LDW_4a57158
000008e6 00         4166 	.data.b	0
                    4167 
                    4168 .LDW_4a41b60:
000008e7 14         4169 	.data.b	20
000008e8 00000000*  4170 	.data.w	.LDW_4a436b8
000008ec 00         4171 	.data.b	0
                    4172 
000008ed 00         4173 	.data.b	0
                    4174 
                    4175 .LDW_4a54b10:
000008ee 31         4176 	.data.b	49
000008ef 00000000*  4177 	.data.w	.LDW_4a57050
                    4178 
                    4179 .LDW_4a548a8:
000008f3 46         4180 	.data.b	70
000008f4 00000000*  4181 	.data.w	.LDW_3791950
000008f8 01         4182 	.data.b	1
                    4183 
                    4184 .LDW_4a41cb0:
000008f9 14         4185 	.data.b	20
000008fa 00000000*  4186 	.data.w	.LDW_4a54b10
000008fe 00         4187 	.data.b	0
                    4188 
000008ff 00         4189 	.data.b	0
                    4190 
                    4191 .LDW_4a54790:
00000900 46         4192 	.data.b	70

                                                                      Page 71
                                                              C:\Windows\TEMP\gh_00000ro3.si
00000901 00000000*  4193 	.data.w	.LDW_3791950
00000905 01         4194 	.data.b	1
                    4195 
00000906 00         4196 	.data.b	0
                    4197 
                    4198 .LDW_4a54918:
00000907 46         4199 	.data.b	70
00000908 00000000*  4200 	.data.w	.LDW_3791950
0000090c 01         4201 	.data.b	1
                    4202 
0000090d 00         4203 	.data.b	0
                    4204 
                    4205 .LDW_4a54528:
0000090e 46         4206 	.data.b	70
0000090f 00000000*  4207 	.data.w	.LDW_3791950
00000913 01         4208 	.data.b	1
                    4209 
00000914 00         4210 	.data.b	0
                    4211 
                    4212 .LDW_4a549c0:
00000915 46         4213 	.data.b	70
00000916 00000000*  4214 	.data.w	.LDW_3791950
0000091a 01         4215 	.data.b	1
                    4216 
                    4217 .LDW_4a58338:
0000091b 14         4218 	.data.b	20
0000091c 00000000*  4219 	.data.w	.LDW_4a04be0
00000920 00         4220 	.data.b	0
                    4221 
                    4222 .LDW_4a58158:
00000921 14         4223 	.data.b	20
00000922 00000000*  4224 	.data.w	.LDW_3792088
00000926 00         4225 	.data.b	0
                    4226 
00000927 00         4227 	.data.b	0
                    4228 
                    4229 .LDW_4a54b48:
00000928 46         4230 	.data.b	70
00000929 00000000*  4231 	.data.w	.LDW_3791950
0000092d 01         4232 	.data.b	1
                    4233 
                    4234 .LDW_4a57f18:
0000092e 14         4235 	.data.b	20
0000092f 00000000*  4236 	.data.w	.LDW_4a04be0
00000933 00         4237 	.data.b	0
                    4238 
                    4239 .LDW_4a57d98:
00000934 14         4240 	.data.b	20
00000935 00000000*  4241 	.data.w	.LDW_3792088
00000939 00         4242 	.data.b	0
                    4243 
0000093a 00         4244 	.data.b	0
                    4245 
                    4246 .LDW_4a54800:
0000093b 31         4247 	.data.b	49
0000093c 00000000*  4248 	.data.w	.LDW_4a57418
                    4249 
                    4250 .LDW_4a54950:
00000940 46         4251 	.data.b	70
00000941 00000000*  4252 	.data.w	.LDW_3791950
00000945 01         4253 	.data.b	1

                                                                      Page 72
                                                              C:\Windows\TEMP\gh_00000ro3.si
                    4254 
                    4255 .LDW_4a58128:
00000946 14         4256 	.data.b	20
00000947 00000000*  4257 	.data.w	.LDW_4a54800
0000094b 00         4258 	.data.b	0
                    4259 
0000094c 00         4260 	.data.b	0
                    4261 
                    4262 .LDW_4a570a8:
0000094d 2b         4263 	.data.b	43
0000094e 00000000*  4264 	.data.w	.LDW_4a573c0
                    4265 
                    4266 .LDW_4a54988:
00000952 31         4267 	.data.b	49
00000953 00000000*  4268 	.data.w	.LDW_4a570a8
                    4269 
                    4270 .LDW_4a547c8:
00000957 46         4271 	.data.b	70
00000958 00000000*  4272 	.data.w	.LDW_3791950
0000095c 01         4273 	.data.b	1
                    4274 
                    4275 .LDW_4a58008:
0000095d 14         4276 	.data.b	20
0000095e 00000000*  4277 	.data.w	.LDW_4a54988
00000962 00         4278 	.data.b	0
                    4279 
00000963 00         4280 	.data.b	0
                    4281 
                    4282 .LDW_4a549f8:
00000964 46         4283 	.data.b	70
00000965 00000000*  4284 	.data.w	.LDW_3791950
00000969 01         4285 	.data.b	1
                    4286 
                    4287 .LDW_4a581b8:
0000096a 14         4288 	.data.b	20
0000096b 00000000*  4289 	.data.w	.LDW_4a54988
0000096f 00         4290 	.data.b	0
                    4291 
00000970 00         4292 	.data.b	0
                    4293 
                    4294 .LDW_4a54a30:
00000971 46         4295 	.data.b	70
00000972 00000000*  4296 	.data.w	.LDW_3791950
00000976 01         4297 	.data.b	1
                    4298 
00000977 00         4299 	.data.b	0
                    4300 
                    4301 .LDW_4a576d8:
00000978 2b         4302 	.data.b	43
00000979 00000000*  4303 	.data.w	.LDW_4a57100
                    4304 
                    4305 .LDW_4a54a68:
0000097d 31         4306 	.data.b	49
0000097e 00000000*  4307 	.data.w	.LDW_4a576d8
                    4308 
                    4309 .LDW_4a54ad8:
00000982 46         4310 	.data.b	70
00000983 00000000*  4311 	.data.w	.LDW_3791950
00000987 01         4312 	.data.b	1
                    4313 
                    4314 .LDW_4a57f48:

                                                                      Page 73
                                                              C:\Windows\TEMP\gh_00000ro3.si
00000988 14         4315 	.data.b	20
00000989 00000000*  4316 	.data.w	.LDW_4a54a68
0000098d 00         4317 	.data.b	0
                    4318 
0000098e 00         4319 	.data.b	0
                    4320 
                    4321 .LDW_4a56d90:
0000098f 2b         4322 	.data.b	43
00000990 00000000*  4323 	.data.w	.LDW_4a57368
                    4324 
                    4325 .LDW_4a54c28:
00000994 31         4326 	.data.b	49
00000995 00000000*  4327 	.data.w	.LDW_4a56d90
                    4328 
                    4329 .LDW_4a54cd0:
00000999 46         4330 	.data.b	70
0000099a 00000000*  4331 	.data.w	.LDW_3791950
0000099e 01         4332 	.data.b	1
                    4333 
                    4334 .LDW_4a582d8:
0000099f 14         4335 	.data.b	20
000009a0 00000000*  4336 	.data.w	.LDW_4a54c28
000009a4 00         4337 	.data.b	0
                    4338 
000009a5 00         4339 	.data.b	0
                    4340 
                    4341 .LDW_4a54bf0:
000009a6 46         4342 	.data.b	70
000009a7 00000000*  4343 	.data.w	.LDW_3791950
000009ab 01         4344 	.data.b	1
                    4345 
                    4346 .LDW_4a57fd8:
000009ac 14         4347 	.data.b	20
000009ad 00000000*  4348 	.data.w	.LDW_3791c98
000009b1 00         4349 	.data.b	0
                    4350 
                    4351 .LDW_4a58188:
000009b2 14         4352 	.data.b	20
000009b3 00000000*  4353 	.data.w	.LDW_3792088
000009b7 00         4354 	.data.b	0
                    4355 
000009b8 00         4356 	.data.b	0
                    4357 
                    4358 .LDW_4a54c98:
000009b9 31         4359 	.data.b	49
000009ba 00000000*  4360 	.data.w	.LDW_4a56e40
                    4361 
                    4362 .LDW_4a54bb8:
000009be 46         4363 	.data.b	70
000009bf 00000000*  4364 	.data.w	.LDW_3791950
000009c3 01         4365 	.data.b	1
                    4366 
                    4367 .LDW_4a580f8:
000009c4 14         4368 	.data.b	20
000009c5 00000000*  4369 	.data.w	.LDW_3791c98
000009c9 00         4370 	.data.b	0
                    4371 
                    4372 .LDW_4a57eb8:
000009ca 14         4373 	.data.b	20
000009cb 00000000*  4374 	.data.w	.LDW_3792088
000009cf 00         4375 	.data.b	0

                                                                      Page 74
                                                              C:\Windows\TEMP\gh_00000ro3.si
                    4376 
                    4377 .LDW_4a58308:
000009d0 14         4378 	.data.b	20
000009d1 00000000*  4379 	.data.w	.LDW_4a54c98
000009d5 00         4380 	.data.b	0
                    4381 
000009d6 00         4382 	.data.b	0
                    4383 
                    4384 .LDW_4a5abc0:
000009d7 2b         4385 	.data.b	43
000009d8 00000000*  4386 	.data.w	.LDW_4a5a9b0
                    4387 
                    4388 .LDW_4a54c60:
000009dc 31         4389 	.data.b	49
000009dd 00000000*  4390 	.data.w	.LDW_4a5abc0
                    4391 
                    4392 .LDW_4a5ac18:
000009e1 2b         4393 	.data.b	43
000009e2 00000000*  4394 	.data.w	.LDW_4a5aab8
                    4395 
                    4396 .LDW_4a54b80:
000009e6 31         4397 	.data.b	49
000009e7 00000000*  4398 	.data.w	.LDW_4a5ac18
                    4399 
                    4400 .LDW_4a54100:
000009eb 31         4401 	.data.b	49
000009ec 00000000*  4402 	.data.w	.LDW_4a5ac70
                    4403 
                    4404 .LDW_4a54d08:
000009f0 46         4405 	.data.b	70
000009f1 00000000*  4406 	.data.w	.LDW_3791950
000009f5 01         4407 	.data.b	1
                    4408 
                    4409 .LDW_4a58098:
000009f6 14         4410 	.data.b	20
000009f7 00000000*  4411 	.data.w	.LDW_4a54c60
000009fb 00         4412 	.data.b	0
                    4413 
                    4414 .LDW_4a58248:
000009fc 14         4415 	.data.b	20
000009fd 00000000*  4416 	.data.w	.LDW_4a54b80
00000a01 00         4417 	.data.b	0
                    4418 
                    4419 .LDW_4a58278:
00000a02 14         4420 	.data.b	20
00000a03 00000000*  4421 	.data.w	.LDW_4a54100
00000a07 00         4422 	.data.b	0
                    4423 
00000a08 00         4424 	.data.b	0
                    4425 
                    4426 .LDW_4a54058:
00000a09 46         4427 	.data.b	70
00000a0a 00000000*  4428 	.data.w	.LDW_3791950
00000a0e 01         4429 	.data.b	1
                    4430 
                    4431 .LDW_4a585d8:
00000a0f 14         4432 	.data.b	20
00000a10 00000000*  4433 	.data.w	.LDW_4a54c60
00000a14 00         4434 	.data.b	0
                    4435 
                    4436 .LDW_4a58488:

                                                                      Page 75
                                                              C:\Windows\TEMP\gh_00000ro3.si
00000a15 14         4437 	.data.b	20
00000a16 00000000*  4438 	.data.w	.LDW_4a54b80
00000a1a 00         4439 	.data.b	0
                    4440 
                    4441 .LDW_4a58968:
00000a1b 14         4442 	.data.b	20
00000a1c 00000000*  4443 	.data.w	.LDW_4a54100
00000a20 00         4444 	.data.b	0
                    4445 
00000a21 00         4446 	.data.b	0
                    4447 
                    4448 .LDW_4a53d80:
00000a22 31         4449 	.data.b	49
00000a23 00000000*  4450 	.data.w	.LDW_4a5a9b0
                    4451 
                    4452 .LDW_4a53f08:
00000a27 46         4453 	.data.b	70
00000a28 00000000*  4454 	.data.w	.LDW_3791950
00000a2c 01         4455 	.data.b	1
                    4456 
                    4457 .LDW_4a58908:
00000a2d 14         4458 	.data.b	20
00000a2e 00000000*  4459 	.data.w	.LDW_4a53d80
00000a32 00         4460 	.data.b	0
                    4461 
                    4462 .LDW_4a58518:
00000a33 14         4463 	.data.b	20
00000a34 00000000*  4464 	.data.w	.LDW_4a24e10
00000a38 00         4465 	.data.b	0
                    4466 
                    4467 .LDW_4a58728:
00000a39 14         4468 	.data.b	20
00000a3a 00000000*  4469 	.data.w	.LDW_4a54100
00000a3e 00         4470 	.data.b	0
                    4471 
00000a3f 00         4472 	.data.b	0
                    4473 
                    4474 .LDW_4a53ed0:
00000a40 27         4475 	.data.b	39
00000a41 00746e69   4476 	.data.b	105,110,116,0
00000a45 05         4477 	.data.b	5
00000a46 04         4478 	.data.b	4
                    4479 
                    4480 .LDW_4a5ad80:
00000a47 3c         4481 	.data.b	60
00000a48 00         4482 	.data.b	0
00000a49 01         4483 	.data.b	1
00000a4a 00000000*  4484 	.data.w	.LDW_3791950
                    4485 
                    4486 	.section	.debug_abbrev
00000049 3c         4487 	.data.b	60
0000004a 01         4488 	.data.b	1
0000004b 01         4489 	.data.b	1
0000004c 0b09       4490 	.data.b	9,11
0000004e 0f0b       4491 	.data.b	11,15
00000050 1049       4492 	.data.b	73,16
00000052 0000       4493 	.data.b	0,0
                    4494 
                    4495 	.section	.debug_info
00000a4e 34         4496 	.data.b	52
00000a4f 00000000*  4497 	.data.w	.LDW_4a53ed0

                                                                      Page 76
                                                              C:\Windows\TEMP\gh_00000ro3.si
00000a53 04         4498 	.data.b	4
00000a54 00         4499 	.data.b	0
00000a55 00         4500 	.data.b	0
                    4501 
                    4502 	.section	.debug_abbrev
00000054 34         4503 	.data.b	52
00000055 21         4504 	.data.b	33
00000056 00         4505 	.data.b	0
00000057 1049       4506 	.data.b	73,16
00000059 0f0b       4507 	.data.b	11,15
0000005b 0d22       4508 	.data.b	34,13
0000005d 0d2f       4509 	.data.b	47,13
0000005f 0000       4510 	.data.b	0,0
                    4511 
                    4512 	.section	.debug_info
00000a56 00         4513 	.data.b	0
                    4514 
                    4515 .LDW_4a5ae08:
00000a57 3c         4516 	.data.b	60
00000a58 00         4517 	.data.b	0
00000a59 04         4518 	.data.b	4
00000a5a 00000000*  4519 	.data.w	.LDW_3791950
                    4520 
00000a5e 34         4521 	.data.b	52
00000a5f 00000000*  4522 	.data.w	.LDW_4a53ed0
00000a63 04         4523 	.data.b	4
00000a64 00         4524 	.data.b	0
00000a65 03         4525 	.data.b	3
                    4526 
00000a66 00         4527 	.data.b	0
                    4528 
                    4529 .LDW_4a5ae90:
00000a67 3c         4530 	.data.b	60
00000a68 00         4531 	.data.b	0
00000a69 01         4532 	.data.b	1
00000a6a 00000000*  4533 	.data.w	.LDW_3791950
                    4534 
00000a6e 34         4535 	.data.b	52
00000a6f 00000000*  4536 	.data.w	.LDW_4a53ed0
00000a73 04         4537 	.data.b	4
00000a74 00         4538 	.data.b	0
00000a75 00         4539 	.data.b	0
                    4540 
00000a76 00         4541 	.data.b	0
                    4542 
                    4543 .LDW_4a5af18:
00000a77 3c         4544 	.data.b	60
00000a78 00         4545 	.data.b	0
00000a79 11         4546 	.data.b	17
00000a7a 00000000*  4547 	.data.w	.LDW_3791950
                    4548 
00000a7e 34         4549 	.data.b	52
00000a7f 00000000*  4550 	.data.w	.LDW_4a53ed0
00000a83 04         4551 	.data.b	4
00000a84 00         4552 	.data.b	0
00000a85 10         4553 	.data.b	16
                    4554 
00000a86 00         4555 	.data.b	0
                    4556 
                    4557 .LDW_4973d78:
00000a87 3c         4558 	.data.b	60

                                                                      Page 77
                                                              C:\Windows\TEMP\gh_00000ro3.si
00000a88 00         4559 	.data.b	0
00000a89 02         4560 	.data.b	2
00000a8a 00000000*  4561 	.data.w	.LDW_3791950
                    4562 
00000a8e 34         4563 	.data.b	52
00000a8f 00000000*  4564 	.data.w	.LDW_4a53ed0
00000a93 04         4565 	.data.b	4
00000a94 00         4566 	.data.b	0
00000a95 01         4567 	.data.b	1
                    4568 
00000a96 00         4569 	.data.b	0
                    4570 
                    4571 .LDW_4973e00:
00000a97 3c         4572 	.data.b	60
00000a98 00         4573 	.data.b	0
00000a99 04         4574 	.data.b	4
00000a9a 00000000*  4575 	.data.w	.LDW_3791950
                    4576 
00000a9e 34         4577 	.data.b	52
00000a9f 00000000*  4578 	.data.w	.LDW_4a53ed0
00000aa3 04         4579 	.data.b	4
00000aa4 00         4580 	.data.b	0
00000aa5 03         4581 	.data.b	3
                    4582 
00000aa6 00         4583 	.data.b	0
                    4584 
                    4585 .LDW_4973e88:
00000aa7 3c         4586 	.data.b	60
00000aa8 00         4587 	.data.b	0
00000aa9 10         4588 	.data.b	16
00000aaa 00000000*  4589 	.data.w	.LDW_3791950
                    4590 
00000aae 34         4591 	.data.b	52
00000aaf 00000000*  4592 	.data.w	.LDW_4a53ed0
00000ab3 04         4593 	.data.b	4
00000ab4 00         4594 	.data.b	0
00000ab5 0f         4595 	.data.b	15
                    4596 
00000ab6 00         4597 	.data.b	0
                    4598 
                    4599 .LDW_4973f10:
00000ab7 3c         4600 	.data.b	60
00000ab8 00         4601 	.data.b	0
00000ab9 01         4602 	.data.b	1
00000aba 00000000*  4603 	.data.w	.LDW_3791950
                    4604 
00000abe 34         4605 	.data.b	52
00000abf 00000000*  4606 	.data.w	.LDW_4a53ed0
00000ac3 04         4607 	.data.b	4
00000ac4 00         4608 	.data.b	0
00000ac5 00         4609 	.data.b	0
                    4610 
00000ac6 00         4611 	.data.b	0
                    4612 
                    4613 .LDW_4973f98:
00000ac7 3c         4614 	.data.b	60
00000ac8 00         4615 	.data.b	0
00000ac9 04         4616 	.data.b	4
00000aca 00000000*  4617 	.data.w	.LDW_3791950
                    4618 
00000ace 34         4619 	.data.b	52

                                                                      Page 78
                                                              C:\Windows\TEMP\gh_00000ro3.si
00000acf 00000000*  4620 	.data.w	.LDW_4a53ed0
00000ad3 04         4621 	.data.b	4
00000ad4 00         4622 	.data.b	0
00000ad5 03         4623 	.data.b	3
                    4624 
00000ad6 00         4625 	.data.b	0
                    4626 
                    4627 .LDW_4974020:
00000ad7 3c         4628 	.data.b	60
00000ad8 00         4629 	.data.b	0
00000ad9 08         4630 	.data.b	8
00000ada 00000000*  4631 	.data.w	.LDW_3791950
                    4632 
00000ade 34         4633 	.data.b	52
00000adf 00000000*  4634 	.data.w	.LDW_4a53ed0
00000ae3 04         4635 	.data.b	4
00000ae4 00         4636 	.data.b	0
00000ae5 07         4637 	.data.b	7
                    4638 
00000ae6 00         4639 	.data.b	0
                    4640 
                    4641 .LDW_49740a8:
00000ae7 3c         4642 	.data.b	60
00000ae8 00         4643 	.data.b	0
00000ae9 08         4644 	.data.b	8
00000aea 00000000*  4645 	.data.w	.LDW_3791950
                    4646 
00000aee 34         4647 	.data.b	52
00000aef 00000000*  4648 	.data.w	.LDW_4a53ed0
00000af3 04         4649 	.data.b	4
00000af4 00         4650 	.data.b	0
00000af5 07         4651 	.data.b	7
                    4652 
00000af6 00         4653 	.data.b	0
                    4654 
                    4655 .LDW_4974130:
00000af7 3c         4656 	.data.b	60
00000af8 00         4657 	.data.b	0
00000af9 08         4658 	.data.b	8
00000afa 00000000*  4659 	.data.w	.LDW_3791950
                    4660 
00000afe 34         4661 	.data.b	52
00000aff 00000000*  4662 	.data.w	.LDW_4a53ed0
00000b03 04         4663 	.data.b	4
00000b04 00         4664 	.data.b	0
00000b05 07         4665 	.data.b	7
                    4666 
00000b06 00         4667 	.data.b	0
                    4668 
                    4669 .LDW_4a5b6b0:
00000b07 3c         4670 	.data.b	60
00000b08 00         4671 	.data.b	0
00000b09 16         4672 	.data.b	22
00000b0a 00000000*  4673 	.data.w	.LDW_3791950
                    4674 
00000b0e 34         4675 	.data.b	52
00000b0f 00000000*  4676 	.data.w	.LDW_4a53ed0
00000b13 04         4677 	.data.b	4
00000b14 00         4678 	.data.b	0
00000b15 15         4679 	.data.b	21
                    4680 

                                                                      Page 79
                                                              C:\Windows\TEMP\gh_00000ro3.si
00000b16 00         4681 	.data.b	0
                    4682 
                    4683 .LDW_4a5b1e8:
00000b17 3c         4684 	.data.b	60
00000b18 00         4685 	.data.b	0
00000b19 0280       4686 	.data.b	128,2
00000b1b 00000000*  4687 	.data.w	.LDW_3791950
                    4688 
00000b1f 34         4689 	.data.b	52
00000b20 00000000*  4690 	.data.w	.LDW_4a53ed0
00000b24 04         4691 	.data.b	4
00000b25 00         4692 	.data.b	0
00000b26 01ff       4693 	.data.b	255,1
                    4694 
00000b28 00         4695 	.data.b	0
                    4696 
                    4697 .LDW_4a5bb78:
00000b29 3c         4698 	.data.b	60
00000b2a 00         4699 	.data.b	0
00000b2b 20         4700 	.data.b	32
00000b2c 00000000*  4701 	.data.w	.LDW_4a5a380
                    4702 
00000b30 34         4703 	.data.b	52
00000b31 00000000*  4704 	.data.w	.LDW_4a53ed0
00000b35 04         4705 	.data.b	4
00000b36 00         4706 	.data.b	0
00000b37 03         4707 	.data.b	3
                    4708 
00000b38 00         4709 	.data.b	0
                    4710 
                    4711 .LDW_4a5bc88:
00000b39 3c         4712 	.data.b	60
00000b3a 00         4713 	.data.b	0
00000b3b 08         4714 	.data.b	8
00000b3c 00000000*  4715 	.data.w	.LDW_3792088
                    4716 
00000b40 34         4717 	.data.b	52
00000b41 00000000*  4718 	.data.w	.LDW_4a53ed0
00000b45 04         4719 	.data.b	4
00000b46 00         4720 	.data.b	0
00000b47 01         4721 	.data.b	1
                    4722 
00000b48 00         4723 	.data.b	0
                    4724 
                    4725 .LDW_4a5b628:
00000b49 3c         4726 	.data.b	60
00000b4a 00         4727 	.data.b	0
00000b4b 02a0       4728 	.data.b	160,2
00000b4d 00000000*  4729 	.data.w	.LDW_4a43b30
                    4730 
00000b51 34         4731 	.data.b	52
00000b52 00000000*  4732 	.data.w	.LDW_4a53ed0
00000b56 04         4733 	.data.b	4
00000b57 00         4734 	.data.b	0
00000b58 05         4735 	.data.b	5
                    4736 
00000b59 00         4737 	.data.b	0
                    4738 
                    4739 .LDW_4a5b958:
00000b5a 3c         4740 	.data.b	60
00000b5b 00         4741 	.data.b	0

                                                                      Page 80
                                                              C:\Windows\TEMP\gh_00000ro3.si
00000b5c 18         4742 	.data.b	24
00000b5d 00000000*  4743 	.data.w	.LDW_3792088
                    4744 
00000b61 34         4745 	.data.b	52
00000b62 00000000*  4746 	.data.w	.LDW_4a53ed0
00000b66 04         4747 	.data.b	4
00000b67 00         4748 	.data.b	0
00000b68 05         4749 	.data.b	5
                    4750 
00000b69 00         4751 	.data.b	0
                    4752 
                    4753 .LDW_4a5b848:
00000b6a 3c         4754 	.data.b	60
00000b6b 00         4755 	.data.b	0
00000b6c 18         4756 	.data.b	24
00000b6d 00000000*  4757 	.data.w	.LDW_3792088
                    4758 
00000b71 34         4759 	.data.b	52
00000b72 00000000*  4760 	.data.w	.LDW_4a53ed0
00000b76 04         4761 	.data.b	4
00000b77 00         4762 	.data.b	0
00000b78 05         4763 	.data.b	5
                    4764 
00000b79 00         4765 	.data.b	0
                    4766 
                    4767 .LDW_4a5b518:
00000b7a 3c         4768 	.data.b	60
00000b7b 00         4769 	.data.b	0
00000b7c 18         4770 	.data.b	24
00000b7d 00000000*  4771 	.data.w	.LDW_3792088
                    4772 
00000b81 34         4773 	.data.b	52
00000b82 00000000*  4774 	.data.w	.LDW_4a53ed0
00000b86 04         4775 	.data.b	4
00000b87 00         4776 	.data.b	0
00000b88 05         4777 	.data.b	5
                    4778 
00000b89 00         4779 	.data.b	0
                    4780 
                    4781 .LDW_4a5b160:
00000b8a 3c         4782 	.data.b	60
00000b8b 00         4783 	.data.b	0
00000b8c 0280       4784 	.data.b	128,2
00000b8e 00000000*  4785 	.data.w	.LDW_3791950
                    4786 
00000b92 34         4787 	.data.b	52
00000b93 00000000*  4788 	.data.w	.LDW_4a53ed0
00000b97 04         4789 	.data.b	4
00000b98 00         4790 	.data.b	0
00000b99 01ff       4791 	.data.b	255,1
                    4792 
00000b9b 00         4793 	.data.b	0
                    4794 
                    4795 .LDW_4a5b270:
00000b9c 3c         4796 	.data.b	60
00000b9d 00         4797 	.data.b	0
00000b9e 0280       4798 	.data.b	128,2
00000ba0 00000000*  4799 	.data.w	.LDW_3791950
                    4800 
00000ba4 34         4801 	.data.b	52
00000ba5 00000000*  4802 	.data.w	.LDW_4a53ed0

                                                                      Page 81
                                                              C:\Windows\TEMP\gh_00000ro3.si
00000ba9 04         4803 	.data.b	4
00000baa 00         4804 	.data.b	0
00000bab 01ff       4805 	.data.b	255,1
                    4806 
00000bad 00         4807 	.data.b	0
                    4808 
                    4809 .LDW_4a5bd10:
00000bae 3c         4810 	.data.b	60
00000baf 00         4811 	.data.b	0
00000bb0 20         4812 	.data.b	32
00000bb1 00000000*  4813 	.data.w	.LDW_3791950
                    4814 
00000bb5 34         4815 	.data.b	52
00000bb6 00000000*  4816 	.data.w	.LDW_4a53ed0
00000bba 04         4817 	.data.b	4
00000bbb 00         4818 	.data.b	0
00000bbc 1f         4819 	.data.b	31
                    4820 
00000bbd 00         4821 	.data.b	0
                    4822 
                    4823 .LDW_4a5b2f8:
00000bbe 3c         4824 	.data.b	60
00000bbf 00         4825 	.data.b	0
00000bc0 20         4826 	.data.b	32
00000bc1 00000000*  4827 	.data.w	.LDW_3791950
                    4828 
00000bc5 34         4829 	.data.b	52
00000bc6 00000000*  4830 	.data.w	.LDW_4a53ed0
00000bca 04         4831 	.data.b	4
00000bcb 00         4832 	.data.b	0
00000bcc 1f         4833 	.data.b	31
                    4834 
00000bcd 00         4835 	.data.b	0
                    4836 
                    4837 .LDW_4a5b380:
00000bce 3c         4838 	.data.b	60
00000bcf 00         4839 	.data.b	0
00000bd0 20         4840 	.data.b	32
00000bd1 00000000*  4841 	.data.w	.LDW_3791950
                    4842 
00000bd5 34         4843 	.data.b	52
00000bd6 00000000*  4844 	.data.w	.LDW_4a53ed0
00000bda 04         4845 	.data.b	4
00000bdb 00         4846 	.data.b	0
00000bdc 1f         4847 	.data.b	31
                    4848 
00000bdd 00         4849 	.data.b	0
                    4850 
                    4851 .LDW_4a5b738:
00000bde 3c         4852 	.data.b	60
00000bdf 00         4853 	.data.b	0
00000be0 20         4854 	.data.b	32
00000be1 00000000*  4855 	.data.w	.LDW_3791950
                    4856 
00000be5 34         4857 	.data.b	52
00000be6 00000000*  4858 	.data.w	.LDW_4a53ed0
00000bea 04         4859 	.data.b	4
00000beb 00         4860 	.data.b	0
00000bec 1f         4861 	.data.b	31
                    4862 
00000bed 00         4863 	.data.b	0

                                                                      Page 82
                                                              C:\Windows\TEMP\gh_00000ro3.si
                    4864 
                    4865 .LDW_4a5bd98:
00000bee 3c         4866 	.data.b	60
00000bef 00         4867 	.data.b	0
00000bf0 20         4868 	.data.b	32
00000bf1 00000000*  4869 	.data.w	.LDW_3791950
                    4870 
00000bf5 34         4871 	.data.b	52
00000bf6 00000000*  4872 	.data.w	.LDW_4a53ed0
00000bfa 04         4873 	.data.b	4
00000bfb 00         4874 	.data.b	0
00000bfc 1f         4875 	.data.b	31
                    4876 
00000bfd 00         4877 	.data.b	0
                    4878 
                    4879 .LDW_4a5b408:
00000bfe 3c         4880 	.data.b	60
00000bff 00         4881 	.data.b	0
00000c00 20         4882 	.data.b	32
00000c01 00000000*  4883 	.data.w	.LDW_3791950
                    4884 
00000c05 34         4885 	.data.b	52
00000c06 00000000*  4886 	.data.w	.LDW_4a53ed0
00000c0a 04         4887 	.data.b	4
00000c0b 00         4888 	.data.b	0
00000c0c 1f         4889 	.data.b	31
                    4890 
00000c0d 00         4891 	.data.b	0
                    4892 
                    4893 .LDW_4a5b490:
00000c0e 3c         4894 	.data.b	60
00000c0f 00         4895 	.data.b	0
00000c10 20         4896 	.data.b	32
00000c11 00000000*  4897 	.data.w	.LDW_3791950
                    4898 
00000c15 34         4899 	.data.b	52
00000c16 00000000*  4900 	.data.w	.LDW_4a53ed0
00000c1a 04         4901 	.data.b	4
00000c1b 00         4902 	.data.b	0
00000c1c 1f         4903 	.data.b	31
                    4904 
00000c1d 00         4905 	.data.b	0
                    4906 
                    4907 .LDW_4a5bc00:
00000c1e 3c         4908 	.data.b	60
00000c1f 00         4909 	.data.b	0
00000c20 20         4910 	.data.b	32
00000c21 00000000*  4911 	.data.w	.LDW_4a62518
                    4912 
00000c25 34         4913 	.data.b	52
00000c26 00000000*  4914 	.data.w	.LDW_4a53ed0
00000c2a 04         4915 	.data.b	4
00000c2b 00         4916 	.data.b	0
00000c2c 03         4917 	.data.b	3
                    4918 
00000c2d 00         4919 	.data.b	0
                    4920 
                    4921 .LDW_4a5a958:
00000c2e 43         4922 	.data.b	67
00000c2f 01b5       4923 	.data.b	181,1
00000c31 10         4924 	.data.b	16

                                                                      Page 83
                                                              C:\Windows\TEMP\gh_00000ro3.si
00000c32 02         4925 	.data.b	2
00000c33 60         4926 	.data.b	96
00000c34 01         4927 	.data.b	1
                    4928 
                    4929 	.section	.debug_abbrev
00000061 43         4930 	.data.b	67
00000062 13         4931 	.data.b	19
00000063 01         4932 	.data.b	1
00000064 0f3b       4933 	.data.b	59,15
00000066 0f39       4934 	.data.b	57,15
00000068 0f3a       4935 	.data.b	58,15
0000006a 0f0b       4936 	.data.b	11,15
0000006c 0b32       4937 	.data.b	50,11
0000006e 0000       4938 	.data.b	0,0
                    4939 
                    4940 	.section	.debug_info
                    4941 .LDW_4989548:
00000c35 25         4942 	.data.b	37
00000c36 73726576   4943 	.data.b	118,101,114,115,105,111,110,0
00000c3a 006e6f69 
00000c3e 01b6       4944 	.data.b	182,1
00000c40 0b         4945 	.data.b	11
00000c41 02         4946 	.data.b	2
00000c42 00000000*  4947 	.data.w	.LDW_4a5ad80
00000c46 2302       4948 	.data.b	2,35
00000c48 00         4949 	.data.b	0
00000c49 01         4950 	.data.b	1
                    4951 
                    4952 	.section	.debug_abbrev
00000070 25         4953 	.data.b	37
00000071 0d         4954 	.data.b	13
00000072 00         4955 	.data.b	0
00000073 0803       4956 	.data.b	3,8
00000075 0f3b       4957 	.data.b	59,15
00000077 0f39       4958 	.data.b	57,15
00000079 0f3a       4959 	.data.b	58,15
0000007b 1049       4960 	.data.b	73,16
0000007d 0a38       4961 	.data.b	56,10
0000007f 0b32       4962 	.data.b	50,11
00000081 0000       4963 	.data.b	0,0
                    4964 
                    4965 	.section	.debug_info
                    4966 .LDW_4989590:
00000c4a 25         4967 	.data.b	37
00000c4b 69726573   4968 	.data.b	115,101,114,105,97,108,78,117,109,98,101,114,0
00000c4f 754e6c61 
00000c53 7265626d 
00000c57 00 
00000c58 01b7       4969 	.data.b	183,1
00000c5a 08         4970 	.data.b	8
00000c5b 02         4971 	.data.b	2
00000c5c 00000000*  4972 	.data.w	.LDW_4a5ae08
00000c60 2302       4973 	.data.b	2,35
00000c62 01         4974 	.data.b	1
00000c63 01         4975 	.data.b	1
                    4976 
                    4977 .LDW_49895d8:
00000c64 25         4978 	.data.b	37
00000c65 00676174   4979 	.data.b	116,97,103,0
00000c69 01b8       4980 	.data.b	184,1
00000c6b 08         4981 	.data.b	8

                                                                      Page 84
                                                              C:\Windows\TEMP\gh_00000ro3.si
00000c6c 02         4982 	.data.b	2
00000c6d 00000000*  4983 	.data.w	.LDW_4a5ae90
00000c71 2302       4984 	.data.b	2,35
00000c73 05         4985 	.data.b	5
00000c74 01         4986 	.data.b	1
                    4987 
                    4988 .LDW_4989428:
00000c75 25         4989 	.data.b	37
00000c76 006e6976   4990 	.data.b	118,105,110,0
00000c7a 01b9       4991 	.data.b	185,1
00000c7c 08         4992 	.data.b	8
00000c7d 02         4993 	.data.b	2
00000c7e 00000000*  4994 	.data.w	.LDW_4a5af18
00000c82 2302       4995 	.data.b	2,35
00000c84 06         4996 	.data.b	6
00000c85 01         4997 	.data.b	1
                    4998 
                    4999 .LDW_4989278:
00000c86 25         5000 	.data.b	37
00000c87 00644965   5001 	.data.b	101,73,100,0
00000c8b 01ba       5002 	.data.b	186,1
00000c8d 08         5003 	.data.b	8
00000c8e 02         5004 	.data.b	2
00000c8f 00000000*  5005 	.data.w	.LDW_4973d78
00000c93 2302       5006 	.data.b	2,35
00000c95 17         5007 	.data.b	23
00000c96 01         5008 	.data.b	1
                    5009 
                    5010 .LDW_4989668:
00000c97 25         5011 	.data.b	37
00000c98 007666     5012 	.data.b	102,118,0
00000c9b 01bb       5013 	.data.b	187,1
00000c9d 08         5014 	.data.b	8
00000c9e 02         5015 	.data.b	2
00000c9f 00000000*  5016 	.data.w	.LDW_4973e00
00000ca3 2302       5017 	.data.b	2,35
00000ca5 19         5018 	.data.b	25
00000ca6 01         5019 	.data.b	1
                    5020 
                    5021 .LDW_4989230:
00000ca7 25         5022 	.data.b	37
00000ca8 005073     5023 	.data.b	115,80,0
00000cab 01bc       5024 	.data.b	188,1
00000cad 08         5025 	.data.b	8
00000cae 02         5026 	.data.b	2
00000caf 00000000*  5027 	.data.w	.LDW_4973e88
00000cb3 2302       5028 	.data.b	2,35
00000cb5 1d         5029 	.data.b	29
00000cb6 01         5030 	.data.b	1
                    5031 
                    5032 .LDW_4989398:
00000cb7 25         5033 	.data.b	37
00000cb8 75737369   5034 	.data.b	105,115,115,117,101,114,0
00000cbc 007265 
00000cbf 01bd       5035 	.data.b	189,1
00000cc1 08         5036 	.data.b	8
00000cc2 02         5037 	.data.b	2
00000cc3 00000000*  5038 	.data.w	.LDW_4973f10
00000cc7 2302       5039 	.data.b	2,35
00000cc9 2d         5040 	.data.b	45
00000cca 01         5041 	.data.b	1

                                                                      Page 85
                                                              C:\Windows\TEMP\gh_00000ro3.si
                    5042 
                    5043 .LDW_49891a0:
00000ccb 25         5044 	.data.b	37
00000ccc 6564726f   5045 	.data.b	111,114,100,101,114,73,100,0
00000cd0 00644972 
00000cd4 01be       5046 	.data.b	190,1
00000cd6 08         5047 	.data.b	8
00000cd7 02         5048 	.data.b	2
00000cd8 00000000*  5049 	.data.w	.LDW_4973f98
00000cdc 2302       5050 	.data.b	2,35
00000cde 2e         5051 	.data.b	46
00000cdf 01         5052 	.data.b	1
                    5053 
                    5054 .LDW_49893e0:
00000ce0 25         5055 	.data.b	37
00000ce1 75737369   5056 	.data.b	105,115,115,117,101,100,68,97,116,101,0
00000ce5 61446465 
00000ce9 006574 
00000cec 01bf       5057 	.data.b	191,1
00000cee 08         5058 	.data.b	8
00000cef 02         5059 	.data.b	2
00000cf0 00000000*  5060 	.data.w	.LDW_4974020
00000cf4 2302       5061 	.data.b	2,35
00000cf6 32         5062 	.data.b	50
00000cf7 01         5063 	.data.b	1
                    5064 
                    5065 .LDW_4989818:
00000cf8 25         5066 	.data.b	37
00000cf9 65666665   5067 	.data.b	101,102,102,101,99,116,105,118,101,68,97,116,101,0
00000cfd 76697463 
00000d01 74614465 
00000d05 0065 
00000d07 01c0       5068 	.data.b	192,1
00000d09 08         5069 	.data.b	8
00000d0a 02         5070 	.data.b	2
00000d0b 00000000*  5071 	.data.w	.LDW_49740a8
00000d0f 2302       5072 	.data.b	2,35
00000d11 3a         5073 	.data.b	58
00000d12 01         5074 	.data.b	1
                    5075 
                    5076 .LDW_49894b8:
00000d13 25         5077 	.data.b	37
00000d14 69707865   5078 	.data.b	101,120,112,105,114,101,100,68,97,116,101,0
00000d18 44646572 
00000d1c 00657461 
00000d20 01c1       5079 	.data.b	193,1
00000d22 08         5080 	.data.b	8
00000d23 02         5081 	.data.b	2
00000d24 00000000*  5082 	.data.w	.LDW_4974130
00000d28 2302       5083 	.data.b	2,35
00000d2a 42         5084 	.data.b	66
00000d2b 01         5085 	.data.b	1
                    5086 
                    5087 .LDW_4989500:
00000d2c 25         5088 	.data.b	37
00000d2d 65736572   5089 	.data.b	114,101,115,101,114,118,101,100,0
00000d31 64657672 
00000d35 00 
00000d36 01c2       5090 	.data.b	194,1
00000d38 0b         5091 	.data.b	11
00000d39 02         5092 	.data.b	2

                                                                      Page 86
                                                              C:\Windows\TEMP\gh_00000ro3.si
00000d3a 00000000*  5093 	.data.w	.LDW_4a5b6b0
00000d3e 2302       5094 	.data.b	2,35
00000d40 4a         5095 	.data.b	74
00000d41 01         5096 	.data.b	1
                    5097 
00000d42 00         5098 	.data.b	0
                    5099 
                    5100 .LDW_4a5a9b0:
00000d43 2a         5101 	.data.b	42
00000d44 43446f46   5102 	.data.b	70,111,68,67,101,114,116,0
00000d48 00747265 
00000d4c 01c3       5103 	.data.b	195,1
00000d4e 03         5104 	.data.b	3
00000d4f 02         5105 	.data.b	2
00000d50 00000000*  5106 	.data.w	.LDW_4a5a958
                    5107 
                    5108 	.section	.debug_abbrev
00000083 2a         5109 	.data.b	42
00000084 16         5110 	.data.b	22
00000085 00         5111 	.data.b	0
00000086 0803       5112 	.data.b	3,8
00000088 0f3b       5113 	.data.b	59,15
0000008a 0f39       5114 	.data.b	57,15
0000008c 0f3a       5115 	.data.b	58,15
0000008e 1049       5116 	.data.b	73,16
00000090 0000       5117 	.data.b	0,0
                    5118 
                    5119 	.section	.debug_info
                    5120 .LDW_4a5ab10:
00000d54 30         5121 	.data.b	48
00000d55 00         5122 	.data.b	0
00000d56 01c6       5123 	.data.b	198,1
00000d58 01         5124 	.data.b	1
00000d59 02         5125 	.data.b	2
00000d5a 04         5126 	.data.b	4
00000d5b 01         5127 	.data.b	1
                    5128 
                    5129 	.section	.debug_abbrev
00000092 30         5130 	.data.b	48
00000093 04         5131 	.data.b	4
00000094 01         5132 	.data.b	1
00000095 0803       5133 	.data.b	3,8
00000097 0f3b       5134 	.data.b	59,15
00000099 0f39       5135 	.data.b	57,15
0000009b 0f3a       5136 	.data.b	58,15
0000009d 0f0b       5137 	.data.b	11,15
0000009f 0b32       5138 	.data.b	50,11
000000a1 0000       5139 	.data.b	0,0
                    5140 
                    5141 	.section	.debug_info
                    5142 .LDW_4a59520:
00000d5c 2f         5143 	.data.b	47
00000d5d 5f4d5348   5144 	.data.b	72,83,77,95,70,79,68,95,73,78,73,84,0
00000d61 5f444f46 
00000d65 54494e49 
00000d69 00 
00000d6a 01c7       5145 	.data.b	199,1
00000d6c 05         5146 	.data.b	5
00000d6d 02         5147 	.data.b	2
00000d6e 00         5148 	.data.b	0
                    5149 

                                                                      Page 87
                                                              C:\Windows\TEMP\gh_00000ro3.si
                    5150 	.section	.debug_abbrev
000000a3 2f         5151 	.data.b	47
000000a4 28         5152 	.data.b	40
000000a5 00         5153 	.data.b	0
000000a6 0803       5154 	.data.b	3,8
000000a8 0f3b       5155 	.data.b	59,15
000000aa 0f39       5156 	.data.b	57,15
000000ac 0f3a       5157 	.data.b	58,15
000000ae 0d1c       5158 	.data.b	28,13
000000b0 0000       5159 	.data.b	0,0
                    5160 
                    5161 	.section	.debug_info
                    5162 .LDW_4a58da0:
00000d6f 2f         5163 	.data.b	47
00000d70 5f4d5348   5164 	.data.b	72,83,77,95,70,79,68,95,82,69,65,68,89,0
00000d74 5f444f46 
00000d78 44414552 
00000d7c 0059 
00000d7e 01c8       5165 	.data.b	200,1
00000d80 05         5166 	.data.b	5
00000d81 02         5167 	.data.b	2
00000d82 01         5168 	.data.b	1
                    5169 
                    5170 .LDW_4a58de0:
00000d83 2f         5171 	.data.b	47
00000d84 5f4d5348   5172 	.data.b	72,83,77,95,70,79,68,95,78,79,84,95,80,69,82,70,79,82,77,69,68,0
00000d88 5f444f46 
00000d8c 5f544f4e 
00000d90 46524550 
00000d94 454d524f 
00000d98 0044 
00000d9a 01c9       5173 	.data.b	201,1
00000d9c 05         5174 	.data.b	5
00000d9d 02         5175 	.data.b	2
00000d9e 02         5176 	.data.b	2
                    5177 
                    5178 .LDW_4a58ee0:
00000d9f 2f         5179 	.data.b	47
00000da0 5f4d5348   5180 	.data.b	72,83,77,95,70,79,68,95,83,85,67,67,69,83,83,0
00000da4 5f444f46 
00000da8 43435553 
00000dac 00535345 
00000db0 01ca       5181 	.data.b	202,1
00000db2 05         5182 	.data.b	5
00000db3 02         5183 	.data.b	2
00000db4 03         5184 	.data.b	3
                    5185 
                    5186 .LDW_4a58f60:
00000db5 2f         5187 	.data.b	47
00000db6 5f4d5348   5188 	.data.b	72,83,77,95,70,79,68,95,72,69,65,68,69,82,95,69,82,82,0
00000dba 5f444f46 
00000dbe 44414548 
00000dc2 455f5245 
00000dc6 005252 
00000dc9 01cb       5189 	.data.b	203,1
00000dcb 05         5190 	.data.b	5
00000dcc 02         5191 	.data.b	2
00000dcd 04         5192 	.data.b	4
                    5193 
                    5194 .LDW_4a58fa0:
00000dce 2f         5195 	.data.b	47

                                                                      Page 88
                                                              C:\Windows\TEMP\gh_00000ro3.si
00000dcf 5f4d5348   5196 	.data.b	72,83,77,95,70,79,68,95,67,77,65,67,95,71,69,78,95,70,65,73,76,0
00000dd3 5f444f46 
00000dd7 43414d43 
00000ddb 4e45475f 
00000ddf 4941465f 
00000de3 004c 
00000de5 01cc       5197 	.data.b	204,1
00000de7 05         5198 	.data.b	5
00000de8 02         5199 	.data.b	2
00000de9 05         5200 	.data.b	5
                    5201 
                    5202 .LDW_4a591e0:
00000dea 2f         5203 	.data.b	47
00000deb 5f4d5348   5204 	.data.b	72,83,77,95,70,79,68,95,67,77,65,67,95,70,65,73,76,0
00000def 5f444f46 
00000df3 43414d43 
00000df7 4941465f 
00000dfb 004c 
00000dfd 01cd       5205 	.data.b	205,1
00000dff 05         5206 	.data.b	5
00000e00 02         5207 	.data.b	2
00000e01 06         5208 	.data.b	6
                    5209 
                    5210 .LDW_4a590e0:
00000e02 2f         5211 	.data.b	47
00000e03 5f4d5348   5212 	.data.b	72,83,77,95,70,79,68,95,68,69,67,82,89,80,84,95,70,65,73,76,0
00000e07 5f444f46 
00000e0b 52434544 
00000e0f 5f545059 
00000e13 4c494146 
00000e17 00 
00000e18 01ce       5213 	.data.b	206,1
00000e1a 05         5214 	.data.b	5
00000e1b 02         5215 	.data.b	2
00000e1c 07         5216 	.data.b	7
                    5217 
                    5218 .LDW_4a59120:
00000e1d 2f         5219 	.data.b	47
00000e1e 5f4d5348   5220 	.data.b	72,83,77,95,70,79,68,95,88,79,82,95,83,85,77,95,70,65,73,76,0
00000e22 5f444f46 
00000e26 5f524f58 
00000e2a 5f4d5553 
00000e2e 4c494146 
00000e32 00 
00000e33 01cf       5221 	.data.b	207,1
00000e35 05         5222 	.data.b	5
00000e36 02         5223 	.data.b	2
00000e37 08         5224 	.data.b	8
                    5225 
                    5226 .LDW_4a59160:
00000e38 2f         5227 	.data.b	47
00000e39 5f4d5348   5228 	.data.b	72,83,77,95,70,79,68,95,83,73,71,78,95,70,65,73,76,0
00000e3d 5f444f46 
00000e41 4e474953 
00000e45 4941465f 
00000e49 004c 
00000e4b 01d0       5229 	.data.b	208,1
00000e4d 05         5230 	.data.b	5
00000e4e 02         5231 	.data.b	2
00000e4f 09         5232 	.data.b	9
                    5233 

                                                                      Page 89
                                                              C:\Windows\TEMP\gh_00000ro3.si
                    5234 .LDW_4a592a0:
00000e50 2f         5235 	.data.b	47
00000e51 5f4d5348   5236 	.data.b	72,83,77,95,70,79,68,95,87,82,95,73,78,70,79,95,70,65,73,76,0
00000e55 5f444f46 
00000e59 495f5257 
00000e5d 5f4f464e 
00000e61 4c494146 
00000e65 00 
00000e66 01d1       5237 	.data.b	209,1
00000e68 05         5238 	.data.b	5
00000e69 02         5239 	.data.b	2
00000e6a 0a         5240 	.data.b	10
                    5241 
                    5242 .LDW_4a593a0:
00000e6b 2f         5243 	.data.b	47
00000e6c 5f4d5348   5244 	.data.b	72,83,77,95,70,79,68,95,76,79,65,68,95,73,78,70,79,95,70,65,73,76,0
00000e70 5f444f46 
00000e74 44414f4c 
00000e78 464e495f 
00000e7c 41465f4f 
00000e80 004c49 
00000e83 01d2       5245 	.data.b	210,1
00000e85 05         5246 	.data.b	5
00000e86 02         5247 	.data.b	2
00000e87 0b         5248 	.data.b	11
                    5249 
                    5250 .LDW_4a59220:
00000e88 2f         5251 	.data.b	47
00000e89 5f4d5348   5252 	.data.b	72,83,77,95,70,79,68,95,67,69,82,84,95,78,79,84,95,70,79,85,78,68,0
00000e8d 5f444f46 
00000e91 54524543 
00000e95 544f4e5f 
00000e99 554f465f 
00000e9d 00444e 
00000ea0 01d3       5253 	.data.b	211,1
00000ea2 05         5254 	.data.b	5
00000ea3 02         5255 	.data.b	2
00000ea4 0c         5256 	.data.b	12
                    5257 
                    5258 .LDW_4a59260:
00000ea5 2f         5259 	.data.b	47
00000ea6 5f4d5348   5260 	.data.b	72,83,77,95,70,79,68,95,70,85,76,76,69,68,0
00000eaa 5f444f46 
00000eae 4c4c5546 
00000eb2 004445 
00000eb5 01d4       5261 	.data.b	212,1
00000eb7 05         5262 	.data.b	5
00000eb8 02         5263 	.data.b	2
00000eb9 0d         5264 	.data.b	13
                    5265 
                    5266 .LDW_4a59320:
00000eba 2f         5267 	.data.b	47
00000ebb 5f4d5348   5268 	.data.b	72,83,77,95,70,79,68,95,83,84,65,84,69,95,69,78,85,77,95,83,69,84,95,85,73,78,84,51,50,0
00000ebf 5f444f46 
00000ec3 54415453 
00000ec7 4e455f45 
00000ecb 535f4d55 
00000ecf 555f5445 
00000ed3 33544e49 
00000ed7 0032 
00000ed9 01d5       5269 	.data.b	213,1

                                                                      Page 90
                                                              C:\Windows\TEMP\gh_00000ro3.si
00000edb 02         5270 	.data.b	2
00000edc 02         5271 	.data.b	2
00000edd ffffffff   5272 	.data.b	255,255,255,255,7
00000ee1 07 
                    5273 
00000ee2 00         5274 	.data.b	0
                    5275 
                    5276 .LDW_4a5ac70:
00000ee3 2a         5277 	.data.b	42
00000ee4 5f4d5348   5278 	.data.b	72,83,77,95,70,79,68,95,69,82,82,95,83,84,65,84,69,95,116,0
00000ee8 5f444f46 
00000eec 5f525245 
00000ef0 54415453 
00000ef4 00745f45 
00000ef8 01d6       5279 	.data.b	214,1
00000efa 03         5280 	.data.b	3
00000efb 02         5281 	.data.b	2
00000efc 00000000*  5282 	.data.w	.LDW_4a5ab10
                    5283 
                    5284 .LDW_4a5a1c8:
00000f00 30         5285 	.data.b	48
00000f01 00         5286 	.data.b	0
00000f02 0296       5287 	.data.b	150,2
00000f04 01         5288 	.data.b	1
00000f05 02         5289 	.data.b	2
00000f06 04         5290 	.data.b	4
00000f07 01         5291 	.data.b	1
                    5292 
                    5293 .LDW_4a605a0:
00000f08 2f         5294 	.data.b	47
00000f09 5f4d5348   5295 	.data.b	72,83,77,95,70,84,68,95,73,78,73,84,73,65,76,73,90,73,78,71,0
00000f0d 5f445446 
00000f11 54494e49 
00000f15 494c4149 
00000f19 474e495a 
00000f1d 00 
00000f1e 0297       5296 	.data.b	151,2
00000f20 02         5297 	.data.b	2
00000f21 02         5298 	.data.b	2
00000f22 00         5299 	.data.b	0
                    5300 
                    5301 .LDW_4a607a0:
00000f23 2f         5302 	.data.b	47
00000f24 5f4d5348   5303 	.data.b	72,83,77,95,70,84,68,95,70,65,73,76,0
00000f28 5f445446 
00000f2c 4c494146 
00000f30 00 
00000f31 0298       5304 	.data.b	152,2
00000f33 02         5305 	.data.b	2
00000f34 02         5306 	.data.b	2
00000f35 01         5307 	.data.b	1
                    5308 
                    5309 .LDW_4a600a0:
00000f36 2f         5310 	.data.b	47
00000f37 5f4d5348   5311 	.data.b	72,83,77,95,70,84,68,95,68,73,83,65,66,76,69,0
00000f3b 5f445446 
00000f3f 41534944 
00000f43 00454c42 
00000f47 0299       5312 	.data.b	153,2
00000f49 02         5313 	.data.b	2
00000f4a 02         5314 	.data.b	2

                                                                      Page 91
                                                              C:\Windows\TEMP\gh_00000ro3.si
00000f4b 02         5315 	.data.b	2
                    5316 
                    5317 .LDW_4a60520:
00000f4c 2f         5318 	.data.b	47
00000f4d 5f4d5348   5319 	.data.b	72,83,77,95,70,84,68,95,83,84,79,80,0
00000f51 5f445446 
00000f55 504f5453 
00000f59 00 
00000f5a 029a       5320 	.data.b	154,2
00000f5c 02         5321 	.data.b	2
00000f5d 02         5322 	.data.b	2
00000f5e 03         5323 	.data.b	3
                    5324 
                    5325 .LDW_4a600e0:
00000f5f 2f         5326 	.data.b	47
00000f60 5f4d5348   5327 	.data.b	72,83,77,95,70,84,68,95,65,67,84,73,86,65,84,69,68,95,87,65,73,84,95,82,85,78,0
00000f64 5f445446 
00000f68 49544341 
00000f6c 45544156 
00000f70 41575f44 
00000f74 525f5449 
00000f78 004e55 
00000f7b 029b       5328 	.data.b	155,2
00000f7d 02         5329 	.data.b	2
00000f7e 02         5330 	.data.b	2
00000f7f 04         5331 	.data.b	4
                    5332 
                    5333 .LDW_4a60260:
00000f80 2f         5334 	.data.b	47
00000f81 5f4d5348   5335 	.data.b	72,83,77,95,70,84,68,95,65,67,84,73,86,65,84,69,68,95,84,69,77,80,95,83,84,79,80,0
00000f85 5f445446 
00000f89 49544341 
00000f8d 45544156 
00000f91 45545f44 
00000f95 535f504d 
00000f99 00504f54 
00000f9d 029c       5336 	.data.b	156,2
00000f9f 02         5337 	.data.b	2
00000fa0 02         5338 	.data.b	2
00000fa1 05         5339 	.data.b	5
                    5340 
                    5341 .LDW_4a606a0:
00000fa2 2f         5342 	.data.b	47
00000fa3 5f4d5348   5343 	.data.b	72,83,77,95,70,84,68,95,65,67,84,73,86,65,84,69,68,95,82,85,78,78,73,78,71,0
00000fa7 5f445446 
00000fab 49544341 
00000faf 45544156 
00000fb3 55525f44 
00000fb7 4e494e4e 
00000fbb 0047 
00000fbd 029d       5344 	.data.b	157,2
00000fbf 02         5345 	.data.b	2
00000fc0 02         5346 	.data.b	2
00000fc1 06         5347 	.data.b	6
                    5348 
                    5349 .LDW_4a603a0:
00000fc2 2f         5350 	.data.b	47
00000fc3 5f4d5348   5351 	.data.b	72,83,77,95,70,84,68,95,83,84,65,84,69,95,69,78,85,77,95,83,69,84,95,85,73,78,84,51,50,0
00000fc7 5f445446 
00000fcb 54415453 
00000fcf 4e455f45 

                                                                      Page 92
                                                              C:\Windows\TEMP\gh_00000ro3.si
00000fd3 535f4d55 
00000fd7 555f5445 
00000fdb 33544e49 
00000fdf 0032 
00000fe1 029e       5352 	.data.b	158,2
00000fe3 02         5353 	.data.b	2
00000fe4 02         5354 	.data.b	2
00000fe5 ffffffff   5355 	.data.b	255,255,255,255,7
00000fe9 07 
                    5356 
00000fea 00         5357 	.data.b	0
                    5358 
                    5359 .LDW_4a59f08:
00000feb 2a         5360 	.data.b	42
00000fec 5f4d5348   5361 	.data.b	72,83,77,95,70,84,68,95,82,85,78,95,83,84,65,84,69,95,116,0
00000ff0 5f445446 
00000ff4 5f4e5552 
00000ff8 54415453 
00000ffc 00745f45 
00001000 029f       5362 	.data.b	159,2
00001002 03         5363 	.data.b	3
00001003 02         5364 	.data.b	2
00001004 00000000*  5365 	.data.w	.LDW_4a5a1c8
                    5366 
                    5367 .LDW_4a42e20:
00001008 30         5368 	.data.b	48
00001009 00         5369 	.data.b	0
0000100a 02a2       5370 	.data.b	162,2
0000100c 01         5371 	.data.b	1
0000100d 02         5372 	.data.b	2
0000100e 04         5373 	.data.b	4
0000100f 01         5374 	.data.b	1
                    5375 
                    5376 .LDW_3750900:
00001010 2f         5377 	.data.b	47
00001011 5f4d5348   5378 	.data.b	72,83,77,95,80,65,83,83,87,79,82,68,95,86,69,82,73,70,89,95,68,73,83,65,66,76,69,0
00001015 53534150 
00001019 44524f57 
0000101d 5245565f 
00001021 5f594649 
00001025 41534944 
00001029 00454c42 
0000102d 02a3       5379 	.data.b	163,2
0000102f 02         5380 	.data.b	2
00001030 02         5381 	.data.b	2
00001031 00         5382 	.data.b	0
                    5383 
                    5384 .LDW_3750a40:
00001032 2f         5385 	.data.b	47
00001033 5f4d5348   5386 	.data.b	72,83,77,95,80,65,83,83,87,79,82,68,95,86,69,82,73,70,89,95,69,78,65,66,76,69,0
00001037 53534150 
0000103b 44524f57 
0000103f 5245565f 
00001043 5f594649 
00001047 42414e45 
0000104b 00454c 
0000104e 02a4       5387 	.data.b	164,2
00001050 02         5388 	.data.b	2
00001051 02         5389 	.data.b	2
00001052 01         5390 	.data.b	1
                    5391 

                                                                      Page 93
                                                              C:\Windows\TEMP\gh_00000ro3.si
                    5392 .LDW_3750600:
00001053 2f         5393 	.data.b	47
00001054 5f4d5348   5394 	.data.b	72,83,77,95,80,65,83,83,87,79,82,68,95,86,69,82,73,70,89,95,73,78,86,65,76,73,68,95,76,69,78,71,84,72,0
00001058 53534150 
0000105c 44524f57 
00001060 5245565f 
00001064 5f594649 
00001068 41564e49 
0000106c 5f44494c 
00001070 474e454c 
00001074 004854 
00001077 02a5       5395 	.data.b	165,2
00001079 02         5396 	.data.b	2
0000107a 02         5397 	.data.b	2
0000107b 02         5398 	.data.b	2
                    5399 
                    5400 .LDW_3750540:
0000107c 2f         5401 	.data.b	47
0000107d 5f4d5348   5402 	.data.b	72,83,77,95,80,65,83,83,87,79,82,68,95,86,69,82,73,70,89,95,70,65,73,76,0
00001081 53534150 
00001085 44524f57 
00001089 5245565f 
0000108d 5f594649 
00001091 4c494146 
00001095 00 
00001096 02a6       5403 	.data.b	166,2
00001098 02         5404 	.data.b	2
00001099 02         5405 	.data.b	2
0000109a 03         5406 	.data.b	3
                    5407 
                    5408 .LDW_3750880:
0000109b 2f         5409 	.data.b	47
0000109c 5f4d5348   5410 	.data.b	72,83,77,95,80,65,83,83,87,79,82,68,95,86,69,82,73,70,89,95,73,78,86,65,76,73,68,95,80,65,83,83,87,79,82,68,0
000010a0 53534150 
000010a4 44524f57 
000010a8 5245565f 
000010ac 5f594649 
000010b0 41564e49 
000010b4 5f44494c 
000010b8 53534150 
000010bc 44524f57 
000010c0 00 
000010c1 02a7       5411 	.data.b	167,2
000010c3 02         5412 	.data.b	2
000010c4 02         5413 	.data.b	2
000010c5 04         5414 	.data.b	4
                    5415 
                    5416 .LDW_3750580:
000010c6 2f         5417 	.data.b	47
000010c7 5f4d5348   5418 	.data.b	72,83,77,95,80,65,83,83,87,79,82,68,95,86,69,82,73,70,89,95,78,79,84,95,83,85,80,80,79,82,84,69,68,0
000010cb 53534150 
000010cf 44524f57 
000010d3 5245565f 
000010d7 5f594649 
000010db 5f544f4e 
000010df 50505553 
000010e3 4554524f 
000010e7 0044 
000010e9 02a8       5419 	.data.b	168,2
000010eb 02         5420 	.data.b	2
000010ec 02         5421 	.data.b	2

                                                                      Page 94
                                                              C:\Windows\TEMP\gh_00000ro3.si
000010ed 05         5422 	.data.b	5
                    5423 
                    5424 .LDW_37506c0:
000010ee 2f         5425 	.data.b	47
000010ef 5f4d5348   5426 	.data.b	72,83,77,95,80,65,83,83,87,79,82,68,95,86,69,82,73,70,89,95,83,85,67,67,69,83,83,0
000010f3 53534150 
000010f7 44524f57 
000010fb 5245565f 
000010ff 5f594649 
00001103 43435553 
00001107 00535345 
0000110b 02a9       5427 	.data.b	169,2
0000110d 02         5428 	.data.b	2
0000110e 02         5429 	.data.b	2
0000110f 06         5430 	.data.b	6
                    5431 
                    5432 .LDW_3750700:
00001110 2f         5433 	.data.b	47
00001111 5f4d5348   5434 	.data.b	72,83,77,95,80,65,83,83,87,79,82,68,95,83,84,65,84,69,95,69,78,85,77,95,83,69,84,95,85,73,78,84,51,50,0
00001115 53534150 
00001119 44524f57 
0000111d 4154535f 
00001121 455f4554 
00001125 5f4d554e 
00001129 5f544553 
0000112d 544e4955 
00001131 003233 
00001134 02aa       5435 	.data.b	170,2
00001136 02         5436 	.data.b	2
00001137 02         5437 	.data.b	2
00001138 ffffffff   5438 	.data.b	255,255,255,255,7
0000113c 07 
                    5439 
0000113d 00         5440 	.data.b	0
                    5441 
                    5442 .LDW_4a43138:
0000113e 2a         5443 	.data.b	42
0000113f 5f4d5348   5444 	.data.b	72,83,77,95,80,65,83,83,87,79,82,68,95,86,69,82,73,70,89,95,83,84,65,84,69,95,116,0
00001143 53534150 
00001147 44524f57 
0000114b 5245565f 
0000114f 5f594649 
00001153 54415453 
00001157 00745f45 
0000115b 02ab       5445 	.data.b	171,2
0000115d 03         5446 	.data.b	3
0000115e 02         5447 	.data.b	2
0000115f 00000000*  5448 	.data.w	.LDW_4a42e20
                    5449 
                    5450 .LDW_4a56de8:
00001163 30         5451 	.data.b	48
00001164 00         5452 	.data.b	0
00001165 02ae       5453 	.data.b	174,2
00001167 01         5454 	.data.b	1
00001168 02         5455 	.data.b	2
00001169 04         5456 	.data.b	4
0000116a 01         5457 	.data.b	1
                    5458 
                    5459 .LDW_4a58fe0:
0000116b 2f         5460 	.data.b	47
0000116c 5f4d5348   5461 	.data.b	72,83,77,95,68,69,66,85,71,95,80,82,79,84,69,67,84,73,79,78,95,68,73,83,65,66,76,69,0

                                                                      Page 95
                                                              C:\Windows\TEMP\gh_00000ro3.si
00001170 55424544 
00001174 52505f47 
00001178 4345544f 
0000117c 4e4f4954 
00001180 5349445f 
00001184 454c4241 
00001188 00 
00001189 02af       5462 	.data.b	175,2
0000118b 02         5463 	.data.b	2
0000118c 02         5464 	.data.b	2
0000118d 00         5465 	.data.b	0
                    5466 
                    5467 .LDW_4a594a0:
0000118e 2f         5468 	.data.b	47
0000118f 5f4d5348   5469 	.data.b	72,83,77,95,68,69,66,85,71,95,80,82,79,84,69,67,84,73,79,78,95,69,78,65,66,76,69,0
00001193 55424544 
00001197 52505f47 
0000119b 4345544f 
0000119f 4e4f4954 
000011a3 414e455f 
000011a7 00454c42 
000011ab 02b0       5470 	.data.b	176,2
000011ad 02         5471 	.data.b	2
000011ae 02         5472 	.data.b	2
000011af 01         5473 	.data.b	1
                    5474 
                    5475 .LDW_4a59360:
000011b0 2f         5476 	.data.b	47
000011b1 5f4d5348   5477 	.data.b	72,83,77,95,68,69,66,85,71,95,80,82,79,84,69,67,84,73,79,78,95,84,69,77,80,95,83,84,79,80,0
000011b5 55424544 
000011b9 52505f47 
000011bd 4345544f 
000011c1 4e4f4954 
000011c5 4d45545f 
000011c9 54535f50 
000011cd 00504f 
000011d0 02b1       5478 	.data.b	177,2
000011d2 02         5479 	.data.b	2
000011d3 02         5480 	.data.b	2
000011d4 02         5481 	.data.b	2
                    5482 
                    5483 .LDW_4a59560:
000011d5 2f         5484 	.data.b	47
000011d6 5f4d5348   5485 	.data.b	72,83,77,95,68,69,66,85,71,95,80,82,79,84,69,67,84,73,79,78,95,85,78,76,79,67,75,95,70,65,73,76,0
000011da 55424544 
000011de 52505f47 
000011e2 4345544f 
000011e6 4e4f4954 
000011ea 4c4e555f 
000011ee 5f4b434f 
000011f2 4c494146 
000011f6 00 
000011f7 02b2       5486 	.data.b	178,2
000011f9 02         5487 	.data.b	2
000011fa 02         5488 	.data.b	2
000011fb 03         5489 	.data.b	3
                    5490 
                    5491 .LDW_4a58e60:
000011fc 2f         5492 	.data.b	47
000011fd 5f4d5348   5493 	.data.b	72,83,77,95,68,69,66,85,71,95,80,82,79,84,69,67,84,73,79,78,95,85,78,76,79,67,75,95,70,65,73,76,95,80,65,83,83,87,79,82,68,0
00001201 55424544 

                                                                      Page 96
                                                              C:\Windows\TEMP\gh_00000ro3.si
00001205 52505f47 
00001209 4345544f 
0000120d 4e4f4954 
00001211 4c4e555f 
00001215 5f4b434f 
00001219 4c494146 
0000121d 5341505f 
00001221 524f5753 
00001225 0044 
00001227 02b3       5494 	.data.b	179,2
00001229 02         5495 	.data.b	2
0000122a 02         5496 	.data.b	2
0000122b 04         5497 	.data.b	4
                    5498 
                    5499 .LDW_4a592e0:
0000122c 2f         5500 	.data.b	47
0000122d 5f4d5348   5501 	.data.b	72,83,77,95,68,69,66,85,71,95,80,82,79,84,69,67,84,73,79,78,95,85,78,76,79,67,75,95,70,65,73,76,95,78,79,84,95,83,85,80,80,79,82,84,69,68,0
00001231 55424544 
00001235 52505f47 
00001239 4345544f 
0000123d 4e4f4954 
00001241 4c4e555f 
00001245 5f4b434f 
00001249 4c494146 
0000124d 544f4e5f 
00001251 5055535f 
00001255 54524f50 
00001259 004445 
0000125c 02b4       5502 	.data.b	180,2
0000125e 02         5503 	.data.b	2
0000125f 02         5504 	.data.b	2
00001260 05         5505 	.data.b	5
                    5506 
                    5507 .LDW_4a58ea0:
00001261 2f         5508 	.data.b	47
00001262 5f4d5348   5509 	.data.b	72,83,77,95,68,69,66,85,71,95,83,84,65,84,69,95,69,78,85,77,95,83,69,84,95,85,73,78,84,51,50,0
00001266 55424544 
0000126a 54535f47 
0000126e 5f455441 
00001272 4d554e45 
00001276 5445535f 
0000127a 4e49555f 
0000127e 00323354 
00001282 02b5       5510 	.data.b	181,2
00001284 02         5511 	.data.b	2
00001285 02         5512 	.data.b	2
00001286 ffffffff   5513 	.data.b	255,255,255,255,7
0000128a 07 
                    5514 
0000128b 00         5515 	.data.b	0
                    5516 
                    5517 .LDW_4a56e40:
0000128c 2a         5518 	.data.b	42
0000128d 5f4d5348   5519 	.data.b	72,83,77,95,83,69,67,85,82,69,68,69,66,85,71,95,83,84,65,84,69,95,116,0
00001291 55434553 
00001295 45444552 
00001299 5f475542 
0000129d 54415453 
000012a1 00745f45 
000012a5 02b6       5520 	.data.b	182,2
000012a7 03         5521 	.data.b	3

                                                                      Page 97
                                                              C:\Windows\TEMP\gh_00000ro3.si
000012a8 02         5522 	.data.b	2
000012a9 00000000*  5523 	.data.w	.LDW_4a56de8
                    5524 
                    5525 .LDW_4a57208:
000012ad 30         5526 	.data.b	48
000012ae 00         5527 	.data.b	0
000012af 02b9       5528 	.data.b	185,2
000012b1 01         5529 	.data.b	1
000012b2 02         5530 	.data.b	2
000012b3 04         5531 	.data.b	4
000012b4 01         5532 	.data.b	1
                    5533 
                    5534 .LDW_3750ac0:
000012b5 2f         5535 	.data.b	47
000012b6 5f4d5348   5536 	.data.b	72,83,77,95,83,69,67,85,82,69,66,79,79,84,95,73,78,73,84,0
000012ba 55434553 
000012be 4f424552 
000012c2 495f544f 
000012c6 0054494e 
000012ca 02ba       5537 	.data.b	186,2
000012cc 02         5538 	.data.b	2
000012cd 02         5539 	.data.b	2
000012ce 00         5540 	.data.b	0
                    5541 
                    5542 .LDW_3750b40:
000012cf 2f         5543 	.data.b	47
000012d0 5f4d5348   5544 	.data.b	72,83,77,95,83,69,67,85,82,69,66,79,79,84,95,68,73,83,65,66,76,69,0
000012d4 55434553 
000012d8 4f424552 
000012dc 445f544f 
000012e0 42415349 
000012e4 00454c 
000012e7 02bb       5545 	.data.b	187,2
000012e9 02         5546 	.data.b	2
000012ea 02         5547 	.data.b	2
000012eb 01         5548 	.data.b	1
                    5549 
                    5550 .LDW_37507c0:
000012ec 2f         5551 	.data.b	47
000012ed 5f4d5348   5552 	.data.b	72,83,77,95,83,69,67,85,82,69,66,79,79,84,95,69,78,65,66,76,69,0
000012f1 55434553 
000012f5 4f424552 
000012f9 455f544f 
000012fd 4c42414e 
00001301 0045 
00001303 02bc       5553 	.data.b	188,2
00001305 02         5554 	.data.b	2
00001306 02         5555 	.data.b	2
00001307 02         5556 	.data.b	2
                    5557 
                    5558 .LDW_3750800:
00001308 2f         5559 	.data.b	47
00001309 5f4d5348   5560 	.data.b	72,83,77,95,83,69,67,85,82,69,66,79,79,84,95,83,85,67,67,69,83,83,0
0000130d 55434553 
00001311 4f424552 
00001315 535f544f 
00001319 45434355 
0000131d 005353 
00001320 02bd       5561 	.data.b	189,2
00001322 02         5562 	.data.b	2
00001323 02         5563 	.data.b	2

                                                                      Page 98
                                                              C:\Windows\TEMP\gh_00000ro3.si
00001324 03         5564 	.data.b	3
                    5565 
                    5566 .LDW_4a59460:
00001325 2f         5567 	.data.b	47
00001326 5f4d5348   5568 	.data.b	72,83,77,95,83,69,67,85,82,69,66,79,79,84,95,72,69,65,68,69,82,95,69,82,82,0
0000132a 55434553 
0000132e 4f424552 
00001332 485f544f 
00001336 45444145 
0000133a 52455f52 
0000133e 0052 
00001340 02be       5569 	.data.b	190,2
00001342 02         5570 	.data.b	2
00001343 02         5571 	.data.b	2
00001344 04         5572 	.data.b	4
                    5573 
                    5574 .LDW_4a594e0:
00001345 2f         5575 	.data.b	47
00001346 5f4d5348   5576 	.data.b	72,83,77,95,83,69,67,85,82,69,66,79,79,84,95,73,78,86,65,76,73,68,95,67,77,65,67,0
0000134a 55434553 
0000134e 4f424552 
00001352 495f544f 
00001356 4c41564e 
0000135a 435f4449 
0000135e 0043414d 
00001362 02bf       5577 	.data.b	191,2
00001364 02         5578 	.data.b	2
00001365 02         5579 	.data.b	2
00001366 05         5580 	.data.b	5
                    5581 
                    5582 .LDW_4a58f20:
00001367 2f         5583 	.data.b	47
00001368 5f4d5348   5584 	.data.b	72,83,77,95,83,69,67,85,82,69,66,79,79,84,95,67,77,65,67,95,71,69,78,95,70,65,73,76,0
0000136c 55434553 
00001370 4f424552 
00001374 435f544f 
00001378 5f43414d 
0000137c 5f4e4547 
00001380 4c494146 
00001384 00 
00001385 02c0       5585 	.data.b	192,2
00001387 02         5586 	.data.b	2
00001388 02         5587 	.data.b	2
00001389 06         5588 	.data.b	6
                    5589 
                    5590 .LDW_4a593e0:
0000138a 2f         5591 	.data.b	47
0000138b 5f4d5348   5592 	.data.b	72,83,77,95,83,69,67,85,82,69,66,79,79,84,95,72,65,83,72,95,71,69,78,95,70,65,73,76,0
0000138f 55434553 
00001393 4f424552 
00001397 485f544f 
0000139b 5f485341 
0000139f 5f4e4547 
000013a3 4c494146 
000013a7 00 
000013a8 02c1       5593 	.data.b	193,2
000013aa 02         5594 	.data.b	2
000013ab 02         5595 	.data.b	2
000013ac 07         5596 	.data.b	7
                    5597 
                    5598 .LDW_4a590a0:

                                                                      Page 99
                                                              C:\Windows\TEMP\gh_00000ro3.si
000013ad 2f         5599 	.data.b	47
000013ae 5f4d5348   5600 	.data.b	72,83,77,95,83,69,67,85,82,69,66,79,79,84,95,68,69,67,82,89,80,84,95,70,65,73,76,0
000013b2 55434553 
000013b6 4f424552 
000013ba 445f544f 
000013be 59524345 
000013c2 465f5450 
000013c6 004c4941 
000013ca 02c2       5601 	.data.b	194,2
000013cc 02         5602 	.data.b	2
000013cd 02         5603 	.data.b	2
000013ce 08         5604 	.data.b	8
                    5605 
                    5606 .LDW_4a591a0:
000013cf 2f         5607 	.data.b	47
000013d0 5f4d5348   5608 	.data.b	72,83,77,95,83,69,67,85,82,69,66,79,79,84,95,88,79,82,95,83,85,77,95,70,65,73,76,0
000013d4 55434553 
000013d8 4f424552 
000013dc 585f544f 
000013e0 535f524f 
000013e4 465f4d55 
000013e8 004c4941 
000013ec 02c3       5609 	.data.b	195,2
000013ee 02         5610 	.data.b	2
000013ef 02         5611 	.data.b	2
000013f0 09         5612 	.data.b	9
                    5613 
                    5614 .LDW_4a59020:
000013f1 2f         5615 	.data.b	47
000013f2 5f4d5348   5616 	.data.b	72,83,77,95,83,69,67,85,82,69,66,79,79,84,95,83,73,71,78,95,86,69,82,73,70,89,95,70,65,73,76,0
000013f6 55434553 
000013fa 4f424552 
000013fe 535f544f 
00001402 5f4e4749 
00001406 49524556 
0000140a 465f5946 
0000140e 004c4941 
00001412 02c4       5617 	.data.b	196,2
00001414 02         5618 	.data.b	2
00001415 02         5619 	.data.b	2
00001416 0a         5620 	.data.b	10
                    5621 
                    5622 .LDW_4a59420:
00001417 2f         5623 	.data.b	47
00001418 5f4d5348   5624 	.data.b	72,83,77,95,83,69,67,85,82,69,66,79,79,84,95,87,82,95,73,78,70,79,95,70,65,73,76,0
0000141c 55434553 
00001420 4f424552 
00001424 575f544f 
00001428 4e495f52 
0000142c 465f4f46 
00001430 004c4941 
00001434 02c5       5625 	.data.b	197,2
00001436 02         5626 	.data.b	2
00001437 02         5627 	.data.b	2
00001438 0b         5628 	.data.b	11
                    5629 
                    5630 .LDW_4a59060:
00001439 2f         5631 	.data.b	47
0000143a 5f4d5348   5632 	.data.b	72,83,77,95,83,69,67,85,82,69,66,79,79,84,95,78,79,84,95,80,69,82,70,79,82,77,69,68,0
0000143e 55434553 
00001442 4f424552 

                                                                      Page 100
                                                              C:\Windows\TEMP\gh_00000ro3.si
00001446 4e5f544f 
0000144a 505f544f 
0000144e 4f465245 
00001452 44454d52 
00001456 00 
00001457 02c6       5633 	.data.b	198,2
00001459 02         5634 	.data.b	2
0000145a 02         5635 	.data.b	2
0000145b 0c         5636 	.data.b	12
                    5637 
                    5638 .LDW_4a58e20:
0000145c 2f         5639 	.data.b	47
0000145d 5f4d5348   5640 	.data.b	72,83,77,95,83,69,67,85,82,69,66,79,79,84,95,83,84,65,84,69,95,69,78,85,77,95,83,69,84,95,85,73,78,84,51,50,0
00001461 55434553 
00001465 4f424552 
00001469 535f544f 
0000146d 45544154 
00001471 554e455f 
00001475 45535f4d 
00001479 49555f54 
0000147d 3233544e 
00001481 00 
00001482 02c7       5641 	.data.b	199,2
00001484 02         5642 	.data.b	2
00001485 02         5643 	.data.b	2
00001486 ffffffff   5644 	.data.b	255,255,255,255,7
0000148a 07 
                    5645 
0000148b 00         5646 	.data.b	0
                    5647 
                    5648 .LDW_4a57418:
0000148c 2a         5649 	.data.b	42
0000148d 5f4d5348   5650 	.data.b	72,83,77,95,83,69,67,85,82,69,66,79,79,84,95,83,84,65,84,69,95,116,0
00001491 55434553 
00001495 4f424552 
00001499 535f544f 
0000149d 45544154 
000014a1 00745f 
000014a4 02c8       5651 	.data.b	200,2
000014a6 03         5652 	.data.b	3
000014a7 02         5653 	.data.b	2
000014a8 00000000*  5654 	.data.w	.LDW_4a57208
                    5655 
                    5656 .LDW_4a57578:
000014ac 30         5657 	.data.b	48
000014ad 00         5658 	.data.b	0
000014ae 02eb       5659 	.data.b	235,2
000014b0 01         5660 	.data.b	1
000014b1 02         5661 	.data.b	2
000014b2 01         5662 	.data.b	1
000014b3 01         5663 	.data.b	1
                    5664 
                    5665 .LDW_3750740:
000014b4 2f         5666 	.data.b	47
000014b5 5f534541   5667 	.data.b	65,69,83,95,75,69,89,0
000014b9 0059454b 
000014bd 02ec       5668 	.data.b	236,2
000014bf 03         5669 	.data.b	3
000014c0 02         5670 	.data.b	2
000014c1 00         5671 	.data.b	0
                    5672 

                                                                      Page 101
                                                              C:\Windows\TEMP\gh_00000ro3.si
                    5673 .LDW_3750a80:
000014c2 2f         5674 	.data.b	47
000014c3 5f415352   5675 	.data.b	82,83,65,95,75,69,89,0
000014c7 0059454b 
000014cb 02ed       5676 	.data.b	237,2
000014cd 03         5677 	.data.b	3
000014ce 02         5678 	.data.b	2
000014cf 01         5679 	.data.b	1
                    5680 
                    5681 .LDW_3750780:
000014d0 2f         5682 	.data.b	47
000014d1 5f434345   5683 	.data.b	69,67,67,95,75,69,89,0
000014d5 0059454b 
000014d9 02ee       5684 	.data.b	238,2
000014db 03         5685 	.data.b	3
000014dc 02         5686 	.data.b	2
000014dd 02         5687 	.data.b	2
                    5688 
000014de 00         5689 	.data.b	0
                    5690 
                    5691 .LDW_4a57158:
000014df 2a         5692 	.data.b	42
000014e0 5f59454b   5693 	.data.b	75,69,89,95,84,89,80,69,0
000014e4 45505954 
000014e8 00 
000014e9 02ef       5694 	.data.b	239,2
000014eb 03         5695 	.data.b	3
000014ec 02         5696 	.data.b	2
000014ed 00000000*  5697 	.data.w	.LDW_4a57578
                    5698 
                    5699 .LDW_4977be8:
000014f1 30         5700 	.data.b	48
000014f2 00         5701 	.data.b	0
000014f3 02f4       5702 	.data.b	244,2
000014f5 01         5703 	.data.b	1
000014f6 02         5704 	.data.b	2
000014f7 01         5705 	.data.b	1
000014f8 01         5706 	.data.b	1
                    5707 
                    5708 .LDW_3750980:
000014f9 2f         5709 	.data.b	47
000014fa 5f4d5348   5710 	.data.b	72,83,77,95,65,69,83,95,69,67,66,95,77,79,68,69,0
000014fe 5f534541 
00001502 5f424345 
00001506 45444f4d 
0000150a 00 
0000150b 02f5       5711 	.data.b	245,2
0000150d 03         5712 	.data.b	3
0000150e 02         5713 	.data.b	2
0000150f 00         5714 	.data.b	0
                    5715 
                    5716 .LDW_37509c0:
00001510 2f         5717 	.data.b	47
00001511 5f4d5348   5718 	.data.b	72,83,77,95,65,69,83,95,67,66,67,95,77,79,68,69,0
00001515 5f534541 
00001519 5f434243 
0000151d 45444f4d 
00001521 00 
00001522 02f6       5719 	.data.b	246,2
00001524 03         5720 	.data.b	3
00001525 02         5721 	.data.b	2

                                                                      Page 102
                                                              C:\Windows\TEMP\gh_00000ro3.si
00001526 01         5722 	.data.b	1
                    5723 
                    5724 .LDW_3750440:
00001527 2f         5725 	.data.b	47
00001528 5f4d5348   5726 	.data.b	72,83,77,95,65,69,83,95,67,84,82,95,77,79,68,69,0
0000152c 5f534541 
00001530 5f525443 
00001534 45444f4d 
00001538 00 
00001539 02f7       5727 	.data.b	247,2
0000153b 03         5728 	.data.b	3
0000153c 02         5729 	.data.b	2
0000153d 02         5730 	.data.b	2
                    5731 
                    5732 .LDW_3750a00:
0000153e 2f         5733 	.data.b	47
0000153f 5f4d5348   5734 	.data.b	72,83,77,95,65,69,83,95,79,70,66,95,77,79,68,69,0
00001543 5f534541 
00001547 5f42464f 
0000154b 45444f4d 
0000154f 00 
00001550 02f8       5735 	.data.b	248,2
00001552 03         5736 	.data.b	3
00001553 02         5737 	.data.b	2
00001554 03         5738 	.data.b	3
                    5739 
00001555 00         5740 	.data.b	0
                    5741 
                    5742 .LDW_4977c40:
00001556 2a         5743 	.data.b	42
00001557 5f534541   5744 	.data.b	65,69,83,95,77,79,68,69,0
0000155b 45444f4d 
0000155f 00 
00001560 02f9       5745 	.data.b	249,2
00001562 03         5746 	.data.b	3
00001563 02         5747 	.data.b	2
00001564 00000000*  5748 	.data.w	.LDW_4977be8
                    5749 
                    5750 .LDW_4a43c90:
00001568 2a         5751 	.data.b	42
00001569 5f4d5348   5752 	.data.b	72,83,77,95,67,97,108,108,98,97,99,107,70,117,110,99,0
0000156d 6c6c6143 
00001571 6b636162 
00001575 636e7546 
00001579 00 
0000157a 0380       5753 	.data.b	128,3
0000157c 10         5754 	.data.b	16
0000157d 02         5755 	.data.b	2
0000157e 00000000*  5756 	.data.w	.LDW_4a544b8
                    5757 
                    5758 .LDW_4977b38:
00001582 43         5759 	.data.b	67
00001583 0387       5760 	.data.b	135,3
00001585 01         5761 	.data.b	1
00001586 02         5762 	.data.b	2
00001587 06         5763 	.data.b	6
00001588 01         5764 	.data.b	1
                    5765 
                    5766 .LDW_49891e8:
00001589 25         5767 	.data.b	37
0000158a 49626f6a   5768 	.data.b	106,111,98,73,100,0

                                                                      Page 103
                                                              C:\Windows\TEMP\gh_00000ro3.si
0000158e 0064 
00001590 0388       5769 	.data.b	136,3
00001592 0a         5770 	.data.b	10
00001593 02         5771 	.data.b	2
00001594 00000000*  5772 	.data.w	.LDW_37919c0
00001598 2302       5773 	.data.b	2,35
0000159a 00         5774 	.data.b	0
0000159b 01         5775 	.data.b	1
                    5776 
                    5777 .LDW_4989620:
0000159c 25         5778 	.data.b	37
0000159d 6b736174   5779 	.data.b	116,97,115,107,80,114,105,111,114,105,116,121,0
000015a1 6f697250 
000015a5 79746972 
000015a9 00 
000015aa 0389       5780 	.data.b	137,3
000015ac 0a         5781 	.data.b	10
000015ad 02         5782 	.data.b	2
000015ae 00000000*  5783 	.data.w	.LDW_37919c0
000015b2 2302       5784 	.data.b	2,35
000015b4 02         5785 	.data.b	2
000015b5 01         5786 	.data.b	1
                    5787 
                    5788 .LDW_49896f8:
000015b6 25         5789 	.data.b	37
000015b7 65646f6d   5790 	.data.b	109,111,100,101,0
000015bb 00 
000015bc 038a       5791 	.data.b	138,3
000015be 0a         5792 	.data.b	10
000015bf 02         5793 	.data.b	2
000015c0 00000000*  5794 	.data.w	.LDW_37919c0
000015c4 2302       5795 	.data.b	2,35
000015c6 04         5796 	.data.b	4
000015c7 01         5797 	.data.b	1
                    5798 
000015c8 00         5799 	.data.b	0
                    5800 
                    5801 .LDW_4977b90:
000015c9 2a         5802 	.data.b	42
000015ca 414d5348   5803 	.data.b	72,83,77,65,80,73,95,67,84,88,95,116,0
000015ce 435f4950 
000015d2 745f5854 
000015d6 00 
000015d7 038b       5804 	.data.b	139,3
000015d9 03         5805 	.data.b	3
000015da 02         5806 	.data.b	2
000015db 00000000*  5807 	.data.w	.LDW_4977b38
                    5808 
                    5809 .LDW_4a5aa08:
000015df 43         5810 	.data.b	67
000015e0 03a2       5811 	.data.b	162,3
000015e2 01         5812 	.data.b	1
000015e3 02         5813 	.data.b	2
000015e4 0284       5814 	.data.b	132,2
000015e6 01         5815 	.data.b	1
                    5816 
                    5817 .LDW_49898a8:
000015e7 25         5818 	.data.b	37
000015e8 6e676973   5819 	.data.b	115,105,103,110,75,101,121,78,117,109,0
000015ec 4e79654b 
000015f0 006d75 

                                                                      Page 104
                                                              C:\Windows\TEMP\gh_00000ro3.si
000015f3 03a3       5820 	.data.b	163,3
000015f5 0c         5821 	.data.b	12
000015f6 02         5822 	.data.b	2
000015f7 00000000*  5823 	.data.w	.LDW_3792088
000015fb 2302       5824 	.data.b	2,35
000015fd 00         5825 	.data.b	0
000015fe 01         5826 	.data.b	1
                    5827 
                    5828 .LDW_4989350:
000015ff 25         5829 	.data.b	37
00001600 6e676973   5830 	.data.b	115,105,103,110,0
00001604 00 
00001605 03a4       5831 	.data.b	164,3
00001607 0b         5832 	.data.b	11
00001608 02         5833 	.data.b	2
00001609 00000000*  5834 	.data.w	.LDW_4a5b1e8
0000160d 2302       5835 	.data.b	2,35
0000160f 04         5836 	.data.b	4
00001610 01         5837 	.data.b	1
                    5838 
00001611 00         5839 	.data.b	0
                    5840 
                    5841 .LDW_4a5aab8:
00001612 2a         5842 	.data.b	42
00001613 5f4d5348   5843 	.data.b	72,83,77,95,83,73,71,78,95,116,0
00001617 4e474953 
0000161b 00745f 
0000161e 03a5       5844 	.data.b	165,3
00001620 03         5845 	.data.b	3
00001621 02         5846 	.data.b	2
00001622 00000000*  5847 	.data.w	.LDW_4a5aa08
                    5848 
                    5849 .LDW_4a59da8:
00001626 43         5850 	.data.b	67
00001627 03a8       5851 	.data.b	168,3
00001629 01         5852 	.data.b	1
0000162a 02         5853 	.data.b	2
0000162b 08         5854 	.data.b	8
0000162c 01         5855 	.data.b	1
                    5856 
                    5857 .LDW_4a61588:
0000162d 25         5858 	.data.b	37
0000162e 72617473   5859 	.data.b	115,116,97,114,116,65,100,100,114,0
00001632 64644174 
00001636 0072 
00001638 03a9       5860 	.data.b	169,3
0000163a 0a         5861 	.data.b	10
0000163b 02         5862 	.data.b	2
0000163c 00000000*  5863 	.data.w	.LDW_3792088
00001640 2302       5864 	.data.b	2,35
00001642 00         5865 	.data.b	0
00001643 01         5866 	.data.b	1
                    5867 
                    5868 .LDW_4a61468:
00001644 25         5869 	.data.b	37
00001645 657a6973   5870 	.data.b	115,105,122,101,0
00001649 00 
0000164a 03aa       5871 	.data.b	170,3
0000164c 0a         5872 	.data.b	10
0000164d 02         5873 	.data.b	2
0000164e 00000000*  5874 	.data.w	.LDW_3792088

                                                                      Page 105
                                                              C:\Windows\TEMP\gh_00000ro3.si
00001652 2302       5875 	.data.b	2,35
00001654 04         5876 	.data.b	4
00001655 01         5877 	.data.b	1
                    5878 
00001656 00         5879 	.data.b	0
                    5880 
                    5881 .LDW_4a5a380:
00001657 2a         5882 	.data.b	42
00001658 5f4d5348   5883 	.data.b	72,83,77,95,70,84,68,95,83,69,71,77,69,78,84,95,116,0
0000165c 5f445446 
00001660 4d474553 
00001664 5f544e45 
00001668 0074 
0000166a 03ab       5884 	.data.b	171,3
0000166c 03         5885 	.data.b	3
0000166d 02         5886 	.data.b	2
0000166e 00000000*  5887 	.data.w	.LDW_4a59da8
                    5888 
                    5889 .LDW_4a439d0:
00001672 43         5890 	.data.b	67
00001673 03ae       5891 	.data.b	174,3
00001675 01         5892 	.data.b	1
00001676 02         5893 	.data.b	2
00001677 30         5894 	.data.b	48
00001678 01         5895 	.data.b	1
                    5896 
                    5897 .LDW_4a611e0:
00001679 25         5898 	.data.b	37
0000167a 67726174   5899 	.data.b	116,97,114,103,101,116,73,110,100,101,120,0
0000167e 6e497465 
00001682 00786564 
00001686 03af       5900 	.data.b	175,3
00001688 0a         5901 	.data.b	10
00001689 02         5902 	.data.b	2
0000168a 00000000*  5903 	.data.w	.LDW_3792088
0000168e 2302       5904 	.data.b	2,35
00001690 00         5905 	.data.b	0
00001691 01         5906 	.data.b	1
                    5907 
                    5908 .LDW_4a61738:
00001692 25         5909 	.data.b	37
00001693 6e676973   5910 	.data.b	115,105,103,110,75,101,121,78,117,109,0
00001697 4e79654b 
0000169b 006d75 
0000169e 03b0       5911 	.data.b	176,3
000016a0 0a         5912 	.data.b	10
000016a1 02         5913 	.data.b	2
000016a2 00000000*  5914 	.data.w	.LDW_37919c0
000016a6 2302       5915 	.data.b	2,35
000016a8 04         5916 	.data.b	4
000016a9 01         5917 	.data.b	1
                    5918 
                    5919 .LDW_4a614b0:
000016aa 25         5920 	.data.b	37
000016ab 63616d63   5921 	.data.b	99,109,97,99,75,101,121,78,117,109,0
000016af 4e79654b 
000016b3 006d75 
000016b6 03b1       5922 	.data.b	177,3
000016b8 0a         5923 	.data.b	10
000016b9 02         5924 	.data.b	2
000016ba 00000000*  5925 	.data.w	.LDW_37919c0

                                                                      Page 106
                                                              C:\Windows\TEMP\gh_00000ro3.si
000016be 2302       5926 	.data.b	2,35
000016c0 06         5927 	.data.b	6
000016c1 01         5928 	.data.b	1
                    5929 
                    5930 .LDW_4a614f8:
000016c2 25         5931 	.data.b	37
000016c3 6e676973   5932 	.data.b	115,105,103,110,65,100,100,114,0
000016c7 72646441 
000016cb 00 
000016cc 03b2       5933 	.data.b	178,3
000016ce 0a         5934 	.data.b	10
000016cf 02         5935 	.data.b	2
000016d0 00000000*  5936 	.data.w	.LDW_3792088
000016d4 2302       5937 	.data.b	2,35
000016d6 08         5938 	.data.b	8
000016d7 01         5939 	.data.b	1
                    5940 
                    5941 .LDW_4a60fe8:
000016d8 25         5942 	.data.b	37
000016d9 6d676573   5943 	.data.b	115,101,103,109,101,110,116,78,117,109,0
000016dd 4e746e65 
000016e1 006d75 
000016e4 03b3       5944 	.data.b	179,3
000016e6 0a         5945 	.data.b	10
000016e7 02         5946 	.data.b	2
000016e8 00000000*  5947 	.data.w	.LDW_3792088
000016ec 2302       5948 	.data.b	2,35
000016ee 0c         5949 	.data.b	12
000016ef 01         5950 	.data.b	1
                    5951 
                    5952 .LDW_4a61420:
000016f0 25         5953 	.data.b	37
000016f1 49676573   5954 	.data.b	115,101,103,73,110,102,111,0
000016f5 006f666e 
000016f9 03b4       5955 	.data.b	180,3
000016fb 15         5956 	.data.b	21
000016fc 02         5957 	.data.b	2
000016fd 00000000*  5958 	.data.w	.LDW_4a5bb78
00001701 2302       5959 	.data.b	2,35
00001703 10         5960 	.data.b	16
00001704 01         5961 	.data.b	1
                    5962 
00001705 00         5963 	.data.b	0
                    5964 
                    5965 .LDW_4a43b30:
00001706 2a         5966 	.data.b	42
00001707 5f4d5348   5967 	.data.b	72,83,77,95,70,84,68,95,84,65,82,71,69,84,95,116,0
0000170b 5f445446 
0000170f 47524154 
00001713 745f5445 
00001717 00 
00001718 03b5       5968 	.data.b	181,3
0000171a 03         5969 	.data.b	3
0000171b 02         5970 	.data.b	2
0000171c 00000000*  5971 	.data.w	.LDW_4a439d0
                    5972 
                    5973 .LDW_4a43ce8:
00001720 43         5974 	.data.b	67
00001721 03b8       5975 	.data.b	184,3
00001723 01         5976 	.data.b	1
00001724 02         5977 	.data.b	2

                                                                      Page 107
                                                              C:\Windows\TEMP\gh_00000ro3.si
00001725 02ac       5978 	.data.b	172,2
00001727 01         5979 	.data.b	1
                    5980 
                    5981 .LDW_4a613d8:
00001728 25         5982 	.data.b	37
00001729 61746f74   5983 	.data.b	116,111,116,97,108,84,97,114,103,101,116,78,117,109,0
0000172d 7261546c 
00001731 4e746567 
00001735 006d75 
00001738 03b9       5984 	.data.b	185,3
0000173a 0a         5985 	.data.b	10
0000173b 02         5986 	.data.b	2
0000173c 00000000*  5987 	.data.w	.LDW_3792088
00001740 2302       5988 	.data.b	2,35
00001742 00         5989 	.data.b	0
00001743 01         5990 	.data.b	1
                    5991 
                    5992 .LDW_4a61030:
00001744 25         5993 	.data.b	37
00001745 706f7473   5994 	.data.b	115,116,111,112,80,97,115,115,119,111,114,100,0
00001749 73736150 
0000174d 64726f77 
00001751 00 
00001752 03ba       5995 	.data.b	186,3
00001754 0a         5996 	.data.b	10
00001755 02         5997 	.data.b	2
00001756 00000000*  5998 	.data.w	.LDW_4a5bc88
0000175a 2302       5999 	.data.b	2,35
0000175c 04         6000 	.data.b	4
0000175d 01         6001 	.data.b	1
                    6002 
                    6003 .LDW_4a61300:
0000175e 25         6004 	.data.b	37
0000175f 67726174   6005 	.data.b	116,97,114,103,101,116,0
00001763 007465 
00001766 03bb       6006 	.data.b	187,3
00001768 14         6007 	.data.b	20
00001769 02         6008 	.data.b	2
0000176a 00000000*  6009 	.data.w	.LDW_4a5b628
0000176e 2302       6010 	.data.b	2,35
00001770 0c         6011 	.data.b	12
00001771 01         6012 	.data.b	1
                    6013 
00001772 00         6014 	.data.b	0
                    6015 
                    6016 .LDW_4a43ad8:
00001773 2a         6017 	.data.b	42
00001774 5f4d5348   6018 	.data.b	72,83,77,95,70,84,68,95,67,79,78,70,73,71,95,116,0
00001778 5f445446 
0000177c 464e4f43 
00001780 745f4749 
00001784 00 
00001785 03bc       6019 	.data.b	188,3
00001787 03         6020 	.data.b	3
00001788 02         6021 	.data.b	2
00001789 00000000*  6022 	.data.w	.LDW_4a43ce8
                    6023 
                    6024 .LDW_4a43818:
0000178d 43         6025 	.data.b	67
0000178e 03bf       6026 	.data.b	191,3
00001790 01         6027 	.data.b	1

                                                                      Page 108
                                                              C:\Windows\TEMP\gh_00000ro3.si
00001791 02         6028 	.data.b	2
00001792 1c         6029 	.data.b	28
00001793 01         6030 	.data.b	1
                    6031 
                    6032 .LDW_4a61540:
00001794 25         6033 	.data.b	37
00001795 61746f74   6034 	.data.b	116,111,116,97,108,84,97,114,103,101,116,78,117,109,0
00001799 7261546c 
0000179d 4e746567 
000017a1 006d75 
000017a4 03c0       6035 	.data.b	192,3
000017a6 0a         6036 	.data.b	10
000017a7 02         6037 	.data.b	2
000017a8 00000000*  6038 	.data.w	.LDW_3792088
000017ac 2302       6039 	.data.b	2,35
000017ae 00         6040 	.data.b	0
000017af 01         6041 	.data.b	1
                    6042 
                    6043 .LDW_4a61108:
000017b0 25         6044 	.data.b	37
000017b1 6c696166   6045 	.data.b	102,97,105,108,67,111,117,110,116,72,105,115,116,111,114,121,0
000017b5 6e756f43 
000017b9 73694874 
000017bd 79726f74 
000017c1 00 
000017c2 03c1       6046 	.data.b	193,3
000017c4 0a         6047 	.data.b	10
000017c5 02         6048 	.data.b	2
000017c6 00000000*  6049 	.data.w	.LDW_4a5b958
000017ca 2302       6050 	.data.b	2,35
000017cc 04         6051 	.data.b	4
000017cd 01         6052 	.data.b	1
                    6053 
000017ce 00         6054 	.data.b	0
                    6055 
                    6056 .LDW_4a42d70:
000017cf 2a         6057 	.data.b	42
000017d0 5f4d5348   6058 	.data.b	72,83,77,95,70,84,68,95,76,79,71,95,116,0
000017d4 5f445446 
000017d8 5f474f4c 
000017dc 0074 
000017de 03c2       6059 	.data.b	194,3
000017e0 03         6060 	.data.b	3
000017e1 02         6061 	.data.b	2
000017e2 00000000*  6062 	.data.w	.LDW_4a43818
                    6063 
                    6064 .LDW_4a431e8:
000017e6 43         6065 	.data.b	67
000017e7 03c5       6066 	.data.b	197,3
000017e9 01         6067 	.data.b	1
000017ea 02         6068 	.data.b	2
000017eb 38         6069 	.data.b	56
000017ec 01         6070 	.data.b	1
                    6071 
                    6072 .LDW_4a615d0:
000017ed 25         6073 	.data.b	37
000017ee 74617473   6074 	.data.b	115,116,97,116,117,115,0
000017f2 007375 
000017f5 03c6       6075 	.data.b	198,3
000017f7 17         6076 	.data.b	23
000017f8 02         6077 	.data.b	2

                                                                      Page 109
                                                              C:\Windows\TEMP\gh_00000ro3.si
000017f9 00000000*  6078 	.data.w	.LDW_4a59f08
000017fd 2302       6079 	.data.b	2,35
000017ff 00         6080 	.data.b	0
00001800 01         6081 	.data.b	1
                    6082 
                    6083 .LDW_4a61348:
00001801 25         6084 	.data.b	37
00001802 61746f74   6085 	.data.b	116,111,116,97,108,84,97,114,103,101,116,78,117,109,0
00001806 7261546c 
0000180a 4e746567 
0000180e 006d75 
00001811 03c7       6086 	.data.b	199,3
00001813 0a         6087 	.data.b	10
00001814 02         6088 	.data.b	2
00001815 00000000*  6089 	.data.w	.LDW_3792088
00001819 2302       6090 	.data.b	2,35
0000181b 04         6091 	.data.b	4
0000181c 01         6092 	.data.b	1
                    6093 
                    6094 .LDW_4a61150:
0000181d 25         6095 	.data.b	37
0000181e 6c696166   6096 	.data.b	102,97,105,108,67,111,117,110,116,65,102,116,101,114,80,119,79,110,0
00001822 6e756f43 
00001826 74664174 
0000182a 77507265 
0000182e 006e4f 
00001831 03c8       6097 	.data.b	200,3
00001833 0a         6098 	.data.b	10
00001834 02         6099 	.data.b	2
00001835 00000000*  6100 	.data.w	.LDW_4a5b848
00001839 2302       6101 	.data.b	2,35
0000183b 08         6102 	.data.b	8
0000183c 01         6103 	.data.b	1
                    6104 
                    6105 .LDW_4a616a8:
0000183d 25         6106 	.data.b	37
0000183e 6f436b6f   6107 	.data.b	111,107,67,111,117,110,116,65,102,116,101,114,80,119,79,110,0
00001842 41746e75 
00001846 72657466 
0000184a 6e4f7750 
0000184e 00 
0000184f 03c9       6108 	.data.b	201,3
00001851 0a         6109 	.data.b	10
00001852 02         6110 	.data.b	2
00001853 00000000*  6111 	.data.w	.LDW_4a5b518
00001857 2302       6112 	.data.b	2,35
00001859 20         6113 	.data.b	32
0000185a 01         6114 	.data.b	1
                    6115 
0000185b 00         6116 	.data.b	0
                    6117 
                    6118 .LDW_4a42ed0:
0000185c 2a         6119 	.data.b	42
0000185d 5f4d5348   6120 	.data.b	72,83,77,95,70,84,68,95,83,84,65,84,69,95,116,0
00001861 5f445446 
00001865 54415453 
00001869 00745f45 
0000186d 03ca       6121 	.data.b	202,3
0000186f 03         6122 	.data.b	3
00001870 02         6123 	.data.b	2
00001871 00000000*  6124 	.data.w	.LDW_4a431e8

                                                                      Page 110
                                                              C:\Windows\TEMP\gh_00000ro3.si
                    6125 
                    6126 .LDW_4a43710:
00001875 43         6127 	.data.b	67
00001876 03df       6128 	.data.b	223,3
00001878 01         6129 	.data.b	1
00001879 02         6130 	.data.b	2
0000187a 0c         6131 	.data.b	12
0000187b 01         6132 	.data.b	1
                    6133 
                    6134 .LDW_4a61810:
0000187c 25         6135 	.data.b	37
0000187d 75636573   6136 	.data.b	115,101,99,117,114,101,66,111,111,116,83,116,97,116,101,0
00001881 6f426572 
00001885 7453746f 
00001889 00657461 
0000188d 03e0       6137 	.data.b	224,3
0000188f 1a         6138 	.data.b	26
00001890 02         6139 	.data.b	2
00001891 00000000*  6140 	.data.w	.LDW_4a57418
00001895 2302       6141 	.data.b	2,35
00001897 00         6142 	.data.b	0
00001898 01         6143 	.data.b	1
                    6144 
                    6145 .LDW_4a612b8:
00001899 25         6146 	.data.b	37
0000189a 61547766   6147 	.data.b	102,119,84,97,109,112,101,114,68,101,116,101,99,116,105,111,110,83,116,97,116,101,0
0000189e 7265706d 
000018a2 65746544 
000018a6 6f697463 
000018aa 6174536e 
000018ae 006574 
000018b1 03e1       6148 	.data.b	225,3
000018b3 17         6149 	.data.b	23
000018b4 02         6150 	.data.b	2
000018b5 00000000*  6151 	.data.w	.LDW_4a59f08
000018b9 2302       6152 	.data.b	2,35
000018bb 04         6153 	.data.b	4
000018bc 01         6154 	.data.b	1
                    6155 
                    6156 .LDW_4a61228:
000018bd 25         6157 	.data.b	37
000018be 75636573   6158 	.data.b	115,101,99,117,114,101,68,101,98,117,103,83,116,97,116,101,0
000018c2 65446572 
000018c6 53677562 
000018ca 65746174 
000018ce 00 
000018cf 03e2       6159 	.data.b	226,3
000018d1 1b         6160 	.data.b	27
000018d2 02         6161 	.data.b	2
000018d3 00000000*  6162 	.data.w	.LDW_4a56e40
000018d7 2302       6163 	.data.b	2,35
000018d9 08         6164 	.data.b	8
000018da 01         6165 	.data.b	1
                    6166 
000018db 00         6167 	.data.b	0
                    6168 
                    6169 .LDW_4a43500:
000018dc 2a         6170 	.data.b	42
000018dd 5f4d5348   6171 	.data.b	72,83,77,95,83,69,67,85,82,73,84,89,95,73,78,70,79,95,116,0
000018e1 55434553 
000018e5 59544952 

                                                                      Page 111
                                                              C:\Windows\TEMP\gh_00000ro3.si
000018e9 464e495f 
000018ed 00745f4f 
000018f1 03e3       6172 	.data.b	227,3
000018f3 03         6173 	.data.b	3
000018f4 02         6174 	.data.b	2
000018f5 00000000*  6175 	.data.w	.LDW_4a43710
                    6176 
                    6177 .LDW_4a43030:
000018f9 43         6178 	.data.b	67
000018fa 03e6       6179 	.data.b	230,3
000018fc 01         6180 	.data.b	1
000018fd 02         6181 	.data.b	2
000018fe 0c         6182 	.data.b	12
000018ff 01         6183 	.data.b	1
                    6184 
                    6185 .LDW_4a61858:
00001900 25         6186 	.data.b	37
00001901 646e6576   6187 	.data.b	118,101,110,100,111,114,73,68,0
00001905 4449726f 
00001909 00 
0000190a 03e8       6188 	.data.b	232,3
0000190c 0a         6189 	.data.b	10
0000190d 02         6190 	.data.b	2
0000190e 00000000*  6191 	.data.w	.LDW_37919c0
00001912 2302       6192 	.data.b	2,35
00001914 00         6193 	.data.b	0
00001915 01         6194 	.data.b	1
                    6195 
                    6196 .LDW_4a61270:
00001916 25         6197 	.data.b	37
00001917 75646f6d   6198 	.data.b	109,111,100,117,108,101,73,68,0
0000191b 4449656c 
0000191f 00 
00001920 03ea       6199 	.data.b	234,3
00001922 0a         6200 	.data.b	10
00001923 02         6201 	.data.b	2
00001924 00000000*  6202 	.data.w	.LDW_37919c0
00001928 2302       6203 	.data.b	2,35
0000192a 02         6204 	.data.b	2
0000192b 01         6205 	.data.b	1
                    6206 
                    6207 .LDW_4a61390:
0000192c 25         6208 	.data.b	37
0000192d 74736e69   6209 	.data.b	105,110,115,116,97,110,99,101,73,68,0
00001931 65636e61 
00001935 004449 
00001938 03ec       6210 	.data.b	236,3
0000193a 09         6211 	.data.b	9
0000193b 02         6212 	.data.b	2
0000193c 00000000*  6213 	.data.w	.LDW_3791950
00001940 2302       6214 	.data.b	2,35
00001942 04         6215 	.data.b	4
00001943 01         6216 	.data.b	1
                    6217 
                    6218 .LDW_4a618a0:
00001944 25         6219 	.data.b	37
00001945 4d6d7368   6220 	.data.b	104,115,109,77,97,106,111,114,86,101,114,115,105,111,110,0
00001949 726f6a61 
0000194d 73726556 
00001951 006e6f69 
00001955 03ee       6221 	.data.b	238,3

                                                                      Page 112
                                                              C:\Windows\TEMP\gh_00000ro3.si
00001957 09         6222 	.data.b	9
00001958 02         6223 	.data.b	2
00001959 00000000*  6224 	.data.w	.LDW_3791950
0000195d 2302       6225 	.data.b	2,35
0000195f 05         6226 	.data.b	5
00001960 01         6227 	.data.b	1
                    6228 
                    6229 .LDW_4a610c0:
00001961 25         6230 	.data.b	37
00001962 4d6d7368   6231 	.data.b	104,115,109,77,105,110,111,114,86,101,114,115,105,111,110,0
00001966 726f6e69 
0000196a 73726556 
0000196e 006e6f69 
00001972 03ef       6232 	.data.b	239,3
00001974 09         6233 	.data.b	9
00001975 02         6234 	.data.b	2
00001976 00000000*  6235 	.data.w	.LDW_3791950
0000197a 2302       6236 	.data.b	2,35
0000197c 06         6237 	.data.b	6
0000197d 01         6238 	.data.b	1
                    6239 
                    6240 .LDW_4a61198:
0000197e 25         6241 	.data.b	37
0000197f 506d7368   6242 	.data.b	104,115,109,80,97,116,99,104,86,101,114,115,105,111,110,0
00001983 68637461 
00001987 73726556 
0000198b 006e6f69 
0000198f 03f0       6243 	.data.b	240,3
00001991 09         6244 	.data.b	9
00001992 02         6245 	.data.b	2
00001993 00000000*  6246 	.data.w	.LDW_3791950
00001997 2302       6247 	.data.b	2,35
00001999 07         6248 	.data.b	7
0000199a 01         6249 	.data.b	1
                    6250 
                    6251 .LDW_4a618e8:
0000199b 25         6252 	.data.b	37
0000199c 76697264   6253 	.data.b	100,114,105,118,101,114,77,97,106,111,114,86,101,114,115,105,111,110,0
000019a0 614d7265 
000019a4 56726f6a 
000019a8 69737265 
000019ac 006e6f 
000019af 03f2       6254 	.data.b	242,3
000019b1 09         6255 	.data.b	9
000019b2 02         6256 	.data.b	2
000019b3 00000000*  6257 	.data.w	.LDW_3791950
000019b7 2302       6258 	.data.b	2,35
000019b9 08         6259 	.data.b	8
000019ba 01         6260 	.data.b	1
                    6261 
                    6262 .LDW_4a61930:
000019bb 25         6263 	.data.b	37
000019bc 76697264   6264 	.data.b	100,114,105,118,101,114,77,105,110,111,114,86,101,114,115,105,111,110,0
000019c0 694d7265 
000019c4 56726f6e 
000019c8 69737265 
000019cc 006e6f 
000019cf 03f3       6265 	.data.b	243,3
000019d1 09         6266 	.data.b	9
000019d2 02         6267 	.data.b	2
000019d3 00000000*  6268 	.data.w	.LDW_3791950

                                                                      Page 113
                                                              C:\Windows\TEMP\gh_00000ro3.si
000019d7 2302       6269 	.data.b	2,35
000019d9 09         6270 	.data.b	9
000019da 01         6271 	.data.b	1
                    6272 
                    6273 .LDW_4a61c00:
000019db 25         6274 	.data.b	37
000019dc 76697264   6275 	.data.b	100,114,105,118,101,114,80,97,116,99,104,86,101,114,115,105,111,110,0
000019e0 61507265 
000019e4 56686374 
000019e8 69737265 
000019ec 006e6f 
000019ef 03f4       6276 	.data.b	244,3
000019f1 09         6277 	.data.b	9
000019f2 02         6278 	.data.b	2
000019f3 00000000*  6279 	.data.w	.LDW_3791950
000019f7 2302       6280 	.data.b	2,35
000019f9 0a         6281 	.data.b	10
000019fa 01         6282 	.data.b	1
                    6283 
000019fb 00         6284 	.data.b	0
                    6285 
                    6286 .LDW_4a437c0:
000019fc 2a         6287 	.data.b	42
000019fd 5f4d5348   6288 	.data.b	72,83,77,95,86,69,82,83,73,79,78,95,67,84,88,95,116,0
00001a01 53524556 
00001a05 5f4e4f49 
00001a09 5f585443 
00001a0d 0074 
00001a0f 03f5       6289 	.data.b	245,3
00001a11 03         6290 	.data.b	3
00001a12 02         6291 	.data.b	2
00001a13 00000000*  6292 	.data.w	.LDW_4a43030
                    6293 
                    6294 .LDW_4a43660:
00001a17 30         6295 	.data.b	48
00001a18 00         6296 	.data.b	0
00001a19 03f8       6297 	.data.b	248,3
00001a1b 01         6298 	.data.b	1
00001a1c 02         6299 	.data.b	2
00001a1d 04         6300 	.data.b	4
00001a1e 01         6301 	.data.b	1
                    6302 
                    6303 .LDW_3750480:
00001a1f 2f         6304 	.data.b	47
00001a20 5f4d5348   6305 	.data.b	72,83,77,95,67,79,78,70,73,71,95,76,79,67,75,95,68,73,83,65,66,76,69,0
00001a24 464e4f43 
00001a28 4c5f4749 
00001a2c 5f4b434f 
00001a30 41534944 
00001a34 00454c42 
00001a38 03f9       6306 	.data.b	249,3
00001a3a 03         6307 	.data.b	3
00001a3b 02         6308 	.data.b	2
00001a3c 00         6309 	.data.b	0
                    6310 
                    6311 .LDW_37504c0:
00001a3d 2f         6312 	.data.b	47
00001a3e 5f4d5348   6313 	.data.b	72,83,77,95,67,79,78,70,73,71,95,76,79,67,75,95,69,78,65,66,76,69,0
00001a42 464e4f43 
00001a46 4c5f4749 
00001a4a 5f4b434f 

                                                                      Page 114
                                                              C:\Windows\TEMP\gh_00000ro3.si
00001a4e 42414e45 
00001a52 00454c 
00001a55 03fa       6314 	.data.b	250,3
00001a57 03         6315 	.data.b	3
00001a58 02         6316 	.data.b	2
00001a59 01         6317 	.data.b	1
                    6318 
                    6319 .LDW_3750500:
00001a5a 2f         6320 	.data.b	47
00001a5b 5f4d5348   6321 	.data.b	72,83,77,95,67,79,78,70,73,71,95,76,79,67,75,95,69,78,85,77,95,83,69,84,95,85,73,78,84,51,50,0
00001a5f 464e4f43 
00001a63 4c5f4749 
00001a67 5f4b434f 
00001a6b 4d554e45 
00001a6f 5445535f 
00001a73 4e49555f 
00001a77 00323354 
00001a7b 03fb       6322 	.data.b	251,3
00001a7d 03         6323 	.data.b	3
00001a7e 02         6324 	.data.b	2
00001a7f ffffffff   6325 	.data.b	255,255,255,255,7
00001a83 07 
                    6326 
00001a84 00         6327 	.data.b	0
                    6328 
                    6329 .LDW_4a42dc8:
00001a85 2a         6330 	.data.b	42
00001a86 5f4d5348   6331 	.data.b	72,83,77,95,67,79,78,70,73,71,95,76,79,67,75,95,83,84,65,84,69,95,116,0
00001a8a 464e4f43 
00001a8e 4c5f4749 
00001a92 5f4b434f 
00001a96 54415453 
00001a9a 00745f45 
00001a9e 03fc       6332 	.data.b	252,3
00001aa0 03         6333 	.data.b	3
00001aa1 02         6334 	.data.b	2
00001aa2 00000000*  6335 	.data.w	.LDW_4a43660
                    6336 
                    6337 .LDW_4a57cb0:
00001aa6 42         6338 	.data.b	66
00001aa7 5f617352   6339 	.data.b	82,115,97,95,75,101,121,112,97,105,114,95,116,95,0
00001aab 7079654b 
00001aaf 5f726961 
00001ab3 005f74 
00001ab6 03ff       6340 	.data.b	255,3
00001ab8 10         6341 	.data.b	16
00001ab9 02         6342 	.data.b	2
00001aba 0480       6343 	.data.b	128,4
00001abc 01         6344 	.data.b	1
                    6345 
                    6346 	.section	.debug_abbrev
000000b2 42         6347 	.data.b	66
000000b3 13         6348 	.data.b	19
000000b4 01         6349 	.data.b	1
000000b5 0803       6350 	.data.b	3,8
000000b7 0f3b       6351 	.data.b	59,15
000000b9 0f39       6352 	.data.b	57,15
000000bb 0f3a       6353 	.data.b	58,15
000000bd 0f0b       6354 	.data.b	11,15
000000bf 0b32       6355 	.data.b	50,11
000000c1 0000       6356 	.data.b	0,0

                                                                      Page 115
                                                              C:\Windows\TEMP\gh_00000ro3.si
                    6357 
                    6358 	.section	.debug_info
                    6359 .LDW_4a619c0:
00001abd 25         6360 	.data.b	37
00001abe 00646f6d   6361 	.data.b	109,111,100,0
00001ac2 0481       6362 	.data.b	129,4
00001ac4 09         6363 	.data.b	9
00001ac5 02         6364 	.data.b	2
00001ac6 00000000*  6365 	.data.w	.LDW_4a5b160
00001aca 2302       6366 	.data.b	2,35
00001acc 00         6367 	.data.b	0
00001acd 01         6368 	.data.b	1
                    6369 
                    6370 .LDW_4a61e40:
00001ace 25         6371 	.data.b	37
00001acf 45697270   6372 	.data.b	112,114,105,69,120,112,0
00001ad3 007078 
00001ad6 0482       6373 	.data.b	130,4
00001ad8 09         6374 	.data.b	9
00001ad9 02         6375 	.data.b	2
00001ada 00000000*  6376 	.data.w	.LDW_4a5b270
00001ade 2303       6377 	.data.b	3,35
00001ae0 0280       6378 	.data.b	128,2
00001ae2 01         6379 	.data.b	1
                    6380 
00001ae3 00         6381 	.data.b	0
                    6382 
                    6383 .LDW_4a57aa0:
00001ae4 2a         6384 	.data.b	42
00001ae5 5f617352   6385 	.data.b	82,115,97,95,75,101,121,112,97,105,114,95,116,0
00001ae9 7079654b 
00001aed 5f726961 
00001af1 0074 
00001af3 0483       6386 	.data.b	131,4
00001af5 03         6387 	.data.b	3
00001af6 02         6388 	.data.b	2
00001af7 00000000*  6389 	.data.w	.LDW_4a57cb0
                    6390 
                    6391 .LDW_4a57d08:
00001afb 42         6392 	.data.b	66
00001afc 5f636345   6393 	.data.b	69,99,99,95,75,101,121,112,97,105,114,95,116,95,0
00001b00 7079654b 
00001b04 5f726961 
00001b08 005f74 
00001b0b 0485       6394 	.data.b	133,4
00001b0d 10         6395 	.data.b	16
00001b0e 02         6396 	.data.b	2
00001b0f 60         6397 	.data.b	96
00001b10 01         6398 	.data.b	1
                    6399 
                    6400 .LDW_4a61db0:
00001b11 25         6401 	.data.b	37
00001b12 6b697270   6402 	.data.b	112,114,105,107,101,121,0
00001b16 007965 
00001b19 0487       6403 	.data.b	135,4
00001b1b 09         6404 	.data.b	9
00001b1c 02         6405 	.data.b	2
00001b1d 00000000*  6406 	.data.w	.LDW_4a5bd10
00001b21 2302       6407 	.data.b	2,35
00001b23 00         6408 	.data.b	0
00001b24 01         6409 	.data.b	1

                                                                      Page 116
                                                              C:\Windows\TEMP\gh_00000ro3.si
                    6410 
                    6411 .LDW_4a61bb8:
00001b25 25         6412 	.data.b	37
00001b26 6b627570   6413 	.data.b	112,117,98,107,101,121,88,0
00001b2a 00587965 
00001b2e 0488       6414 	.data.b	136,4
00001b30 09         6415 	.data.b	9
00001b31 02         6416 	.data.b	2
00001b32 00000000*  6417 	.data.w	.LDW_4a5b2f8
00001b36 2302       6418 	.data.b	2,35
00001b38 20         6419 	.data.b	32
00001b39 01         6420 	.data.b	1
                    6421 
                    6422 .LDW_4a61c90:
00001b3a 25         6423 	.data.b	37
00001b3b 6b627570   6424 	.data.b	112,117,98,107,101,121,89,0
00001b3f 00597965 
00001b43 0489       6425 	.data.b	137,4
00001b45 09         6426 	.data.b	9
00001b46 02         6427 	.data.b	2
00001b47 00000000*  6428 	.data.w	.LDW_4a5b380
00001b4b 2302       6429 	.data.b	2,35
00001b4d 40         6430 	.data.b	64
00001b4e 01         6431 	.data.b	1
                    6432 
00001b4f 00         6433 	.data.b	0
                    6434 
                    6435 .LDW_4a57940:
00001b50 2a         6436 	.data.b	42
00001b51 5f636345   6437 	.data.b	69,99,99,95,75,101,121,112,97,105,114,95,116,0
00001b55 7079654b 
00001b59 5f726961 
00001b5d 0074 
00001b5f 048a       6438 	.data.b	138,4
00001b61 03         6439 	.data.b	3
00001b62 02         6440 	.data.b	2
00001b63 00000000*  6441 	.data.w	.LDW_4a57d08
                    6442 
                    6443 .LDW_4a05d80:
00001b67 43         6444 	.data.b	67
00001b68 048f       6445 	.data.b	143,4
00001b6a 01         6446 	.data.b	1
00001b6b 02         6447 	.data.b	2
00001b6c 40         6448 	.data.b	64
00001b6d 01         6449 	.data.b	1
                    6450 
                    6451 .LDW_4a61a08:
00001b6e 25         6452 	.data.b	37
00001b6f 0072       6453 	.data.b	114,0
00001b71 0490       6454 	.data.b	144,4
00001b73 09         6455 	.data.b	9
00001b74 02         6456 	.data.b	2
00001b75 00000000*  6457 	.data.w	.LDW_4a5b738
00001b79 2302       6458 	.data.b	2,35
00001b7b 00         6459 	.data.b	0
00001b7c 01         6460 	.data.b	1
                    6461 
                    6462 .LDW_4a61e88:
00001b7d 25         6463 	.data.b	37
00001b7e 0073       6464 	.data.b	115,0
00001b80 0491       6465 	.data.b	145,4

                                                                      Page 117
                                                              C:\Windows\TEMP\gh_00000ro3.si
00001b82 09         6466 	.data.b	9
00001b83 02         6467 	.data.b	2
00001b84 00000000*  6468 	.data.w	.LDW_4a5bd98
00001b88 2302       6469 	.data.b	2,35
00001b8a 20         6470 	.data.b	32
00001b8b 01         6471 	.data.b	1
                    6472 
00001b8c 00         6473 	.data.b	0
                    6474 
                    6475 .LDW_4a0af20:
00001b8d 2a         6476 	.data.b	42
00001b8e 5f434345   6477 	.data.b	69,67,67,95,69,67,68,83,65,95,83,73,71,78,95,116,0
00001b92 53444345 
00001b96 49535f41 
00001b9a 745f4e47 
00001b9e 00 
00001b9f 0492       6478 	.data.b	146,4
00001ba1 03         6479 	.data.b	3
00001ba2 02         6480 	.data.b	2
00001ba3 00000000*  6481 	.data.w	.LDW_4a05d80
                    6482 
                    6483 .LDW_4a0aec8:
00001ba7 43         6484 	.data.b	67
00001ba8 0495       6485 	.data.b	149,4
00001baa 01         6486 	.data.b	1
00001bab 02         6487 	.data.b	2
00001bac 40         6488 	.data.b	64
00001bad 01         6489 	.data.b	1
                    6490 
                    6491 .LDW_4a61a50:
00001bae 25         6492 	.data.b	37
00001baf 0078       6493 	.data.b	120,0
00001bb1 0496       6494 	.data.b	150,4
00001bb3 09         6495 	.data.b	9
00001bb4 02         6496 	.data.b	2
00001bb5 00000000*  6497 	.data.w	.LDW_4a5b408
00001bb9 2302       6498 	.data.b	2,35
00001bbb 00         6499 	.data.b	0
00001bbc 01         6500 	.data.b	1
                    6501 
                    6502 .LDW_4a61a98:
00001bbd 25         6503 	.data.b	37
00001bbe 0079       6504 	.data.b	121,0
00001bc0 0497       6505 	.data.b	151,4
00001bc2 09         6506 	.data.b	9
00001bc3 02         6507 	.data.b	2
00001bc4 00000000*  6508 	.data.w	.LDW_4a5b490
00001bc8 2302       6509 	.data.b	2,35
00001bca 20         6510 	.data.b	32
00001bcb 01         6511 	.data.b	1
                    6512 
00001bcc 00         6513 	.data.b	0
                    6514 
                    6515 .LDW_4a0ab00:
00001bcd 2a         6516 	.data.b	42
00001bce 5f434345   6517 	.data.b	69,67,67,95,80,85,66,76,73,67,75,69,89,95,116,0
00001bd2 4c425550 
00001bd6 454b4349 
00001bda 00745f59 
00001bde 0498       6518 	.data.b	152,4
00001be0 03         6519 	.data.b	3

                                                                      Page 118
                                                              C:\Windows\TEMP\gh_00000ro3.si
00001be1 02         6520 	.data.b	2
00001be2 00000000*  6521 	.data.w	.LDW_4a0aec8
                    6522 
                    6523 .LDW_4a5a488:
00001be6 43         6524 	.data.b	67
00001be7 049d       6525 	.data.b	157,4
00001be9 01         6526 	.data.b	1
00001bea 02         6527 	.data.b	2
00001beb 08         6528 	.data.b	8
00001bec 01         6529 	.data.b	1
                    6530 
                    6531 .LDW_4a61ae0:
00001bed 25         6532 	.data.b	37
00001bee 72617473   6533 	.data.b	115,116,97,114,116,65,100,100,114,0
00001bf2 64644174 
00001bf6 0072 
00001bf8 049e       6534 	.data.b	158,4
00001bfa 0c         6535 	.data.b	12
00001bfb 02         6536 	.data.b	2
00001bfc 00000000*  6537 	.data.w	.LDW_3792088
00001c00 2302       6538 	.data.b	2,35
00001c02 00         6539 	.data.b	0
00001c03 01         6540 	.data.b	1
                    6541 
                    6542 .LDW_4a61df8:
00001c04 25         6543 	.data.b	37
00001c05 657a6973   6544 	.data.b	115,105,122,101,0
00001c09 00 
00001c0a 049f       6545 	.data.b	159,4
00001c0c 0c         6546 	.data.b	12
00001c0d 02         6547 	.data.b	2
00001c0e 00000000*  6548 	.data.w	.LDW_3792088
00001c12 2302       6549 	.data.b	2,35
00001c14 04         6550 	.data.b	4
00001c15 01         6551 	.data.b	1
                    6552 
00001c16 00         6553 	.data.b	0
                    6554 
                    6555 .LDW_4a62518:
00001c17 2a         6556 	.data.b	42
00001c18 5f4d5348   6557 	.data.b	72,83,77,95,80,68,80,95,83,69,71,77,69,78,84,95,116,0
00001c1c 5f504450 
00001c20 4d474553 
00001c24 5f544e45 
00001c28 0074 
00001c2a 04a0       6558 	.data.b	160,4
00001c2c 03         6559 	.data.b	3
00001c2d 02         6560 	.data.b	2
00001c2e 00000000*  6561 	.data.w	.LDW_4a5a488
                    6562 
                    6563 .LDW_4a575d0:
00001c32 43         6564 	.data.b	67
00001c33 04a3       6565 	.data.b	163,4
00001c35 01         6566 	.data.b	1
00001c36 02         6567 	.data.b	2
00001c37 24         6568 	.data.b	36
00001c38 01         6569 	.data.b	1
                    6570 
                    6571 .LDW_4a61ed0:
00001c39 25         6572 	.data.b	37
00001c3a 63616d63   6573 	.data.b	99,109,97,99,75,101,121,78,117,109,0

                                                                      Page 119
                                                              C:\Windows\TEMP\gh_00000ro3.si
00001c3e 4e79654b 
00001c42 006d75 
00001c45 04a4       6574 	.data.b	164,4
00001c47 0c         6575 	.data.b	12
00001c48 02         6576 	.data.b	2
00001c49 00000000*  6577 	.data.w	.LDW_37919c0
00001c4d 2302       6578 	.data.b	2,35
00001c4f 00         6579 	.data.b	0
00001c50 01         6580 	.data.b	1
                    6581 
                    6582 .LDW_4a61f18:
00001c51 25         6583 	.data.b	37
00001c52 6d676573   6584 	.data.b	115,101,103,109,101,110,116,78,117,109,0
00001c56 4e746e65 
00001c5a 006d75 
00001c5d 04a5       6585 	.data.b	165,4
00001c5f 0c         6586 	.data.b	12
00001c60 02         6587 	.data.b	2
00001c61 00000000*  6588 	.data.w	.LDW_37919c0
00001c65 2302       6589 	.data.b	2,35
00001c67 02         6590 	.data.b	2
00001c68 01         6591 	.data.b	1
                    6592 
                    6593 .LDW_4a61978:
00001c69 25         6594 	.data.b	37
00001c6a 49676573   6595 	.data.b	115,101,103,73,110,102,111,0
00001c6e 006f666e 
00001c72 04a6       6596 	.data.b	166,4
00001c74 17         6597 	.data.b	23
00001c75 02         6598 	.data.b	2
00001c76 00000000*  6599 	.data.w	.LDW_4a5bc00
00001c7a 2302       6600 	.data.b	2,35
00001c7c 04         6601 	.data.b	4
00001c7d 01         6602 	.data.b	1
                    6603 
00001c7e 00         6604 	.data.b	0
                    6605 
                    6606 .LDW_4a57050:
00001c7f 2a         6607 	.data.b	42
00001c80 5f4d5348   6608 	.data.b	72,83,77,95,80,68,80,95,67,79,78,70,73,71,95,116,0
00001c84 5f504450 
00001c88 464e4f43 
00001c8c 745f4749 
00001c90 00 
00001c91 04a7       6609 	.data.b	167,4
00001c93 03         6610 	.data.b	3
00001c94 02         6611 	.data.b	2
00001c95 00000000*  6612 	.data.w	.LDW_4a575d0
                    6613 
                    6614 .LDW_4a56ef0:
00001c99 43         6615 	.data.b	67
00001c9a 04b5       6616 	.data.b	181,4
00001c9c 01         6617 	.data.b	1
00001c9d 02         6618 	.data.b	2
00001c9e 14         6619 	.data.b	20
00001c9f 01         6620 	.data.b	1
                    6621 
                    6622 .LDW_4a61d68:
00001ca0 25         6623 	.data.b	37
00001ca1 63616d63   6624 	.data.b	99,109,97,99,75,101,121,78,117,109,0
00001ca5 4e79654b 

                                                                      Page 120
                                                              C:\Windows\TEMP\gh_00000ro3.si
00001ca9 006d75 
00001cac 04b6       6625 	.data.b	182,4
00001cae 0a         6626 	.data.b	10
00001caf 02         6627 	.data.b	2
00001cb0 00000000*  6628 	.data.w	.LDW_37919c0
00001cb4 2302       6629 	.data.b	2,35
00001cb6 00         6630 	.data.b	0
00001cb7 01         6631 	.data.b	1
                    6632 
                    6633 .LDW_4a61b28:
00001cb8 25         6634 	.data.b	37
00001cb9 746f6f62   6635 	.data.b	98,111,111,116,83,116,97,114,116,65,100,100,114,0
00001cbd 72617453 
00001cc1 64644174 
00001cc5 0072 
00001cc7 04b7       6636 	.data.b	183,4
00001cc9 0a         6637 	.data.b	10
00001cca 02         6638 	.data.b	2
00001ccb 00000000*  6639 	.data.w	.LDW_3792088
00001ccf 2302       6640 	.data.b	2,35
00001cd1 04         6641 	.data.b	4
00001cd2 01         6642 	.data.b	1
                    6643 
                    6644 .LDW_4a61f60:
00001cd3 25         6645 	.data.b	37
00001cd4 746f6f62   6646 	.data.b	98,111,111,116,83,105,122,101,0
00001cd8 657a6953 
00001cdc 00 
00001cdd 04b8       6647 	.data.b	184,4
00001cdf 0a         6648 	.data.b	10
00001ce0 02         6649 	.data.b	2
00001ce1 00000000*  6650 	.data.w	.LDW_3792088
00001ce5 2302       6651 	.data.b	2,35
00001ce7 08         6652 	.data.b	8
00001ce8 01         6653 	.data.b	1
                    6654 
                    6655 .LDW_4a61b70:
00001ce9 25         6656 	.data.b	37
00001cea 6e676973   6657 	.data.b	115,105,103,110,83,116,97,114,116,65,100,100,114,0
00001cee 72617453 
00001cf2 64644174 
00001cf6 0072 
00001cf8 04b9       6658 	.data.b	185,4
00001cfa 0a         6659 	.data.b	10
00001cfb 02         6660 	.data.b	2
00001cfc 00000000*  6661 	.data.w	.LDW_3792088
00001d00 2302       6662 	.data.b	2,35
00001d02 0c         6663 	.data.b	12
00001d03 01         6664 	.data.b	1
                    6665 
                    6666 .LDW_4a63940:
00001d04 25         6667 	.data.b	37
00001d05 6e676973   6668 	.data.b	115,105,103,110,75,101,121,78,117,109,0
00001d09 4e79654b 
00001d0d 006d75 
00001d10 04ba       6669 	.data.b	186,4
00001d12 0a         6670 	.data.b	10
00001d13 02         6671 	.data.b	2
00001d14 00000000*  6672 	.data.w	.LDW_37919c0
00001d18 2302       6673 	.data.b	2,35
00001d1a 10         6674 	.data.b	16

                                                                      Page 121
                                                              C:\Windows\TEMP\gh_00000ro3.si
00001d1b 01         6675 	.data.b	1
                    6676 
00001d1c 00         6677 	.data.b	0
                    6678 
                    6679 .LDW_4a573c0:
00001d1d 2a         6680 	.data.b	42
00001d1e 5f4d5348   6681 	.data.b	72,83,77,95,83,66,95,67,79,78,70,73,71,95,116,0
00001d22 435f4253 
00001d26 49464e4f 
00001d2a 00745f47 
00001d2e 04bb       6682 	.data.b	187,4
00001d30 03         6683 	.data.b	3
00001d31 02         6684 	.data.b	2
00001d32 00000000*  6685 	.data.w	.LDW_4a56ef0
                    6686 
                    6687 .LDW_4a57628:
00001d36 43         6688 	.data.b	67
00001d37 04bf       6689 	.data.b	191,4
00001d39 01         6690 	.data.b	1
00001d3a 02         6691 	.data.b	2
00001d3b 14         6692 	.data.b	20
00001d3c 01         6693 	.data.b	1
                    6694 
                    6695 .LDW_4a639d0:
00001d3d 25         6696 	.data.b	37
00001d3e 746f6f62   6697 	.data.b	98,111,111,116,83,116,97,114,116,65,100,100,114,66,97,110,107,65,0
00001d42 72617453 
00001d46 64644174 
00001d4a 6e614272 
00001d4e 00416b 
00001d51 04c0       6698 	.data.b	192,4
00001d53 0c         6699 	.data.b	12
00001d54 02         6700 	.data.b	2
00001d55 00000000*  6701 	.data.w	.LDW_3792088
00001d59 2302       6702 	.data.b	2,35
00001d5b 00         6703 	.data.b	0
00001d5c 01         6704 	.data.b	1
                    6705 
                    6706 .LDW_4a63ca0:
00001d5d 25         6707 	.data.b	37
00001d5e 746f6f62   6708 	.data.b	98,111,111,116,83,105,122,101,66,97,110,107,65,0
00001d62 657a6953 
00001d66 6b6e6142 
00001d6a 0041 
00001d6c 04c1       6709 	.data.b	193,4
00001d6e 0c         6710 	.data.b	12
00001d6f 02         6711 	.data.b	2
00001d70 00000000*  6712 	.data.w	.LDW_3792088
00001d74 2302       6713 	.data.b	2,35
00001d76 04         6714 	.data.b	4
00001d77 01         6715 	.data.b	1
                    6716 
                    6717 .LDW_4a63988:
00001d78 25         6718 	.data.b	37
00001d79 746f6f62   6719 	.data.b	98,111,111,116,83,116,97,114,116,65,100,100,114,66,97,110,107,66,0
00001d7d 72617453 
00001d81 64644174 
00001d85 6e614272 
00001d89 00426b 
00001d8c 04c2       6720 	.data.b	194,4
00001d8e 0c         6721 	.data.b	12

                                                                      Page 122
                                                              C:\Windows\TEMP\gh_00000ro3.si
00001d8f 02         6722 	.data.b	2
00001d90 00000000*  6723 	.data.w	.LDW_3792088
00001d94 2302       6724 	.data.b	2,35
00001d96 08         6725 	.data.b	8
00001d97 01         6726 	.data.b	1
                    6727 
                    6728 .LDW_4a63d78:
00001d98 25         6729 	.data.b	37
00001d99 746f6f62   6730 	.data.b	98,111,111,116,83,105,122,101,66,97,110,107,66,0
00001d9d 657a6953 
00001da1 6b6e6142 
00001da5 0042 
00001da7 04c3       6731 	.data.b	195,4
00001da9 0c         6732 	.data.b	12
00001daa 02         6733 	.data.b	2
00001dab 00000000*  6734 	.data.w	.LDW_3792088
00001daf 2302       6735 	.data.b	2,35
00001db1 0c         6736 	.data.b	12
00001db2 01         6737 	.data.b	1
                    6738 
                    6739 .LDW_4a63d30:
00001db3 25         6740 	.data.b	37
00001db4 63616d63   6741 	.data.b	99,109,97,99,75,101,121,78,117,109,0
00001db8 4e79654b 
00001dbc 006d75 
00001dbf 04c4       6742 	.data.b	196,4
00001dc1 0c         6743 	.data.b	12
00001dc2 02         6744 	.data.b	2
00001dc3 00000000*  6745 	.data.w	.LDW_37919c0
00001dc7 2302       6746 	.data.b	2,35
00001dc9 10         6747 	.data.b	16
00001dca 01         6748 	.data.b	1
                    6749 
00001dcb 00         6750 	.data.b	0
                    6751 
                    6752 .LDW_4a57100:
00001dcc 2a         6753 	.data.b	42
00001dcd 5f4d5348   6754 	.data.b	72,83,77,95,83,66,95,68,85,65,76,95,67,79,78,70,73,71,95,116,0
00001dd1 445f4253 
00001dd5 5f4c4155 
00001dd9 464e4f43 
00001ddd 745f4749 
00001de1 00 
00001de2 04c5       6755 	.data.b	197,4
00001de4 03         6756 	.data.b	3
00001de5 02         6757 	.data.b	2
00001de6 00000000*  6758 	.data.w	.LDW_4a57628
                    6759 
                    6760 .LDW_4a571b0:
00001dea 43         6761 	.data.b	67
00001deb 04c8       6762 	.data.b	200,4
00001ded 01         6763 	.data.b	1
00001dee 02         6764 	.data.b	2
00001def 18         6765 	.data.b	24
00001df0 01         6766 	.data.b	1
                    6767 
                    6768 .LDW_4a63dc0:
00001df1 25         6769 	.data.b	37
00001df2 746f6f62   6770 	.data.b	98,111,111,116,83,116,97,114,116,65,100,100,114,66,97,110,107,65,0
00001df6 72617453 
00001dfa 64644174 

                                                                      Page 123
                                                              C:\Windows\TEMP\gh_00000ro3.si
00001dfe 6e614272 
00001e02 00416b 
00001e05 04c9       6771 	.data.b	201,4
00001e07 0c         6772 	.data.b	12
00001e08 02         6773 	.data.b	2
00001e09 00000000*  6774 	.data.w	.LDW_3792088
00001e0d 2302       6775 	.data.b	2,35
00001e0f 00         6776 	.data.b	0
00001e10 01         6777 	.data.b	1
                    6778 
                    6779 .LDW_4a63e08:
00001e11 25         6780 	.data.b	37
00001e12 746f6f62   6781 	.data.b	98,111,111,116,83,105,122,101,66,97,110,107,65,0
00001e16 657a6953 
00001e1a 6b6e6142 
00001e1e 0041 
00001e20 04ca       6782 	.data.b	202,4
00001e22 0c         6783 	.data.b	12
00001e23 02         6784 	.data.b	2
00001e24 00000000*  6785 	.data.w	.LDW_3792088
00001e28 2302       6786 	.data.b	2,35
00001e2a 04         6787 	.data.b	4
00001e2b 01         6788 	.data.b	1
                    6789 
                    6790 .LDW_4a63f70:
00001e2c 25         6791 	.data.b	37
00001e2d 746f6f62   6792 	.data.b	98,111,111,116,83,116,97,114,116,65,100,100,114,66,97,110,107,66,0
00001e31 72617453 
00001e35 64644174 
00001e39 6e614272 
00001e3d 00426b 
00001e40 04cb       6793 	.data.b	203,4
00001e42 0c         6794 	.data.b	12
00001e43 02         6795 	.data.b	2
00001e44 00000000*  6796 	.data.w	.LDW_3792088
00001e48 2302       6797 	.data.b	2,35
00001e4a 08         6798 	.data.b	8
00001e4b 01         6799 	.data.b	1
                    6800 
                    6801 .LDW_4a63b80:
00001e4c 25         6802 	.data.b	37
00001e4d 746f6f62   6803 	.data.b	98,111,111,116,83,105,122,101,66,97,110,107,66,0
00001e51 657a6953 
00001e55 6b6e6142 
00001e59 0042 
00001e5b 04cc       6804 	.data.b	204,4
00001e5d 0c         6805 	.data.b	12
00001e5e 02         6806 	.data.b	2
00001e5f 00000000*  6807 	.data.w	.LDW_3792088
00001e63 2302       6808 	.data.b	2,35
00001e65 0c         6809 	.data.b	12
00001e66 01         6810 	.data.b	1
                    6811 
                    6812 .LDW_4a63c58:
00001e67 25         6813 	.data.b	37
00001e68 63616d63   6814 	.data.b	99,109,97,99,75,101,121,78,117,109,0
00001e6c 4e79654b 
00001e70 006d75 
00001e73 04cd       6815 	.data.b	205,4
00001e75 0c         6816 	.data.b	12
00001e76 02         6817 	.data.b	2

                                                                      Page 124
                                                              C:\Windows\TEMP\gh_00000ro3.si
00001e77 00000000*  6818 	.data.w	.LDW_37919c0
00001e7b 2302       6819 	.data.b	2,35
00001e7d 10         6820 	.data.b	16
00001e7e 01         6821 	.data.b	1
                    6822 
                    6823 .LDW_4a63a18:
00001e7f 25         6824 	.data.b	37
00001e80 6e676973   6825 	.data.b	115,105,103,110,75,101,121,78,117,109,0
00001e84 4e79654b 
00001e88 006d75 
00001e8b 04ce       6826 	.data.b	206,4
00001e8d 0c         6827 	.data.b	12
00001e8e 02         6828 	.data.b	2
00001e8f 00000000*  6829 	.data.w	.LDW_37919c0
00001e93 2302       6830 	.data.b	2,35
00001e95 12         6831 	.data.b	18
00001e96 01         6832 	.data.b	1
                    6833 
                    6834 .LDW_4a63e50:
00001e97 25         6835 	.data.b	37
00001e98 6e676973   6836 	.data.b	115,105,103,110,83,116,97,114,116,65,100,100,114,0
00001e9c 72617453 
00001ea0 64644174 
00001ea4 0072 
00001ea6 04cf       6837 	.data.b	207,4
00001ea8 0c         6838 	.data.b	12
00001ea9 02         6839 	.data.b	2
00001eaa 00000000*  6840 	.data.w	.LDW_3792088
00001eae 2302       6841 	.data.b	2,35
00001eb0 14         6842 	.data.b	20
00001eb1 01         6843 	.data.b	1
                    6844 
00001eb2 00         6845 	.data.b	0
                    6846 
                    6847 .LDW_4a57368:
00001eb3 2a         6848 	.data.b	42
00001eb4 5f4d5348   6849 	.data.b	72,83,77,95,83,66,95,77,65,67,95,68,85,65,76,66,65,78,75,95,67,79,78,70,73,71,95,116,0
00001eb8 4d5f4253 
00001ebc 445f4341 
00001ec0 424c4155 
00001ec4 5f4b4e41 
00001ec8 464e4f43 
00001ecc 745f4749 
00001ed0 00 
00001ed1 04d0       6850 	.data.b	208,4
00001ed3 03         6851 	.data.b	3
00001ed4 02         6852 	.data.b	2
00001ed5 00000000*  6853 	.data.w	.LDW_4a571b0
                    6854 
                    6855 .LDW_4977cf0:
00001ed9 16         6856 	.data.b	22
00001eda 5f4d5348   6857 	.data.b	72,83,77,95,65,101,115,69,110,99,83,116,97,114,116,0
00001ede 45736541 
00001ee2 7453636e 
00001ee6 00747261 
00001eea 23         6858 	.data.b	35
00001eeb 10         6859 	.data.b	16
00001eec 01         6860 	.data.b	1
00001eed 00000000*  6861 	.data.w	.LDW_3791950
00001ef1 00000000*  6862 	.data.w	HSM_AesEncStart
00001ef5 00000000*  6863 	.data.w	__ghs_eofn_HSM_AesEncStart

                                                                      Page 125
                                                              C:\Windows\TEMP\gh_00000ro3.si
00001ef9 5d01       6864 	.data.b	1,93
00001efb 00         6865 	.data.b	0
00001efc 04         6866 	.data.b	4
00001efd 00         6867 	.data.b	0
00001efe 7c         6868 	.data.b	124
00001eff 01         6869 	.data.b	1
00001f00 00         6870 	.data.b	0
00001f01 00         6871 	.data.b	0
00001f02 01         6872 	.data.b	1
00001f03 01         6873 	.data.b	1
00001f04 00         6874 	.data.b	0
00001f05 01         6875 	.data.b	1
                    6876 
                    6877 	.section	.debug_abbrev
000000c3 16         6878 	.data.b	22
000000c4 2e         6879 	.data.b	46
000000c5 01         6880 	.data.b	1
000000c6 0803       6881 	.data.b	3,8
000000c8 0f3b       6882 	.data.b	59,15
000000ca 0f39       6883 	.data.b	57,15
000000cc 0f3a       6884 	.data.b	58,15
000000ce 1049       6885 	.data.b	73,16
000000d0 0111       6886 	.data.b	17,1
000000d2 0112       6887 	.data.b	18,1
000000d4 0a40       6888 	.data.b	64,10
000000d6 4183       6889 	.data.b	131,65
000000d8 0f         6890 	.data.b	15
000000d9 4187       6891 	.data.b	135,65
000000db 0d         6892 	.data.b	13
000000dc 4185       6893 	.data.b	133,65
000000de 0f         6894 	.data.b	15
000000df 4186       6895 	.data.b	134,65
000000e1 0d         6896 	.data.b	13
000000e2 4192       6897 	.data.b	146,65
000000e4 0f         6898 	.data.b	15
000000e5 0c3c       6899 	.data.b	60,12
000000e7 0b20       6900 	.data.b	32,11
000000e9 0c3f       6901 	.data.b	63,12
000000eb 0b32       6902 	.data.b	50,11
000000ed 0b4c       6903 	.data.b	76,11
000000ef 0c27       6904 	.data.b	39,12
000000f1 0000       6905 	.data.b	0,0
                    6906 
                    6907 	.section	.debug_frame
                    6908 .LDW_4aeb3e0:
00000090 00000000*  6909 	.data.w	.LDW_unq_4-.LDW_unq_3
                    6910 .LDW_unq_3:
00000094 00000000*  6911 	.data.w	.LDW_4a21e10
00000098 00000000*  6912 	.data.w	HSM_AesEncStart
0000009c 00000004   6913 	.data.w	__ghs_eofn_HSM_AesEncStart-HSM_AesEncStart
000000a0 01         6914 	.data.b	1
000000a1 00000000*  6915 	.data.w	.LDW11
000000a5 00         6916 	.data.b	0
000000a6 00         6917 	.data.b	0
000000a7 00         6918 	.data.b	0
                    6919 .LDW_unq_4:
                    6920 	.section	.debug_line
00000088 020500     6921 	.data.b	0,5,2
0000008b 00000000*  6922 	.data.w	HSM_AesEncStart
0000008f 06         6923 	.data.b	6
00000090 03         6924 	.data.b	3

                                                                      Page 126
                                                              C:\Windows\TEMP\gh_00000ro3.si
00000091 24         6925 	.data.b	36
00000092 02         6926 	.data.b	2
00000093 00         6927 	.data.b	0
00000094 01         6928 	.data.b	1
00000095 06         6929 	.data.b	6
00000096 02         6930 	.data.b	2
00000097 02         6931 	.data.b	2
00000098 02         6932 	.data.b	2
00000099 02         6933 	.data.b	2
0000009a 010100     6934 	.data.b	0,1,1
                    6935 	.section	.debug_info
                    6936 .LDW_4977d88:
00001f06 11         6937 	.data.b	17
00001f07 43736561   6938 	.data.b	97,101,115,67,116,120,0
00001f0b 007874 
00001f0e 23         6939 	.data.b	35
00001f0f 2e         6940 	.data.b	46
00001f10 01         6941 	.data.b	1
00001f11 00000000*  6942 	.data.w	.LDW_3791988
00001f15 00         6943 	.data.b	0
00001f16 5001       6944 	.data.b	1,80
                    6945 
                    6946 	.section	.debug_abbrev
000000f3 11         6947 	.data.b	17
000000f4 05         6948 	.data.b	5
000000f5 00         6949 	.data.b	0
000000f6 0803       6950 	.data.b	3,8
000000f8 0f3b       6951 	.data.b	59,15
000000fa 0f39       6952 	.data.b	57,15
000000fc 0f3a       6953 	.data.b	58,15
000000fe 1049       6954 	.data.b	73,16
00000100 0c4b       6955 	.data.b	75,12
00000102 0a02       6956 	.data.b	2,10
00000104 0000       6957 	.data.b	0,0
                    6958 
                    6959 	.section	.debug_info
                    6960 .LDW_4977de0:
00001f18 11         6961 	.data.b	17
00001f19 4d736561   6962 	.data.b	97,101,115,77,111,100,101,0
00001f1d 0065646f 
00001f21 23         6963 	.data.b	35
00001f22 3f         6964 	.data.b	63
00001f23 01         6965 	.data.b	1
00001f24 00000000*  6966 	.data.w	.LDW_4977c40
00001f28 00         6967 	.data.b	0
00001f29 5101       6968 	.data.b	1,81
                    6969 
                    6970 .LDW_4977e38:
00001f2b 11         6971 	.data.b	17
00001f2c 4b736561   6972 	.data.b	97,101,115,75,101,121,78,117,109,0
00001f30 754e7965 
00001f34 006d 
00001f36 23         6973 	.data.b	35
00001f37 4f         6974 	.data.b	79
00001f38 01         6975 	.data.b	1
00001f39 00000000*  6976 	.data.w	.LDW_37919c0
00001f3d 00         6977 	.data.b	0
00001f3e 5201       6978 	.data.b	1,82
                    6979 
                    6980 .LDW_4977e90:
00001f40 11         6981 	.data.b	17

                                                                      Page 127
                                                              C:\Windows\TEMP\gh_00000ro3.si
00001f41 75427669   6982 	.data.b	105,118,66,117,102,102,0
00001f45 006666 
00001f48 23         6983 	.data.b	35
00001f49 67         6984 	.data.b	103
00001f4a 01         6985 	.data.b	1
00001f4b 00000000*  6986 	.data.w	.LDW_3791c98
00001f4f 00         6987 	.data.b	0
00001f50 5301       6988 	.data.b	1,83
                    6989 
                    6990 .LDW_374fb28:
00001f52 1f         6991 	.data.b	31
00001f53 00000000*  6992 	.data.w	.LDW01
00001f57 00000000*  6993 	.data.w	.LDW11
                    6994 
                    6995 	.section	.debug_abbrev
00000106 1f         6996 	.data.b	31
00000107 0b         6997 	.data.b	11
00000108 01         6998 	.data.b	1
00000109 0111       6999 	.data.b	17,1
0000010b 0112       7000 	.data.b	18,1
0000010d 0000       7001 	.data.b	0,0
                    7002 
                    7003 	.section	.debug_info
00001f5b 00         7004 	.data.b	0
                    7005 
00001f5c 00         7006 	.data.b	0
                    7007 
                    7008 .LDW_4a04658:
00001f5d 16         7009 	.data.b	22
00001f5e 5f4d5348   7010 	.data.b	72,83,77,95,65,101,115,69,110,99,85,112,100,97,116,101,0
00001f62 45736541 
00001f66 7055636e 
00001f6a 65746164 
00001f6e 00 
00001f6f 27         7011 	.data.b	39
00001f70 10         7012 	.data.b	16
00001f71 01         7013 	.data.b	1
00001f72 00000000*  7014 	.data.w	.LDW_3791950
00001f76 00000000*  7015 	.data.w	HSM_AesEncUpdate
00001f7a 00000000*  7016 	.data.w	__ghs_eofn_HSM_AesEncUpdate
00001f7e 5d01       7017 	.data.b	1,93
00001f80 00         7018 	.data.b	0
00001f81 04         7019 	.data.b	4
00001f82 00         7020 	.data.b	0
00001f83 7c         7021 	.data.b	124
00001f84 01         7022 	.data.b	1
00001f85 00         7023 	.data.b	0
00001f86 00         7024 	.data.b	0
00001f87 01         7025 	.data.b	1
00001f88 01         7026 	.data.b	1
00001f89 00         7027 	.data.b	0
00001f8a 01         7028 	.data.b	1
                    7029 
                    7030 	.section	.debug_frame
                    7031 .LDW_4aeb4a0:
000000a8 00000000*  7032 	.data.w	.LDW_unq_6-.LDW_unq_5
                    7033 .LDW_unq_5:
000000ac 00000000*  7034 	.data.w	.LDW_4a21e10
000000b0 00000000*  7035 	.data.w	HSM_AesEncUpdate
000000b4 00000004   7036 	.data.w	__ghs_eofn_HSM_AesEncUpdate-HSM_AesEncUpdate
000000b8 01         7037 	.data.b	1

                                                                      Page 128
                                                              C:\Windows\TEMP\gh_00000ro3.si
000000b9 00000000*  7038 	.data.w	.LDW31
000000bd 00         7039 	.data.b	0
000000be 00         7040 	.data.b	0
000000bf 00         7041 	.data.b	0
                    7042 .LDW_unq_6:
                    7043 	.section	.debug_line
0000009d 020500     7044 	.data.b	0,5,2
000000a0 00000000*  7045 	.data.w	HSM_AesEncUpdate
000000a4 06         7046 	.data.b	6
000000a5 03         7047 	.data.b	3
000000a6 28         7048 	.data.b	40
000000a7 02         7049 	.data.b	2
000000a8 00         7050 	.data.b	0
000000a9 01         7051 	.data.b	1
000000aa 06         7052 	.data.b	6
000000ab 02         7053 	.data.b	2
000000ac 02         7054 	.data.b	2
000000ad 02         7055 	.data.b	2
000000ae 02         7056 	.data.b	2
000000af 010100     7057 	.data.b	0,1,1
                    7058 	.section	.debug_info
                    7059 .LDW_4a046f0:
00001f8b 11         7060 	.data.b	17
00001f8c 43736561   7061 	.data.b	97,101,115,67,116,120,0
00001f90 007874 
00001f93 27         7062 	.data.b	39
00001f94 35         7063 	.data.b	53
00001f95 01         7064 	.data.b	1
00001f96 00000000*  7065 	.data.w	.LDW_3792050
00001f9a 00         7066 	.data.b	0
00001f9b 5001       7067 	.data.b	1,80
                    7068 
                    7069 .LDW_4a04748:
00001f9d 11         7070 	.data.b	17
00001f9e 69616c70   7071 	.data.b	112,108,97,105,110,0
00001fa2 006e 
00001fa4 27         7072 	.data.b	39
00001fa5 4a         7073 	.data.b	74
00001fa6 01         7074 	.data.b	1
00001fa7 00000000*  7075 	.data.w	.LDW_3791c98
00001fab 00         7076 	.data.b	0
00001fac 5101       7077 	.data.b	1,81
                    7078 
                    7079 .LDW_4a047a0:
00001fae 11         7080 	.data.b	17
00001faf 69616c70   7081 	.data.b	112,108,97,105,110,76,101,110,0
00001fb3 6e654c6e 
00001fb7 00 
00001fb8 27         7082 	.data.b	39
00001fb9 58         7083 	.data.b	88
00001fba 01         7084 	.data.b	1
00001fbb 00000000*  7085 	.data.w	.LDW_3792088
00001fbf 00         7086 	.data.b	0
00001fc0 5201       7087 	.data.b	1,82
                    7088 
                    7089 .LDW_374fd68:
00001fc2 1f         7090 	.data.b	31
00001fc3 00000000*  7091 	.data.w	.LDW21
00001fc7 00000000*  7092 	.data.w	.LDW31
                    7093 
00001fcb 00         7094 	.data.b	0

                                                                      Page 129
                                                              C:\Windows\TEMP\gh_00000ro3.si
                    7095 
00001fcc 00         7096 	.data.b	0
                    7097 
                    7098 .LDW_4a05000:
00001fcd 16         7099 	.data.b	22
00001fce 5f4d5348   7100 	.data.b	72,83,77,95,65,101,115,69,110,99,70,105,110,105,115,104,0
00001fd2 45736541 
00001fd6 6946636e 
00001fda 6873696e 
00001fde 00 
00001fdf 2b         7101 	.data.b	43
00001fe0 10         7102 	.data.b	16
00001fe1 01         7103 	.data.b	1
00001fe2 00000000*  7104 	.data.w	.LDW_3791950
00001fe6 00000000*  7105 	.data.w	HSM_AesEncFinish
00001fea 00000000*  7106 	.data.w	__ghs_eofn_HSM_AesEncFinish
00001fee 5d01       7107 	.data.b	1,93
00001ff0 00         7108 	.data.b	0
00001ff1 04         7109 	.data.b	4
00001ff2 00         7110 	.data.b	0
00001ff3 7c         7111 	.data.b	124
00001ff4 01         7112 	.data.b	1
00001ff5 00         7113 	.data.b	0
00001ff6 00         7114 	.data.b	0
00001ff7 01         7115 	.data.b	1
00001ff8 01         7116 	.data.b	1
00001ff9 00         7117 	.data.b	0
00001ffa 01         7118 	.data.b	1
                    7119 
                    7120 	.section	.debug_frame
                    7121 .LDW_4aeb020:
000000c0 00000000*  7122 	.data.w	.LDW_unq_8-.LDW_unq_7
                    7123 .LDW_unq_7:
000000c4 00000000*  7124 	.data.w	.LDW_4a21e10
000000c8 00000000*  7125 	.data.w	HSM_AesEncFinish
000000cc 00000004   7126 	.data.w	__ghs_eofn_HSM_AesEncFinish-HSM_AesEncFinish
000000d0 01         7127 	.data.b	1
000000d1 00000000*  7128 	.data.w	.LDW51
000000d5 00         7129 	.data.b	0
000000d6 00         7130 	.data.b	0
000000d7 00         7131 	.data.b	0
                    7132 .LDW_unq_8:
                    7133 	.section	.debug_line
000000b2 020500     7134 	.data.b	0,5,2
000000b5 00000000*  7135 	.data.w	HSM_AesEncFinish
000000b9 06         7136 	.data.b	6
000000ba 03         7137 	.data.b	3
000000bb 2c         7138 	.data.b	44
000000bc 02         7139 	.data.b	2
000000bd 00         7140 	.data.b	0
000000be 01         7141 	.data.b	1
000000bf 06         7142 	.data.b	6
000000c0 02         7143 	.data.b	2
000000c1 02         7144 	.data.b	2
000000c2 02         7145 	.data.b	2
000000c3 02         7146 	.data.b	2
000000c4 010100     7147 	.data.b	0,1,1
                    7148 	.section	.debug_info
                    7149 .LDW_4a05098:
00001ffb 11         7150 	.data.b	17
00001ffc 43736561   7151 	.data.b	97,101,115,67,116,120,0

                                                                      Page 130
                                                              C:\Windows\TEMP\gh_00000ro3.si
00002000 007874 
00002003 2b         7152 	.data.b	43
00002004 35         7153 	.data.b	53
00002005 01         7154 	.data.b	1
00002006 00000000*  7155 	.data.w	.LDW_3792050
0000200a 00         7156 	.data.b	0
0000200b 5001       7157 	.data.b	1,80
                    7158 
                    7159 .LDW_374fc78:
0000200d 1f         7160 	.data.b	31
0000200e 00000000*  7161 	.data.w	.LDW41
00002012 00000000*  7162 	.data.w	.LDW51
                    7163 
00002016 00         7164 	.data.b	0
                    7165 
00002017 00         7166 	.data.b	0
                    7167 
                    7168 .LDW_4a058f8:
00002018 16         7169 	.data.b	22
00002019 5f4d5348   7170 	.data.b	72,83,77,95,65,101,115,68,101,99,83,116,97,114,116,0
0000201d 44736541 
00002021 74536365 
00002025 00747261 
00002029 2f         7171 	.data.b	47
0000202a 10         7172 	.data.b	16
0000202b 01         7173 	.data.b	1
0000202c 00000000*  7174 	.data.w	.LDW_3791950
00002030 00000000*  7175 	.data.w	HSM_AesDecStart
00002034 00000000*  7176 	.data.w	__ghs_eofn_HSM_AesDecStart
00002038 5d01       7177 	.data.b	1,93
0000203a 00         7178 	.data.b	0
0000203b 04         7179 	.data.b	4
0000203c 00         7180 	.data.b	0
0000203d 7c         7181 	.data.b	124
0000203e 01         7182 	.data.b	1
0000203f 00         7183 	.data.b	0
00002040 00         7184 	.data.b	0
00002041 01         7185 	.data.b	1
00002042 01         7186 	.data.b	1
00002043 00         7187 	.data.b	0
00002044 01         7188 	.data.b	1
                    7189 
                    7190 	.section	.debug_frame
                    7191 .LDW_4aebce0:
000000d8 00000000*  7192 	.data.w	.LDW_unq_a-.LDW_unq_9
                    7193 .LDW_unq_9:
000000dc 00000000*  7194 	.data.w	.LDW_4a21e10
000000e0 00000000*  7195 	.data.w	HSM_AesDecStart
000000e4 00000004   7196 	.data.w	__ghs_eofn_HSM_AesDecStart-HSM_AesDecStart
000000e8 01         7197 	.data.b	1
000000e9 00000000*  7198 	.data.w	.LDW71
000000ed 00         7199 	.data.b	0
000000ee 00         7200 	.data.b	0
000000ef 00         7201 	.data.b	0
                    7202 .LDW_unq_a:
                    7203 	.section	.debug_line
000000c7 020500     7204 	.data.b	0,5,2
000000ca 00000000*  7205 	.data.w	HSM_AesDecStart
000000ce 06         7206 	.data.b	6
000000cf 03         7207 	.data.b	3
000000d0 30         7208 	.data.b	48

                                                                      Page 131
                                                              C:\Windows\TEMP\gh_00000ro3.si
000000d1 02         7209 	.data.b	2
000000d2 00         7210 	.data.b	0
000000d3 01         7211 	.data.b	1
000000d4 06         7212 	.data.b	6
000000d5 02         7213 	.data.b	2
000000d6 02         7214 	.data.b	2
000000d7 02         7215 	.data.b	2
000000d8 02         7216 	.data.b	2
000000d9 010100     7217 	.data.b	0,1,1
                    7218 	.section	.debug_info
                    7219 .LDW_4a05c20:
00002045 11         7220 	.data.b	17
00002046 43736561   7221 	.data.b	97,101,115,67,116,120,0
0000204a 007874 
0000204d 2f         7222 	.data.b	47
0000204e 2e         7223 	.data.b	46
0000204f 01         7224 	.data.b	1
00002050 00000000*  7225 	.data.w	.LDW_3791988
00002054 00         7226 	.data.b	0
00002055 5001       7227 	.data.b	1,80
                    7228 
                    7229 .LDW_4a05e30:
00002057 11         7230 	.data.b	17
00002058 4d736561   7231 	.data.b	97,101,115,77,111,100,101,0
0000205c 0065646f 
00002060 2f         7232 	.data.b	47
00002061 3f         7233 	.data.b	63
00002062 01         7234 	.data.b	1
00002063 00000000*  7235 	.data.w	.LDW_4977c40
00002067 00         7236 	.data.b	0
00002068 5101       7237 	.data.b	1,81
                    7238 
                    7239 .LDW_4a06040:
0000206a 11         7240 	.data.b	17
0000206b 4b736561   7241 	.data.b	97,101,115,75,101,121,78,117,109,0
0000206f 754e7965 
00002073 006d 
00002075 2f         7242 	.data.b	47
00002076 4f         7243 	.data.b	79
00002077 01         7244 	.data.b	1
00002078 00000000*  7245 	.data.w	.LDW_37919c0
0000207c 00         7246 	.data.b	0
0000207d 5201       7247 	.data.b	1,82
                    7248 
                    7249 .LDW_4a05e88:
0000207f 11         7250 	.data.b	17
00002080 75427669   7251 	.data.b	105,118,66,117,102,102,0
00002084 006666 
00002087 2f         7252 	.data.b	47
00002088 67         7253 	.data.b	103
00002089 01         7254 	.data.b	1
0000208a 00000000*  7255 	.data.w	.LDW_3791c98
0000208e 00         7256 	.data.b	0
0000208f 5301       7257 	.data.b	1,83
                    7258 
                    7259 .LDW_4a052a0:
00002091 1f         7260 	.data.b	31
00002092 00000000*  7261 	.data.w	.LDW61
00002096 00000000*  7262 	.data.w	.LDW71
                    7263 
0000209a 00         7264 	.data.b	0

                                                                      Page 132
                                                              C:\Windows\TEMP\gh_00000ro3.si
                    7265 
0000209b 00         7266 	.data.b	0
                    7267 
                    7268 .LDW_4a06598:
0000209c 16         7269 	.data.b	22
0000209d 5f4d5348   7270 	.data.b	72,83,77,95,65,101,115,68,101,99,85,112,100,97,116,101,0
000020a1 44736541 
000020a5 70556365 
000020a9 65746164 
000020ad 00 
000020ae 33         7271 	.data.b	51
000020af 10         7272 	.data.b	16
000020b0 01         7273 	.data.b	1
000020b1 00000000*  7274 	.data.w	.LDW_3791950
000020b5 00000000*  7275 	.data.w	HSM_AesDecUpdate
000020b9 00000000*  7276 	.data.w	__ghs_eofn_HSM_AesDecUpdate
000020bd 5d01       7277 	.data.b	1,93
000020bf 00         7278 	.data.b	0
000020c0 04         7279 	.data.b	4
000020c1 00         7280 	.data.b	0
000020c2 7c         7281 	.data.b	124
000020c3 01         7282 	.data.b	1
000020c4 00         7283 	.data.b	0
000020c5 00         7284 	.data.b	0
000020c6 01         7285 	.data.b	1
000020c7 01         7286 	.data.b	1
000020c8 00         7287 	.data.b	0
000020c9 01         7288 	.data.b	1
                    7289 
                    7290 	.section	.debug_frame
                    7291 .LDW_4aea320:
000000f0 00000000*  7292 	.data.w	.LDW_unq_c-.LDW_unq_b
                    7293 .LDW_unq_b:
000000f4 00000000*  7294 	.data.w	.LDW_4a21e10
000000f8 00000000*  7295 	.data.w	HSM_AesDecUpdate
000000fc 00000004   7296 	.data.w	__ghs_eofn_HSM_AesDecUpdate-HSM_AesDecUpdate
00000100 01         7297 	.data.b	1
00000101 00000000*  7298 	.data.w	.LDW91
00000105 00         7299 	.data.b	0
00000106 00         7300 	.data.b	0
00000107 00         7301 	.data.b	0
                    7302 .LDW_unq_c:
                    7303 	.section	.debug_line
000000dc 020500     7304 	.data.b	0,5,2
000000df 00000000*  7305 	.data.w	HSM_AesDecUpdate
000000e3 06         7306 	.data.b	6
000000e4 03         7307 	.data.b	3
000000e5 34         7308 	.data.b	52
000000e6 02         7309 	.data.b	2
000000e7 00         7310 	.data.b	0
000000e8 01         7311 	.data.b	1
000000e9 06         7312 	.data.b	6
000000ea 02         7313 	.data.b	2
000000eb 02         7314 	.data.b	2
000000ec 02         7315 	.data.b	2
000000ed 02         7316 	.data.b	2
000000ee 010100     7317 	.data.b	0,1,1
                    7318 	.section	.debug_info
                    7319 .LDW_4a05dd8:
000020ca 11         7320 	.data.b	17
000020cb 43736561   7321 	.data.b	97,101,115,67,116,120,0

                                                                      Page 133
                                                              C:\Windows\TEMP\gh_00000ro3.si
000020cf 007874 
000020d2 33         7322 	.data.b	51
000020d3 35         7323 	.data.b	53
000020d4 01         7324 	.data.b	1
000020d5 00000000*  7325 	.data.w	.LDW_3792050
000020d9 00         7326 	.data.b	0
000020da 5001       7327 	.data.b	1,80
                    7328 
                    7329 .LDW_4a05b18:
000020dc 11         7330 	.data.b	17
000020dd 68706963   7331 	.data.b	99,105,112,104,101,114,0
000020e1 007265 
000020e4 33         7332 	.data.b	51
000020e5 4a         7333 	.data.b	74
000020e6 01         7334 	.data.b	1
000020e7 00000000*  7335 	.data.w	.LDW_3791c98
000020eb 00         7336 	.data.b	0
000020ec 5101       7337 	.data.b	1,81
                    7338 
                    7339 .LDW_4a05ee0:
000020ee 11         7340 	.data.b	17
000020ef 68706963   7341 	.data.b	99,105,112,104,101,114,76,101,110,0
000020f3 654c7265 
000020f7 006e 
000020f9 33         7342 	.data.b	51
000020fa 59         7343 	.data.b	89
000020fb 01         7344 	.data.b	1
000020fc 00000000*  7345 	.data.w	.LDW_3792088
00002100 00         7346 	.data.b	0
00002101 5201       7347 	.data.b	1,82
                    7348 
                    7349 .LDW_4a05600:
00002103 1f         7350 	.data.b	31
00002104 00000000*  7351 	.data.w	.LDW81
00002108 00000000*  7352 	.data.w	.LDW91
                    7353 
0000210c 00         7354 	.data.b	0
                    7355 
0000210d 00         7356 	.data.b	0
                    7357 
                    7358 .LDW_4a06630:
0000210e 16         7359 	.data.b	22
0000210f 5f4d5348   7360 	.data.b	72,83,77,95,65,101,115,68,101,99,70,105,110,105,115,104,0
00002113 44736541 
00002117 69466365 
0000211b 6873696e 
0000211f 00 
00002120 37         7361 	.data.b	55
00002121 10         7362 	.data.b	16
00002122 01         7363 	.data.b	1
00002123 00000000*  7364 	.data.w	.LDW_3791950
00002127 00000000*  7365 	.data.w	HSM_AesDecFinish
0000212b 00000000*  7366 	.data.w	__ghs_eofn_HSM_AesDecFinish
0000212f 5d01       7367 	.data.b	1,93
00002131 00         7368 	.data.b	0
00002132 04         7369 	.data.b	4
00002133 00         7370 	.data.b	0
00002134 7c         7371 	.data.b	124
00002135 01         7372 	.data.b	1
00002136 00         7373 	.data.b	0
00002137 00         7374 	.data.b	0

                                                                      Page 134
                                                              C:\Windows\TEMP\gh_00000ro3.si
00002138 01         7375 	.data.b	1
00002139 01         7376 	.data.b	1
0000213a 00         7377 	.data.b	0
0000213b 01         7378 	.data.b	1
                    7379 
                    7380 	.section	.debug_frame
                    7381 .LDW_4ae9f60:
00000108 00000000*  7382 	.data.w	.LDW_unq_e-.LDW_unq_d
                    7383 .LDW_unq_d:
0000010c 00000000*  7384 	.data.w	.LDW_4a21e10
00000110 00000000*  7385 	.data.w	HSM_AesDecFinish
00000114 00000004   7386 	.data.w	__ghs_eofn_HSM_AesDecFinish-HSM_AesDecFinish
00000118 01         7387 	.data.b	1
00000119 00000000*  7388 	.data.w	.LDW12
0000011d 00         7389 	.data.b	0
0000011e 00         7390 	.data.b	0
0000011f 00         7391 	.data.b	0
                    7392 .LDW_unq_e:
                    7393 	.section	.debug_line
000000f1 020500     7394 	.data.b	0,5,2
000000f4 00000000*  7395 	.data.w	HSM_AesDecFinish
000000f8 06         7396 	.data.b	6
000000f9 03         7397 	.data.b	3
000000fa 38         7398 	.data.b	56
000000fb 02         7399 	.data.b	2
000000fc 00         7400 	.data.b	0
000000fd 01         7401 	.data.b	1
000000fe 06         7402 	.data.b	6
000000ff 02         7403 	.data.b	2
00000100 02         7404 	.data.b	2
00000101 02         7405 	.data.b	2
00000102 02         7406 	.data.b	2
00000103 010100     7407 	.data.b	0,1,1
                    7408 	.section	.debug_info
                    7409 .LDW_4a05d28:
0000213c 11         7410 	.data.b	17
0000213d 43736561   7411 	.data.b	97,101,115,67,116,120,0
00002141 007874 
00002144 37         7412 	.data.b	55
00002145 35         7413 	.data.b	53
00002146 01         7414 	.data.b	1
00002147 00000000*  7415 	.data.w	.LDW_3792050
0000214b 00         7416 	.data.b	0
0000214c 5001       7417 	.data.b	1,80
                    7418 
                    7419 .LDW_4a05510:
0000214e 1f         7420 	.data.b	31
0000214f 00000000*  7421 	.data.w	.LDW02
00002153 00000000*  7422 	.data.w	.LDW12
                    7423 
00002157 00         7424 	.data.b	0
                    7425 
00002158 00         7426 	.data.b	0
                    7427 
                    7428 .LDW_4a066c8:
00002159 16         7429 	.data.b	22
0000215a 5f4d5348   7430 	.data.b	72,83,77,95,65,101,115,67,109,97,99,83,116,97,114,116,0
0000215e 43736541 
00002162 5363616d 
00002166 74726174 
0000216a 00 

                                                                      Page 135
                                                              C:\Windows\TEMP\gh_00000ro3.si
0000216b 3b         7431 	.data.b	59
0000216c 10         7432 	.data.b	16
0000216d 01         7433 	.data.b	1
0000216e 00000000*  7434 	.data.w	.LDW_3791950
00002172 00000000*  7435 	.data.w	HSM_AesCmacStart
00002176 00000000*  7436 	.data.w	__ghs_eofn_HSM_AesCmacStart
0000217a 5d01       7437 	.data.b	1,93
0000217c 00         7438 	.data.b	0
0000217d 04         7439 	.data.b	4
0000217e 00         7440 	.data.b	0
0000217f 7c         7441 	.data.b	124
00002180 01         7442 	.data.b	1
00002181 00         7443 	.data.b	0
00002182 00         7444 	.data.b	0
00002183 01         7445 	.data.b	1
00002184 01         7446 	.data.b	1
00002185 00         7447 	.data.b	0
00002186 01         7448 	.data.b	1
                    7449 
                    7450 	.section	.debug_frame
                    7451 .LDW_4ae9e60:
00000120 00000000*  7452 	.data.w	.LDW_unq_10-.LDW_unq_f
                    7453 .LDW_unq_f:
00000124 00000000*  7454 	.data.w	.LDW_4a21e10
00000128 00000000*  7455 	.data.w	HSM_AesCmacStart
0000012c 00000004   7456 	.data.w	__ghs_eofn_HSM_AesCmacStart-HSM_AesCmacStart
00000130 01         7457 	.data.b	1
00000131 00000000*  7458 	.data.w	.LDW32
00000135 00         7459 	.data.b	0
00000136 00         7460 	.data.b	0
00000137 00         7461 	.data.b	0
                    7462 .LDW_unq_10:
                    7463 	.section	.debug_line
00000106 020500     7464 	.data.b	0,5,2
00000109 00000000*  7465 	.data.w	HSM_AesCmacStart
0000010d 06         7466 	.data.b	6
0000010e 03         7467 	.data.b	3
0000010f 3c         7468 	.data.b	60
00000110 02         7469 	.data.b	2
00000111 00         7470 	.data.b	0
00000112 01         7471 	.data.b	1
00000113 06         7472 	.data.b	6
00000114 02         7473 	.data.b	2
00000115 02         7474 	.data.b	2
00000116 02         7475 	.data.b	2
00000117 02         7476 	.data.b	2
00000118 010100     7477 	.data.b	0,1,1
                    7478 	.section	.debug_info
                    7479 .LDW_4a05a68:
00002187 11         7480 	.data.b	17
00002188 43736561   7481 	.data.b	97,101,115,67,109,97,99,67,116,120,0
0000218c 4363616d 
00002190 007874 
00002193 3b         7482 	.data.b	59
00002194 2f         7483 	.data.b	47
00002195 01         7484 	.data.b	1
00002196 00000000*  7485 	.data.w	.LDW_3791988
0000219a 00         7486 	.data.b	0
0000219b 5001       7487 	.data.b	1,80
                    7488 
                    7489 .LDW_4a05b70:

                                                                      Page 136
                                                              C:\Windows\TEMP\gh_00000ro3.si
0000219d 11         7490 	.data.b	17
0000219e 43736561   7491 	.data.b	97,101,115,67,109,97,99,75,101,121,78,117,109,0
000021a2 4b63616d 
000021a6 754e7965 
000021aa 006d 
000021ac 3b         7492 	.data.b	59
000021ad 42         7493 	.data.b	66
000021ae 01         7494 	.data.b	1
000021af 00000000*  7495 	.data.w	.LDW_37919c0
000021b3 00         7496 	.data.b	0
000021b4 5101       7497 	.data.b	1,81
                    7498 
                    7499 .LDW_4a05f38:
000021b6 11         7500 	.data.b	17
000021b7 61746f74   7501 	.data.b	116,111,116,97,108,77,115,103,76,101,110,0
000021bb 67734d6c 
000021bf 006e654c 
000021c3 3b         7502 	.data.b	59
000021c4 58         7503 	.data.b	88
000021c5 01         7504 	.data.b	1
000021c6 00000000*  7505 	.data.w	.LDW_3792088
000021ca 00         7506 	.data.b	0
000021cb 5201       7507 	.data.b	1,82
                    7508 
                    7509 .LDW_4a05180:
000021cd 1f         7510 	.data.b	31
000021ce 00000000*  7511 	.data.w	.LDW22
000021d2 00000000*  7512 	.data.w	.LDW32
                    7513 
000021d6 00         7514 	.data.b	0
                    7515 
000021d7 00         7516 	.data.b	0
                    7517 
                    7518 .LDW_4a06760:
000021d8 16         7519 	.data.b	22
000021d9 5f4d5348   7520 	.data.b	72,83,77,95,65,101,115,67,109,97,99,85,112,100,97,116,101,0
000021dd 43736541 
000021e1 5563616d 
000021e5 74616470 
000021e9 0065 
000021eb 3f         7521 	.data.b	63
000021ec 10         7522 	.data.b	16
000021ed 01         7523 	.data.b	1
000021ee 00000000*  7524 	.data.w	.LDW_3791950
000021f2 00000000*  7525 	.data.w	HSM_AesCmacUpdate
000021f6 00000000*  7526 	.data.w	__ghs_eofn_HSM_AesCmacUpdate
000021fa 5d01       7527 	.data.b	1,93
000021fc 00         7528 	.data.b	0
000021fd 04         7529 	.data.b	4
000021fe 00         7530 	.data.b	0
000021ff 7c         7531 	.data.b	124
00002200 01         7532 	.data.b	1
00002201 00         7533 	.data.b	0
00002202 00         7534 	.data.b	0
00002203 01         7535 	.data.b	1
00002204 01         7536 	.data.b	1
00002205 00         7537 	.data.b	0
00002206 01         7538 	.data.b	1
                    7539 
                    7540 	.section	.debug_frame
                    7541 .LDW_4bdd498:

                                                                      Page 137
                                                              C:\Windows\TEMP\gh_00000ro3.si
00000138 00000000*  7542 	.data.w	.LDW_unq_12-.LDW_unq_11
                    7543 .LDW_unq_11:
0000013c 00000000*  7544 	.data.w	.LDW_4a21e10
00000140 00000000*  7545 	.data.w	HSM_AesCmacUpdate
00000144 00000004   7546 	.data.w	__ghs_eofn_HSM_AesCmacUpdate-HSM_AesCmacUpdate
00000148 01         7547 	.data.b	1
00000149 00000000*  7548 	.data.w	.LDW52
0000014d 00         7549 	.data.b	0
0000014e 00         7550 	.data.b	0
0000014f 00         7551 	.data.b	0
                    7552 .LDW_unq_12:
                    7553 	.section	.debug_line
0000011b 020500     7554 	.data.b	0,5,2
0000011e 00000000*  7555 	.data.w	HSM_AesCmacUpdate
00000122 06         7556 	.data.b	6
00000123 03         7557 	.data.b	3
00000124 00c0       7558 	.data.b	192,0
00000126 02         7559 	.data.b	2
00000127 00         7560 	.data.b	0
00000128 01         7561 	.data.b	1
00000129 06         7562 	.data.b	6
0000012a 02         7563 	.data.b	2
0000012b 02         7564 	.data.b	2
0000012c 02         7565 	.data.b	2
0000012d 02         7566 	.data.b	2
0000012e 010100     7567 	.data.b	0,1,1
                    7568 	.section	.debug_info
                    7569 .LDW_4a05ac0:
00002207 11         7570 	.data.b	17
00002208 43736561   7571 	.data.b	97,101,115,67,109,97,99,67,116,120,0
0000220c 4363616d 
00002210 007874 
00002213 3f         7572 	.data.b	63
00002214 36         7573 	.data.b	54
00002215 01         7574 	.data.b	1
00002216 00000000*  7575 	.data.w	.LDW_3792050
0000221a 00         7576 	.data.b	0
0000221b 5001       7577 	.data.b	1,80
                    7578 
                    7579 .LDW_4a05f90:
0000221d 11         7580 	.data.b	17
0000221e 61746164   7581 	.data.b	100,97,116,97,0
00002222 00 
00002223 3f         7582 	.data.b	63
00002224 4f         7583 	.data.b	79
00002225 01         7584 	.data.b	1
00002226 00000000*  7585 	.data.w	.LDW_3791c98
0000222a 00         7586 	.data.b	0
0000222b 5101       7587 	.data.b	1,81
                    7588 
                    7589 .LDW_4a059b8:
0000222d 11         7590 	.data.b	17
0000222e 61746164   7591 	.data.b	100,97,116,97,76,101,110,0
00002232 006e654c 
00002236 3f         7592 	.data.b	63
00002237 5c         7593 	.data.b	92
00002238 01         7594 	.data.b	1
00002239 00000000*  7595 	.data.w	.LDW_3792088
0000223d 00         7596 	.data.b	0
0000223e 5201       7597 	.data.b	1,82
                    7598 

                                                                      Page 138
                                                              C:\Windows\TEMP\gh_00000ro3.si
                    7599 .LDW_4a05300:
00002240 1f         7600 	.data.b	31
00002241 00000000*  7601 	.data.w	.LDW42
00002245 00000000*  7602 	.data.w	.LDW52
                    7603 
00002249 00         7604 	.data.b	0
                    7605 
0000224a 00         7606 	.data.b	0
                    7607 
                    7608 .LDW_4a067f8:
0000224b 16         7609 	.data.b	22
0000224c 5f4d5348   7610 	.data.b	72,83,77,95,65,101,115,67,109,97,99,70,105,110,105,115,104,0
00002250 43736541 
00002254 4663616d 
00002258 73696e69 
0000225c 0068 
0000225e 43         7611 	.data.b	67
0000225f 10         7612 	.data.b	16
00002260 01         7613 	.data.b	1
00002261 00000000*  7614 	.data.w	.LDW_3791950
00002265 00000000*  7615 	.data.w	HSM_AesCmacFinish
00002269 00000000*  7616 	.data.w	__ghs_eofn_HSM_AesCmacFinish
0000226d 5d01       7617 	.data.b	1,93
0000226f 00         7618 	.data.b	0
00002270 04         7619 	.data.b	4
00002271 00         7620 	.data.b	0
00002272 7c         7621 	.data.b	124
00002273 01         7622 	.data.b	1
00002274 00         7623 	.data.b	0
00002275 00         7624 	.data.b	0
00002276 01         7625 	.data.b	1
00002277 01         7626 	.data.b	1
00002278 00         7627 	.data.b	0
00002279 01         7628 	.data.b	1
                    7629 
                    7630 	.section	.debug_frame
                    7631 .LDW_4bdd318:
00000150 00000000*  7632 	.data.w	.LDW_unq_14-.LDW_unq_13
                    7633 .LDW_unq_13:
00000154 00000000*  7634 	.data.w	.LDW_4a21e10
00000158 00000000*  7635 	.data.w	HSM_AesCmacFinish
0000015c 00000004   7636 	.data.w	__ghs_eofn_HSM_AesCmacFinish-HSM_AesCmacFinish
00000160 01         7637 	.data.b	1
00000161 00000000*  7638 	.data.w	.LDW72
00000165 00         7639 	.data.b	0
00000166 00         7640 	.data.b	0
00000167 00         7641 	.data.b	0
                    7642 .LDW_unq_14:
                    7643 	.section	.debug_line
00000131 020500     7644 	.data.b	0,5,2
00000134 00000000*  7645 	.data.w	HSM_AesCmacFinish
00000138 06         7646 	.data.b	6
00000139 03         7647 	.data.b	3
0000013a 00c4       7648 	.data.b	196,0
0000013c 02         7649 	.data.b	2
0000013d 00         7650 	.data.b	0
0000013e 01         7651 	.data.b	1
0000013f 06         7652 	.data.b	6
00000140 02         7653 	.data.b	2
00000141 02         7654 	.data.b	2
00000142 02         7655 	.data.b	2

                                                                      Page 139
                                                              C:\Windows\TEMP\gh_00000ro3.si
00000143 02         7656 	.data.b	2
00000144 010100     7657 	.data.b	0,1,1
                    7658 	.section	.debug_info
                    7659 .LDW_4a05bc8:
0000227a 11         7660 	.data.b	17
0000227b 43736561   7661 	.data.b	97,101,115,67,109,97,99,67,116,120,0
0000227f 4363616d 
00002283 007874 
00002286 43         7662 	.data.b	67
00002287 36         7663 	.data.b	54
00002288 01         7664 	.data.b	1
00002289 00000000*  7665 	.data.w	.LDW_3792050
0000228d 00         7666 	.data.b	0
0000228e 5001       7667 	.data.b	1,80
                    7668 
                    7669 .LDW_4a060f0:
00002290 11         7670 	.data.b	17
00002291 65676964   7671 	.data.b	100,105,103,101,115,116,0
00002295 007473 
00002298 43         7672 	.data.b	67
00002299 49         7673 	.data.b	73
0000229a 01         7674 	.data.b	1
0000229b 00000000*  7675 	.data.w	.LDW_4a04be0
0000229f 00         7676 	.data.b	0
000022a0 5101       7677 	.data.b	1,81
                    7678 
                    7679 .LDW_4a056c0:
000022a2 1f         7680 	.data.b	31
000022a3 00000000*  7681 	.data.w	.LDW62
000022a7 00000000*  7682 	.data.w	.LDW72
                    7683 
000022ab 00         7684 	.data.b	0
                    7685 
000022ac 00         7686 	.data.b	0
                    7687 
                    7688 .LDW_4a06890:
000022ad 16         7689 	.data.b	22
000022ae 5f4d5348   7690 	.data.b	72,83,77,95,69,99,99,69,99,100,115,97,83,105,103,110,83,116,97,114,116,0
000022b2 45636345 
000022b6 61736463 
000022ba 6e676953 
000022be 72617453 
000022c2 0074 
000022c4 4a         7691 	.data.b	74
000022c5 10         7692 	.data.b	16
000022c6 01         7693 	.data.b	1
000022c7 00000000*  7694 	.data.w	.LDW_3791950
000022cb 00000000*  7695 	.data.w	HSM_EccEcdsaSignStart
000022cf 00000000*  7696 	.data.w	__ghs_eofn_HSM_EccEcdsaSignStart
000022d3 5d01       7697 	.data.b	1,93
000022d5 00         7698 	.data.b	0
000022d6 04         7699 	.data.b	4
000022d7 00         7700 	.data.b	0
000022d8 7c         7701 	.data.b	124
000022d9 01         7702 	.data.b	1
000022da 00         7703 	.data.b	0
000022db 00         7704 	.data.b	0
000022dc 01         7705 	.data.b	1
000022dd 01         7706 	.data.b	1
000022de 00         7707 	.data.b	0
000022df 01         7708 	.data.b	1

                                                                      Page 140
                                                              C:\Windows\TEMP\gh_00000ro3.si
                    7709 
                    7710 	.section	.debug_frame
                    7711 .LDW_4bdda18:
00000168 00000000*  7712 	.data.w	.LDW_unq_16-.LDW_unq_15
                    7713 .LDW_unq_15:
0000016c 00000000*  7714 	.data.w	.LDW_4a21e10
00000170 00000000*  7715 	.data.w	HSM_EccEcdsaSignStart
00000174 00000004   7716 	.data.w	__ghs_eofn_HSM_EccEcdsaSignStart-HSM_EccEcdsaSignStart
00000178 01         7717 	.data.b	1
00000179 00000000*  7718 	.data.w	.LDW92
0000017d 00         7719 	.data.b	0
0000017e 00         7720 	.data.b	0
0000017f 00         7721 	.data.b	0
                    7722 .LDW_unq_16:
                    7723 	.section	.debug_line
00000147 020500     7724 	.data.b	0,5,2
0000014a 00000000*  7725 	.data.w	HSM_EccEcdsaSignStart
0000014e 06         7726 	.data.b	6
0000014f 03         7727 	.data.b	3
00000150 00cb       7728 	.data.b	203,0
00000152 02         7729 	.data.b	2
00000153 00         7730 	.data.b	0
00000154 01         7731 	.data.b	1
00000155 06         7732 	.data.b	6
00000156 02         7733 	.data.b	2
00000157 02         7734 	.data.b	2
00000158 02         7735 	.data.b	2
00000159 02         7736 	.data.b	2
0000015a 010100     7737 	.data.b	0,1,1
                    7738 	.section	.debug_info
                    7739 .LDW_4a05fe8:
000022e0 11         7740 	.data.b	17
000022e1 43636365   7741 	.data.b	101,99,99,67,116,120,0
000022e5 007874 
000022e8 4a         7742 	.data.b	74
000022e9 34         7743 	.data.b	52
000022ea 01         7744 	.data.b	1
000022eb 00000000*  7745 	.data.w	.LDW_3791988
000022ef 00         7746 	.data.b	0
000022f0 5001       7747 	.data.b	1,80
                    7748 
                    7749 .LDW_4a05c78:
000022f2 11         7750 	.data.b	17
000022f3 4b636365   7751 	.data.b	101,99,99,75,101,121,78,117,109,0
000022f7 754e7965 
000022fb 006d 
000022fd 4a         7752 	.data.b	74
000022fe 43         7753 	.data.b	67
000022ff 01         7754 	.data.b	1
00002300 00000000*  7755 	.data.w	.LDW_37919c0
00002304 00         7756 	.data.b	0
00002305 5101       7757 	.data.b	1,81
                    7758 
                    7759 .LDW_4a05360:
00002307 1f         7760 	.data.b	31
00002308 00000000*  7761 	.data.w	.LDW82
0000230c 00000000*  7762 	.data.w	.LDW92
                    7763 
00002310 00         7764 	.data.b	0
                    7765 
00002311 00         7766 	.data.b	0

                                                                      Page 141
                                                              C:\Windows\TEMP\gh_00000ro3.si
                    7767 
                    7768 .LDW_4a06928:
00002312 16         7769 	.data.b	22
00002313 5f4d5348   7770 	.data.b	72,83,77,95,69,99,99,69,99,100,115,97,83,105,103,110,85,112,100,97,116,101,0
00002317 45636345 
0000231b 61736463 
0000231f 6e676953 
00002323 61647055 
00002327 006574 
0000232a 4e         7771 	.data.b	78
0000232b 10         7772 	.data.b	16
0000232c 01         7773 	.data.b	1
0000232d 00000000*  7774 	.data.w	.LDW_3791950
00002331 00000000*  7775 	.data.w	HSM_EccEcdsaSignUpdate
00002335 00000000*  7776 	.data.w	__ghs_eofn_HSM_EccEcdsaSignUpdate
00002339 5d01       7777 	.data.b	1,93
0000233b 00         7778 	.data.b	0
0000233c 04         7779 	.data.b	4
0000233d 00         7780 	.data.b	0
0000233e 7c         7781 	.data.b	124
0000233f 01         7782 	.data.b	1
00002340 00         7783 	.data.b	0
00002341 00         7784 	.data.b	0
00002342 01         7785 	.data.b	1
00002343 01         7786 	.data.b	1
00002344 00         7787 	.data.b	0
00002345 01         7788 	.data.b	1
                    7789 
                    7790 	.section	.debug_frame
                    7791 .LDW_4bde0d8:
00000180 00000000*  7792 	.data.w	.LDW_unq_18-.LDW_unq_17
                    7793 .LDW_unq_17:
00000184 00000000*  7794 	.data.w	.LDW_4a21e10
00000188 00000000*  7795 	.data.w	HSM_EccEcdsaSignUpdate
0000018c 00000004   7796 	.data.w	__ghs_eofn_HSM_EccEcdsaSignUpdate-HSM_EccEcdsaSignUpdate
00000190 01         7797 	.data.b	1
00000191 00000000*  7798 	.data.w	.LDW13
00000195 00         7799 	.data.b	0
00000196 00         7800 	.data.b	0
00000197 00         7801 	.data.b	0
                    7802 .LDW_unq_18:
                    7803 	.section	.debug_line
0000015d 020500     7804 	.data.b	0,5,2
00000160 00000000*  7805 	.data.w	HSM_EccEcdsaSignUpdate
00000164 06         7806 	.data.b	6
00000165 03         7807 	.data.b	3
00000166 00cf       7808 	.data.b	207,0
00000168 02         7809 	.data.b	2
00000169 00         7810 	.data.b	0
0000016a 01         7811 	.data.b	1
0000016b 06         7812 	.data.b	6
0000016c 02         7813 	.data.b	2
0000016d 02         7814 	.data.b	2
0000016e 02         7815 	.data.b	2
0000016f 02         7816 	.data.b	2
00000170 010100     7817 	.data.b	0,1,1
                    7818 	.section	.debug_info
                    7819 .LDW_4a06098:
00002346 11         7820 	.data.b	17
00002347 43636365   7821 	.data.b	101,99,99,67,116,120,0
0000234b 007874 

                                                                      Page 142
                                                              C:\Windows\TEMP\gh_00000ro3.si
0000234e 4e         7822 	.data.b	78
0000234f 3b         7823 	.data.b	59
00002350 01         7824 	.data.b	1
00002351 00000000*  7825 	.data.w	.LDW_3792050
00002355 00         7826 	.data.b	0
00002356 5001       7827 	.data.b	1,80
                    7828 
                    7829 .LDW_4a05a10:
00002358 11         7830 	.data.b	17
00002359 65676964   7831 	.data.b	100,105,103,101,115,116,0
0000235d 007473 
00002360 4e         7832 	.data.b	78
00002361 50         7833 	.data.b	80
00002362 01         7834 	.data.b	1
00002363 00000000*  7835 	.data.w	.LDW_3791c98
00002367 00         7836 	.data.b	0
00002368 5101       7837 	.data.b	1,81
                    7838 
                    7839 .LDW_4a05cd0:
0000236a 11         7840 	.data.b	17
0000236b 72636573   7841 	.data.b	115,101,99,114,101,116,78,117,109,98,101,114,0
0000236f 754e7465 
00002373 7265626d 
00002377 00 
00002378 4e         7842 	.data.b	78
00002379 65         7843 	.data.b	101
0000237a 01         7844 	.data.b	1
0000237b 00000000*  7845 	.data.w	.LDW_3791c98
0000237f 00         7846 	.data.b	0
00002380 5201       7847 	.data.b	1,82
                    7848 
                    7849 .LDW_4a051b0:
00002382 1f         7850 	.data.b	31
00002383 00000000*  7851 	.data.w	.LDW03
00002387 00000000*  7852 	.data.w	.LDW13
                    7853 
0000238b 00         7854 	.data.b	0
                    7855 
0000238c 00         7856 	.data.b	0
                    7857 
                    7858 .LDW_4a0b9d0:
0000238d 16         7859 	.data.b	22
0000238e 5f4d5348   7860 	.data.b	72,83,77,95,69,99,99,69,99,100,115,97,83,105,103,110,70,105,110,105,115,104,0
00002392 45636345 
00002396 61736463 
0000239a 6e676953 
0000239e 696e6946 
000023a2 006873 
000023a5 52         7861 	.data.b	82
000023a6 10         7862 	.data.b	16
000023a7 01         7863 	.data.b	1
000023a8 00000000*  7864 	.data.w	.LDW_3791950
000023ac 00000000*  7865 	.data.w	HSM_EccEcdsaSignFinish
000023b0 00000000*  7866 	.data.w	__ghs_eofn_HSM_EccEcdsaSignFinish
000023b4 5d01       7867 	.data.b	1,93
000023b6 00         7868 	.data.b	0
000023b7 04         7869 	.data.b	4
000023b8 00         7870 	.data.b	0
000023b9 7c         7871 	.data.b	124
000023ba 01         7872 	.data.b	1
000023bb 00         7873 	.data.b	0

                                                                      Page 143
                                                              C:\Windows\TEMP\gh_00000ro3.si
000023bc 00         7874 	.data.b	0
000023bd 01         7875 	.data.b	1
000023be 01         7876 	.data.b	1
000023bf 00         7877 	.data.b	0
000023c0 01         7878 	.data.b	1
                    7879 
                    7880 	.section	.debug_frame
                    7881 .LDW_4bde2d8:
00000198 00000000*  7882 	.data.w	.LDW_unq_1a-.LDW_unq_19
                    7883 .LDW_unq_19:
0000019c 00000000*  7884 	.data.w	.LDW_4a21e10
000001a0 00000000*  7885 	.data.w	HSM_EccEcdsaSignFinish
000001a4 00000004   7886 	.data.w	__ghs_eofn_HSM_EccEcdsaSignFinish-HSM_EccEcdsaSignFinish
000001a8 01         7887 	.data.b	1
000001a9 00000000*  7888 	.data.w	.LDW33
000001ad 00         7889 	.data.b	0
000001ae 00         7890 	.data.b	0
000001af 00         7891 	.data.b	0
                    7892 .LDW_unq_1a:
                    7893 	.section	.debug_line
00000173 020500     7894 	.data.b	0,5,2
00000176 00000000*  7895 	.data.w	HSM_EccEcdsaSignFinish
0000017a 06         7896 	.data.b	6
0000017b 03         7897 	.data.b	3
0000017c 00d3       7898 	.data.b	211,0
0000017e 02         7899 	.data.b	2
0000017f 00         7900 	.data.b	0
00000180 01         7901 	.data.b	1
00000181 06         7902 	.data.b	6
00000182 02         7903 	.data.b	2
00000183 02         7904 	.data.b	2
00000184 02         7905 	.data.b	2
00000185 02         7906 	.data.b	2
00000186 010100     7907 	.data.b	0,1,1
                    7908 	.section	.debug_info
                    7909 .LDW_4a0ae18:
000023c1 11         7910 	.data.b	17
000023c2 43636365   7911 	.data.b	101,99,99,67,116,120,0
000023c6 007874 
000023c9 52         7912 	.data.b	82
000023ca 3b         7913 	.data.b	59
000023cb 01         7914 	.data.b	1
000023cc 00000000*  7915 	.data.w	.LDW_3792050
000023d0 00         7916 	.data.b	0
000023d1 5001       7917 	.data.b	1,80
                    7918 
                    7919 .LDW_4a0b188:
000023d3 11         7920 	.data.b	17
000023d4 6e676973   7921 	.data.b	115,105,103,110,0
000023d8 00 
000023d9 52         7922 	.data.b	82
000023da 55         7923 	.data.b	85
000023db 01         7924 	.data.b	1
000023dc 00000000*  7925 	.data.w	.LDW_4a04e10
000023e0 00         7926 	.data.b	0
000023e1 5101       7927 	.data.b	1,81
                    7928 
                    7929 .LDW_4a05480:
000023e3 1f         7930 	.data.b	31
000023e4 00000000*  7931 	.data.w	.LDW23
000023e8 00000000*  7932 	.data.w	.LDW33

                                                                      Page 144
                                                              C:\Windows\TEMP\gh_00000ro3.si
                    7933 
000023ec 00         7934 	.data.b	0
                    7935 
000023ed 00         7936 	.data.b	0
                    7937 
                    7938 .LDW_4a0ba68:
000023ee 16         7939 	.data.b	22
000023ef 5f4d5348   7940 	.data.b	72,83,77,95,69,99,99,69,99,100,115,97,86,101,114,105,102,121,83,116,97,114,116,0
000023f3 45636345 
000023f7 61736463 
000023fb 69726556 
000023ff 74537966 
00002403 00747261 
00002407 56         7941 	.data.b	86
00002408 10         7942 	.data.b	16
00002409 01         7943 	.data.b	1
0000240a 00000000*  7944 	.data.w	.LDW_3791950
0000240e 00000000*  7945 	.data.w	HSM_EccEcdsaVerifyStart
00002412 00000000*  7946 	.data.w	__ghs_eofn_HSM_EccEcdsaVerifyStart
00002416 5d01       7947 	.data.b	1,93
00002418 00         7948 	.data.b	0
00002419 04         7949 	.data.b	4
0000241a 00         7950 	.data.b	0
0000241b 7c         7951 	.data.b	124
0000241c 01         7952 	.data.b	1
0000241d 00         7953 	.data.b	0
0000241e 00         7954 	.data.b	0
0000241f 01         7955 	.data.b	1
00002420 01         7956 	.data.b	1
00002421 00         7957 	.data.b	0
00002422 01         7958 	.data.b	1
                    7959 
                    7960 	.section	.debug_frame
                    7961 .LDW_4bde458:
000001b0 00000000*  7962 	.data.w	.LDW_unq_1c-.LDW_unq_1b
                    7963 .LDW_unq_1b:
000001b4 00000000*  7964 	.data.w	.LDW_4a21e10
000001b8 00000000*  7965 	.data.w	HSM_EccEcdsaVerifyStart
000001bc 00000004   7966 	.data.w	__ghs_eofn_HSM_EccEcdsaVerifyStart-HSM_EccEcdsaVerifyStart
000001c0 01         7967 	.data.b	1
000001c1 00000000*  7968 	.data.w	.LDW53
000001c5 00         7969 	.data.b	0
000001c6 00         7970 	.data.b	0
000001c7 00         7971 	.data.b	0
                    7972 .LDW_unq_1c:
                    7973 	.section	.debug_line
00000189 020500     7974 	.data.b	0,5,2
0000018c 00000000*  7975 	.data.w	HSM_EccEcdsaVerifyStart
00000190 06         7976 	.data.b	6
00000191 03         7977 	.data.b	3
00000192 00d7       7978 	.data.b	215,0
00000194 02         7979 	.data.b	2
00000195 00         7980 	.data.b	0
00000196 01         7981 	.data.b	1
00000197 06         7982 	.data.b	6
00000198 02         7983 	.data.b	2
00000199 02         7984 	.data.b	2
0000019a 02         7985 	.data.b	2
0000019b 02         7986 	.data.b	2
0000019c 010100     7987 	.data.b	0,1,1
                    7988 	.section	.debug_info

                                                                      Page 145
                                                              C:\Windows\TEMP\gh_00000ro3.si
                    7989 .LDW_4a0ab58:
00002423 11         7990 	.data.b	17
00002424 43636365   7991 	.data.b	101,99,99,67,116,120,0
00002428 007874 
0000242b 56         7992 	.data.b	86
0000242c 36         7993 	.data.b	54
0000242d 01         7994 	.data.b	1
0000242e 00000000*  7995 	.data.w	.LDW_3791988
00002432 00         7996 	.data.b	0
00002433 5001       7997 	.data.b	1,80
                    7998 
                    7999 .LDW_4a0a9f8:
00002435 11         8000 	.data.b	17
00002436 4b636365   8001 	.data.b	101,99,99,75,101,121,78,117,109,0
0000243a 754e7965 
0000243e 006d 
00002440 56         8002 	.data.b	86
00002441 45         8003 	.data.b	69
00002442 01         8004 	.data.b	1
00002443 00000000*  8005 	.data.w	.LDW_37919c0
00002447 00         8006 	.data.b	0
00002448 5101       8007 	.data.b	1,81
                    8008 
                    8009 .LDW_4a05750:
0000244a 1f         8010 	.data.b	31
0000244b 00000000*  8011 	.data.w	.LDW43
0000244f 00000000*  8012 	.data.w	.LDW53
                    8013 
00002453 00         8014 	.data.b	0
                    8015 
00002454 00         8016 	.data.b	0
                    8017 
                    8018 .LDW_4a0bb00:
00002455 16         8019 	.data.b	22
00002456 5f4d5348   8020 	.data.b	72,83,77,95,69,99,99,69,99,100,115,97,86,101,114,105,102,121,85,112,100,97,116,101,0
0000245a 45636345 
0000245e 61736463 
00002462 69726556 
00002466 70557966 
0000246a 65746164 
0000246e 00 
0000246f 5a         8021 	.data.b	90
00002470 10         8022 	.data.b	16
00002471 01         8023 	.data.b	1
00002472 00000000*  8024 	.data.w	.LDW_3791950
00002476 00000000*  8025 	.data.w	HSM_EccEcdsaVerifyUpdate
0000247a 00000000*  8026 	.data.w	__ghs_eofn_HSM_EccEcdsaVerifyUpdate
0000247e 5d01       8027 	.data.b	1,93
00002480 00         8028 	.data.b	0
00002481 04         8029 	.data.b	4
00002482 00         8030 	.data.b	0
00002483 7c         8031 	.data.b	124
00002484 01         8032 	.data.b	1
00002485 00         8033 	.data.b	0
00002486 00         8034 	.data.b	0
00002487 01         8035 	.data.b	1
00002488 01         8036 	.data.b	1
00002489 00         8037 	.data.b	0
0000248a 01         8038 	.data.b	1
                    8039 
                    8040 	.section	.debug_frame

                                                                      Page 146
                                                              C:\Windows\TEMP\gh_00000ro3.si
                    8041 .LDW_4bdcf98:
000001c8 00000000*  8042 	.data.w	.LDW_unq_1e-.LDW_unq_1d
                    8043 .LDW_unq_1d:
000001cc 00000000*  8044 	.data.w	.LDW_4a21e10
000001d0 00000000*  8045 	.data.w	HSM_EccEcdsaVerifyUpdate
000001d4 00000004   8046 	.data.w	__ghs_eofn_HSM_EccEcdsaVerifyUpdate-HSM_EccEcdsaVerifyUpdate
000001d8 01         8047 	.data.b	1
000001d9 00000000*  8048 	.data.w	.LDW73
000001dd 00         8049 	.data.b	0
000001de 00         8050 	.data.b	0
000001df 00         8051 	.data.b	0
                    8052 .LDW_unq_1e:
                    8053 	.section	.debug_line
0000019f 020500     8054 	.data.b	0,5,2
000001a2 00000000*  8055 	.data.w	HSM_EccEcdsaVerifyUpdate
000001a6 06         8056 	.data.b	6
000001a7 03         8057 	.data.b	3
000001a8 00db       8058 	.data.b	219,0
000001aa 02         8059 	.data.b	2
000001ab 00         8060 	.data.b	0
000001ac 01         8061 	.data.b	1
000001ad 06         8062 	.data.b	6
000001ae 02         8063 	.data.b	2
000001af 02         8064 	.data.b	2
000001b0 02         8065 	.data.b	2
000001b1 02         8066 	.data.b	2
000001b2 010100     8067 	.data.b	0,1,1
                    8068 	.section	.debug_info
                    8069 .LDW_4a0b080:
0000248b 11         8070 	.data.b	17
0000248c 43636365   8071 	.data.b	101,99,99,67,116,120,0
00002490 007874 
00002493 5a         8072 	.data.b	90
00002494 3d         8073 	.data.b	61
00002495 01         8074 	.data.b	1
00002496 00000000*  8075 	.data.w	.LDW_3792050
0000249a 00         8076 	.data.b	0
0000249b 5001       8077 	.data.b	1,80
                    8078 
                    8079 .LDW_4a0b1e0:
0000249d 11         8080 	.data.b	17
0000249e 65676964   8081 	.data.b	100,105,103,101,115,116,0
000024a2 007473 
000024a5 5a         8082 	.data.b	90
000024a6 52         8083 	.data.b	82
000024a7 01         8084 	.data.b	1
000024a8 00000000*  8085 	.data.w	.LDW_3791c98
000024ac 00         8086 	.data.b	0
000024ad 5101       8087 	.data.b	1,81
                    8088 
                    8089 .LDW_4a0abb0:
000024af 11         8090 	.data.b	17
000024b0 6e676973   8091 	.data.b	115,105,103,110,0
000024b4 00 
000024b5 5a         8092 	.data.b	90
000024b6 72         8093 	.data.b	114
000024b7 01         8094 	.data.b	1
000024b8 00000000*  8095 	.data.w	.LDW_4a04e80
000024bc 00         8096 	.data.b	0
000024bd 5201       8097 	.data.b	1,82
                    8098 

                                                                      Page 147
                                                              C:\Windows\TEMP\gh_00000ro3.si
                    8099 .LDW_4a05810:
000024bf 1f         8100 	.data.b	31
000024c0 00000000*  8101 	.data.w	.LDW63
000024c4 00000000*  8102 	.data.w	.LDW73
                    8103 
000024c8 00         8104 	.data.b	0
                    8105 
000024c9 00         8106 	.data.b	0
                    8107 
                    8108 .LDW_4a0bb98:
000024ca 16         8109 	.data.b	22
000024cb 5f4d5348   8110 	.data.b	72,83,77,95,69,99,99,69,99,100,115,97,86,101,114,105,102,121,70,105,110,105,115,104,0
000024cf 45636345 
000024d3 61736463 
000024d7 69726556 
000024db 69467966 
000024df 6873696e 
000024e3 00 
000024e4 5e         8111 	.data.b	94
000024e5 10         8112 	.data.b	16
000024e6 01         8113 	.data.b	1
000024e7 00000000*  8114 	.data.w	.LDW_3791950
000024eb 00000000*  8115 	.data.w	HSM_EccEcdsaVerifyFinish
000024ef 00000000*  8116 	.data.w	__ghs_eofn_HSM_EccEcdsaVerifyFinish
000024f3 5d01       8117 	.data.b	1,93
000024f5 00         8118 	.data.b	0
000024f6 04         8119 	.data.b	4
000024f7 00         8120 	.data.b	0
000024f8 7c         8121 	.data.b	124
000024f9 01         8122 	.data.b	1
000024fa 00         8123 	.data.b	0
000024fb 00         8124 	.data.b	0
000024fc 01         8125 	.data.b	1
000024fd 01         8126 	.data.b	1
000024fe 00         8127 	.data.b	0
000024ff 01         8128 	.data.b	1
                    8129 
                    8130 	.section	.debug_frame
                    8131 .LDW_4bdcbd8:
000001e0 00000000*  8132 	.data.w	.LDW_unq_20-.LDW_unq_1f
                    8133 .LDW_unq_1f:
000001e4 00000000*  8134 	.data.w	.LDW_4a21e10
000001e8 00000000*  8135 	.data.w	HSM_EccEcdsaVerifyFinish
000001ec 00000004   8136 	.data.w	__ghs_eofn_HSM_EccEcdsaVerifyFinish-HSM_EccEcdsaVerifyFinish
000001f0 01         8137 	.data.b	1
000001f1 00000000*  8138 	.data.w	.LDW93
000001f5 00         8139 	.data.b	0
000001f6 00         8140 	.data.b	0
000001f7 00         8141 	.data.b	0
                    8142 .LDW_unq_20:
                    8143 	.section	.debug_line
000001b5 020500     8144 	.data.b	0,5,2
000001b8 00000000*  8145 	.data.w	HSM_EccEcdsaVerifyFinish
000001bc 06         8146 	.data.b	6
000001bd 03         8147 	.data.b	3
000001be 00df       8148 	.data.b	223,0
000001c0 02         8149 	.data.b	2
000001c1 00         8150 	.data.b	0
000001c2 01         8151 	.data.b	1
000001c3 06         8152 	.data.b	6
000001c4 02         8153 	.data.b	2

                                                                      Page 148
                                                              C:\Windows\TEMP\gh_00000ro3.si
000001c5 02         8154 	.data.b	2
000001c6 02         8155 	.data.b	2
000001c7 02         8156 	.data.b	2
000001c8 010100     8157 	.data.b	0,1,1
                    8158 	.section	.debug_info
                    8159 .LDW_4a0ae70:
00002500 11         8160 	.data.b	17
00002501 43636365   8161 	.data.b	101,99,99,67,116,120,0
00002505 007874 
00002508 5e         8162 	.data.b	94
00002509 3d         8163 	.data.b	61
0000250a 01         8164 	.data.b	1
0000250b 00000000*  8165 	.data.w	.LDW_3792050
0000250f 00         8166 	.data.b	0
00002510 5001       8167 	.data.b	1,80
                    8168 
                    8169 .LDW_4a0ac08:
00002512 11         8170 	.data.b	17
00002513 75736572   8171 	.data.b	114,101,115,117,108,116,0
00002517 00746c 
0000251a 5e         8172 	.data.b	94
0000251b 4c         8173 	.data.b	76
0000251c 01         8174 	.data.b	1
0000251d 00000000*  8175 	.data.w	.LDW_4a04be0
00002521 00         8176 	.data.b	0
00002522 5101       8177 	.data.b	1,81
                    8178 
                    8179 .LDW_4a058a0:
00002524 1f         8180 	.data.b	31
00002525 00000000*  8181 	.data.w	.LDW83
00002529 00000000*  8182 	.data.w	.LDW93
                    8183 
0000252d 00         8184 	.data.b	0
                    8185 
0000252e 00         8186 	.data.b	0
                    8187 
                    8188 .LDW_4a0c438:
0000252f 16         8189 	.data.b	22
00002530 5f4d5348   8190 	.data.b	72,83,77,95,69,99,99,69,99,100,104,83,116,97,114,116,0
00002534 45636345 
00002538 53686463 
0000253c 74726174 
00002540 00 
00002541 62         8191 	.data.b	98
00002542 10         8192 	.data.b	16
00002543 01         8193 	.data.b	1
00002544 00000000*  8194 	.data.w	.LDW_3791950
00002548 00000000*  8195 	.data.w	HSM_EccEcdhStart
0000254c 00000000*  8196 	.data.w	__ghs_eofn_HSM_EccEcdhStart
00002550 5d01       8197 	.data.b	1,93
00002552 00         8198 	.data.b	0
00002553 04         8199 	.data.b	4
00002554 00         8200 	.data.b	0
00002555 7c         8201 	.data.b	124
00002556 01         8202 	.data.b	1
00002557 00         8203 	.data.b	0
00002558 00         8204 	.data.b	0
00002559 01         8205 	.data.b	1
0000255a 01         8206 	.data.b	1
0000255b 00         8207 	.data.b	0
0000255c 01         8208 	.data.b	1

                                                                      Page 149
                                                              C:\Windows\TEMP\gh_00000ro3.si
                    8209 
                    8210 	.section	.debug_frame
                    8211 .LDW_4bdca98:
000001f8 00000000*  8212 	.data.w	.LDW_unq_22-.LDW_unq_21
                    8213 .LDW_unq_21:
000001fc 00000000*  8214 	.data.w	.LDW_4a21e10
00000200 00000000*  8215 	.data.w	HSM_EccEcdhStart
00000204 00000004   8216 	.data.w	__ghs_eofn_HSM_EccEcdhStart-HSM_EccEcdhStart
00000208 01         8217 	.data.b	1
00000209 00000000*  8218 	.data.w	.LDW14
0000020d 00         8219 	.data.b	0
0000020e 00         8220 	.data.b	0
0000020f 00         8221 	.data.b	0
                    8222 .LDW_unq_22:
                    8223 	.section	.debug_line
000001cb 020500     8224 	.data.b	0,5,2
000001ce 00000000*  8225 	.data.w	HSM_EccEcdhStart
000001d2 06         8226 	.data.b	6
000001d3 03         8227 	.data.b	3
000001d4 00e3       8228 	.data.b	227,0
000001d6 02         8229 	.data.b	2
000001d7 00         8230 	.data.b	0
000001d8 01         8231 	.data.b	1
000001d9 06         8232 	.data.b	6
000001da 02         8233 	.data.b	2
000001db 02         8234 	.data.b	2
000001dc 02         8235 	.data.b	2
000001dd 02         8236 	.data.b	2
000001de 010100     8237 	.data.b	0,1,1
                    8238 	.section	.debug_info
                    8239 .LDW_4a0aaa8:
0000255d 11         8240 	.data.b	17
0000255e 43636365   8241 	.data.b	101,99,99,67,116,120,0
00002562 007874 
00002565 62         8242 	.data.b	98
00002566 2f         8243 	.data.b	47
00002567 01         8244 	.data.b	1
00002568 00000000*  8245 	.data.w	.LDW_3791988
0000256c 00         8246 	.data.b	0
0000256d 5001       8247 	.data.b	1,80
                    8248 
                    8249 .LDW_4a0b4a0:
0000256f 11         8250 	.data.b	17
00002570 4b636365   8251 	.data.b	101,99,99,75,101,121,78,117,109,0
00002574 754e7965 
00002578 006d 
0000257a 62         8252 	.data.b	98
0000257b 3e         8253 	.data.b	62
0000257c 01         8254 	.data.b	1
0000257d 00000000*  8255 	.data.w	.LDW_37919c0
00002581 00         8256 	.data.b	0
00002582 5101       8257 	.data.b	1,81
                    8258 
                    8259 .LDW_4a0c350:
00002584 1f         8260 	.data.b	31
00002585 00000000*  8261 	.data.w	.LDW04
00002589 00000000*  8262 	.data.w	.LDW14
                    8263 
0000258d 00         8264 	.data.b	0
                    8265 
0000258e 00         8266 	.data.b	0

                                                                      Page 150
                                                              C:\Windows\TEMP\gh_00000ro3.si
                    8267 
                    8268 .LDW_4a0ca50:
0000258f 16         8269 	.data.b	22
00002590 5f4d5348   8270 	.data.b	72,83,77,95,69,99,99,69,99,100,104,85,112,100,97,116,101,0
00002594 45636345 
00002598 55686463 
0000259c 74616470 
000025a0 0065 
000025a2 66         8271 	.data.b	102
000025a3 10         8272 	.data.b	16
000025a4 01         8273 	.data.b	1
000025a5 00000000*  8274 	.data.w	.LDW_3791950
000025a9 00000000*  8275 	.data.w	HSM_EccEcdhUpdate
000025ad 00000000*  8276 	.data.w	__ghs_eofn_HSM_EccEcdhUpdate
000025b1 5d01       8277 	.data.b	1,93
000025b3 00         8278 	.data.b	0
000025b4 04         8279 	.data.b	4
000025b5 00         8280 	.data.b	0
000025b6 7c         8281 	.data.b	124
000025b7 01         8282 	.data.b	1
000025b8 00         8283 	.data.b	0
000025b9 00         8284 	.data.b	0
000025ba 01         8285 	.data.b	1
000025bb 01         8286 	.data.b	1
000025bc 00         8287 	.data.b	0
000025bd 01         8288 	.data.b	1
                    8289 
                    8290 	.section	.debug_frame
                    8291 .LDW_4bfccf8:
00000210 00000000*  8292 	.data.w	.LDW_unq_24-.LDW_unq_23
                    8293 .LDW_unq_23:
00000214 00000000*  8294 	.data.w	.LDW_4a21e10
00000218 00000000*  8295 	.data.w	HSM_EccEcdhUpdate
0000021c 00000004   8296 	.data.w	__ghs_eofn_HSM_EccEcdhUpdate-HSM_EccEcdhUpdate
00000220 01         8297 	.data.b	1
00000221 00000000*  8298 	.data.w	.LDW34
00000225 00         8299 	.data.b	0
00000226 00         8300 	.data.b	0
00000227 00         8301 	.data.b	0
                    8302 .LDW_unq_24:
                    8303 	.section	.debug_line
000001e1 020500     8304 	.data.b	0,5,2
000001e4 00000000*  8305 	.data.w	HSM_EccEcdhUpdate
000001e8 06         8306 	.data.b	6
000001e9 03         8307 	.data.b	3
000001ea 00e7       8308 	.data.b	231,0
000001ec 02         8309 	.data.b	2
000001ed 00         8310 	.data.b	0
000001ee 01         8311 	.data.b	1
000001ef 06         8312 	.data.b	6
000001f0 02         8313 	.data.b	2
000001f1 02         8314 	.data.b	2
000001f2 02         8315 	.data.b	2
000001f3 02         8316 	.data.b	2
000001f4 010100     8317 	.data.b	0,1,1
                    8318 	.section	.debug_info
                    8319 .LDW_4a0b238:
000025be 11         8320 	.data.b	17
000025bf 43636365   8321 	.data.b	101,99,99,67,116,120,0
000025c3 007874 
000025c6 66         8322 	.data.b	102

                                                                      Page 151
                                                              C:\Windows\TEMP\gh_00000ro3.si
000025c7 36         8323 	.data.b	54
000025c8 01         8324 	.data.b	1
000025c9 00000000*  8325 	.data.w	.LDW_3792050
000025cd 00         8326 	.data.b	0
000025ce 5001       8327 	.data.b	1,80
                    8328 
                    8329 .LDW_4a0b0d8:
000025d0 11         8330 	.data.b	17
000025d1 6b627570   8331 	.data.b	112,117,98,107,101,121,79,116,104,101,114,83,105,100,101,0
000025d5 744f7965 
000025d9 53726568 
000025dd 00656469 
000025e1 66         8332 	.data.b	102
000025e2 55         8333 	.data.b	85
000025e3 01         8334 	.data.b	1
000025e4 00000000*  8335 	.data.w	.LDW_4a04dd8
000025e8 00         8336 	.data.b	0
000025e9 5101       8337 	.data.b	1,81
                    8338 
                    8339 .LDW_4a0c320:
000025eb 1f         8340 	.data.b	31
000025ec 00000000*  8341 	.data.w	.LDW24
000025f0 00000000*  8342 	.data.w	.LDW34
                    8343 
000025f4 00         8344 	.data.b	0
                    8345 
000025f5 00         8346 	.data.b	0
                    8347 
                    8348 .LDW_4a0c628:
000025f6 16         8349 	.data.b	22
000025f7 5f4d5348   8350 	.data.b	72,83,77,95,69,99,99,69,99,100,104,70,105,110,105,115,104,0
000025fb 45636345 
000025ff 46686463 
00002603 73696e69 
00002607 0068 
00002609 6a         8351 	.data.b	106
0000260a 10         8352 	.data.b	16
0000260b 01         8353 	.data.b	1
0000260c 00000000*  8354 	.data.w	.LDW_3791950
00002610 00000000*  8355 	.data.w	HSM_EccEcdhFinish
00002614 00000000*  8356 	.data.w	__ghs_eofn_HSM_EccEcdhFinish
00002618 5d01       8357 	.data.b	1,93
0000261a 00         8358 	.data.b	0
0000261b 04         8359 	.data.b	4
0000261c 00         8360 	.data.b	0
0000261d 7c         8361 	.data.b	124
0000261e 01         8362 	.data.b	1
0000261f 00         8363 	.data.b	0
00002620 00         8364 	.data.b	0
00002621 01         8365 	.data.b	1
00002622 01         8366 	.data.b	1
00002623 00         8367 	.data.b	0
00002624 01         8368 	.data.b	1
                    8369 
                    8370 	.section	.debug_frame
                    8371 .LDW_4bfc9b8:
00000228 00000000*  8372 	.data.w	.LDW_unq_26-.LDW_unq_25
                    8373 .LDW_unq_25:
0000022c 00000000*  8374 	.data.w	.LDW_4a21e10
00000230 00000000*  8375 	.data.w	HSM_EccEcdhFinish
00000234 00000004   8376 	.data.w	__ghs_eofn_HSM_EccEcdhFinish-HSM_EccEcdhFinish

                                                                      Page 152
                                                              C:\Windows\TEMP\gh_00000ro3.si
00000238 01         8377 	.data.b	1
00000239 00000000*  8378 	.data.w	.LDW54
0000023d 00         8379 	.data.b	0
0000023e 00         8380 	.data.b	0
0000023f 00         8381 	.data.b	0
                    8382 .LDW_unq_26:
                    8383 	.section	.debug_line
000001f7 020500     8384 	.data.b	0,5,2
000001fa 00000000*  8385 	.data.w	HSM_EccEcdhFinish
000001fe 06         8386 	.data.b	6
000001ff 03         8387 	.data.b	3
00000200 00eb       8388 	.data.b	235,0
00000202 02         8389 	.data.b	2
00000203 00         8390 	.data.b	0
00000204 01         8391 	.data.b	1
00000205 06         8392 	.data.b	6
00000206 02         8393 	.data.b	2
00000207 02         8394 	.data.b	2
00000208 02         8395 	.data.b	2
00000209 02         8396 	.data.b	2
0000020a 010100     8397 	.data.b	0,1,1
                    8398 	.section	.debug_info
                    8399 .LDW_4a0b290:
00002625 11         8400 	.data.b	17
00002626 43636365   8401 	.data.b	101,99,99,67,116,120,0
0000262a 007874 
0000262d 6a         8402 	.data.b	106
0000262e 36         8403 	.data.b	54
0000262f 01         8404 	.data.b	1
00002630 00000000*  8405 	.data.w	.LDW_3792050
00002634 00         8406 	.data.b	0
00002635 5001       8407 	.data.b	1,80
                    8408 
                    8409 .LDW_4a0b3f0:
00002637 11         8410 	.data.b	17
00002638 72636573   8411 	.data.b	115,101,99,114,101,116,86,97,108,117,101,0
0000263c 61567465 
00002640 0065756c 
00002644 6a         8412 	.data.b	106
00002645 45         8413 	.data.b	69
00002646 01         8414 	.data.b	1
00002647 00000000*  8415 	.data.w	.LDW_4a04be0
0000264b 00         8416 	.data.b	0
0000264c 5101       8417 	.data.b	1,81
                    8418 
                    8419 .LDW_4a0c3e0:
0000264e 1f         8420 	.data.b	31
0000264f 00000000*  8421 	.data.w	.LDW44
00002653 00000000*  8422 	.data.w	.LDW54
                    8423 
00002657 00         8424 	.data.b	0
                    8425 
00002658 00         8426 	.data.b	0
                    8427 
                    8428 .LDW_4a0d170:
00002659 16         8429 	.data.b	22
0000265a 5f4d5348   8430 	.data.b	72,83,77,95,83,104,97,49,54,48,83,116,97,114,116,0
0000265e 31616853 
00002662 74533036 
00002666 00747261 
0000266a 71         8431 	.data.b	113

                                                                      Page 153
                                                              C:\Windows\TEMP\gh_00000ro3.si
0000266b 10         8432 	.data.b	16
0000266c 01         8433 	.data.b	1
0000266d 00000000*  8434 	.data.w	.LDW_3791950
00002671 00000000*  8435 	.data.w	HSM_Sha160Start
00002675 00000000*  8436 	.data.w	__ghs_eofn_HSM_Sha160Start
00002679 5d01       8437 	.data.b	1,93
0000267b 00         8438 	.data.b	0
0000267c 04         8439 	.data.b	4
0000267d 00         8440 	.data.b	0
0000267e 7c         8441 	.data.b	124
0000267f 01         8442 	.data.b	1
00002680 00         8443 	.data.b	0
00002681 00         8444 	.data.b	0
00002682 01         8445 	.data.b	1
00002683 01         8446 	.data.b	1
00002684 00         8447 	.data.b	0
00002685 01         8448 	.data.b	1
                    8449 
                    8450 	.section	.debug_frame
                    8451 .LDW_4bfc7f8:
00000240 00000000*  8452 	.data.w	.LDW_unq_28-.LDW_unq_27
                    8453 .LDW_unq_27:
00000244 00000000*  8454 	.data.w	.LDW_4a21e10
00000248 00000000*  8455 	.data.w	HSM_Sha160Start
0000024c 00000004   8456 	.data.w	__ghs_eofn_HSM_Sha160Start-HSM_Sha160Start
00000250 01         8457 	.data.b	1
00000251 00000000*  8458 	.data.w	.LDW74
00000255 00         8459 	.data.b	0
00000256 00         8460 	.data.b	0
00000257 00         8461 	.data.b	0
                    8462 .LDW_unq_28:
                    8463 	.section	.debug_line
0000020d 020500     8464 	.data.b	0,5,2
00000210 00000000*  8465 	.data.w	HSM_Sha160Start
00000214 06         8466 	.data.b	6
00000215 03         8467 	.data.b	3
00000216 00f2       8468 	.data.b	242,0
00000218 02         8469 	.data.b	2
00000219 00         8470 	.data.b	0
0000021a 01         8471 	.data.b	1
0000021b 06         8472 	.data.b	6
0000021c 02         8473 	.data.b	2
0000021d 02         8474 	.data.b	2
0000021e 02         8475 	.data.b	2
0000021f 02         8476 	.data.b	2
00000220 010100     8477 	.data.b	0,1,1
                    8478 	.section	.debug_info
                    8479 .LDW_4a0acb8:
00002686 11         8480 	.data.b	17
00002687 31616873   8481 	.data.b	115,104,97,49,54,48,67,116,120,0
0000268b 74433036 
0000268f 0078 
00002691 71         8482 	.data.b	113
00002692 2e         8483 	.data.b	46
00002693 01         8484 	.data.b	1
00002694 00000000*  8485 	.data.w	.LDW_3791988
00002698 00         8486 	.data.b	0
00002699 5001       8487 	.data.b	1,80
                    8488 
                    8489 .LDW_4a0c110:
0000269b 1f         8490 	.data.b	31

                                                                      Page 154
                                                              C:\Windows\TEMP\gh_00000ro3.si
0000269c 00000000*  8491 	.data.w	.LDW64
000026a0 00000000*  8492 	.data.w	.LDW74
                    8493 
000026a4 00         8494 	.data.b	0
                    8495 
000026a5 00         8496 	.data.b	0
                    8497 
                    8498 .LDW_4a0d208:
000026a6 16         8499 	.data.b	22
000026a7 5f4d5348   8500 	.data.b	72,83,77,95,83,104,97,49,54,48,85,112,100,97,116,101,0
000026ab 31616853 
000026af 70553036 
000026b3 65746164 
000026b7 00 
000026b8 75         8501 	.data.b	117
000026b9 10         8502 	.data.b	16
000026ba 01         8503 	.data.b	1
000026bb 00000000*  8504 	.data.w	.LDW_3791950
000026bf 00000000*  8505 	.data.w	HSM_Sha160Update
000026c3 00000000*  8506 	.data.w	__ghs_eofn_HSM_Sha160Update
000026c7 5d01       8507 	.data.b	1,93
000026c9 00         8508 	.data.b	0
000026ca 04         8509 	.data.b	4
000026cb 00         8510 	.data.b	0
000026cc 7c         8511 	.data.b	124
000026cd 01         8512 	.data.b	1
000026ce 00         8513 	.data.b	0
000026cf 00         8514 	.data.b	0
000026d0 01         8515 	.data.b	1
000026d1 01         8516 	.data.b	1
000026d2 00         8517 	.data.b	0
000026d3 01         8518 	.data.b	1
                    8519 
                    8520 	.section	.debug_frame
                    8521 .LDW_4bfd2b8:
00000258 00000000*  8522 	.data.w	.LDW_unq_2a-.LDW_unq_29
                    8523 .LDW_unq_29:
0000025c 00000000*  8524 	.data.w	.LDW_4a21e10
00000260 00000000*  8525 	.data.w	HSM_Sha160Update
00000264 00000004   8526 	.data.w	__ghs_eofn_HSM_Sha160Update-HSM_Sha160Update
00000268 01         8527 	.data.b	1
00000269 00000000*  8528 	.data.w	.LDW94
0000026d 00         8529 	.data.b	0
0000026e 00         8530 	.data.b	0
0000026f 00         8531 	.data.b	0
                    8532 .LDW_unq_2a:
                    8533 	.section	.debug_line
00000223 020500     8534 	.data.b	0,5,2
00000226 00000000*  8535 	.data.w	HSM_Sha160Update
0000022a 06         8536 	.data.b	6
0000022b 03         8537 	.data.b	3
0000022c 00f6       8538 	.data.b	246,0
0000022e 02         8539 	.data.b	2
0000022f 00         8540 	.data.b	0
00000230 01         8541 	.data.b	1
00000231 06         8542 	.data.b	6
00000232 02         8543 	.data.b	2
00000233 02         8544 	.data.b	2
00000234 02         8545 	.data.b	2
00000235 02         8546 	.data.b	2
00000236 010100     8547 	.data.b	0,1,1

                                                                      Page 155
                                                              C:\Windows\TEMP\gh_00000ro3.si
                    8548 	.section	.debug_info
                    8549 .LDW_4a0af78:
000026d4 11         8550 	.data.b	17
000026d5 31616873   8551 	.data.b	115,104,97,49,54,48,67,116,120,0
000026d9 74433036 
000026dd 0078 
000026df 75         8552 	.data.b	117
000026e0 35         8553 	.data.b	53
000026e1 01         8554 	.data.b	1
000026e2 00000000*  8555 	.data.w	.LDW_3792050
000026e6 00         8556 	.data.b	0
000026e7 5001       8557 	.data.b	1,80
                    8558 
                    8559 .LDW_4a0afd0:
000026e9 11         8560 	.data.b	17
000026ea 61746164   8561 	.data.b	100,97,116,97,0
000026ee 00 
000026ef 75         8562 	.data.b	117
000026f0 4d         8563 	.data.b	77
000026f1 01         8564 	.data.b	1
000026f2 00000000*  8565 	.data.w	.LDW_3791c98
000026f6 00         8566 	.data.b	0
000026f7 5101       8567 	.data.b	1,81
                    8568 
                    8569 .LDW_4a0b028:
000026f9 11         8570 	.data.b	17
000026fa 61746164   8571 	.data.b	100,97,116,97,76,101,110,0
000026fe 006e654c 
00002702 75         8572 	.data.b	117
00002703 5a         8573 	.data.b	90
00002704 01         8574 	.data.b	1
00002705 00000000*  8575 	.data.w	.LDW_3792088
00002709 00         8576 	.data.b	0
0000270a 5201       8577 	.data.b	1,82
                    8578 
                    8579 .LDW_4a0bf00:
0000270c 1f         8580 	.data.b	31
0000270d 00000000*  8581 	.data.w	.LDW84
00002711 00000000*  8582 	.data.w	.LDW94
                    8583 
00002715 00         8584 	.data.b	0
                    8585 
00002716 00         8586 	.data.b	0
                    8587 
                    8588 .LDW_4a0c6c0:
00002717 16         8589 	.data.b	22
00002718 5f4d5348   8590 	.data.b	72,83,77,95,83,104,97,49,54,48,70,105,110,105,115,104,0
0000271c 31616853 
00002720 69463036 
00002724 6873696e 
00002728 00 
00002729 79         8591 	.data.b	121
0000272a 10         8592 	.data.b	16
0000272b 01         8593 	.data.b	1
0000272c 00000000*  8594 	.data.w	.LDW_3791950
00002730 00000000*  8595 	.data.w	HSM_Sha160Finish
00002734 00000000*  8596 	.data.w	__ghs_eofn_HSM_Sha160Finish
00002738 5d01       8597 	.data.b	1,93
0000273a 00         8598 	.data.b	0
0000273b 04         8599 	.data.b	4
0000273c 00         8600 	.data.b	0

                                                                      Page 156
                                                              C:\Windows\TEMP\gh_00000ro3.si
0000273d 7c         8601 	.data.b	124
0000273e 01         8602 	.data.b	1
0000273f 00         8603 	.data.b	0
00002740 00         8604 	.data.b	0
00002741 01         8605 	.data.b	1
00002742 01         8606 	.data.b	1
00002743 00         8607 	.data.b	0
00002744 01         8608 	.data.b	1
                    8609 
                    8610 	.section	.debug_frame
                    8611 .LDW_4bfd1f8:
00000270 00000000*  8612 	.data.w	.LDW_unq_2c-.LDW_unq_2b
                    8613 .LDW_unq_2b:
00000274 00000000*  8614 	.data.w	.LDW_4a21e10
00000278 00000000*  8615 	.data.w	HSM_Sha160Finish
0000027c 00000004   8616 	.data.w	__ghs_eofn_HSM_Sha160Finish-HSM_Sha160Finish
00000280 01         8617 	.data.b	1
00000281 00000000*  8618 	.data.w	.LDW15
00000285 00         8619 	.data.b	0
00000286 00         8620 	.data.b	0
00000287 00         8621 	.data.b	0
                    8622 .LDW_unq_2c:
                    8623 	.section	.debug_line
00000239 020500     8624 	.data.b	0,5,2
0000023c 00000000*  8625 	.data.w	HSM_Sha160Finish
00000240 06         8626 	.data.b	6
00000241 03         8627 	.data.b	3
00000242 00fa       8628 	.data.b	250,0
00000244 02         8629 	.data.b	2
00000245 00         8630 	.data.b	0
00000246 01         8631 	.data.b	1
00000247 06         8632 	.data.b	6
00000248 02         8633 	.data.b	2
00000249 02         8634 	.data.b	2
0000024a 02         8635 	.data.b	2
0000024b 02         8636 	.data.b	2
0000024c 010100     8637 	.data.b	0,1,1
                    8638 	.section	.debug_info
                    8639 .LDW_4a0b130:
00002745 11         8640 	.data.b	17
00002746 31616873   8641 	.data.b	115,104,97,49,54,48,67,116,120,0
0000274a 74433036 
0000274e 0078 
00002750 79         8642 	.data.b	121
00002751 35         8643 	.data.b	53
00002752 01         8644 	.data.b	1
00002753 00000000*  8645 	.data.w	.LDW_3792050
00002757 00         8646 	.data.b	0
00002758 5001       8647 	.data.b	1,80
                    8648 
                    8649 .LDW_4a0ac60:
0000275a 11         8650 	.data.b	17
0000275b 65676964   8651 	.data.b	100,105,103,101,115,116,0
0000275f 007473 
00002762 79         8652 	.data.b	121
00002763 47         8653 	.data.b	71
00002764 01         8654 	.data.b	1
00002765 00000000*  8655 	.data.w	.LDW_4a04be0
00002769 00         8656 	.data.b	0
0000276a 5101       8657 	.data.b	1,81
                    8658 

                                                                      Page 157
                                                              C:\Windows\TEMP\gh_00000ro3.si
                    8659 .LDW_4a0bfc0:
0000276c 1f         8660 	.data.b	31
0000276d 00000000*  8661 	.data.w	.LDW05
00002771 00000000*  8662 	.data.w	.LDW15
                    8663 
00002775 00         8664 	.data.b	0
                    8665 
00002776 00         8666 	.data.b	0
                    8667 
                    8668 .LDW_4a0cd48:
00002777 16         8669 	.data.b	22
00002778 5f4d5348   8670 	.data.b	72,83,77,95,83,104,97,50,53,54,83,116,97,114,116,0
0000277c 32616853 
00002780 74533635 
00002784 00747261 
00002788 7d         8671 	.data.b	125
00002789 10         8672 	.data.b	16
0000278a 01         8673 	.data.b	1
0000278b 00000000*  8674 	.data.w	.LDW_3791950
0000278f 00000000*  8675 	.data.w	HSM_Sha256Start
00002793 00000000*  8676 	.data.w	__ghs_eofn_HSM_Sha256Start
00002797 5d01       8677 	.data.b	1,93
00002799 00         8678 	.data.b	0
0000279a 04         8679 	.data.b	4
0000279b 00         8680 	.data.b	0
0000279c 7c         8681 	.data.b	124
0000279d 01         8682 	.data.b	1
0000279e 00         8683 	.data.b	0
0000279f 00         8684 	.data.b	0
000027a0 01         8685 	.data.b	1
000027a1 01         8686 	.data.b	1
000027a2 00         8687 	.data.b	0
000027a3 01         8688 	.data.b	1
                    8689 
                    8690 	.section	.debug_frame
                    8691 .LDW_4bfda38:
00000288 00000000*  8692 	.data.w	.LDW_unq_2e-.LDW_unq_2d
                    8693 .LDW_unq_2d:
0000028c 00000000*  8694 	.data.w	.LDW_4a21e10
00000290 00000000*  8695 	.data.w	HSM_Sha256Start
00000294 00000004   8696 	.data.w	__ghs_eofn_HSM_Sha256Start-HSM_Sha256Start
00000298 01         8697 	.data.b	1
00000299 00000000*  8698 	.data.w	.LDW35
0000029d 00         8699 	.data.b	0
0000029e 00         8700 	.data.b	0
0000029f 00         8701 	.data.b	0
                    8702 .LDW_unq_2e:
                    8703 	.section	.debug_line
0000024f 020500     8704 	.data.b	0,5,2
00000252 00000000*  8705 	.data.w	HSM_Sha256Start
00000256 06         8706 	.data.b	6
00000257 03         8707 	.data.b	3
00000258 00fe       8708 	.data.b	254,0
0000025a 02         8709 	.data.b	2
0000025b 00         8710 	.data.b	0
0000025c 01         8711 	.data.b	1
0000025d 06         8712 	.data.b	6
0000025e 02         8713 	.data.b	2
0000025f 02         8714 	.data.b	2
00000260 02         8715 	.data.b	2
00000261 02         8716 	.data.b	2

                                                                      Page 158
                                                              C:\Windows\TEMP\gh_00000ro3.si
00000262 010100     8717 	.data.b	0,1,1
                    8718 	.section	.debug_info
                    8719 .LDW_4a0b2e8:
000027a4 11         8720 	.data.b	17
000027a5 32616873   8721 	.data.b	115,104,97,50,53,54,67,116,120,0
000027a9 74433635 
000027ad 0078 
000027af 7d         8722 	.data.b	125
000027b0 2e         8723 	.data.b	46
000027b1 01         8724 	.data.b	1
000027b2 00000000*  8725 	.data.w	.LDW_3791988
000027b6 00         8726 	.data.b	0
000027b7 5001       8727 	.data.b	1,80
                    8728 
                    8729 .LDW_4a0bd20:
000027b9 1f         8730 	.data.b	31
000027ba 00000000*  8731 	.data.w	.LDW25
000027be 00000000*  8732 	.data.w	.LDW35
                    8733 
000027c2 00         8734 	.data.b	0
                    8735 
000027c3 00         8736 	.data.b	0
                    8737 
                    8738 .LDW_4a0c7f0:
000027c4 16         8739 	.data.b	22
000027c5 5f4d5348   8740 	.data.b	72,83,77,95,83,104,97,50,53,54,85,112,100,97,116,101,0
000027c9 32616853 
000027cd 70553635 
000027d1 65746164 
000027d5 00 
000027d6 0181       8741 	.data.b	129,1
000027d8 10         8742 	.data.b	16
000027d9 01         8743 	.data.b	1
000027da 00000000*  8744 	.data.w	.LDW_3791950
000027de 00000000*  8745 	.data.w	HSM_Sha256Update
000027e2 00000000*  8746 	.data.w	__ghs_eofn_HSM_Sha256Update
000027e6 5d01       8747 	.data.b	1,93
000027e8 00         8748 	.data.b	0
000027e9 04         8749 	.data.b	4
000027ea 00         8750 	.data.b	0
000027eb 7c         8751 	.data.b	124
000027ec 01         8752 	.data.b	1
000027ed 00         8753 	.data.b	0
000027ee 00         8754 	.data.b	0
000027ef 01         8755 	.data.b	1
000027f0 01         8756 	.data.b	1
000027f1 00         8757 	.data.b	0
000027f2 01         8758 	.data.b	1
                    8759 
                    8760 	.section	.debug_frame
                    8761 .LDW_4bfdc78:
000002a0 00000000*  8762 	.data.w	.LDW_unq_30-.LDW_unq_2f
                    8763 .LDW_unq_2f:
000002a4 00000000*  8764 	.data.w	.LDW_4a21e10
000002a8 00000000*  8765 	.data.w	HSM_Sha256Update
000002ac 00000004   8766 	.data.w	__ghs_eofn_HSM_Sha256Update-HSM_Sha256Update
000002b0 01         8767 	.data.b	1
000002b1 00000000*  8768 	.data.w	.LDW55
000002b5 00         8769 	.data.b	0
000002b6 00         8770 	.data.b	0
000002b7 00         8771 	.data.b	0

                                                                      Page 159
                                                              C:\Windows\TEMP\gh_00000ro3.si
                    8772 .LDW_unq_30:
                    8773 	.section	.debug_line
00000265 020500     8774 	.data.b	0,5,2
00000268 00000000*  8775 	.data.w	HSM_Sha256Update
0000026c 06         8776 	.data.b	6
0000026d 03         8777 	.data.b	3
0000026e 0182       8778 	.data.b	130,1
00000270 02         8779 	.data.b	2
00000271 00         8780 	.data.b	0
00000272 01         8781 	.data.b	1
00000273 06         8782 	.data.b	6
00000274 02         8783 	.data.b	2
00000275 02         8784 	.data.b	2
00000276 02         8785 	.data.b	2
00000277 02         8786 	.data.b	2
00000278 010100     8787 	.data.b	0,1,1
                    8788 	.section	.debug_info
                    8789 .LDW_4a0b340:
000027f3 11         8790 	.data.b	17
000027f4 32616873   8791 	.data.b	115,104,97,50,53,54,67,116,120,0
000027f8 74433635 
000027fc 0078 
000027fe 0181       8792 	.data.b	129,1
00002800 35         8793 	.data.b	53
00002801 01         8794 	.data.b	1
00002802 00000000*  8795 	.data.w	.LDW_3792050
00002806 00         8796 	.data.b	0
00002807 5001       8797 	.data.b	1,80
                    8798 
                    8799 .LDW_4a0ad10:
00002809 11         8800 	.data.b	17
0000280a 61746164   8801 	.data.b	100,97,116,97,0
0000280e 00 
0000280f 0181       8802 	.data.b	129,1
00002811 4d         8803 	.data.b	77
00002812 01         8804 	.data.b	1
00002813 00000000*  8805 	.data.w	.LDW_3791c98
00002817 00         8806 	.data.b	0
00002818 5101       8807 	.data.b	1,81
                    8808 
                    8809 .LDW_4a0adc0:
0000281a 11         8810 	.data.b	17
0000281b 61746164   8811 	.data.b	100,97,116,97,76,101,110,0
0000281f 006e654c 
00002823 0181       8812 	.data.b	129,1
00002825 5a         8813 	.data.b	90
00002826 01         8814 	.data.b	1
00002827 00000000*  8815 	.data.w	.LDW_3792088
0000282b 00         8816 	.data.b	0
0000282c 5201       8817 	.data.b	1,82
                    8818 
                    8819 .LDW_4a0be10:
0000282e 1f         8820 	.data.b	31
0000282f 00000000*  8821 	.data.w	.LDW45
00002833 00000000*  8822 	.data.w	.LDW55
                    8823 
00002837 00         8824 	.data.b	0
                    8825 
00002838 00         8826 	.data.b	0
                    8827 
                    8828 .LDW_4a0c4f8:

                                                                      Page 160
                                                              C:\Windows\TEMP\gh_00000ro3.si
00002839 16         8829 	.data.b	22
0000283a 5f4d5348   8830 	.data.b	72,83,77,95,83,104,97,50,53,54,70,105,110,105,115,104,0
0000283e 32616853 
00002842 69463635 
00002846 6873696e 
0000284a 00 
0000284b 0185       8831 	.data.b	133,1
0000284d 10         8832 	.data.b	16
0000284e 01         8833 	.data.b	1
0000284f 00000000*  8834 	.data.w	.LDW_3791950
00002853 00000000*  8835 	.data.w	HSM_Sha256Finish
00002857 00000000*  8836 	.data.w	__ghs_eofn_HSM_Sha256Finish
0000285b 5d01       8837 	.data.b	1,93
0000285d 00         8838 	.data.b	0
0000285e 04         8839 	.data.b	4
0000285f 00         8840 	.data.b	0
00002860 7c         8841 	.data.b	124
00002861 01         8842 	.data.b	1
00002862 00         8843 	.data.b	0
00002863 00         8844 	.data.b	0
00002864 01         8845 	.data.b	1
00002865 01         8846 	.data.b	1
00002866 00         8847 	.data.b	0
00002867 01         8848 	.data.b	1
                    8849 
                    8850 	.section	.debug_frame
                    8851 .LDW_4bfe2f8:
000002b8 00000000*  8852 	.data.w	.LDW_unq_32-.LDW_unq_31
                    8853 .LDW_unq_31:
000002bc 00000000*  8854 	.data.w	.LDW_4a21e10
000002c0 00000000*  8855 	.data.w	HSM_Sha256Finish
000002c4 00000004   8856 	.data.w	__ghs_eofn_HSM_Sha256Finish-HSM_Sha256Finish
000002c8 01         8857 	.data.b	1
000002c9 00000000*  8858 	.data.w	.LDW75
000002cd 00         8859 	.data.b	0
000002ce 00         8860 	.data.b	0
000002cf 00         8861 	.data.b	0
                    8862 .LDW_unq_32:
                    8863 	.section	.debug_line
0000027b 020500     8864 	.data.b	0,5,2
0000027e 00000000*  8865 	.data.w	HSM_Sha256Finish
00000282 06         8866 	.data.b	6
00000283 03         8867 	.data.b	3
00000284 0186       8868 	.data.b	134,1
00000286 02         8869 	.data.b	2
00000287 00         8870 	.data.b	0
00000288 01         8871 	.data.b	1
00000289 06         8872 	.data.b	6
0000028a 02         8873 	.data.b	2
0000028b 02         8874 	.data.b	2
0000028c 02         8875 	.data.b	2
0000028d 02         8876 	.data.b	2
0000028e 010100     8877 	.data.b	0,1,1
                    8878 	.section	.debug_info
                    8879 .LDW_4a0b398:
00002868 11         8880 	.data.b	17
00002869 32616873   8881 	.data.b	115,104,97,50,53,54,67,116,120,0
0000286d 74433635 
00002871 0078 
00002873 0185       8882 	.data.b	133,1
00002875 35         8883 	.data.b	53

                                                                      Page 161
                                                              C:\Windows\TEMP\gh_00000ro3.si
00002876 01         8884 	.data.b	1
00002877 00000000*  8885 	.data.w	.LDW_3792050
0000287b 00         8886 	.data.b	0
0000287c 5001       8887 	.data.b	1,80
                    8888 
                    8889 .LDW_4a0b448:
0000287e 11         8890 	.data.b	17
0000287f 65676964   8891 	.data.b	100,105,103,101,115,116,0
00002883 007473 
00002886 0185       8892 	.data.b	133,1
00002888 47         8893 	.data.b	71
00002889 01         8894 	.data.b	1
0000288a 00000000*  8895 	.data.w	.LDW_4a04be0
0000288e 00         8896 	.data.b	0
0000288f 5101       8897 	.data.b	1,81
                    8898 
                    8899 .LDW_4a0bd80:
00002891 1f         8900 	.data.b	31
00002892 00000000*  8901 	.data.w	.LDW65
00002896 00000000*  8902 	.data.w	.LDW75
                    8903 
0000289a 00         8904 	.data.b	0
                    8905 
0000289b 00         8906 	.data.b	0
                    8907 
                    8908 .LDW_4a0cde0:
0000289c 16         8909 	.data.b	22
0000289d 5f4d5348   8910 	.data.b	72,83,77,95,72,109,97,99,83,104,97,50,53,54,83,116,97,114,116,0
000028a1 63616d48 
000028a5 32616853 
000028a9 74533635 
000028ad 00747261 
000028b1 0189       8911 	.data.b	137,1
000028b3 10         8912 	.data.b	16
000028b4 01         8913 	.data.b	1
000028b5 00000000*  8914 	.data.w	.LDW_3791950
000028b9 00000000*  8915 	.data.w	HSM_HmacSha256Start
000028bd 00000000*  8916 	.data.w	__ghs_eofn_HSM_HmacSha256Start
000028c1 5d01       8917 	.data.b	1,93
000028c3 00         8918 	.data.b	0
000028c4 04         8919 	.data.b	4
000028c5 00         8920 	.data.b	0
000028c6 7c         8921 	.data.b	124
000028c7 01         8922 	.data.b	1
000028c8 00         8923 	.data.b	0
000028c9 00         8924 	.data.b	0
000028ca 01         8925 	.data.b	1
000028cb 01         8926 	.data.b	1
000028cc 00         8927 	.data.b	0
000028cd 01         8928 	.data.b	1
                    8929 
                    8930 	.section	.debug_frame
                    8931 .LDW_4bfe3f8:
000002d0 00000000*  8932 	.data.w	.LDW_unq_34-.LDW_unq_33
                    8933 .LDW_unq_33:
000002d4 00000000*  8934 	.data.w	.LDW_4a21e10
000002d8 00000000*  8935 	.data.w	HSM_HmacSha256Start
000002dc 00000004   8936 	.data.w	__ghs_eofn_HSM_HmacSha256Start-HSM_HmacSha256Start
000002e0 01         8937 	.data.b	1
000002e1 00000000*  8938 	.data.w	.LDW95
000002e5 00         8939 	.data.b	0

                                                                      Page 162
                                                              C:\Windows\TEMP\gh_00000ro3.si
000002e6 00         8940 	.data.b	0
000002e7 00         8941 	.data.b	0
                    8942 .LDW_unq_34:
                    8943 	.section	.debug_line
00000291 020500     8944 	.data.b	0,5,2
00000294 00000000*  8945 	.data.w	HSM_HmacSha256Start
00000298 06         8946 	.data.b	6
00000299 03         8947 	.data.b	3
0000029a 018a       8948 	.data.b	138,1
0000029c 02         8949 	.data.b	2
0000029d 00         8950 	.data.b	0
0000029e 01         8951 	.data.b	1
0000029f 06         8952 	.data.b	6
000002a0 02         8953 	.data.b	2
000002a1 02         8954 	.data.b	2
000002a2 02         8955 	.data.b	2
000002a3 02         8956 	.data.b	2
000002a4 010100     8957 	.data.b	0,1,1
                    8958 	.section	.debug_info
                    8959 .LDW_4a0b6b0:
000028ce 11         8960 	.data.b	17
000028cf 63616d68   8961 	.data.b	104,109,97,99,83,104,97,50,53,54,67,116,120,0
000028d3 32616853 
000028d7 74433635 
000028db 0078 
000028dd 0189       8962 	.data.b	137,1
000028df 32         8963 	.data.b	50
000028e0 01         8964 	.data.b	1
000028e1 00000000*  8965 	.data.w	.LDW_3791988
000028e5 00         8966 	.data.b	0
000028e6 5001       8967 	.data.b	1,80
                    8968 
                    8969 .LDW_4a0b918:
000028e8 11         8970 	.data.b	17
000028e9 4e79656b   8971 	.data.b	107,101,121,78,117,109,0
000028ed 006d75 
000028f0 0189       8972 	.data.b	137,1
000028f2 48         8973 	.data.b	72
000028f3 01         8974 	.data.b	1
000028f4 00000000*  8975 	.data.w	.LDW_37919c0
000028f8 00         8976 	.data.b	0
000028f9 5101       8977 	.data.b	1,81
                    8978 
                    8979 .LDW_4a0bf90:
000028fb 1f         8980 	.data.b	31
000028fc 00000000*  8981 	.data.w	.LDW85
00002900 00000000*  8982 	.data.w	.LDW95
                    8983 
00002904 00         8984 	.data.b	0
                    8985 
00002905 00         8986 	.data.b	0
                    8987 
                    8988 .LDW_4a0c9b8:
00002906 16         8989 	.data.b	22
00002907 5f4d5348   8990 	.data.b	72,83,77,95,72,109,97,99,83,104,97,50,53,54,85,112,100,97,116,101,0
0000290b 63616d48 
0000290f 32616853 
00002913 70553635 
00002917 65746164 
0000291b 00 
0000291c 018d       8991 	.data.b	141,1

                                                                      Page 163
                                                              C:\Windows\TEMP\gh_00000ro3.si
0000291e 10         8992 	.data.b	16
0000291f 01         8993 	.data.b	1
00002920 00000000*  8994 	.data.w	.LDW_3791950
00002924 00000000*  8995 	.data.w	HSM_HmacSha256Update
00002928 00000000*  8996 	.data.w	__ghs_eofn_HSM_HmacSha256Update
0000292c 5d01       8997 	.data.b	1,93
0000292e 00         8998 	.data.b	0
0000292f 04         8999 	.data.b	4
00002930 00         9000 	.data.b	0
00002931 7c         9001 	.data.b	124
00002932 01         9002 	.data.b	1
00002933 00         9003 	.data.b	0
00002934 00         9004 	.data.b	0
00002935 01         9005 	.data.b	1
00002936 01         9006 	.data.b	1
00002937 00         9007 	.data.b	0
00002938 01         9008 	.data.b	1
                    9009 
                    9010 	.section	.debug_frame
                    9011 .LDW_4bfecf8:
000002e8 00000000*  9012 	.data.w	.LDW_unq_36-.LDW_unq_35
                    9013 .LDW_unq_35:
000002ec 00000000*  9014 	.data.w	.LDW_4a21e10
000002f0 00000000*  9015 	.data.w	HSM_HmacSha256Update
000002f4 00000004   9016 	.data.w	__ghs_eofn_HSM_HmacSha256Update-HSM_HmacSha256Update
000002f8 01         9017 	.data.b	1
000002f9 00000000*  9018 	.data.w	.LDW16
000002fd 00         9019 	.data.b	0
000002fe 00         9020 	.data.b	0
000002ff 00         9021 	.data.b	0
                    9022 .LDW_unq_36:
                    9023 	.section	.debug_line
000002a7 020500     9024 	.data.b	0,5,2
000002aa 00000000*  9025 	.data.w	HSM_HmacSha256Update
000002ae 06         9026 	.data.b	6
000002af 03         9027 	.data.b	3
000002b0 018e       9028 	.data.b	142,1
000002b2 02         9029 	.data.b	2
000002b3 00         9030 	.data.b	0
000002b4 01         9031 	.data.b	1
000002b5 06         9032 	.data.b	6
000002b6 02         9033 	.data.b	2
000002b7 02         9034 	.data.b	2
000002b8 02         9035 	.data.b	2
000002b9 02         9036 	.data.b	2
000002ba 010100     9037 	.data.b	0,1,1
                    9038 	.section	.debug_info
                    9039 .LDW_4a0b8c0:
00002939 11         9040 	.data.b	17
0000293a 63616d68   9041 	.data.b	104,109,97,99,83,104,97,50,53,54,67,116,120,0
0000293e 32616853 
00002942 74433635 
00002946 0078 
00002948 018d       9042 	.data.b	141,1
0000294a 39         9043 	.data.b	57
0000294b 01         9044 	.data.b	1
0000294c 00000000*  9045 	.data.w	.LDW_3792050
00002950 00         9046 	.data.b	0
00002951 5001       9047 	.data.b	1,80
                    9048 
                    9049 .LDW_4a0b760:

                                                                      Page 164
                                                              C:\Windows\TEMP\gh_00000ro3.si
00002953 11         9050 	.data.b	17
00002954 61746164   9051 	.data.b	100,97,116,97,0
00002958 00 
00002959 018d       9052 	.data.b	141,1
0000295b 55         9053 	.data.b	85
0000295c 01         9054 	.data.b	1
0000295d 00000000*  9055 	.data.w	.LDW_3791c98
00002961 00         9056 	.data.b	0
00002962 5101       9057 	.data.b	1,81
                    9058 
                    9059 .LDW_4a0b970:
00002964 11         9060 	.data.b	17
00002965 61746164   9061 	.data.b	100,97,116,97,76,101,110,0
00002969 006e654c 
0000296d 018d       9062 	.data.b	141,1
0000296f 62         9063 	.data.b	98
00002970 01         9064 	.data.b	1
00002971 00000000*  9065 	.data.w	.LDW_3792088
00002975 00         9066 	.data.b	0
00002976 5201       9067 	.data.b	1,82
                    9068 
                    9069 .LDW_4a0bdb0:
00002978 1f         9070 	.data.b	31
00002979 00000000*  9071 	.data.w	.LDW06
0000297d 00000000*  9072 	.data.w	.LDW16
                    9073 
00002981 00         9074 	.data.b	0
                    9075 
00002982 00         9076 	.data.b	0
                    9077 
                    9078 .LDW_4a0d0d8:
00002983 16         9079 	.data.b	22
00002984 5f4d5348   9080 	.data.b	72,83,77,95,72,109,97,99,83,104,97,50,53,54,70,105,110,105,115,104,0
00002988 63616d48 
0000298c 32616853 
00002990 69463635 
00002994 6873696e 
00002998 00 
00002999 0191       9081 	.data.b	145,1
0000299b 10         9082 	.data.b	16
0000299c 01         9083 	.data.b	1
0000299d 00000000*  9084 	.data.w	.LDW_3791950
000029a1 00000000*  9085 	.data.w	HSM_HmacSha256Finish
000029a5 00000000*  9086 	.data.w	__ghs_eofn_HSM_HmacSha256Finish
000029a9 5d01       9087 	.data.b	1,93
000029ab 00         9088 	.data.b	0
000029ac 04         9089 	.data.b	4
000029ad 00         9090 	.data.b	0
000029ae 7c         9091 	.data.b	124
000029af 01         9092 	.data.b	1
000029b0 00         9093 	.data.b	0
000029b1 00         9094 	.data.b	0
000029b2 01         9095 	.data.b	1
000029b3 01         9096 	.data.b	1
000029b4 00         9097 	.data.b	0
000029b5 01         9098 	.data.b	1
                    9099 
                    9100 	.section	.debug_frame
                    9101 .LDW_4bfe778:
00000300 00000000*  9102 	.data.w	.LDW_unq_38-.LDW_unq_37
                    9103 .LDW_unq_37:

                                                                      Page 165
                                                              C:\Windows\TEMP\gh_00000ro3.si
00000304 00000000*  9104 	.data.w	.LDW_4a21e10
00000308 00000000*  9105 	.data.w	HSM_HmacSha256Finish
0000030c 00000004   9106 	.data.w	__ghs_eofn_HSM_HmacSha256Finish-HSM_HmacSha256Finish
00000310 01         9107 	.data.b	1
00000311 00000000*  9108 	.data.w	.LDW36
00000315 00         9109 	.data.b	0
00000316 00         9110 	.data.b	0
00000317 00         9111 	.data.b	0
                    9112 .LDW_unq_38:
                    9113 	.section	.debug_line
000002bd 020500     9114 	.data.b	0,5,2
000002c0 00000000*  9115 	.data.w	HSM_HmacSha256Finish
000002c4 06         9116 	.data.b	6
000002c5 03         9117 	.data.b	3
000002c6 0192       9118 	.data.b	146,1
000002c8 02         9119 	.data.b	2
000002c9 00         9120 	.data.b	0
000002ca 01         9121 	.data.b	1
000002cb 06         9122 	.data.b	6
000002cc 02         9123 	.data.b	2
000002cd 02         9124 	.data.b	2
000002ce 02         9125 	.data.b	2
000002cf 02         9126 	.data.b	2
000002d0 010100     9127 	.data.b	0,1,1
                    9128 	.section	.debug_info
                    9129 .LDW_4a0b4f8:
000029b6 11         9130 	.data.b	17
000029b7 63616d68   9131 	.data.b	104,109,97,99,83,104,97,50,53,54,67,116,120,0
000029bb 32616853 
000029bf 74433635 
000029c3 0078 
000029c5 0191       9132 	.data.b	145,1
000029c7 39         9133 	.data.b	57
000029c8 01         9134 	.data.b	1
000029c9 00000000*  9135 	.data.w	.LDW_3792050
000029cd 00         9136 	.data.b	0
000029ce 5001       9137 	.data.b	1,80
                    9138 
                    9139 .LDW_4a0b550:
000029d0 11         9140 	.data.b	17
000029d1 65676964   9141 	.data.b	100,105,103,101,115,116,0
000029d5 007473 
000029d8 0191       9142 	.data.b	145,1
000029da 4f         9143 	.data.b	79
000029db 01         9144 	.data.b	1
000029dc 00000000*  9145 	.data.w	.LDW_4a04be0
000029e0 00         9146 	.data.b	0
000029e1 5101       9147 	.data.b	1,81
                    9148 
                    9149 .LDW_4a0bc60:
000029e3 1f         9150 	.data.b	31
000029e4 00000000*  9151 	.data.w	.LDW26
000029e8 00000000*  9152 	.data.w	.LDW36
                    9153 
000029ec 00         9154 	.data.b	0
                    9155 
000029ed 00         9156 	.data.b	0
                    9157 
                    9158 .LDW_4a0cf10:
000029ee 16         9159 	.data.b	22
000029ef 5f4d5348   9160 	.data.b	72,83,77,95,80,98,107,100,102,50,83,116,97,114,116,0

                                                                      Page 166
                                                              C:\Windows\TEMP\gh_00000ro3.si
000029f3 646b6250 
000029f7 74533266 
000029fb 00747261 
000029ff 0198       9161 	.data.b	152,1
00002a01 10         9162 	.data.b	16
00002a02 01         9163 	.data.b	1
00002a03 00000000*  9164 	.data.w	.LDW_3791950
00002a07 00000000*  9165 	.data.w	HSM_Pbkdf2Start
00002a0b 00000000*  9166 	.data.w	__ghs_eofn_HSM_Pbkdf2Start
00002a0f 5d01       9167 	.data.b	1,93
00002a11 00         9168 	.data.b	0
00002a12 04         9169 	.data.b	4
00002a13 00         9170 	.data.b	0
00002a14 7c         9171 	.data.b	124
00002a15 01         9172 	.data.b	1
00002a16 00         9173 	.data.b	0
00002a17 00         9174 	.data.b	0
00002a18 01         9175 	.data.b	1
00002a19 01         9176 	.data.b	1
00002a1a 00         9177 	.data.b	0
00002a1b 01         9178 	.data.b	1
                    9179 
                    9180 	.section	.debug_frame
                    9181 .LDW_4bfec38:
00000318 00000000*  9182 	.data.w	.LDW_unq_3a-.LDW_unq_39
                    9183 .LDW_unq_39:
0000031c 00000000*  9184 	.data.w	.LDW_4a21e10
00000320 00000000*  9185 	.data.w	HSM_Pbkdf2Start
00000324 00000004   9186 	.data.w	__ghs_eofn_HSM_Pbkdf2Start-HSM_Pbkdf2Start
00000328 01         9187 	.data.b	1
00000329 00000000*  9188 	.data.w	.LDW56
0000032d 00         9189 	.data.b	0
0000032e 00         9190 	.data.b	0
0000032f 00         9191 	.data.b	0
                    9192 .LDW_unq_3a:
                    9193 	.section	.debug_line
000002d3 020500     9194 	.data.b	0,5,2
000002d6 00000000*  9195 	.data.w	HSM_Pbkdf2Start
000002da 06         9196 	.data.b	6
000002db 03         9197 	.data.b	3
000002dc 0199       9198 	.data.b	153,1
000002de 02         9199 	.data.b	2
000002df 00         9200 	.data.b	0
000002e0 01         9201 	.data.b	1
000002e1 06         9202 	.data.b	6
000002e2 02         9203 	.data.b	2
000002e3 02         9204 	.data.b	2
000002e4 02         9205 	.data.b	2
000002e5 02         9206 	.data.b	2
000002e6 010100     9207 	.data.b	0,1,1
                    9208 	.section	.debug_info
                    9209 .LDW_4a0b7b8:
00002a1c 11         9210 	.data.b	17
00002a1d 646b6270   9211 	.data.b	112,98,107,100,102,50,67,116,120,0
00002a21 74433266 
00002a25 0078 
00002a27 0198       9212 	.data.b	152,1
00002a29 2e         9213 	.data.b	46
00002a2a 01         9214 	.data.b	1
00002a2b 00000000*  9215 	.data.w	.LDW_3791988
00002a2f 00         9216 	.data.b	0

                                                                      Page 167
                                                              C:\Windows\TEMP\gh_00000ro3.si
00002a30 5001       9217 	.data.b	1,80
                    9218 
                    9219 .LDW_4a0b600:
00002a32 11         9220 	.data.b	17
00002a33 646b6270   9221 	.data.b	112,98,107,100,102,50,75,101,121,78,117,109,0
00002a37 654b3266 
00002a3b 6d754e79 
00002a3f 00 
00002a40 0198       9222 	.data.b	152,1
00002a42 40         9223 	.data.b	64
00002a43 01         9224 	.data.b	1
00002a44 00000000*  9225 	.data.w	.LDW_37919c0
00002a48 00         9226 	.data.b	0
00002a49 5101       9227 	.data.b	1,81
                    9228 
                    9229 .LDW_4a0be70:
00002a4b 1f         9230 	.data.b	31
00002a4c 00000000*  9231 	.data.w	.LDW46
00002a50 00000000*  9232 	.data.w	.LDW56
                    9233 
00002a54 00         9234 	.data.b	0
                    9235 
00002a55 00         9236 	.data.b	0
                    9237 
                    9238 .LDW_4a0cae8:
00002a56 16         9239 	.data.b	22
00002a57 5f4d5348   9240 	.data.b	72,83,77,95,80,98,107,100,102,50,85,112,100,97,116,101,0
00002a5b 646b6250 
00002a5f 70553266 
00002a63 65746164 
00002a67 00 
00002a68 019c       9241 	.data.b	156,1
00002a6a 10         9242 	.data.b	16
00002a6b 01         9243 	.data.b	1
00002a6c 00000000*  9244 	.data.w	.LDW_3791950
00002a70 00000000*  9245 	.data.w	HSM_Pbkdf2Update
00002a74 00000000*  9246 	.data.w	__ghs_eofn_HSM_Pbkdf2Update
00002a78 5d01       9247 	.data.b	1,93
00002a7a 00         9248 	.data.b	0
00002a7b 04         9249 	.data.b	4
00002a7c 00         9250 	.data.b	0
00002a7d 7c         9251 	.data.b	124
00002a7e 01         9252 	.data.b	1
00002a7f 00         9253 	.data.b	0
00002a80 00         9254 	.data.b	0
00002a81 01         9255 	.data.b	1
00002a82 01         9256 	.data.b	1
00002a83 00         9257 	.data.b	0
00002a84 01         9258 	.data.b	1
                    9259 
                    9260 	.section	.debug_frame
                    9261 .LDW_4bff678:
00000330 00000000*  9262 	.data.w	.LDW_unq_3c-.LDW_unq_3b
                    9263 .LDW_unq_3b:
00000334 00000000*  9264 	.data.w	.LDW_4a21e10
00000338 00000000*  9265 	.data.w	HSM_Pbkdf2Update
0000033c 00000004   9266 	.data.w	__ghs_eofn_HSM_Pbkdf2Update-HSM_Pbkdf2Update
00000340 01         9267 	.data.b	1
00000341 00000000*  9268 	.data.w	.LDW76
00000345 00         9269 	.data.b	0
00000346 00         9270 	.data.b	0

                                                                      Page 168
                                                              C:\Windows\TEMP\gh_00000ro3.si
00000347 00         9271 	.data.b	0
                    9272 .LDW_unq_3c:
                    9273 	.section	.debug_line
000002e9 020500     9274 	.data.b	0,5,2
000002ec 00000000*  9275 	.data.w	HSM_Pbkdf2Update
000002f0 06         9276 	.data.b	6
000002f1 03         9277 	.data.b	3
000002f2 019d       9278 	.data.b	157,1
000002f4 02         9279 	.data.b	2
000002f5 00         9280 	.data.b	0
000002f6 01         9281 	.data.b	1
000002f7 06         9282 	.data.b	6
000002f8 02         9283 	.data.b	2
000002f9 02         9284 	.data.b	2
000002fa 02         9285 	.data.b	2
000002fb 02         9286 	.data.b	2
000002fc 010100     9287 	.data.b	0,1,1
                    9288 	.section	.debug_info
                    9289 .LDW_4a0b810:
00002a85 11         9290 	.data.b	17
00002a86 646b6270   9291 	.data.b	112,98,107,100,102,50,67,116,120,0
00002a8a 74433266 
00002a8e 0078 
00002a90 019c       9292 	.data.b	156,1
00002a92 35         9293 	.data.b	53
00002a93 01         9294 	.data.b	1
00002a94 00000000*  9295 	.data.w	.LDW_3792050
00002a98 00         9296 	.data.b	0
00002a99 5001       9297 	.data.b	1,80
                    9298 
                    9299 .LDW_4a0b868:
00002a9b 11         9300 	.data.b	17
00002a9c 646b6270   9301 	.data.b	112,98,107,100,102,50,75,101,121,78,117,109,0
00002aa0 654b3266 
00002aa4 6d754e79 
00002aa8 00 
00002aa9 019c       9302 	.data.b	156,1
00002aab 47         9303 	.data.b	71
00002aac 01         9304 	.data.b	1
00002aad 00000000*  9305 	.data.w	.LDW_37919c0
00002ab1 00         9306 	.data.b	0
00002ab2 5101       9307 	.data.b	1,81
                    9308 
                    9309 .LDW_4a0b5a8:
00002ab4 11         9310 	.data.b	17
00002ab5 654c6b64   9311 	.data.b	100,107,76,101,110,0
00002ab9 006e 
00002abb 019c       9312 	.data.b	156,1
00002abd 5c         9313 	.data.b	92
00002abe 01         9314 	.data.b	1
00002abf 00000000*  9315 	.data.w	.LDW_3792088
00002ac3 00         9316 	.data.b	0
00002ac4 5201       9317 	.data.b	1,82
                    9318 
                    9319 .LDW_4a0b658:
00002ac6 11         9320 	.data.b	17
00002ac7 73736170   9321 	.data.b	112,97,115,115,119,111,114,100,0
00002acb 64726f77 
00002acf 00 
00002ad0 019c       9322 	.data.b	156,1
00002ad2 70         9323 	.data.b	112

                                                                      Page 169
                                                              C:\Windows\TEMP\gh_00000ro3.si
00002ad3 01         9324 	.data.b	1
00002ad4 00000000*  9325 	.data.w	.LDW_3791c98
00002ad8 00         9326 	.data.b	0
00002ad9 5301       9327 	.data.b	1,83
                    9328 
                    9329 .LDW_4a0b708:
00002adb 11         9330 	.data.b	17
00002adc 6e654c70   9331 	.data.b	112,76,101,110,0
00002ae0 00 
00002ae1 019c       9332 	.data.b	156,1
00002ae3 0181       9333 	.data.b	129,1
00002ae5 01         9334 	.data.b	1
00002ae6 00000000*  9335 	.data.w	.LDW_3792088
00002aea 00         9336 	.data.b	0
00002aeb 7d02       9337 	.data.b	2,125
00002aed 00         9338 	.data.b	0
                    9339 
                    9340 .LDW_4a24148:
00002aee 11         9341 	.data.b	17
00002aef 746c6173   9342 	.data.b	115,97,108,116,0
00002af3 00 
00002af4 019c       9343 	.data.b	156,1
00002af6 0194       9344 	.data.b	148,1
00002af8 01         9345 	.data.b	1
00002af9 00000000*  9346 	.data.w	.LDW_3791c98
00002afd 00         9347 	.data.b	0
00002afe 7d02       9348 	.data.b	2,125
00002b00 04         9349 	.data.b	4
                    9350 
                    9351 .LDW_4a23fe8:
00002b01 11         9352 	.data.b	17
00002b02 6e654c73   9353 	.data.b	115,76,101,110,0
00002b06 00 
00002b07 019c       9354 	.data.b	156,1
00002b09 01a1       9355 	.data.b	161,1
00002b0b 01         9356 	.data.b	1
00002b0c 00000000*  9357 	.data.w	.LDW_3792088
00002b10 00         9358 	.data.b	0
00002b11 7d02       9359 	.data.b	2,125
00002b13 08         9360 	.data.b	8
                    9361 
                    9362 .LDW_4a24040:
00002b14 11         9363 	.data.b	17
00002b15 756f6369   9364 	.data.b	105,99,111,117,110,116,0
00002b19 00746e 
00002b1c 019c       9365 	.data.b	156,1
00002b1e 01ae       9366 	.data.b	174,1
00002b20 01         9367 	.data.b	1
00002b21 00000000*  9368 	.data.w	.LDW_3792088
00002b25 00         9369 	.data.b	0
00002b26 7d02       9370 	.data.b	2,125
00002b28 0c         9371 	.data.b	12
                    9372 
                    9373 .LDW_4a235b0:
00002b29 1f         9374 	.data.b	31
00002b2a 00000000*  9375 	.data.w	.LDW66
00002b2e 00000000*  9376 	.data.w	.LDW76
                    9377 
00002b32 00         9378 	.data.b	0
                    9379 
00002b33 00         9380 	.data.b	0

                                                                      Page 170
                                                              C:\Windows\TEMP\gh_00000ro3.si
                    9381 
                    9382 .LDW_4a0ce78:
00002b34 16         9383 	.data.b	22
00002b35 5f4d5348   9384 	.data.b	72,83,77,95,80,98,107,100,102,50,70,105,110,105,115,104,0
00002b39 646b6250 
00002b3d 69463266 
00002b41 6873696e 
00002b45 00 
00002b46 01a0       9385 	.data.b	160,1
00002b48 10         9386 	.data.b	16
00002b49 01         9387 	.data.b	1
00002b4a 00000000*  9388 	.data.w	.LDW_3791950
00002b4e 00000000*  9389 	.data.w	HSM_Pbkdf2Finish
00002b52 00000000*  9390 	.data.w	__ghs_eofn_HSM_Pbkdf2Finish
00002b56 5d01       9391 	.data.b	1,93
00002b58 00         9392 	.data.b	0
00002b59 04         9393 	.data.b	4
00002b5a 00         9394 	.data.b	0
00002b5b 7c         9395 	.data.b	124
00002b5c 01         9396 	.data.b	1
00002b5d 00         9397 	.data.b	0
00002b5e 00         9398 	.data.b	0
00002b5f 01         9399 	.data.b	1
00002b60 01         9400 	.data.b	1
00002b61 00         9401 	.data.b	0
00002b62 01         9402 	.data.b	1
                    9403 
                    9404 	.section	.debug_frame
                    9405 .LDW_4bff978:
00000348 00000000*  9406 	.data.w	.LDW_unq_3e-.LDW_unq_3d
                    9407 .LDW_unq_3d:
0000034c 00000000*  9408 	.data.w	.LDW_4a21e10
00000350 00000000*  9409 	.data.w	HSM_Pbkdf2Finish
00000354 00000004   9410 	.data.w	__ghs_eofn_HSM_Pbkdf2Finish-HSM_Pbkdf2Finish
00000358 01         9411 	.data.b	1
00000359 00000000*  9412 	.data.w	.LDW96
0000035d 00         9413 	.data.b	0
0000035e 00         9414 	.data.b	0
0000035f 00         9415 	.data.b	0
                    9416 .LDW_unq_3e:
                    9417 	.section	.debug_line
000002ff 020500     9418 	.data.b	0,5,2
00000302 00000000*  9419 	.data.w	HSM_Pbkdf2Finish
00000306 06         9420 	.data.b	6
00000307 03         9421 	.data.b	3
00000308 01a1       9422 	.data.b	161,1
0000030a 02         9423 	.data.b	2
0000030b 00         9424 	.data.b	0
0000030c 01         9425 	.data.b	1
0000030d 06         9426 	.data.b	6
0000030e 02         9427 	.data.b	2
0000030f 02         9428 	.data.b	2
00000310 02         9429 	.data.b	2
00000311 02         9430 	.data.b	2
00000312 010100     9431 	.data.b	0,1,1
                    9432 	.section	.debug_info
                    9433 .LDW_4a24300:
00002b63 11         9434 	.data.b	17
00002b64 646b6270   9435 	.data.b	112,98,107,100,102,50,67,116,120,0
00002b68 74433266 
00002b6c 0078 

                                                                      Page 171
                                                              C:\Windows\TEMP\gh_00000ro3.si
00002b6e 01a0       9436 	.data.b	160,1
00002b70 35         9437 	.data.b	53
00002b71 01         9438 	.data.b	1
00002b72 00000000*  9439 	.data.w	.LDW_3792050
00002b76 00         9440 	.data.b	0
00002b77 5001       9441 	.data.b	1,80
                    9442 
                    9443 .LDW_4a23dd8:
00002b79 11         9444 	.data.b	17
00002b7a 654c6b64   9445 	.data.b	100,107,76,101,110,0
00002b7e 006e 
00002b80 01a0       9446 	.data.b	160,1
00002b82 47         9447 	.data.b	71
00002b83 01         9448 	.data.b	1
00002b84 00000000*  9449 	.data.w	.LDW_3792088
00002b88 00         9450 	.data.b	0
00002b89 5101       9451 	.data.b	1,81
                    9452 
                    9453 .LDW_4a24098:
00002b8b 11         9454 	.data.b	17
00002b8c 69726564   9455 	.data.b	100,101,114,105,118,101,100,75,101,121,0
00002b90 4b646576 
00002b94 007965 
00002b97 01a0       9456 	.data.b	160,1
00002b99 55         9457 	.data.b	85
00002b9a 01         9458 	.data.b	1
00002b9b 00000000*  9459 	.data.w	.LDW_4a04be0
00002b9f 00         9460 	.data.b	0
00002ba0 5201       9461 	.data.b	1,82
                    9462 
                    9463 .LDW_4a239d0:
00002ba2 1f         9464 	.data.b	31
00002ba3 00000000*  9465 	.data.w	.LDW86
00002ba7 00000000*  9466 	.data.w	.LDW96
                    9467 
00002bab 00         9468 	.data.b	0
                    9469 
00002bac 00         9470 	.data.b	0
                    9471 
                    9472 .LDW_4a0cfa8:
00002bad 16         9473 	.data.b	22
00002bae 5f4d5348   9474 	.data.b	72,83,77,95,82,115,97,80,107,99,115,49,118,49,53,83,105,103,110,83,116,97,114,116,0
00002bb2 50617352 
00002bb6 3173636b 
00002bba 53353176 
00002bbe 536e6769 
00002bc2 74726174 
00002bc6 00 
00002bc7 01a7       9475 	.data.b	167,1
00002bc9 10         9476 	.data.b	16
00002bca 01         9477 	.data.b	1
00002bcb 00000000*  9478 	.data.w	.LDW_3791950
00002bcf 00000000*  9479 	.data.w	HSM_RsaPkcs1v15SignStart
00002bd3 00000000*  9480 	.data.w	__ghs_eofn_HSM_RsaPkcs1v15SignStart
00002bd7 5d01       9481 	.data.b	1,93
00002bd9 00         9482 	.data.b	0
00002bda 04         9483 	.data.b	4
00002bdb 00         9484 	.data.b	0
00002bdc 7c         9485 	.data.b	124
00002bdd 01         9486 	.data.b	1
00002bde 00         9487 	.data.b	0

                                                                      Page 172
                                                              C:\Windows\TEMP\gh_00000ro3.si
00002bdf 00         9488 	.data.b	0
00002be0 01         9489 	.data.b	1
00002be1 01         9490 	.data.b	1
00002be2 00         9491 	.data.b	0
00002be3 01         9492 	.data.b	1
                    9493 
                    9494 	.section	.debug_frame
                    9495 .LDW_4bff7f8:
00000360 00000000*  9496 	.data.w	.LDW_unq_40-.LDW_unq_3f
                    9497 .LDW_unq_3f:
00000364 00000000*  9498 	.data.w	.LDW_4a21e10
00000368 00000000*  9499 	.data.w	HSM_RsaPkcs1v15SignStart
0000036c 00000004   9500 	.data.w	__ghs_eofn_HSM_RsaPkcs1v15SignStart-HSM_RsaPkcs1v15SignStart
00000370 01         9501 	.data.b	1
00000371 00000000*  9502 	.data.w	.LDW17
00000375 00         9503 	.data.b	0
00000376 00         9504 	.data.b	0
00000377 00         9505 	.data.b	0
                    9506 .LDW_unq_40:
                    9507 	.section	.debug_line
00000315 020500     9508 	.data.b	0,5,2
00000318 00000000*  9509 	.data.w	HSM_RsaPkcs1v15SignStart
0000031c 06         9510 	.data.b	6
0000031d 03         9511 	.data.b	3
0000031e 01a8       9512 	.data.b	168,1
00000320 02         9513 	.data.b	2
00000321 00         9514 	.data.b	0
00000322 01         9515 	.data.b	1
00000323 06         9516 	.data.b	6
00000324 02         9517 	.data.b	2
00000325 02         9518 	.data.b	2
00000326 02         9519 	.data.b	2
00000327 02         9520 	.data.b	2
00000328 010100     9521 	.data.b	0,1,1
                    9522 	.section	.debug_info
                    9523 .LDW_4a24408:
00002be4 11         9524 	.data.b	17
00002be5 73636b70   9525 	.data.b	112,107,99,115,49,67,116,120,0
00002be9 78744331 
00002bed 00 
00002bee 01a7       9526 	.data.b	167,1
00002bf0 37         9527 	.data.b	55
00002bf1 01         9528 	.data.b	1
00002bf2 00000000*  9529 	.data.w	.LDW_3791988
00002bf6 00         9530 	.data.b	0
00002bf7 5001       9531 	.data.b	1,80
                    9532 
                    9533 .LDW_4a24510:
00002bf9 11         9534 	.data.b	17
00002bfa 4b617372   9535 	.data.b	114,115,97,75,101,121,78,117,109,0
00002bfe 754e7965 
00002c02 006d 
00002c04 01a7       9536 	.data.b	167,1
00002c06 48         9537 	.data.b	72
00002c07 01         9538 	.data.b	1
00002c08 00000000*  9539 	.data.w	.LDW_37919c0
00002c0c 00         9540 	.data.b	0
00002c0d 5101       9541 	.data.b	1,81
                    9542 
                    9543 .LDW_4a239a0:
00002c0f 1f         9544 	.data.b	31

                                                                      Page 173
                                                              C:\Windows\TEMP\gh_00000ro3.si
00002c10 00000000*  9545 	.data.w	.LDW07
00002c14 00000000*  9546 	.data.w	.LDW17
                    9547 
00002c18 00         9548 	.data.b	0
                    9549 
00002c19 00         9550 	.data.b	0
                    9551 
                    9552 .LDW_4a0d2a0:
00002c1a 16         9553 	.data.b	22
00002c1b 5f4d5348   9554 	.data.b	72,83,77,95,82,115,97,80,107,99,115,49,118,49,53,83,105,103,110,85,112,100,97,116,101,0
00002c1f 50617352 
00002c23 3173636b 
00002c27 53353176 
00002c2b 556e6769 
00002c2f 74616470 
00002c33 0065 
00002c35 01ab       9555 	.data.b	171,1
00002c37 10         9556 	.data.b	16
00002c38 01         9557 	.data.b	1
00002c39 00000000*  9558 	.data.w	.LDW_3791950
00002c3d 00000000*  9559 	.data.w	HSM_RsaPkcs1v15SignUpdate
00002c41 00000000*  9560 	.data.w	__ghs_eofn_HSM_RsaPkcs1v15SignUpdate
00002c45 5d01       9561 	.data.b	1,93
00002c47 00         9562 	.data.b	0
00002c48 04         9563 	.data.b	4
00002c49 00         9564 	.data.b	0
00002c4a 7c         9565 	.data.b	124
00002c4b 01         9566 	.data.b	1
00002c4c 00         9567 	.data.b	0
00002c4d 00         9568 	.data.b	0
00002c4e 01         9569 	.data.b	1
00002c4f 01         9570 	.data.b	1
00002c50 00         9571 	.data.b	0
00002c51 01         9572 	.data.b	1
                    9573 
                    9574 	.section	.debug_frame
                    9575 .LDW_4c005b8:
00000378 00000000*  9576 	.data.w	.LDW_unq_42-.LDW_unq_41
                    9577 .LDW_unq_41:
0000037c 00000000*  9578 	.data.w	.LDW_4a21e10
00000380 00000000*  9579 	.data.w	HSM_RsaPkcs1v15SignUpdate
00000384 00000004   9580 	.data.w	__ghs_eofn_HSM_RsaPkcs1v15SignUpdate-HSM_RsaPkcs1v15SignUpdate
00000388 01         9581 	.data.b	1
00000389 00000000*  9582 	.data.w	.LDW37
0000038d 00         9583 	.data.b	0
0000038e 00         9584 	.data.b	0
0000038f 00         9585 	.data.b	0
                    9586 .LDW_unq_42:
                    9587 	.section	.debug_line
0000032b 020500     9588 	.data.b	0,5,2
0000032e 00000000*  9589 	.data.w	HSM_RsaPkcs1v15SignUpdate
00000332 06         9590 	.data.b	6
00000333 03         9591 	.data.b	3
00000334 01ac       9592 	.data.b	172,1
00000336 02         9593 	.data.b	2
00000337 00         9594 	.data.b	0
00000338 01         9595 	.data.b	1
00000339 06         9596 	.data.b	6
0000033a 02         9597 	.data.b	2
0000033b 02         9598 	.data.b	2
0000033c 02         9599 	.data.b	2

                                                                      Page 174
                                                              C:\Windows\TEMP\gh_00000ro3.si
0000033d 02         9600 	.data.b	2
0000033e 010100     9601 	.data.b	0,1,1
                    9602 	.section	.debug_info
                    9603 .LDW_4a24250:
00002c52 11         9604 	.data.b	17
00002c53 73636b70   9605 	.data.b	112,107,99,115,49,67,116,120,0
00002c57 78744331 
00002c5b 00 
00002c5c 01ab       9606 	.data.b	171,1
00002c5e 3e         9607 	.data.b	62
00002c5f 01         9608 	.data.b	1
00002c60 00000000*  9609 	.data.w	.LDW_3792050
00002c64 00         9610 	.data.b	0
00002c65 5001       9611 	.data.b	1,80
                    9612 
                    9613 .LDW_4a23d80:
00002c67 11         9614 	.data.b	17
00002c68 65676964   9615 	.data.b	100,105,103,101,115,116,0
00002c6c 007473 
00002c6f 01ab       9616 	.data.b	171,1
00002c71 55         9617 	.data.b	85
00002c72 01         9618 	.data.b	1
00002c73 00000000*  9619 	.data.w	.LDW_3791c98
00002c77 00         9620 	.data.b	0
00002c78 5101       9621 	.data.b	1,81
                    9622 
                    9623 .LDW_4a23550:
00002c7a 1f         9624 	.data.b	31
00002c7b 00000000*  9625 	.data.w	.LDW27
00002c7f 00000000*  9626 	.data.w	.LDW37
                    9627 
00002c83 00         9628 	.data.b	0
                    9629 
00002c84 00         9630 	.data.b	0
                    9631 
                    9632 .LDW_4a0c888:
00002c85 16         9633 	.data.b	22
00002c86 5f4d5348   9634 	.data.b	72,83,77,95,82,115,97,80,107,99,115,49,118,49,53,83,105,103,110,70,105,110,105,115,104,0
00002c8a 50617352 
00002c8e 3173636b 
00002c92 53353176 
00002c96 466e6769 
00002c9a 73696e69 
00002c9e 0068 
00002ca0 01af       9635 	.data.b	175,1
00002ca2 10         9636 	.data.b	16
00002ca3 01         9637 	.data.b	1
00002ca4 00000000*  9638 	.data.w	.LDW_3791950
00002ca8 00000000*  9639 	.data.w	HSM_RsaPkcs1v15SignFinish
00002cac 00000000*  9640 	.data.w	__ghs_eofn_HSM_RsaPkcs1v15SignFinish
00002cb0 5d01       9641 	.data.b	1,93
00002cb2 00         9642 	.data.b	0
00002cb3 04         9643 	.data.b	4
00002cb4 00         9644 	.data.b	0
00002cb5 7c         9645 	.data.b	124
00002cb6 01         9646 	.data.b	1
00002cb7 00         9647 	.data.b	0
00002cb8 00         9648 	.data.b	0
00002cb9 01         9649 	.data.b	1
00002cba 01         9650 	.data.b	1
00002cbb 00         9651 	.data.b	0

                                                                      Page 175
                                                              C:\Windows\TEMP\gh_00000ro3.si
00002cbc 01         9652 	.data.b	1
                    9653 
                    9654 	.section	.debug_frame
                    9655 .LDW_4c001f8:
00000390 00000000*  9656 	.data.w	.LDW_unq_44-.LDW_unq_43
                    9657 .LDW_unq_43:
00000394 00000000*  9658 	.data.w	.LDW_4a21e10
00000398 00000000*  9659 	.data.w	HSM_RsaPkcs1v15SignFinish
0000039c 00000004   9660 	.data.w	__ghs_eofn_HSM_RsaPkcs1v15SignFinish-HSM_RsaPkcs1v15SignFinish
000003a0 01         9661 	.data.b	1
000003a1 00000000*  9662 	.data.w	.LDW57
000003a5 00         9663 	.data.b	0
000003a6 00         9664 	.data.b	0
000003a7 00         9665 	.data.b	0
                    9666 .LDW_unq_44:
                    9667 	.section	.debug_line
00000341 020500     9668 	.data.b	0,5,2
00000344 00000000*  9669 	.data.w	HSM_RsaPkcs1v15SignFinish
00000348 06         9670 	.data.b	6
00000349 03         9671 	.data.b	3
0000034a 01b0       9672 	.data.b	176,1
0000034c 02         9673 	.data.b	2
0000034d 00         9674 	.data.b	0
0000034e 01         9675 	.data.b	1
0000034f 06         9676 	.data.b	6
00000350 02         9677 	.data.b	2
00000351 02         9678 	.data.b	2
00000352 02         9679 	.data.b	2
00000353 02         9680 	.data.b	2
00000354 010100     9681 	.data.b	0,1,1
                    9682 	.section	.debug_info
                    9683 .LDW_4a24720:
00002cbd 11         9684 	.data.b	17
00002cbe 73636b70   9685 	.data.b	112,107,99,115,49,67,116,120,0
00002cc2 78744331 
00002cc6 00 
00002cc7 01af       9686 	.data.b	175,1
00002cc9 3e         9687 	.data.b	62
00002cca 01         9688 	.data.b	1
00002ccb 00000000*  9689 	.data.w	.LDW_3792050
00002ccf 00         9690 	.data.b	0
00002cd0 5001       9691 	.data.b	1,80
                    9692 
                    9693 .LDW_4a240f0:
00002cd2 11         9694 	.data.b	17
00002cd3 6e676973   9695 	.data.b	115,105,103,110,0
00002cd7 00 
00002cd8 01af       9696 	.data.b	175,1
00002cda 4f         9697 	.data.b	79
00002cdb 01         9698 	.data.b	1
00002cdc 00000000*  9699 	.data.w	.LDW_4a04be0
00002ce0 00         9700 	.data.b	0
00002ce1 5101       9701 	.data.b	1,81
                    9702 
                    9703 .LDW_4a23580:
00002ce3 1f         9704 	.data.b	31
00002ce4 00000000*  9705 	.data.w	.LDW47
00002ce8 00000000*  9706 	.data.w	.LDW57
                    9707 
00002cec 00         9708 	.data.b	0
                    9709 

                                                                      Page 176
                                                              C:\Windows\TEMP\gh_00000ro3.si
00002ced 00         9710 	.data.b	0
                    9711 
                    9712 .LDW_4a0c590:
00002cee 16         9713 	.data.b	22
00002cef 5f4d5348   9714 	.data.b	72,83,77,95,82,115,97,80,107,99,115,49,118,49,53,86,101,114,105,102,121,83,116,97,114,116,0
00002cf3 50617352 
00002cf7 3173636b 
00002cfb 56353176 
00002cff 66697265 
00002d03 61745379 
00002d07 007472 
00002d0a 01b3       9715 	.data.b	179,1
00002d0c 10         9716 	.data.b	16
00002d0d 01         9717 	.data.b	1
00002d0e 00000000*  9718 	.data.w	.LDW_3791950
00002d12 00000000*  9719 	.data.w	HSM_RsaPkcs1v15VerifyStart
00002d16 00000000*  9720 	.data.w	__ghs_eofn_HSM_RsaPkcs1v15VerifyStart
00002d1a 5d01       9721 	.data.b	1,93
00002d1c 00         9722 	.data.b	0
00002d1d 04         9723 	.data.b	4
00002d1e 00         9724 	.data.b	0
00002d1f 7c         9725 	.data.b	124
00002d20 01         9726 	.data.b	1
00002d21 00         9727 	.data.b	0
00002d22 00         9728 	.data.b	0
00002d23 01         9729 	.data.b	1
00002d24 01         9730 	.data.b	1
00002d25 00         9731 	.data.b	0
00002d26 01         9732 	.data.b	1
                    9733 
                    9734 	.section	.debug_frame
                    9735 .LDW_4c00678:
000003a8 00000000*  9736 	.data.w	.LDW_unq_46-.LDW_unq_45
                    9737 .LDW_unq_45:
000003ac 00000000*  9738 	.data.w	.LDW_4a21e10
000003b0 00000000*  9739 	.data.w	HSM_RsaPkcs1v15VerifyStart
000003b4 00000004   9740 	.data.w	__ghs_eofn_HSM_RsaPkcs1v15VerifyStart-HSM_RsaPkcs1v15VerifyStart
000003b8 01         9741 	.data.b	1
000003b9 00000000*  9742 	.data.w	.LDW77
000003bd 00         9743 	.data.b	0
000003be 00         9744 	.data.b	0
000003bf 00         9745 	.data.b	0
                    9746 .LDW_unq_46:
                    9747 	.section	.debug_line
00000357 020500     9748 	.data.b	0,5,2
0000035a 00000000*  9749 	.data.w	HSM_RsaPkcs1v15VerifyStart
0000035e 06         9750 	.data.b	6
0000035f 03         9751 	.data.b	3
00000360 01b4       9752 	.data.b	180,1
00000362 02         9753 	.data.b	2
00000363 00         9754 	.data.b	0
00000364 01         9755 	.data.b	1
00000365 06         9756 	.data.b	6
00000366 02         9757 	.data.b	2
00000367 02         9758 	.data.b	2
00000368 02         9759 	.data.b	2
00000369 02         9760 	.data.b	2
0000036a 010100     9761 	.data.b	0,1,1
                    9762 	.section	.debug_info
                    9763 .LDW_4a242a8:
00002d27 11         9764 	.data.b	17

                                                                      Page 177
                                                              C:\Windows\TEMP\gh_00000ro3.si
00002d28 73636b70   9765 	.data.b	112,107,99,115,49,67,116,120,0
00002d2c 78744331 
00002d30 00 
00002d31 01b3       9766 	.data.b	179,1
00002d33 39         9767 	.data.b	57
00002d34 01         9768 	.data.b	1
00002d35 00000000*  9769 	.data.w	.LDW_3791988
00002d39 00         9770 	.data.b	0
00002d3a 5001       9771 	.data.b	1,80
                    9772 
                    9773 .LDW_4a23f90:
00002d3c 11         9774 	.data.b	17
00002d3d 4b617372   9775 	.data.b	114,115,97,75,101,121,78,117,109,0
00002d41 754e7965 
00002d45 006d 
00002d47 01b3       9776 	.data.b	179,1
00002d49 4a         9777 	.data.b	74
00002d4a 01         9778 	.data.b	1
00002d4b 00000000*  9779 	.data.w	.LDW_37919c0
00002d4f 00         9780 	.data.b	0
00002d50 5101       9781 	.data.b	1,81
                    9782 
                    9783 .LDW_4a23940:
00002d52 1f         9784 	.data.b	31
00002d53 00000000*  9785 	.data.w	.LDW67
00002d57 00000000*  9786 	.data.w	.LDW77
                    9787 
00002d5b 00         9788 	.data.b	0
                    9789 
00002d5c 00         9790 	.data.b	0
                    9791 
                    9792 .LDW_4a0ccb0:
00002d5d 16         9793 	.data.b	22
00002d5e 5f4d5348   9794 	.data.b	72,83,77,95,82,115,97,80,107,99,115,49,118,49,53,86,101,114,105,102,121,85,112,100,97,116,101,0
00002d62 50617352 
00002d66 3173636b 
00002d6a 56353176 
00002d6e 66697265 
00002d72 64705579 
00002d76 00657461 
00002d7a 01b7       9795 	.data.b	183,1
00002d7c 10         9796 	.data.b	16
00002d7d 01         9797 	.data.b	1
00002d7e 00000000*  9798 	.data.w	.LDW_3791950
00002d82 00000000*  9799 	.data.w	HSM_RsaPkcs1v15VerifyUpdate
00002d86 00000000*  9800 	.data.w	__ghs_eofn_HSM_RsaPkcs1v15VerifyUpdate
00002d8a 5d01       9801 	.data.b	1,93
00002d8c 00         9802 	.data.b	0
00002d8d 04         9803 	.data.b	4
00002d8e 00         9804 	.data.b	0
00002d8f 7c         9805 	.data.b	124
00002d90 01         9806 	.data.b	1
00002d91 00         9807 	.data.b	0
00002d92 00         9808 	.data.b	0
00002d93 01         9809 	.data.b	1
00002d94 01         9810 	.data.b	1
00002d95 00         9811 	.data.b	0
00002d96 01         9812 	.data.b	1
                    9813 
                    9814 	.section	.debug_frame
                    9815 .LDW_4c06fd0:

                                                                      Page 178
                                                              C:\Windows\TEMP\gh_00000ro3.si
000003c0 00000000*  9816 	.data.w	.LDW_unq_48-.LDW_unq_47
                    9817 .LDW_unq_47:
000003c4 00000000*  9818 	.data.w	.LDW_4a21e10
000003c8 00000000*  9819 	.data.w	HSM_RsaPkcs1v15VerifyUpdate
000003cc 00000004   9820 	.data.w	__ghs_eofn_HSM_RsaPkcs1v15VerifyUpdate-HSM_RsaPkcs1v15VerifyUpdate
000003d0 01         9821 	.data.b	1
000003d1 00000000*  9822 	.data.w	.LDW97
000003d5 00         9823 	.data.b	0
000003d6 00         9824 	.data.b	0
000003d7 00         9825 	.data.b	0
                    9826 .LDW_unq_48:
                    9827 	.section	.debug_line
0000036d 020500     9828 	.data.b	0,5,2
00000370 00000000*  9829 	.data.w	HSM_RsaPkcs1v15VerifyUpdate
00000374 06         9830 	.data.b	6
00000375 03         9831 	.data.b	3
00000376 01b8       9832 	.data.b	184,1
00000378 02         9833 	.data.b	2
00000379 00         9834 	.data.b	0
0000037a 01         9835 	.data.b	1
0000037b 06         9836 	.data.b	6
0000037c 02         9837 	.data.b	2
0000037d 02         9838 	.data.b	2
0000037e 02         9839 	.data.b	2
0000037f 02         9840 	.data.b	2
00000380 010100     9841 	.data.b	0,1,1
                    9842 	.section	.debug_info
                    9843 .LDW_4a24568:
00002d97 11         9844 	.data.b	17
00002d98 73636b70   9845 	.data.b	112,107,99,115,49,67,116,120,0
00002d9c 78744331 
00002da0 00 
00002da1 01b7       9846 	.data.b	183,1
00002da3 40         9847 	.data.b	64
00002da4 01         9848 	.data.b	1
00002da5 00000000*  9849 	.data.w	.LDW_3792050
00002da9 00         9850 	.data.b	0
00002daa 5001       9851 	.data.b	1,80
                    9852 
                    9853 .LDW_4a243b0:
00002dac 11         9854 	.data.b	17
00002dad 65676964   9855 	.data.b	100,105,103,101,115,116,0
00002db1 007473 
00002db4 01b7       9856 	.data.b	183,1
00002db6 57         9857 	.data.b	87
00002db7 01         9858 	.data.b	1
00002db8 00000000*  9859 	.data.w	.LDW_3791c98
00002dbc 00         9860 	.data.b	0
00002dbd 5101       9861 	.data.b	1,81
                    9862 
                    9863 .LDW_4a24358:
00002dbf 11         9864 	.data.b	17
00002dc0 6e676973   9865 	.data.b	115,105,103,110,0
00002dc4 00 
00002dc5 01b7       9866 	.data.b	183,1
00002dc7 6c         9867 	.data.b	108
00002dc8 01         9868 	.data.b	1
00002dc9 00000000*  9869 	.data.w	.LDW_3791c98
00002dcd 00         9870 	.data.b	0
00002dce 5201       9871 	.data.b	1,82
                    9872 

                                                                      Page 179
                                                              C:\Windows\TEMP\gh_00000ro3.si
                    9873 .LDW_4a23670:
00002dd0 1f         9874 	.data.b	31
00002dd1 00000000*  9875 	.data.w	.LDW87
00002dd5 00000000*  9876 	.data.w	.LDW97
                    9877 
00002dd9 00         9878 	.data.b	0
                    9879 
00002dda 00         9880 	.data.b	0
                    9881 
                    9882 .LDW_4a0c758:
00002ddb 16         9883 	.data.b	22
00002ddc 5f4d5348   9884 	.data.b	72,83,77,95,82,115,97,80,107,99,115,49,118,49,53,83,104,97,49,54,48,86,101,114,105,102,121,85,112,100,97,116,101,0
00002de0 50617352 
00002de4 3173636b 
00002de8 53353176 
00002dec 36316168 
00002df0 72655630 
00002df4 55796669 
00002df8 74616470 
00002dfc 0065 
00002dfe 01bb       9885 	.data.b	187,1
00002e00 10         9886 	.data.b	16
00002e01 01         9887 	.data.b	1
00002e02 00000000*  9888 	.data.w	.LDW_3791950
00002e06 00000000*  9889 	.data.w	HSM_RsaPkcs1v15Sha160VerifyUpdate
00002e0a 00000000*  9890 	.data.w	__ghs_eofn_HSM_RsaPkcs1v15Sha160VerifyUpdate
00002e0e 5d01       9891 	.data.b	1,93
00002e10 00         9892 	.data.b	0
00002e11 04         9893 	.data.b	4
00002e12 00         9894 	.data.b	0
00002e13 7c         9895 	.data.b	124
00002e14 01         9896 	.data.b	1
00002e15 00         9897 	.data.b	0
00002e16 00         9898 	.data.b	0
00002e17 01         9899 	.data.b	1
00002e18 01         9900 	.data.b	1
00002e19 00         9901 	.data.b	0
00002e1a 01         9902 	.data.b	1
                    9903 
                    9904 	.section	.debug_frame
                    9905 .LDW_4c07350:
000003d8 00000000*  9906 	.data.w	.LDW_unq_4a-.LDW_unq_49
                    9907 .LDW_unq_49:
000003dc 00000000*  9908 	.data.w	.LDW_4a21e10
000003e0 00000000*  9909 	.data.w	HSM_RsaPkcs1v15Sha160VerifyUpdate
000003e4 00000004   9910 	.data.w	__ghs_eofn_HSM_RsaPkcs1v15Sha160VerifyUpdate-HSM_RsaPkcs1v15Sha160VerifyUpdate
000003e8 01         9911 	.data.b	1
000003e9 00000000*  9912 	.data.w	.LDW18
000003ed 00         9913 	.data.b	0
000003ee 00         9914 	.data.b	0
000003ef 00         9915 	.data.b	0
                    9916 .LDW_unq_4a:
                    9917 	.section	.debug_line
00000383 020500     9918 	.data.b	0,5,2
00000386 00000000*  9919 	.data.w	HSM_RsaPkcs1v15Sha160VerifyUpdate
0000038a 06         9920 	.data.b	6
0000038b 03         9921 	.data.b	3
0000038c 01bc       9922 	.data.b	188,1
0000038e 02         9923 	.data.b	2
0000038f 00         9924 	.data.b	0
00000390 01         9925 	.data.b	1

                                                                      Page 180
                                                              C:\Windows\TEMP\gh_00000ro3.si
00000391 06         9926 	.data.b	6
00000392 02         9927 	.data.b	2
00000393 02         9928 	.data.b	2
00000394 02         9929 	.data.b	2
00000395 02         9930 	.data.b	2
00000396 010100     9931 	.data.b	0,1,1
                    9932 	.section	.debug_info
                    9933 .LDW_4a246c8:
00002e1b 11         9934 	.data.b	17
00002e1c 73636b70   9935 	.data.b	112,107,99,115,49,67,116,120,0
00002e20 78744331 
00002e24 00 
00002e25 01bb       9936 	.data.b	187,1
00002e27 46         9937 	.data.b	70
00002e28 01         9938 	.data.b	1
00002e29 00000000*  9939 	.data.w	.LDW_3792050
00002e2d 00         9940 	.data.b	0
00002e2e 5001       9941 	.data.b	1,80
                    9942 
                    9943 .LDW_4a241a0:
00002e30 11         9944 	.data.b	17
00002e31 65676964   9945 	.data.b	100,105,103,101,115,116,0
00002e35 007473 
00002e38 01bb       9946 	.data.b	187,1
00002e3a 5d         9947 	.data.b	93
00002e3b 01         9948 	.data.b	1
00002e3c 00000000*  9949 	.data.w	.LDW_3791c98
00002e40 00         9950 	.data.b	0
00002e41 5101       9951 	.data.b	1,81
                    9952 
                    9953 .LDW_4a241f8:
00002e43 11         9954 	.data.b	17
00002e44 6e676973   9955 	.data.b	115,105,103,110,0
00002e48 00 
00002e49 01bb       9956 	.data.b	187,1
00002e4b 72         9957 	.data.b	114
00002e4c 01         9958 	.data.b	1
00002e4d 00000000*  9959 	.data.w	.LDW_3791c98
00002e51 00         9960 	.data.b	0
00002e52 5201       9961 	.data.b	1,82
                    9962 
                    9963 .LDW_4a237f0:
00002e54 1f         9964 	.data.b	31
00002e55 00000000*  9965 	.data.w	.LDW08
00002e59 00000000*  9966 	.data.w	.LDW18
                    9967 
00002e5d 00         9968 	.data.b	0
                    9969 
00002e5e 00         9970 	.data.b	0
                    9971 
                    9972 .LDW_4a0d040:
00002e5f 16         9973 	.data.b	22
00002e60 5f4d5348   9974 	.data.b	72,83,77,95,82,115,97,80,107,99,115,49,118,49,53,86,101,114,105,102,121,70,105,110,105,115,104,0
00002e64 50617352 
00002e68 3173636b 
00002e6c 56353176 
00002e70 66697265 
00002e74 6e694679 
00002e78 00687369 
00002e7c 01bf       9975 	.data.b	191,1
00002e7e 10         9976 	.data.b	16

                                                                      Page 181
                                                              C:\Windows\TEMP\gh_00000ro3.si
00002e7f 01         9977 	.data.b	1
00002e80 00000000*  9978 	.data.w	.LDW_3791950
00002e84 00000000*  9979 	.data.w	HSM_RsaPkcs1v15VerifyFinish
00002e88 00000000*  9980 	.data.w	__ghs_eofn_HSM_RsaPkcs1v15VerifyFinish
00002e8c 5d01       9981 	.data.b	1,93
00002e8e 00         9982 	.data.b	0
00002e8f 04         9983 	.data.b	4
00002e90 00         9984 	.data.b	0
00002e91 7c         9985 	.data.b	124
00002e92 01         9986 	.data.b	1
00002e93 00         9987 	.data.b	0
00002e94 00         9988 	.data.b	0
00002e95 01         9989 	.data.b	1
00002e96 01         9990 	.data.b	1
00002e97 00         9991 	.data.b	0
00002e98 01         9992 	.data.b	1
                    9993 
                    9994 	.section	.debug_frame
                    9995 .LDW_4c077d0:
000003f0 00000000*  9996 	.data.w	.LDW_unq_4c-.LDW_unq_4b
                    9997 .LDW_unq_4b:
000003f4 00000000*  9998 	.data.w	.LDW_4a21e10
000003f8 00000000*  9999 	.data.w	HSM_RsaPkcs1v15VerifyFinish
000003fc 00000004  10000 	.data.w	__ghs_eofn_HSM_RsaPkcs1v15VerifyFinish-HSM_RsaPkcs1v15VerifyFinish
00000400 01        10001 	.data.b	1
00000401 00000000* 10002 	.data.w	.LDW38
00000405 00        10003 	.data.b	0
00000406 00        10004 	.data.b	0
00000407 00        10005 	.data.b	0
                   10006 .LDW_unq_4c:
                   10007 	.section	.debug_line
00000399 020500    10008 	.data.b	0,5,2
0000039c 00000000* 10009 	.data.w	HSM_RsaPkcs1v15VerifyFinish
000003a0 06        10010 	.data.b	6
000003a1 03        10011 	.data.b	3
000003a2 01c0      10012 	.data.b	192,1
000003a4 02        10013 	.data.b	2
000003a5 00        10014 	.data.b	0
000003a6 01        10015 	.data.b	1
000003a7 06        10016 	.data.b	6
000003a8 02        10017 	.data.b	2
000003a9 02        10018 	.data.b	2
000003aa 02        10019 	.data.b	2
000003ab 02        10020 	.data.b	2
000003ac 010100    10021 	.data.b	0,1,1
                   10022 	.section	.debug_info
                   10023 .LDW_4a24460:
00002e99 11        10024 	.data.b	17
00002e9a 73636b70  10025 	.data.b	112,107,99,115,49,67,116,120,0
00002e9e 78744331 
00002ea2 00 
00002ea3 01bf      10026 	.data.b	191,1
00002ea5 40        10027 	.data.b	64
00002ea6 01        10028 	.data.b	1
00002ea7 00000000* 10029 	.data.w	.LDW_3792050
00002eab 00        10030 	.data.b	0
00002eac 5001      10031 	.data.b	1,80
                   10032 
                   10033 .LDW_4a244b8:
00002eae 11        10034 	.data.b	17
00002eaf 69726576  10035 	.data.b	118,101,114,105,102,121,82,101,115,117,108,116,0

                                                                      Page 182
                                                              C:\Windows\TEMP\gh_00000ro3.si
00002eb3 65527966 
00002eb7 746c7573 
00002ebb 00 
00002ebc 01bf      10036 	.data.b	191,1
00002ebe 51        10037 	.data.b	81
00002ebf 01        10038 	.data.b	1
00002ec0 00000000* 10039 	.data.w	.LDW_4a04be0
00002ec4 00        10040 	.data.b	0
00002ec5 5101      10041 	.data.b	1,81
                   10042 
                   10043 .LDW_4a23c70:
00002ec7 1f        10044 	.data.b	31
00002ec8 00000000* 10045 	.data.w	.LDW28
00002ecc 00000000* 10046 	.data.w	.LDW38
                   10047 
00002ed0 00        10048 	.data.b	0
                   10049 
00002ed1 00        10050 	.data.b	0
                   10051 
                   10052 .LDW_4a0cb80:
00002ed2 16        10053 	.data.b	22
00002ed3 5f4d5348  10054 	.data.b	72,83,77,95,82,115,97,80,107,99,115,49,118,49,53,69,110,99,83,116,97,114,116,0
00002ed7 50617352 
00002edb 3173636b 
00002edf 45353176 
00002ee3 7453636e 
00002ee7 00747261 
00002eeb 01c3      10055 	.data.b	195,1
00002eed 10        10056 	.data.b	16
00002eee 01        10057 	.data.b	1
00002eef 00000000* 10058 	.data.w	.LDW_3791950
00002ef3 00000000* 10059 	.data.w	HSM_RsaPkcs1v15EncStart
00002ef7 00000000* 10060 	.data.w	__ghs_eofn_HSM_RsaPkcs1v15EncStart
00002efb 5d01      10061 	.data.b	1,93
00002efd 00        10062 	.data.b	0
00002efe 04        10063 	.data.b	4
00002eff 00        10064 	.data.b	0
00002f00 7c        10065 	.data.b	124
00002f01 01        10066 	.data.b	1
00002f02 00        10067 	.data.b	0
00002f03 00        10068 	.data.b	0
00002f04 01        10069 	.data.b	1
00002f05 01        10070 	.data.b	1
00002f06 00        10071 	.data.b	0
00002f07 01        10072 	.data.b	1
                   10073 
                   10074 	.section	.debug_frame
                   10075 .LDW_4c07d50:
00000408 00000000* 10076 	.data.w	.LDW_unq_4e-.LDW_unq_4d
                   10077 .LDW_unq_4d:
0000040c 00000000* 10078 	.data.w	.LDW_4a21e10
00000410 00000000* 10079 	.data.w	HSM_RsaPkcs1v15EncStart
00000414 00000004  10080 	.data.w	__ghs_eofn_HSM_RsaPkcs1v15EncStart-HSM_RsaPkcs1v15EncStart
00000418 01        10081 	.data.b	1
00000419 00000000* 10082 	.data.w	.LDW58
0000041d 00        10083 	.data.b	0
0000041e 00        10084 	.data.b	0
0000041f 00        10085 	.data.b	0
                   10086 .LDW_unq_4e:
                   10087 	.section	.debug_line
000003af 020500    10088 	.data.b	0,5,2

                                                                      Page 183
                                                              C:\Windows\TEMP\gh_00000ro3.si
000003b2 00000000* 10089 	.data.w	HSM_RsaPkcs1v15EncStart
000003b6 06        10090 	.data.b	6
000003b7 03        10091 	.data.b	3
000003b8 01c4      10092 	.data.b	196,1
000003ba 02        10093 	.data.b	2
000003bb 00        10094 	.data.b	0
000003bc 01        10095 	.data.b	1
000003bd 06        10096 	.data.b	6
000003be 02        10097 	.data.b	2
000003bf 02        10098 	.data.b	2
000003c0 02        10099 	.data.b	2
000003c1 02        10100 	.data.b	2
000003c2 010100    10101 	.data.b	0,1,1
                   10102 	.section	.debug_info
                   10103 .LDW_4a23d28:
00002f08 11        10104 	.data.b	17
00002f09 73636b70  10105 	.data.b	112,107,99,115,49,67,116,120,0
00002f0d 78744331 
00002f11 00 
00002f12 01c3      10106 	.data.b	195,1
00002f14 36        10107 	.data.b	54
00002f15 01        10108 	.data.b	1
00002f16 00000000* 10109 	.data.w	.LDW_3791988
00002f1a 00        10110 	.data.b	0
00002f1b 5001      10111 	.data.b	1,80
                   10112 
                   10113 .LDW_4a245c0:
00002f1d 11        10114 	.data.b	17
00002f1e 4b617372  10115 	.data.b	114,115,97,75,101,121,78,117,109,0
00002f22 754e7965 
00002f26 006d 
00002f28 01c3      10116 	.data.b	195,1
00002f2a 47        10117 	.data.b	71
00002f2b 01        10118 	.data.b	1
00002f2c 00000000* 10119 	.data.w	.LDW_37919c0
00002f30 00        10120 	.data.b	0
00002f31 5101      10121 	.data.b	1,81
                   10122 
                   10123 .LDW_4a23b20:
00002f33 1f        10124 	.data.b	31
00002f34 00000000* 10125 	.data.w	.LDW48
00002f38 00000000* 10126 	.data.w	.LDW58
                   10127 
00002f3c 00        10128 	.data.b	0
                   10129 
00002f3d 00        10130 	.data.b	0
                   10131 
                   10132 .LDW_4a0c920:
00002f3e 16        10133 	.data.b	22
00002f3f 5f4d5348  10134 	.data.b	72,83,77,95,82,115,97,80,107,99,115,49,118,49,53,69,110,99,85,112,100,97,116,101,0
00002f43 50617352 
00002f47 3173636b 
00002f4b 45353176 
00002f4f 7055636e 
00002f53 65746164 
00002f57 00 
00002f58 01c7      10135 	.data.b	199,1
00002f5a 10        10136 	.data.b	16
00002f5b 01        10137 	.data.b	1
00002f5c 00000000* 10138 	.data.w	.LDW_3791950
00002f60 00000000* 10139 	.data.w	HSM_RsaPkcs1v15EncUpdate

                                                                      Page 184
                                                              C:\Windows\TEMP\gh_00000ro3.si
00002f64 00000000* 10140 	.data.w	__ghs_eofn_HSM_RsaPkcs1v15EncUpdate
00002f68 5d01      10141 	.data.b	1,93
00002f6a 00        10142 	.data.b	0
00002f6b 04        10143 	.data.b	4
00002f6c 00        10144 	.data.b	0
00002f6d 7c        10145 	.data.b	124
00002f6e 01        10146 	.data.b	1
00002f6f 00        10147 	.data.b	0
00002f70 00        10148 	.data.b	0
00002f71 01        10149 	.data.b	1
00002f72 01        10150 	.data.b	1
00002f73 00        10151 	.data.b	0
00002f74 01        10152 	.data.b	1
                   10153 
                   10154 	.section	.debug_frame
                   10155 .LDW_4c08250:
00000420 00000000* 10156 	.data.w	.LDW_unq_50-.LDW_unq_4f
                   10157 .LDW_unq_4f:
00000424 00000000* 10158 	.data.w	.LDW_4a21e10
00000428 00000000* 10159 	.data.w	HSM_RsaPkcs1v15EncUpdate
0000042c 00000004  10160 	.data.w	__ghs_eofn_HSM_RsaPkcs1v15EncUpdate-HSM_RsaPkcs1v15EncUpdate
00000430 01        10161 	.data.b	1
00000431 00000000* 10162 	.data.w	.LDW78
00000435 00        10163 	.data.b	0
00000436 00        10164 	.data.b	0
00000437 00        10165 	.data.b	0
                   10166 .LDW_unq_50:
                   10167 	.section	.debug_line
000003c5 020500    10168 	.data.b	0,5,2
000003c8 00000000* 10169 	.data.w	HSM_RsaPkcs1v15EncUpdate
000003cc 06        10170 	.data.b	6
000003cd 03        10171 	.data.b	3
000003ce 01c8      10172 	.data.b	200,1
000003d0 02        10173 	.data.b	2
000003d1 00        10174 	.data.b	0
000003d2 01        10175 	.data.b	1
000003d3 06        10176 	.data.b	6
000003d4 02        10177 	.data.b	2
000003d5 02        10178 	.data.b	2
000003d6 02        10179 	.data.b	2
000003d7 02        10180 	.data.b	2
000003d8 010100    10181 	.data.b	0,1,1
                   10182 	.section	.debug_info
                   10183 .LDW_4a24618:
00002f75 11        10184 	.data.b	17
00002f76 73636b70  10185 	.data.b	112,107,99,115,49,67,116,120,0
00002f7a 78744331 
00002f7e 00 
00002f7f 01c7      10186 	.data.b	199,1
00002f81 3d        10187 	.data.b	61
00002f82 01        10188 	.data.b	1
00002f83 00000000* 10189 	.data.w	.LDW_3792050
00002f87 00        10190 	.data.b	0
00002f88 5001      10191 	.data.b	1,80
                   10192 
                   10193 .LDW_4a24670:
00002f8a 11        10194 	.data.b	17
00002f8b 0067736d  10195 	.data.b	109,115,103,0
00002f8f 01c7      10196 	.data.b	199,1
00002f91 54        10197 	.data.b	84
00002f92 01        10198 	.data.b	1

                                                                      Page 185
                                                              C:\Windows\TEMP\gh_00000ro3.si
00002f93 00000000* 10199 	.data.w	.LDW_3791c98
00002f97 00        10200 	.data.b	0
00002f98 5101      10201 	.data.b	1,81
                   10202 
                   10203 .LDW_4a23e88:
00002f9a 11        10204 	.data.b	17
00002f9b 4c67736d  10205 	.data.b	109,115,103,76,101,110,0
00002f9f 006e65 
00002fa2 01c7      10206 	.data.b	199,1
00002fa4 60        10207 	.data.b	96
00002fa5 01        10208 	.data.b	1
00002fa6 00000000* 10209 	.data.w	.LDW_3792088
00002faa 00        10210 	.data.b	0
00002fab 5201      10211 	.data.b	1,82
                   10212 
                   10213 .LDW_4a23c10:
00002fad 1f        10214 	.data.b	31
00002fae 00000000* 10215 	.data.w	.LDW68
00002fb2 00000000* 10216 	.data.w	.LDW78
                   10217 
00002fb6 00        10218 	.data.b	0
                   10219 
00002fb7 00        10220 	.data.b	0
                   10221 
                   10222 .LDW_4a0d338:
00002fb8 16        10223 	.data.b	22
00002fb9 5f4d5348  10224 	.data.b	72,83,77,95,82,115,97,80,107,99,115,49,118,49,53,69,110,99,70,105,110,105,115,104,0
00002fbd 50617352 
00002fc1 3173636b 
00002fc5 45353176 
00002fc9 6946636e 
00002fcd 6873696e 
00002fd1 00 
00002fd2 01cb      10225 	.data.b	203,1
00002fd4 10        10226 	.data.b	16
00002fd5 01        10227 	.data.b	1
00002fd6 00000000* 10228 	.data.w	.LDW_3791950
00002fda 00000000* 10229 	.data.w	HSM_RsaPkcs1v15EncFinish
00002fde 00000000* 10230 	.data.w	__ghs_eofn_HSM_RsaPkcs1v15EncFinish
00002fe2 5d01      10231 	.data.b	1,93
00002fe4 00        10232 	.data.b	0
00002fe5 04        10233 	.data.b	4
00002fe6 00        10234 	.data.b	0
00002fe7 7c        10235 	.data.b	124
00002fe8 01        10236 	.data.b	1
00002fe9 00        10237 	.data.b	0
00002fea 00        10238 	.data.b	0
00002feb 01        10239 	.data.b	1
00002fec 01        10240 	.data.b	1
00002fed 00        10241 	.data.b	0
00002fee 01        10242 	.data.b	1
                   10243 
                   10244 	.section	.debug_frame
                   10245 .LDW_4c08750:
00000438 00000000* 10246 	.data.w	.LDW_unq_52-.LDW_unq_51
                   10247 .LDW_unq_51:
0000043c 00000000* 10248 	.data.w	.LDW_4a21e10
00000440 00000000* 10249 	.data.w	HSM_RsaPkcs1v15EncFinish
00000444 00000004  10250 	.data.w	__ghs_eofn_HSM_RsaPkcs1v15EncFinish-HSM_RsaPkcs1v15EncFinish
00000448 01        10251 	.data.b	1
00000449 00000000* 10252 	.data.w	.LDW98

                                                                      Page 186
                                                              C:\Windows\TEMP\gh_00000ro3.si
0000044d 00        10253 	.data.b	0
0000044e 00        10254 	.data.b	0
0000044f 00        10255 	.data.b	0
                   10256 .LDW_unq_52:
                   10257 	.section	.debug_line
000003db 020500    10258 	.data.b	0,5,2
000003de 00000000* 10259 	.data.w	HSM_RsaPkcs1v15EncFinish
000003e2 06        10260 	.data.b	6
000003e3 03        10261 	.data.b	3
000003e4 01cc      10262 	.data.b	204,1
000003e6 02        10263 	.data.b	2
000003e7 00        10264 	.data.b	0
000003e8 01        10265 	.data.b	1
000003e9 06        10266 	.data.b	6
000003ea 02        10267 	.data.b	2
000003eb 02        10268 	.data.b	2
000003ec 02        10269 	.data.b	2
000003ed 02        10270 	.data.b	2
000003ee 010100    10271 	.data.b	0,1,1
                   10272 	.section	.debug_info
                   10273 .LDW_4a24778:
00002fef 11        10274 	.data.b	17
00002ff0 73636b70  10275 	.data.b	112,107,99,115,49,67,116,120,0
00002ff4 78744331 
00002ff8 00 
00002ff9 01cb      10276 	.data.b	203,1
00002ffb 3d        10277 	.data.b	61
00002ffc 01        10278 	.data.b	1
00002ffd 00000000* 10279 	.data.w	.LDW_3792050
00003001 00        10280 	.data.b	0
00003002 5001      10281 	.data.b	1,80
                   10282 
                   10283 .LDW_4a23ee0:
00003004 11        10284 	.data.b	17
00003005 68706963  10285 	.data.b	99,105,112,104,101,114,0
00003009 007265 
0000300c 01cb      10286 	.data.b	203,1
0000300e 4e        10287 	.data.b	78
0000300f 01        10288 	.data.b	1
00003010 00000000* 10289 	.data.w	.LDW_4a04be0
00003014 00        10290 	.data.b	0
00003015 5101      10291 	.data.b	1,81
                   10292 
                   10293 .LDW_4a258f8:
00003017 1f        10294 	.data.b	31
00003018 00000000* 10295 	.data.w	.LDW88
0000301c 00000000* 10296 	.data.w	.LDW98
                   10297 
00003020 00        10298 	.data.b	0
                   10299 
00003021 00        10300 	.data.b	0
                   10301 
                   10302 .LDW_4a0cc18:
00003022 16        10303 	.data.b	22
00003023 5f4d5348  10304 	.data.b	72,83,77,95,82,115,97,80,107,99,115,49,118,49,53,68,101,99,83,116,97,114,116,0
00003027 50617352 
0000302b 3173636b 
0000302f 44353176 
00003033 74536365 
00003037 00747261 
0000303b 01cf      10305 	.data.b	207,1

                                                                      Page 187
                                                              C:\Windows\TEMP\gh_00000ro3.si
0000303d 10        10306 	.data.b	16
0000303e 01        10307 	.data.b	1
0000303f 00000000* 10308 	.data.w	.LDW_3791950
00003043 00000000* 10309 	.data.w	HSM_RsaPkcs1v15DecStart
00003047 00000000* 10310 	.data.w	__ghs_eofn_HSM_RsaPkcs1v15DecStart
0000304b 5d01      10311 	.data.b	1,93
0000304d 00        10312 	.data.b	0
0000304e 04        10313 	.data.b	4
0000304f 00        10314 	.data.b	0
00003050 7c        10315 	.data.b	124
00003051 01        10316 	.data.b	1
00003052 00        10317 	.data.b	0
00003053 00        10318 	.data.b	0
00003054 01        10319 	.data.b	1
00003055 01        10320 	.data.b	1
00003056 00        10321 	.data.b	0
00003057 01        10322 	.data.b	1
                   10323 
                   10324 	.section	.debug_frame
                   10325 .LDW_4c08f50:
00000450 00000000* 10326 	.data.w	.LDW_unq_54-.LDW_unq_53
                   10327 .LDW_unq_53:
00000454 00000000* 10328 	.data.w	.LDW_4a21e10
00000458 00000000* 10329 	.data.w	HSM_RsaPkcs1v15DecStart
0000045c 00000004  10330 	.data.w	__ghs_eofn_HSM_RsaPkcs1v15DecStart-HSM_RsaPkcs1v15DecStart
00000460 01        10331 	.data.b	1
00000461 00000000* 10332 	.data.w	.LDW19
00000465 00        10333 	.data.b	0
00000466 00        10334 	.data.b	0
00000467 00        10335 	.data.b	0
                   10336 .LDW_unq_54:
                   10337 	.section	.debug_line
000003f1 020500    10338 	.data.b	0,5,2
000003f4 00000000* 10339 	.data.w	HSM_RsaPkcs1v15DecStart
000003f8 06        10340 	.data.b	6
000003f9 03        10341 	.data.b	3
000003fa 01d0      10342 	.data.b	208,1
000003fc 02        10343 	.data.b	2
000003fd 00        10344 	.data.b	0
000003fe 01        10345 	.data.b	1
000003ff 06        10346 	.data.b	6
00000400 02        10347 	.data.b	2
00000401 02        10348 	.data.b	2
00000402 02        10349 	.data.b	2
00000403 02        10350 	.data.b	2
00000404 010100    10351 	.data.b	0,1,1
                   10352 	.section	.debug_info
                   10353 .LDW_4a247d0:
00003058 11        10354 	.data.b	17
00003059 73636b70  10355 	.data.b	112,107,99,115,49,67,116,120,0
0000305d 78744331 
00003061 00 
00003062 01cf      10356 	.data.b	207,1
00003064 36        10357 	.data.b	54
00003065 01        10358 	.data.b	1
00003066 00000000* 10359 	.data.w	.LDW_3791988
0000306a 00        10360 	.data.b	0
0000306b 5001      10361 	.data.b	1,80
                   10362 
                   10363 .LDW_4a23e30:
0000306d 11        10364 	.data.b	17

                                                                      Page 188
                                                              C:\Windows\TEMP\gh_00000ro3.si
0000306e 4b617372  10365 	.data.b	114,115,97,75,101,121,78,117,109,0
00003072 754e7965 
00003076 006d 
00003078 01cf      10366 	.data.b	207,1
0000307a 47        10367 	.data.b	71
0000307b 01        10368 	.data.b	1
0000307c 00000000* 10369 	.data.w	.LDW_37919c0
00003080 00        10370 	.data.b	0
00003081 5101      10371 	.data.b	1,81
                   10372 
                   10373 .LDW_4a255c8:
00003083 1f        10374 	.data.b	31
00003084 00000000* 10375 	.data.w	.LDW09
00003088 00000000* 10376 	.data.w	.LDW19
                   10377 
0000308c 00        10378 	.data.b	0
                   10379 
0000308d 00        10380 	.data.b	0
                   10381 
                   10382 .LDW_4a0d3d0:
0000308e 16        10383 	.data.b	22
0000308f 5f4d5348  10384 	.data.b	72,83,77,95,82,115,97,80,107,99,115,49,118,49,53,68,101,99,85,112,100,97,116,101,0
00003093 50617352 
00003097 3173636b 
0000309b 44353176 
0000309f 70556365 
000030a3 65746164 
000030a7 00 
000030a8 01d3      10385 	.data.b	211,1
000030aa 10        10386 	.data.b	16
000030ab 01        10387 	.data.b	1
000030ac 00000000* 10388 	.data.w	.LDW_3791950
000030b0 00000000* 10389 	.data.w	HSM_RsaPkcs1v15DecUpdate
000030b4 00000000* 10390 	.data.w	__ghs_eofn_HSM_RsaPkcs1v15DecUpdate
000030b8 5d01      10391 	.data.b	1,93
000030ba 00        10392 	.data.b	0
000030bb 04        10393 	.data.b	4
000030bc 00        10394 	.data.b	0
000030bd 7c        10395 	.data.b	124
000030be 01        10396 	.data.b	1
000030bf 00        10397 	.data.b	0
000030c0 00        10398 	.data.b	0
000030c1 01        10399 	.data.b	1
000030c2 01        10400 	.data.b	1
000030c3 00        10401 	.data.b	0
000030c4 01        10402 	.data.b	1
                   10403 
                   10404 	.section	.debug_frame
                   10405 .LDW_4c08c50:
00000468 00000000* 10406 	.data.w	.LDW_unq_56-.LDW_unq_55
                   10407 .LDW_unq_55:
0000046c 00000000* 10408 	.data.w	.LDW_4a21e10
00000470 00000000* 10409 	.data.w	HSM_RsaPkcs1v15DecUpdate
00000474 00000004  10410 	.data.w	__ghs_eofn_HSM_RsaPkcs1v15DecUpdate-HSM_RsaPkcs1v15DecUpdate
00000478 01        10411 	.data.b	1
00000479 00000000* 10412 	.data.w	.LDW39
0000047d 00        10413 	.data.b	0
0000047e 00        10414 	.data.b	0
0000047f 00        10415 	.data.b	0
                   10416 .LDW_unq_56:
                   10417 	.section	.debug_line

                                                                      Page 189
                                                              C:\Windows\TEMP\gh_00000ro3.si
00000407 020500    10418 	.data.b	0,5,2
0000040a 00000000* 10419 	.data.w	HSM_RsaPkcs1v15DecUpdate
0000040e 06        10420 	.data.b	6
0000040f 03        10421 	.data.b	3
00000410 01d4      10422 	.data.b	212,1
00000412 02        10423 	.data.b	2
00000413 00        10424 	.data.b	0
00000414 01        10425 	.data.b	1
00000415 06        10426 	.data.b	6
00000416 02        10427 	.data.b	2
00000417 02        10428 	.data.b	2
00000418 02        10429 	.data.b	2
00000419 02        10430 	.data.b	2
0000041a 010100    10431 	.data.b	0,1,1
                   10432 	.section	.debug_info
                   10433 .LDW_4a23f38:
000030c5 11        10434 	.data.b	17
000030c6 73636b70  10435 	.data.b	112,107,99,115,49,67,116,120,0
000030ca 78744331 
000030ce 00 
000030cf 01d3      10436 	.data.b	211,1
000030d1 3d        10437 	.data.b	61
000030d2 01        10438 	.data.b	1
000030d3 00000000* 10439 	.data.w	.LDW_3792050
000030d7 00        10440 	.data.b	0
000030d8 5001      10441 	.data.b	1,80
                   10442 
                   10443 .LDW_4a24880:
000030da 11        10444 	.data.b	17
000030db 68706963  10445 	.data.b	99,105,112,104,101,114,0
000030df 007265 
000030e2 01d3      10446 	.data.b	211,1
000030e4 54        10447 	.data.b	84
000030e5 01        10448 	.data.b	1
000030e6 00000000* 10449 	.data.w	.LDW_3791c98
000030ea 00        10450 	.data.b	0
000030eb 5101      10451 	.data.b	1,81
                   10452 
                   10453 .LDW_4a25808:
000030ed 1f        10454 	.data.b	31
000030ee 00000000* 10455 	.data.w	.LDW29
000030f2 00000000* 10456 	.data.w	.LDW39
                   10457 
000030f6 00        10458 	.data.b	0
                   10459 
000030f7 00        10460 	.data.b	0
                   10461 
                   10462 .LDW_4a277a8:
000030f8 16        10463 	.data.b	22
000030f9 5f4d5348  10464 	.data.b	72,83,77,95,82,115,97,80,107,99,115,49,118,49,53,68,101,99,70,105,110,105,115,104,0
000030fd 50617352 
00003101 3173636b 
00003105 44353176 
00003109 69466365 
0000310d 6873696e 
00003111 00 
00003112 01d7      10465 	.data.b	215,1
00003114 10        10466 	.data.b	16
00003115 01        10467 	.data.b	1
00003116 00000000* 10468 	.data.w	.LDW_3791950
0000311a 00000000* 10469 	.data.w	HSM_RsaPkcs1v15DecFinish

                                                                      Page 190
                                                              C:\Windows\TEMP\gh_00000ro3.si
0000311e 00000000* 10470 	.data.w	__ghs_eofn_HSM_RsaPkcs1v15DecFinish
00003122 5d01      10471 	.data.b	1,93
00003124 00        10472 	.data.b	0
00003125 04        10473 	.data.b	4
00003126 00        10474 	.data.b	0
00003127 7c        10475 	.data.b	124
00003128 01        10476 	.data.b	1
00003129 00        10477 	.data.b	0
0000312a 00        10478 	.data.b	0
0000312b 01        10479 	.data.b	1
0000312c 01        10480 	.data.b	1
0000312d 00        10481 	.data.b	0
0000312e 01        10482 	.data.b	1
                   10483 
                   10484 	.section	.debug_frame
                   10485 .LDW_4c08790:
00000480 00000000* 10486 	.data.w	.LDW_unq_58-.LDW_unq_57
                   10487 .LDW_unq_57:
00000484 00000000* 10488 	.data.w	.LDW_4a21e10
00000488 00000000* 10489 	.data.w	HSM_RsaPkcs1v15DecFinish
0000048c 00000004  10490 	.data.w	__ghs_eofn_HSM_RsaPkcs1v15DecFinish-HSM_RsaPkcs1v15DecFinish
00000490 01        10491 	.data.b	1
00000491 00000000* 10492 	.data.w	.LDW59
00000495 00        10493 	.data.b	0
00000496 00        10494 	.data.b	0
00000497 00        10495 	.data.b	0
                   10496 .LDW_unq_58:
                   10497 	.section	.debug_line
0000041d 020500    10498 	.data.b	0,5,2
00000420 00000000* 10499 	.data.w	HSM_RsaPkcs1v15DecFinish
00000424 06        10500 	.data.b	6
00000425 03        10501 	.data.b	3
00000426 01d8      10502 	.data.b	216,1
00000428 02        10503 	.data.b	2
00000429 00        10504 	.data.b	0
0000042a 01        10505 	.data.b	1
0000042b 06        10506 	.data.b	6
0000042c 02        10507 	.data.b	2
0000042d 02        10508 	.data.b	2
0000042e 02        10509 	.data.b	2
0000042f 02        10510 	.data.b	2
00000430 010100    10511 	.data.b	0,1,1
                   10512 	.section	.debug_info
                   10513 .LDW_4a248d8:
0000312f 11        10514 	.data.b	17
00003130 73636b70  10515 	.data.b	112,107,99,115,49,67,116,120,0
00003134 78744331 
00003138 00 
00003139 01d7      10516 	.data.b	215,1
0000313b 3d        10517 	.data.b	61
0000313c 01        10518 	.data.b	1
0000313d 00000000* 10519 	.data.w	.LDW_3792050
00003141 00        10520 	.data.b	0
00003142 5001      10521 	.data.b	1,80
                   10522 
                   10523 .LDW_4a24930:
00003144 11        10524 	.data.b	17
00003145 0067736d  10525 	.data.b	109,115,103,0
00003149 01d7      10526 	.data.b	215,1
0000314b 4e        10527 	.data.b	78
0000314c 01        10528 	.data.b	1

                                                                      Page 191
                                                              C:\Windows\TEMP\gh_00000ro3.si
0000314d 00000000* 10529 	.data.w	.LDW_4a04be0
00003151 00        10530 	.data.b	0
00003152 5101      10531 	.data.b	1,81
                   10532 
                   10533 .LDW_4a24a90:
00003154 11        10534 	.data.b	17
00003155 4c67736d  10535 	.data.b	109,115,103,76,101,110,0
00003159 006e65 
0000315c 01d7      10536 	.data.b	215,1
0000315e 5b        10537 	.data.b	91
0000315f 01        10538 	.data.b	1
00003160 00000000* 10539 	.data.w	.LDW_4a24e10
00003164 00        10540 	.data.b	0
00003165 5201      10541 	.data.b	1,82
                   10542 
                   10543 .LDW_4a255f8:
00003167 1f        10544 	.data.b	31
00003168 00000000* 10545 	.data.w	.LDW49
0000316c 00000000* 10546 	.data.w	.LDW59
                   10547 
00003170 00        10548 	.data.b	0
                   10549 
00003171 00        10550 	.data.b	0
                   10551 
                   10552 .LDW_4a26540:
00003172 16        10553 	.data.b	22
00003173 5f4d5348  10554 	.data.b	72,83,77,95,82,115,97,80,107,99,115,49,80,115,115,83,105,103,110,83,116,97,114,116,0
00003177 50617352 
0000317b 3173636b 
0000317f 53737350 
00003183 536e6769 
00003187 74726174 
0000318b 00 
0000318c 01db      10555 	.data.b	219,1
0000318e 10        10556 	.data.b	16
0000318f 01        10557 	.data.b	1
00003190 00000000* 10558 	.data.w	.LDW_3791950
00003194 00000000* 10559 	.data.w	HSM_RsaPkcs1PssSignStart
00003198 00000000* 10560 	.data.w	__ghs_eofn_HSM_RsaPkcs1PssSignStart
0000319c 5d01      10561 	.data.b	1,93
0000319e 00        10562 	.data.b	0
0000319f 04        10563 	.data.b	4
000031a0 00        10564 	.data.b	0
000031a1 7c        10565 	.data.b	124
000031a2 01        10566 	.data.b	1
000031a3 00        10567 	.data.b	0
000031a4 00        10568 	.data.b	0
000031a5 01        10569 	.data.b	1
000031a6 01        10570 	.data.b	1
000031a7 00        10571 	.data.b	0
000031a8 01        10572 	.data.b	1
                   10573 
                   10574 	.section	.debug_frame
                   10575 .LDW_4c09750:
00000498 00000000* 10576 	.data.w	.LDW_unq_5a-.LDW_unq_59
                   10577 .LDW_unq_59:
0000049c 00000000* 10578 	.data.w	.LDW_4a21e10
000004a0 00000000* 10579 	.data.w	HSM_RsaPkcs1PssSignStart
000004a4 00000004  10580 	.data.w	__ghs_eofn_HSM_RsaPkcs1PssSignStart-HSM_RsaPkcs1PssSignStart
000004a8 01        10581 	.data.b	1
000004a9 00000000* 10582 	.data.w	.LDW79

                                                                      Page 192
                                                              C:\Windows\TEMP\gh_00000ro3.si
000004ad 00        10583 	.data.b	0
000004ae 00        10584 	.data.b	0
000004af 00        10585 	.data.b	0
                   10586 .LDW_unq_5a:
                   10587 	.section	.debug_line
00000433 020500    10588 	.data.b	0,5,2
00000436 00000000* 10589 	.data.w	HSM_RsaPkcs1PssSignStart
0000043a 06        10590 	.data.b	6
0000043b 03        10591 	.data.b	3
0000043c 01dc      10592 	.data.b	220,1
0000043e 02        10593 	.data.b	2
0000043f 00        10594 	.data.b	0
00000440 01        10595 	.data.b	1
00000441 06        10596 	.data.b	6
00000442 02        10597 	.data.b	2
00000443 02        10598 	.data.b	2
00000444 02        10599 	.data.b	2
00000445 02        10600 	.data.b	2
00000446 010100    10601 	.data.b	0,1,1
                   10602 	.section	.debug_info
                   10603 .LDW_4a24c48:
000031a9 11        10604 	.data.b	17
000031aa 73636b70  10605 	.data.b	112,107,99,115,49,67,116,120,0
000031ae 78744331 
000031b2 00 
000031b3 01db      10606 	.data.b	219,1
000031b5 37        10607 	.data.b	55
000031b6 01        10608 	.data.b	1
000031b7 00000000* 10609 	.data.w	.LDW_3791988
000031bb 00        10610 	.data.b	0
000031bc 5001      10611 	.data.b	1,80
                   10612 
                   10613 .LDW_4a24988:
000031be 11        10614 	.data.b	17
000031bf 4b617372  10615 	.data.b	114,115,97,75,101,121,78,117,109,0
000031c3 754e7965 
000031c7 006d 
000031c9 01db      10616 	.data.b	219,1
000031cb 48        10617 	.data.b	72
000031cc 01        10618 	.data.b	1
000031cd 00000000* 10619 	.data.w	.LDW_37919c0
000031d1 00        10620 	.data.b	0
000031d2 5101      10621 	.data.b	1,81
                   10622 
                   10623 .LDW_4a258c8:
000031d4 1f        10624 	.data.b	31
000031d5 00000000* 10625 	.data.w	.LDW69
000031d9 00000000* 10626 	.data.w	.LDW79
                   10627 
000031dd 00        10628 	.data.b	0
                   10629 
000031de 00        10630 	.data.b	0
                   10631 
                   10632 .LDW_4a27088:
000031df 16        10633 	.data.b	22
000031e0 5f4d5348  10634 	.data.b	72,83,77,95,82,115,97,80,107,99,115,49,80,115,115,83,105,103,110,85,112,100,97,116,101,0
000031e4 50617352 
000031e8 3173636b 
000031ec 53737350 
000031f0 556e6769 
000031f4 74616470 

                                                                      Page 193
                                                              C:\Windows\TEMP\gh_00000ro3.si
000031f8 0065 
000031fa 01df      10635 	.data.b	223,1
000031fc 10        10636 	.data.b	16
000031fd 01        10637 	.data.b	1
000031fe 00000000* 10638 	.data.w	.LDW_3791950
00003202 00000000* 10639 	.data.w	HSM_RsaPkcs1PssSignUpdate
00003206 00000000* 10640 	.data.w	__ghs_eofn_HSM_RsaPkcs1PssSignUpdate
0000320a 5d01      10641 	.data.b	1,93
0000320c 00        10642 	.data.b	0
0000320d 04        10643 	.data.b	4
0000320e 00        10644 	.data.b	0
0000320f 7c        10645 	.data.b	124
00003210 01        10646 	.data.b	1
00003211 00        10647 	.data.b	0
00003212 00        10648 	.data.b	0
00003213 01        10649 	.data.b	1
00003214 01        10650 	.data.b	1
00003215 00        10651 	.data.b	0
00003216 01        10652 	.data.b	1
                   10653 
                   10654 	.section	.debug_frame
                   10655 .LDW_4c09710:
000004b0 00000000* 10656 	.data.w	.LDW_unq_5c-.LDW_unq_5b
                   10657 .LDW_unq_5b:
000004b4 00000000* 10658 	.data.w	.LDW_4a21e10
000004b8 00000000* 10659 	.data.w	HSM_RsaPkcs1PssSignUpdate
000004bc 00000004  10660 	.data.w	__ghs_eofn_HSM_RsaPkcs1PssSignUpdate-HSM_RsaPkcs1PssSignUpdate
000004c0 01        10661 	.data.b	1
000004c1 00000000* 10662 	.data.w	.LDW99
000004c5 00        10663 	.data.b	0
000004c6 00        10664 	.data.b	0
000004c7 00        10665 	.data.b	0
                   10666 .LDW_unq_5c:
                   10667 	.section	.debug_line
00000449 020500    10668 	.data.b	0,5,2
0000044c 00000000* 10669 	.data.w	HSM_RsaPkcs1PssSignUpdate
00000450 06        10670 	.data.b	6
00000451 03        10671 	.data.b	3
00000452 01e0      10672 	.data.b	224,1
00000454 02        10673 	.data.b	2
00000455 00        10674 	.data.b	0
00000456 01        10675 	.data.b	1
00000457 06        10676 	.data.b	6
00000458 02        10677 	.data.b	2
00000459 02        10678 	.data.b	2
0000045a 02        10679 	.data.b	2
0000045b 02        10680 	.data.b	2
0000045c 010100    10681 	.data.b	0,1,1
                   10682 	.section	.debug_info
                   10683 .LDW_4a249e0:
00003217 11        10684 	.data.b	17
00003218 73636b70  10685 	.data.b	112,107,99,115,49,67,116,120,0
0000321c 78744331 
00003220 00 
00003221 01df      10686 	.data.b	223,1
00003223 3e        10687 	.data.b	62
00003224 01        10688 	.data.b	1
00003225 00000000* 10689 	.data.w	.LDW_3792050
00003229 00        10690 	.data.b	0
0000322a 5001      10691 	.data.b	1,80
                   10692 

                                                                      Page 194
                                                              C:\Windows\TEMP\gh_00000ro3.si
                   10693 .LDW_4a24b40:
0000322c 11        10694 	.data.b	17
0000322d 65676964  10695 	.data.b	100,105,103,101,115,116,0
00003231 007473 
00003234 01df      10696 	.data.b	223,1
00003236 55        10697 	.data.b	85
00003237 01        10698 	.data.b	1
00003238 00000000* 10699 	.data.w	.LDW_3791c98
0000323c 00        10700 	.data.b	0
0000323d 5101      10701 	.data.b	1,81
                   10702 
                   10703 .LDW_4a24ca0:
0000323f 11        10704 	.data.b	17
00003240 746c6173  10705 	.data.b	115,97,108,116,0
00003244 00 
00003245 01df      10706 	.data.b	223,1
00003247 6a        10707 	.data.b	106
00003248 01        10708 	.data.b	1
00003249 00000000* 10709 	.data.w	.LDW_3791c98
0000324d 00        10710 	.data.b	0
0000324e 5201      10711 	.data.b	1,82
                   10712 
                   10713 .LDW_4a24a38:
00003250 11        10714 	.data.b	17
00003251 746c6173  10715 	.data.b	115,97,108,116,76,101,110,0
00003255 006e654c 
00003259 01df      10716 	.data.b	223,1
0000325b 77        10717 	.data.b	119
0000325c 01        10718 	.data.b	1
0000325d 00000000* 10719 	.data.w	.LDW_3792088
00003261 00        10720 	.data.b	0
00003262 5301      10721 	.data.b	1,83
                   10722 
                   10723 .LDW_4a25a18:
00003264 1f        10724 	.data.b	31
00003265 00000000* 10725 	.data.w	.LDW89
00003269 00000000* 10726 	.data.w	.LDW99
                   10727 
0000326d 00        10728 	.data.b	0
                   10729 
0000326e 00        10730 	.data.b	0
                   10731 
                   10732 .LDW_4a267a0:
0000326f 16        10733 	.data.b	22
00003270 5f4d5348  10734 	.data.b	72,83,77,95,82,115,97,80,107,99,115,49,80,115,115,83,105,103,110,70,105,110,105,115,104,0
00003274 50617352 
00003278 3173636b 
0000327c 53737350 
00003280 466e6769 
00003284 73696e69 
00003288 0068 
0000328a 01e3      10735 	.data.b	227,1
0000328c 10        10736 	.data.b	16
0000328d 01        10737 	.data.b	1
0000328e 00000000* 10738 	.data.w	.LDW_3791950
00003292 00000000* 10739 	.data.w	HSM_RsaPkcs1PssSignFinish
00003296 00000000* 10740 	.data.w	__ghs_eofn_HSM_RsaPkcs1PssSignFinish
0000329a 5d01      10741 	.data.b	1,93
0000329c 00        10742 	.data.b	0
0000329d 04        10743 	.data.b	4
0000329e 00        10744 	.data.b	0

                                                                      Page 195
                                                              C:\Windows\TEMP\gh_00000ro3.si
0000329f 7c        10745 	.data.b	124
000032a0 01        10746 	.data.b	1
000032a1 00        10747 	.data.b	0
000032a2 00        10748 	.data.b	0
000032a3 01        10749 	.data.b	1
000032a4 01        10750 	.data.b	1
000032a5 00        10751 	.data.b	0
000032a6 01        10752 	.data.b	1
                   10753 
                   10754 	.section	.debug_frame
                   10755 .LDW_4c09950:
000004c8 00000000* 10756 	.data.w	.LDW_unq_5e-.LDW_unq_5d
                   10757 .LDW_unq_5d:
000004cc 00000000* 10758 	.data.w	.LDW_4a21e10
000004d0 00000000* 10759 	.data.w	HSM_RsaPkcs1PssSignFinish
000004d4 00000004  10760 	.data.w	__ghs_eofn_HSM_RsaPkcs1PssSignFinish-HSM_RsaPkcs1PssSignFinish
000004d8 01        10761 	.data.b	1
000004d9 00000000* 10762 	.data.w	.LDW101
000004dd 00        10763 	.data.b	0
000004de 00        10764 	.data.b	0
000004df 00        10765 	.data.b	0
                   10766 .LDW_unq_5e:
                   10767 	.section	.debug_line
0000045f 020500    10768 	.data.b	0,5,2
00000462 00000000* 10769 	.data.w	HSM_RsaPkcs1PssSignFinish
00000466 06        10770 	.data.b	6
00000467 03        10771 	.data.b	3
00000468 01e4      10772 	.data.b	228,1
0000046a 02        10773 	.data.b	2
0000046b 00        10774 	.data.b	0
0000046c 01        10775 	.data.b	1
0000046d 06        10776 	.data.b	6
0000046e 02        10777 	.data.b	2
0000046f 02        10778 	.data.b	2
00000470 02        10779 	.data.b	2
00000471 02        10780 	.data.b	2
00000472 010100    10781 	.data.b	0,1,1
                   10782 	.section	.debug_info
                   10783 .LDW_4a24ae8:
000032a7 11        10784 	.data.b	17
000032a8 73636b70  10785 	.data.b	112,107,99,115,49,67,116,120,0
000032ac 78744331 
000032b0 00 
000032b1 01e3      10786 	.data.b	227,1
000032b3 3e        10787 	.data.b	62
000032b4 01        10788 	.data.b	1
000032b5 00000000* 10789 	.data.w	.LDW_3792050
000032b9 00        10790 	.data.b	0
000032ba 5001      10791 	.data.b	1,80
                   10792 
                   10793 .LDW_4a24b98:
000032bc 11        10794 	.data.b	17
000032bd 6e676973  10795 	.data.b	115,105,103,110,0
000032c1 00 
000032c2 01e3      10796 	.data.b	227,1
000032c4 4f        10797 	.data.b	79
000032c5 01        10798 	.data.b	1
000032c6 00000000* 10799 	.data.w	.LDW_4a04be0
000032ca 00        10800 	.data.b	0
000032cb 5101      10801 	.data.b	1,81
                   10802 

                                                                      Page 196
                                                              C:\Windows\TEMP\gh_00000ro3.si
                   10803 .LDW_4a25ad8:
000032cd 1f        10804 	.data.b	31
000032ce 00000000* 10805 	.data.w	.LDW001
000032d2 00000000* 10806 	.data.w	.LDW101
                   10807 
000032d6 00        10808 	.data.b	0
                   10809 
000032d7 00        10810 	.data.b	0
                   10811 
                   10812 .LDW_4a26a00:
000032d8 16        10813 	.data.b	22
000032d9 5f4d5348  10814 	.data.b	72,83,77,95,82,115,97,80,107,99,115,49,80,115,115,86,101,114,105,102,121,83,116,97,114,116,0
000032dd 50617352 
000032e1 3173636b 
000032e5 56737350 
000032e9 66697265 
000032ed 61745379 
000032f1 007472 
000032f4 01e7      10815 	.data.b	231,1
000032f6 10        10816 	.data.b	16
000032f7 01        10817 	.data.b	1
000032f8 00000000* 10818 	.data.w	.LDW_3791950
000032fc 00000000* 10819 	.data.w	HSM_RsaPkcs1PssVerifyStart
00003300 00000000* 10820 	.data.w	__ghs_eofn_HSM_RsaPkcs1PssVerifyStart
00003304 5d01      10821 	.data.b	1,93
00003306 00        10822 	.data.b	0
00003307 04        10823 	.data.b	4
00003308 00        10824 	.data.b	0
00003309 7c        10825 	.data.b	124
0000330a 01        10826 	.data.b	1
0000330b 00        10827 	.data.b	0
0000330c 00        10828 	.data.b	0
0000330d 01        10829 	.data.b	1
0000330e 01        10830 	.data.b	1
0000330f 00        10831 	.data.b	0
00003310 01        10832 	.data.b	1
                   10833 
                   10834 	.section	.debug_frame
                   10835 .LDW_4c099d0:
000004e0 00000000* 10836 	.data.w	.LDW_unq_60-.LDW_unq_5f
                   10837 .LDW_unq_5f:
000004e4 00000000* 10838 	.data.w	.LDW_4a21e10
000004e8 00000000* 10839 	.data.w	HSM_RsaPkcs1PssVerifyStart
000004ec 00000004  10840 	.data.w	__ghs_eofn_HSM_RsaPkcs1PssVerifyStart-HSM_RsaPkcs1PssVerifyStart
000004f0 01        10841 	.data.b	1
000004f1 00000000* 10842 	.data.w	.LDW301
000004f5 00        10843 	.data.b	0
000004f6 00        10844 	.data.b	0
000004f7 00        10845 	.data.b	0
                   10846 .LDW_unq_60:
                   10847 	.section	.debug_line
00000475 020500    10848 	.data.b	0,5,2
00000478 00000000* 10849 	.data.w	HSM_RsaPkcs1PssVerifyStart
0000047c 06        10850 	.data.b	6
0000047d 03        10851 	.data.b	3
0000047e 01e8      10852 	.data.b	232,1
00000480 02        10853 	.data.b	2
00000481 00        10854 	.data.b	0
00000482 01        10855 	.data.b	1
00000483 06        10856 	.data.b	6
00000484 02        10857 	.data.b	2

                                                                      Page 197
                                                              C:\Windows\TEMP\gh_00000ro3.si
00000485 02        10858 	.data.b	2
00000486 02        10859 	.data.b	2
00000487 02        10860 	.data.b	2
00000488 010100    10861 	.data.b	0,1,1
                   10862 	.section	.debug_info
                   10863 .LDW_4a24bf0:
00003311 11        10864 	.data.b	17
00003312 73636b70  10865 	.data.b	112,107,99,115,49,67,116,120,0
00003316 78744331 
0000331a 00 
0000331b 01e7      10866 	.data.b	231,1
0000331d 39        10867 	.data.b	57
0000331e 01        10868 	.data.b	1
0000331f 00000000* 10869 	.data.w	.LDW_3791988
00003323 00        10870 	.data.b	0
00003324 5001      10871 	.data.b	1,80
                   10872 
                   10873 .LDW_4a24828:
00003326 11        10874 	.data.b	17
00003327 4b617372  10875 	.data.b	114,115,97,75,101,121,78,117,109,0
0000332b 754e7965 
0000332f 006d 
00003331 01e7      10876 	.data.b	231,1
00003333 4a        10877 	.data.b	74
00003334 01        10878 	.data.b	1
00003335 00000000* 10879 	.data.w	.LDW_37919c0
00003339 00        10880 	.data.b	0
0000333a 5101      10881 	.data.b	1,81
                   10882 
                   10883 .LDW_4a25868:
0000333c 1f        10884 	.data.b	31
0000333d 00000000* 10885 	.data.w	.LDW201
00003341 00000000* 10886 	.data.w	.LDW301
                   10887 
00003345 00        10888 	.data.b	0
                   10889 
00003346 00        10890 	.data.b	0
                   10891 
                   10892 .LDW_4a272e8:
00003347 16        10893 	.data.b	22
00003348 5f4d5348  10894 	.data.b	72,83,77,95,82,115,97,80,107,99,115,49,80,115,115,86,101,114,105,102,121,85,112,100,97,116,101,0
0000334c 50617352 
00003350 3173636b 
00003354 56737350 
00003358 66697265 
0000335c 64705579 
00003360 00657461 
00003364 01eb      10895 	.data.b	235,1
00003366 10        10896 	.data.b	16
00003367 01        10897 	.data.b	1
00003368 00000000* 10898 	.data.w	.LDW_3791950
0000336c 00000000* 10899 	.data.w	HSM_RsaPkcs1PssVerifyUpdate
00003370 00000000* 10900 	.data.w	__ghs_eofn_HSM_RsaPkcs1PssVerifyUpdate
00003374 5d01      10901 	.data.b	1,93
00003376 00        10902 	.data.b	0
00003377 04        10903 	.data.b	4
00003378 00        10904 	.data.b	0
00003379 7c        10905 	.data.b	124
0000337a 01        10906 	.data.b	1
0000337b 00        10907 	.data.b	0
0000337c 00        10908 	.data.b	0

                                                                      Page 198
                                                              C:\Windows\TEMP\gh_00000ro3.si
0000337d 01        10909 	.data.b	1
0000337e 01        10910 	.data.b	1
0000337f 00        10911 	.data.b	0
00003380 01        10912 	.data.b	1
                   10913 
                   10914 	.section	.debug_frame
                   10915 .LDW_4c05f90:
000004f8 00000000* 10916 	.data.w	.LDW_unq_62-.LDW_unq_61
                   10917 .LDW_unq_61:
000004fc 00000000* 10918 	.data.w	.LDW_4a21e10
00000500 00000000* 10919 	.data.w	HSM_RsaPkcs1PssVerifyUpdate
00000504 00000004  10920 	.data.w	__ghs_eofn_HSM_RsaPkcs1PssVerifyUpdate-HSM_RsaPkcs1PssVerifyUpdate
00000508 01        10921 	.data.b	1
00000509 00000000* 10922 	.data.w	.LDW501
0000050d 00        10923 	.data.b	0
0000050e 00        10924 	.data.b	0
0000050f 00        10925 	.data.b	0
                   10926 .LDW_unq_62:
                   10927 	.section	.debug_line
0000048b 020500    10928 	.data.b	0,5,2
0000048e 00000000* 10929 	.data.w	HSM_RsaPkcs1PssVerifyUpdate
00000492 06        10930 	.data.b	6
00000493 03        10931 	.data.b	3
00000494 01ec      10932 	.data.b	236,1
00000496 02        10933 	.data.b	2
00000497 00        10934 	.data.b	0
00000498 01        10935 	.data.b	1
00000499 06        10936 	.data.b	6
0000049a 02        10937 	.data.b	2
0000049b 02        10938 	.data.b	2
0000049c 02        10939 	.data.b	2
0000049d 02        10940 	.data.b	2
0000049e 010100    10941 	.data.b	0,1,1
                   10942 	.section	.debug_info
                   10943 .LDW_4a30918:
00003381 11        10944 	.data.b	17
00003382 73636b70  10945 	.data.b	112,107,99,115,49,67,116,120,0
00003386 78744331 
0000338a 00 
0000338b 01eb      10946 	.data.b	235,1
0000338d 40        10947 	.data.b	64
0000338e 01        10948 	.data.b	1
0000338f 00000000* 10949 	.data.w	.LDW_3792050
00003393 00        10950 	.data.b	0
00003394 5001      10951 	.data.b	1,80
                   10952 
                   10953 .LDW_4a30970:
00003396 11        10954 	.data.b	17
00003397 65676964  10955 	.data.b	100,105,103,101,115,116,0
0000339b 007473 
0000339e 01eb      10956 	.data.b	235,1
000033a0 57        10957 	.data.b	87
000033a1 01        10958 	.data.b	1
000033a2 00000000* 10959 	.data.w	.LDW_3791c98
000033a6 00        10960 	.data.b	0
000033a7 5101      10961 	.data.b	1,81
                   10962 
                   10963 .LDW_4a30c88:
000033a9 11        10964 	.data.b	17
000033aa 6e676973  10965 	.data.b	115,105,103,110,0
000033ae 00 

                                                                      Page 199
                                                              C:\Windows\TEMP\gh_00000ro3.si
000033af 01eb      10966 	.data.b	235,1
000033b1 6c        10967 	.data.b	108
000033b2 01        10968 	.data.b	1
000033b3 00000000* 10969 	.data.w	.LDW_3791c98
000033b7 00        10970 	.data.b	0
000033b8 5201      10971 	.data.b	1,82
                   10972 
                   10973 .LDW_4a30d90:
000033ba 11        10974 	.data.b	17
000033bb 746c6173  10975 	.data.b	115,97,108,116,76,101,110,0
000033bf 006e654c 
000033c3 01eb      10976 	.data.b	235,1
000033c5 79        10977 	.data.b	121
000033c6 01        10978 	.data.b	1
000033c7 00000000* 10979 	.data.w	.LDW_3792088
000033cb 00        10980 	.data.b	0
000033cc 5301      10981 	.data.b	1,83
                   10982 
                   10983 .LDW_4a25898:
000033ce 1f        10984 	.data.b	31
000033cf 00000000* 10985 	.data.w	.LDW401
000033d3 00000000* 10986 	.data.w	.LDW501
                   10987 
000033d7 00        10988 	.data.b	0
                   10989 
000033d8 00        10990 	.data.b	0
                   10991 
                   10992 .LDW_4a26a98:
000033d9 16        10993 	.data.b	22
000033da 5f4d5348  10994 	.data.b	72,83,77,95,82,115,97,80,107,99,115,49,80,115,115,86,101,114,105,102,121,70,105,110,105,115,104,0
000033de 50617352 
000033e2 3173636b 
000033e6 56737350 
000033ea 66697265 
000033ee 6e694679 
000033f2 00687369 
000033f6 01ef      10995 	.data.b	239,1
000033f8 10        10996 	.data.b	16
000033f9 01        10997 	.data.b	1
000033fa 00000000* 10998 	.data.w	.LDW_3791950
000033fe 00000000* 10999 	.data.w	HSM_RsaPkcs1PssVerifyFinish
00003402 00000000* 11000 	.data.w	__ghs_eofn_HSM_RsaPkcs1PssVerifyFinish
00003406 5d01      11001 	.data.b	1,93
00003408 00        11002 	.data.b	0
00003409 04        11003 	.data.b	4
0000340a 00        11004 	.data.b	0
0000340b 7c        11005 	.data.b	124
0000340c 01        11006 	.data.b	1
0000340d 00        11007 	.data.b	0
0000340e 00        11008 	.data.b	0
0000340f 01        11009 	.data.b	1
00003410 01        11010 	.data.b	1
00003411 00        11011 	.data.b	0
00003412 01        11012 	.data.b	1
                   11013 
                   11014 	.section	.debug_frame
                   11015 .LDW_4c060d0:
00000510 00000000* 11016 	.data.w	.LDW_unq_64-.LDW_unq_63
                   11017 .LDW_unq_63:
00000514 00000000* 11018 	.data.w	.LDW_4a21e10
00000518 00000000* 11019 	.data.w	HSM_RsaPkcs1PssVerifyFinish

                                                                      Page 200
                                                              C:\Windows\TEMP\gh_00000ro3.si
0000051c 00000004  11020 	.data.w	__ghs_eofn_HSM_RsaPkcs1PssVerifyFinish-HSM_RsaPkcs1PssVerifyFinish
00000520 01        11021 	.data.b	1
00000521 00000000* 11022 	.data.w	.LDW701
00000525 00        11023 	.data.b	0
00000526 00        11024 	.data.b	0
00000527 00        11025 	.data.b	0
                   11026 .LDW_unq_64:
                   11027 	.section	.debug_line
000004a1 020500    11028 	.data.b	0,5,2
000004a4 00000000* 11029 	.data.w	HSM_RsaPkcs1PssVerifyFinish
000004a8 06        11030 	.data.b	6
000004a9 03        11031 	.data.b	3
000004aa 01f0      11032 	.data.b	240,1
000004ac 02        11033 	.data.b	2
000004ad 00        11034 	.data.b	0
000004ae 01        11035 	.data.b	1
000004af 06        11036 	.data.b	6
000004b0 02        11037 	.data.b	2
000004b1 02        11038 	.data.b	2
000004b2 02        11039 	.data.b	2
000004b3 02        11040 	.data.b	2
000004b4 010100    11041 	.data.b	0,1,1
                   11042 	.section	.debug_info
                   11043 .LDW_4a30ce0:
00003413 11        11044 	.data.b	17
00003414 73636b70  11045 	.data.b	112,107,99,115,49,67,116,120,0
00003418 78744331 
0000341c 00 
0000341d 01ef      11046 	.data.b	239,1
0000341f 40        11047 	.data.b	64
00003420 01        11048 	.data.b	1
00003421 00000000* 11049 	.data.w	.LDW_3792050
00003425 00        11050 	.data.b	0
00003426 5001      11051 	.data.b	1,80
                   11052 
                   11053 .LDW_4a30e98:
00003428 11        11054 	.data.b	17
00003429 75736572  11055 	.data.b	114,101,115,117,108,116,0
0000342d 00746c 
00003430 01ef      11056 	.data.b	239,1
00003432 51        11057 	.data.b	81
00003433 01        11058 	.data.b	1
00003434 00000000* 11059 	.data.w	.LDW_4a04be0
00003438 00        11060 	.data.b	0
00003439 5101      11061 	.data.b	1,81
                   11062 
                   11063 .LDW_4a25bf8:
0000343b 1f        11064 	.data.b	31
0000343c 00000000* 11065 	.data.w	.LDW601
00003440 00000000* 11066 	.data.w	.LDW701
                   11067 
00003444 00        11068 	.data.b	0
                   11069 
00003445 00        11070 	.data.b	0
                   11071 
                   11072 .LDW_4a26838:
00003446 16        11073 	.data.b	22
00003447 5f4d5348  11074 	.data.b	72,83,77,95,82,115,97,80,107,99,115,49,111,97,101,112,69,110,99,83,116,97,114,116,0
0000344b 50617352 
0000344f 3173636b 
00003453 7065616f 

                                                                      Page 201
                                                              C:\Windows\TEMP\gh_00000ro3.si
00003457 53636e45 
0000345b 74726174 
0000345f 00 
00003460 01f3      11075 	.data.b	243,1
00003462 10        11076 	.data.b	16
00003463 01        11077 	.data.b	1
00003464 00000000* 11078 	.data.w	.LDW_3791950
00003468 00000000* 11079 	.data.w	HSM_RsaPkcs1oaepEncStart
0000346c 00000000* 11080 	.data.w	__ghs_eofn_HSM_RsaPkcs1oaepEncStart
00003470 5d01      11081 	.data.b	1,93
00003472 00        11082 	.data.b	0
00003473 04        11083 	.data.b	4
00003474 00        11084 	.data.b	0
00003475 7c        11085 	.data.b	124
00003476 01        11086 	.data.b	1
00003477 00        11087 	.data.b	0
00003478 00        11088 	.data.b	0
00003479 01        11089 	.data.b	1
0000347a 01        11090 	.data.b	1
0000347b 00        11091 	.data.b	0
0000347c 01        11092 	.data.b	1
                   11093 
                   11094 	.section	.debug_frame
                   11095 .LDW_4c06f50:
00000528 00000000* 11096 	.data.w	.LDW_unq_66-.LDW_unq_65
                   11097 .LDW_unq_65:
0000052c 00000000* 11098 	.data.w	.LDW_4a21e10
00000530 00000000* 11099 	.data.w	HSM_RsaPkcs1oaepEncStart
00000534 00000004  11100 	.data.w	__ghs_eofn_HSM_RsaPkcs1oaepEncStart-HSM_RsaPkcs1oaepEncStart
00000538 01        11101 	.data.b	1
00000539 00000000* 11102 	.data.w	.LDW901
0000053d 00        11103 	.data.b	0
0000053e 00        11104 	.data.b	0
0000053f 00        11105 	.data.b	0
                   11106 .LDW_unq_66:
                   11107 	.section	.debug_line
000004b7 020500    11108 	.data.b	0,5,2
000004ba 00000000* 11109 	.data.w	HSM_RsaPkcs1oaepEncStart
000004be 06        11110 	.data.b	6
000004bf 03        11111 	.data.b	3
000004c0 01f4      11112 	.data.b	244,1
000004c2 02        11113 	.data.b	2
000004c3 00        11114 	.data.b	0
000004c4 01        11115 	.data.b	1
000004c5 06        11116 	.data.b	6
000004c6 02        11117 	.data.b	2
000004c7 02        11118 	.data.b	2
000004c8 02        11119 	.data.b	2
000004c9 02        11120 	.data.b	2
000004ca 010100    11121 	.data.b	0,1,1
                   11122 	.section	.debug_info
                   11123 .LDW_4a30d38:
0000347d 11        11124 	.data.b	17
0000347e 73636b70  11125 	.data.b	112,107,99,115,49,67,116,120,0
00003482 78744331 
00003486 00 
00003487 01f3      11126 	.data.b	243,1
00003489 37        11127 	.data.b	55
0000348a 01        11128 	.data.b	1
0000348b 00000000* 11129 	.data.w	.LDW_3791988
0000348f 00        11130 	.data.b	0

                                                                      Page 202
                                                              C:\Windows\TEMP\gh_00000ro3.si
00003490 5001      11131 	.data.b	1,80
                   11132 
                   11133 .LDW_4a30600:
00003492 11        11134 	.data.b	17
00003493 4b617372  11135 	.data.b	114,115,97,75,101,121,78,117,109,0
00003497 754e7965 
0000349b 006d 
0000349d 01f3      11136 	.data.b	243,1
0000349f 48        11137 	.data.b	72
000034a0 01        11138 	.data.b	1
000034a1 00000000* 11139 	.data.w	.LDW_37919c0
000034a5 00        11140 	.data.b	0
000034a6 5101      11141 	.data.b	1,81
                   11142 
                   11143 .LDW_4a25c28:
000034a8 1f        11144 	.data.b	31
000034a9 00000000* 11145 	.data.w	.LDW801
000034ad 00000000* 11146 	.data.w	.LDW901
                   11147 
000034b1 00        11148 	.data.b	0
                   11149 
000034b2 00        11150 	.data.b	0
                   11151 
                   11152 .LDW_4a274b0:
000034b3 16        11153 	.data.b	22
000034b4 5f4d5348  11154 	.data.b	72,83,77,95,82,115,97,80,107,99,115,49,111,97,101,112,69,110,99,85,112,100,97,116,101,0
000034b8 50617352 
000034bc 3173636b 
000034c0 7065616f 
000034c4 55636e45 
000034c8 74616470 
000034cc 0065 
000034ce 01f7      11155 	.data.b	247,1
000034d0 10        11156 	.data.b	16
000034d1 01        11157 	.data.b	1
000034d2 00000000* 11158 	.data.w	.LDW_3791950
000034d6 00000000* 11159 	.data.w	HSM_RsaPkcs1oaepEncUpdate
000034da 00000000* 11160 	.data.w	__ghs_eofn_HSM_RsaPkcs1oaepEncUpdate
000034de 5d01      11161 	.data.b	1,93
000034e0 00        11162 	.data.b	0
000034e1 04        11163 	.data.b	4
000034e2 00        11164 	.data.b	0
000034e3 7c        11165 	.data.b	124
000034e4 01        11166 	.data.b	1
000034e5 00        11167 	.data.b	0
000034e6 00        11168 	.data.b	0
000034e7 01        11169 	.data.b	1
000034e8 01        11170 	.data.b	1
000034e9 00        11171 	.data.b	0
000034ea 01        11172 	.data.b	1
                   11173 
                   11174 	.section	.debug_frame
                   11175 .LDW_4c06910:
00000540 00000000* 11176 	.data.w	.LDW_unq_68-.LDW_unq_67
                   11177 .LDW_unq_67:
00000544 00000000* 11178 	.data.w	.LDW_4a21e10
00000548 00000000* 11179 	.data.w	HSM_RsaPkcs1oaepEncUpdate
0000054c 00000004  11180 	.data.w	__ghs_eofn_HSM_RsaPkcs1oaepEncUpdate-HSM_RsaPkcs1oaepEncUpdate
00000550 01        11181 	.data.b	1
00000551 00000000* 11182 	.data.w	.LDW111
00000555 00        11183 	.data.b	0

                                                                      Page 203
                                                              C:\Windows\TEMP\gh_00000ro3.si
00000556 00        11184 	.data.b	0
00000557 00        11185 	.data.b	0
                   11186 .LDW_unq_68:
                   11187 	.section	.debug_line
000004cd 020500    11188 	.data.b	0,5,2
000004d0 00000000* 11189 	.data.w	HSM_RsaPkcs1oaepEncUpdate
000004d4 06        11190 	.data.b	6
000004d5 03        11191 	.data.b	3
000004d6 01f8      11192 	.data.b	248,1
000004d8 02        11193 	.data.b	2
000004d9 00        11194 	.data.b	0
000004da 01        11195 	.data.b	1
000004db 06        11196 	.data.b	6
000004dc 02        11197 	.data.b	2
000004dd 02        11198 	.data.b	2
000004de 02        11199 	.data.b	2
000004df 02        11200 	.data.b	2
000004e0 010100    11201 	.data.b	0,1,1
                   11202 	.section	.debug_info
                   11203 .LDW_4a30658:
000034eb 11        11204 	.data.b	17
000034ec 73636b70  11205 	.data.b	112,107,99,115,49,67,116,120,0
000034f0 78744331 
000034f4 00 
000034f5 01f7      11206 	.data.b	247,1
000034f7 3e        11207 	.data.b	62
000034f8 01        11208 	.data.b	1
000034f9 00000000* 11209 	.data.w	.LDW_3792050
000034fd 00        11210 	.data.b	0
000034fe 5001      11211 	.data.b	1,80
                   11212 
                   11213 .LDW_4a30de8:
00003500 11        11214 	.data.b	17
00003501 0067736d  11215 	.data.b	109,115,103,0
00003505 01f7      11216 	.data.b	247,1
00003507 55        11217 	.data.b	85
00003508 01        11218 	.data.b	1
00003509 00000000* 11219 	.data.w	.LDW_3791c98
0000350d 00        11220 	.data.b	0
0000350e 5101      11221 	.data.b	1,81
                   11222 
                   11223 .LDW_4a309c8:
00003510 11        11224 	.data.b	17
00003511 4c67736d  11225 	.data.b	109,115,103,76,101,110,0
00003515 006e65 
00003518 01f7      11226 	.data.b	247,1
0000351a 61        11227 	.data.b	97
0000351b 01        11228 	.data.b	1
0000351c 00000000* 11229 	.data.w	.LDW_3792088
00003520 00        11230 	.data.b	0
00003521 5201      11231 	.data.b	1,82
                   11232 
                   11233 .LDW_4a30868:
00003523 11        11234 	.data.b	17
00003524 6562616c  11235 	.data.b	108,97,98,101,108,0
00003528 006c 
0000352a 01f7      11236 	.data.b	247,1
0000352c 76        11237 	.data.b	118
0000352d 01        11238 	.data.b	1
0000352e 00000000* 11239 	.data.w	.LDW_3791c98
00003532 00        11240 	.data.b	0

                                                                      Page 204
                                                              C:\Windows\TEMP\gh_00000ro3.si
00003533 5301      11241 	.data.b	1,83
                   11242 
                   11243 .LDW_4a30e40:
00003535 11        11244 	.data.b	17
00003536 6562616c  11245 	.data.b	108,97,98,101,108,76,101,110,0
0000353a 6e654c6c 
0000353e 00 
0000353f 01f7      11246 	.data.b	247,1
00003541 0184      11247 	.data.b	132,1
00003543 01        11248 	.data.b	1
00003544 00000000* 11249 	.data.w	.LDW_3792088
00003548 00        11250 	.data.b	0
00003549 7d02      11251 	.data.b	2,125
0000354b 00        11252 	.data.b	0
                   11253 
                   11254 .LDW_4a30ef0:
0000354c 11        11255 	.data.b	17
0000354d 64656573  11256 	.data.b	115,101,101,100,0
00003551 00 
00003552 01f7      11257 	.data.b	247,1
00003554 019b      11258 	.data.b	155,1
00003556 01        11259 	.data.b	1
00003557 00000000* 11260 	.data.w	.LDW_3791c98
0000355b 00        11261 	.data.b	0
0000355c 7d02      11262 	.data.b	2,125
0000355e 04        11263 	.data.b	4
                   11264 
                   11265 .LDW_4a25e38:
0000355f 1f        11266 	.data.b	31
00003560 00000000* 11267 	.data.w	.LDW011
00003564 00000000* 11268 	.data.w	.LDW111
                   11269 
00003568 00        11270 	.data.b	0
                   11271 
00003569 00        11272 	.data.b	0
                   11273 
                   11274 .LDW_4a265d8:
0000356a 16        11275 	.data.b	22
0000356b 5f4d5348  11276 	.data.b	72,83,77,95,82,115,97,80,107,99,115,49,111,97,101,112,69,110,99,70,105,110,105,115,104,0
0000356f 50617352 
00003573 3173636b 
00003577 7065616f 
0000357b 46636e45 
0000357f 73696e69 
00003583 0068 
00003585 01fb      11277 	.data.b	251,1
00003587 10        11278 	.data.b	16
00003588 01        11279 	.data.b	1
00003589 00000000* 11280 	.data.w	.LDW_3791950
0000358d 00000000* 11281 	.data.w	HSM_RsaPkcs1oaepEncFinish
00003591 00000000* 11282 	.data.w	__ghs_eofn_HSM_RsaPkcs1oaepEncFinish
00003595 5d01      11283 	.data.b	1,93
00003597 00        11284 	.data.b	0
00003598 04        11285 	.data.b	4
00003599 00        11286 	.data.b	0
0000359a 7c        11287 	.data.b	124
0000359b 01        11288 	.data.b	1
0000359c 00        11289 	.data.b	0
0000359d 00        11290 	.data.b	0
0000359e 01        11291 	.data.b	1
0000359f 01        11292 	.data.b	1

                                                                      Page 205
                                                              C:\Windows\TEMP\gh_00000ro3.si
000035a0 00        11293 	.data.b	0
000035a1 01        11294 	.data.b	1
                   11295 
                   11296 	.section	.debug_frame
                   11297 .LDW_4c1c828:
00000558 00000000* 11298 	.data.w	.LDW_unq_6a-.LDW_unq_69
                   11299 .LDW_unq_69:
0000055c 00000000* 11300 	.data.w	.LDW_4a21e10
00000560 00000000* 11301 	.data.w	HSM_RsaPkcs1oaepEncFinish
00000564 00000004  11302 	.data.w	__ghs_eofn_HSM_RsaPkcs1oaepEncFinish-HSM_RsaPkcs1oaepEncFinish
00000568 01        11303 	.data.b	1
00000569 00000000* 11304 	.data.w	.LDW311
0000056d 00        11305 	.data.b	0
0000056e 00        11306 	.data.b	0
0000056f 00        11307 	.data.b	0
                   11308 .LDW_unq_6a:
                   11309 	.section	.debug_line
000004e3 020500    11310 	.data.b	0,5,2
000004e6 00000000* 11311 	.data.w	HSM_RsaPkcs1oaepEncFinish
000004ea 06        11312 	.data.b	6
000004eb 03        11313 	.data.b	3
000004ec 01fc      11314 	.data.b	252,1
000004ee 02        11315 	.data.b	2
000004ef 00        11316 	.data.b	0
000004f0 01        11317 	.data.b	1
000004f1 06        11318 	.data.b	6
000004f2 02        11319 	.data.b	2
000004f3 02        11320 	.data.b	2
000004f4 02        11321 	.data.b	2
000004f5 02        11322 	.data.b	2
000004f6 010100    11323 	.data.b	0,1,1
                   11324 	.section	.debug_info
                   11325 .LDW_4a30f48:
000035a2 11        11326 	.data.b	17
000035a3 73636b70  11327 	.data.b	112,107,99,115,49,67,116,120,0
000035a7 78744331 
000035ab 00 
000035ac 01fb      11328 	.data.b	251,1
000035ae 3e        11329 	.data.b	62
000035af 01        11330 	.data.b	1
000035b0 00000000* 11331 	.data.w	.LDW_3792050
000035b4 00        11332 	.data.b	0
000035b5 5001      11333 	.data.b	1,80
                   11334 
                   11335 .LDW_4a306b0:
000035b7 11        11336 	.data.b	17
000035b8 68706963  11337 	.data.b	99,105,112,104,101,114,0
000035bc 007265 
000035bf 01fb      11338 	.data.b	251,1
000035c1 4f        11339 	.data.b	79
000035c2 01        11340 	.data.b	1
000035c3 00000000* 11341 	.data.w	.LDW_4a04be0
000035c7 00        11342 	.data.b	0
000035c8 5101      11343 	.data.b	1,81
                   11344 
                   11345 .LDW_4a25dd8:
000035ca 1f        11346 	.data.b	31
000035cb 00000000* 11347 	.data.w	.LDW211
000035cf 00000000* 11348 	.data.w	.LDW311
                   11349 
000035d3 00        11350 	.data.b	0

                                                                      Page 206
                                                              C:\Windows\TEMP\gh_00000ro3.si
                   11351 
000035d4 00        11352 	.data.b	0
                   11353 
                   11354 .LDW_4a26b30:
000035d5 16        11355 	.data.b	22
000035d6 5f4d5348  11356 	.data.b	72,83,77,95,82,115,97,80,107,99,115,49,111,97,101,112,68,101,99,83,116,97,114,116,0
000035da 50617352 
000035de 3173636b 
000035e2 7065616f 
000035e6 53636544 
000035ea 74726174 
000035ee 00 
000035ef 01ff      11357 	.data.b	255,1
000035f1 10        11358 	.data.b	16
000035f2 01        11359 	.data.b	1
000035f3 00000000* 11360 	.data.w	.LDW_3791950
000035f7 00000000* 11361 	.data.w	HSM_RsaPkcs1oaepDecStart
000035fb 00000000* 11362 	.data.w	__ghs_eofn_HSM_RsaPkcs1oaepDecStart
000035ff 5d01      11363 	.data.b	1,93
00003601 00        11364 	.data.b	0
00003602 04        11365 	.data.b	4
00003603 00        11366 	.data.b	0
00003604 7c        11367 	.data.b	124
00003605 01        11368 	.data.b	1
00003606 00        11369 	.data.b	0
00003607 00        11370 	.data.b	0
00003608 01        11371 	.data.b	1
00003609 01        11372 	.data.b	1
0000360a 00        11373 	.data.b	0
0000360b 01        11374 	.data.b	1
                   11375 
                   11376 	.section	.debug_frame
                   11377 .LDW_4c1c2a8:
00000570 00000000* 11378 	.data.w	.LDW_unq_6c-.LDW_unq_6b
                   11379 .LDW_unq_6b:
00000574 00000000* 11380 	.data.w	.LDW_4a21e10
00000578 00000000* 11381 	.data.w	HSM_RsaPkcs1oaepDecStart
0000057c 00000004  11382 	.data.w	__ghs_eofn_HSM_RsaPkcs1oaepDecStart-HSM_RsaPkcs1oaepDecStart
00000580 01        11383 	.data.b	1
00000581 00000000* 11384 	.data.w	.LDW511
00000585 00        11385 	.data.b	0
00000586 00        11386 	.data.b	0
00000587 00        11387 	.data.b	0
                   11388 .LDW_unq_6c:
                   11389 	.section	.debug_line
000004f9 020500    11390 	.data.b	0,5,2
000004fc 00000000* 11391 	.data.w	HSM_RsaPkcs1oaepDecStart
00000500 06        11392 	.data.b	6
00000501 03        11393 	.data.b	3
00000502 0280      11394 	.data.b	128,2
00000504 02        11395 	.data.b	2
00000505 00        11396 	.data.b	0
00000506 01        11397 	.data.b	1
00000507 06        11398 	.data.b	6
00000508 02        11399 	.data.b	2
00000509 02        11400 	.data.b	2
0000050a 02        11401 	.data.b	2
0000050b 02        11402 	.data.b	2
0000050c 010100    11403 	.data.b	0,1,1
                   11404 	.section	.debug_info
                   11405 .LDW_4a30c30:

                                                                      Page 207
                                                              C:\Windows\TEMP\gh_00000ro3.si
0000360c 11        11406 	.data.b	17
0000360d 73636b70  11407 	.data.b	112,107,99,115,49,67,116,120,0
00003611 78744331 
00003615 00 
00003616 01ff      11408 	.data.b	255,1
00003618 37        11409 	.data.b	55
00003619 01        11410 	.data.b	1
0000361a 00000000* 11411 	.data.w	.LDW_3791988
0000361e 00        11412 	.data.b	0
0000361f 5001      11413 	.data.b	1,80
                   11414 
                   11415 .LDW_4a30b28:
00003621 11        11416 	.data.b	17
00003622 4b617372  11417 	.data.b	114,115,97,75,101,121,78,117,109,0
00003626 754e7965 
0000362a 006d 
0000362c 01ff      11418 	.data.b	255,1
0000362e 48        11419 	.data.b	72
0000362f 01        11420 	.data.b	1
00003630 00000000* 11421 	.data.w	.LDW_37919c0
00003634 00        11422 	.data.b	0
00003635 5101      11423 	.data.b	1,81
                   11424 
                   11425 .LDW_4a25ce8:
00003637 1f        11426 	.data.b	31
00003638 00000000* 11427 	.data.w	.LDW411
0000363c 00000000* 11428 	.data.w	.LDW511
                   11429 
00003640 00        11430 	.data.b	0
                   11431 
00003641 00        11432 	.data.b	0
                   11433 
                   11434 .LDW_4a26ff0:
00003642 16        11435 	.data.b	22
00003643 5f4d5348  11436 	.data.b	72,83,77,95,82,115,97,80,107,99,115,49,111,97,101,112,68,101,99,85,112,100,97,116,101,0
00003647 50617352 
0000364b 3173636b 
0000364f 7065616f 
00003653 55636544 
00003657 74616470 
0000365b 0065 
0000365d 0283      11437 	.data.b	131,2
0000365f 10        11438 	.data.b	16
00003660 01        11439 	.data.b	1
00003661 00000000* 11440 	.data.w	.LDW_3791950
00003665 00000000* 11441 	.data.w	HSM_RsaPkcs1oaepDecUpdate
00003669 00000000* 11442 	.data.w	__ghs_eofn_HSM_RsaPkcs1oaepDecUpdate
0000366d 5d01      11443 	.data.b	1,93
0000366f 00        11444 	.data.b	0
00003670 04        11445 	.data.b	4
00003671 00        11446 	.data.b	0
00003672 7c        11447 	.data.b	124
00003673 01        11448 	.data.b	1
00003674 00        11449 	.data.b	0
00003675 00        11450 	.data.b	0
00003676 01        11451 	.data.b	1
00003677 01        11452 	.data.b	1
00003678 00        11453 	.data.b	0
00003679 01        11454 	.data.b	1
                   11455 
                   11456 	.section	.debug_frame

                                                                      Page 208
                                                              C:\Windows\TEMP\gh_00000ro3.si
                   11457 .LDW_4c1d068:
00000588 00000000* 11458 	.data.w	.LDW_unq_6e-.LDW_unq_6d
                   11459 .LDW_unq_6d:
0000058c 00000000* 11460 	.data.w	.LDW_4a21e10
00000590 00000000* 11461 	.data.w	HSM_RsaPkcs1oaepDecUpdate
00000594 00000004  11462 	.data.w	__ghs_eofn_HSM_RsaPkcs1oaepDecUpdate-HSM_RsaPkcs1oaepDecUpdate
00000598 01        11463 	.data.b	1
00000599 00000000* 11464 	.data.w	.LDW711
0000059d 00        11465 	.data.b	0
0000059e 00        11466 	.data.b	0
0000059f 00        11467 	.data.b	0
                   11468 .LDW_unq_6e:
                   11469 	.section	.debug_line
0000050f 020500    11470 	.data.b	0,5,2
00000512 00000000* 11471 	.data.w	HSM_RsaPkcs1oaepDecUpdate
00000516 06        11472 	.data.b	6
00000517 03        11473 	.data.b	3
00000518 0284      11474 	.data.b	132,2
0000051a 02        11475 	.data.b	2
0000051b 00        11476 	.data.b	0
0000051c 01        11477 	.data.b	1
0000051d 06        11478 	.data.b	6
0000051e 02        11479 	.data.b	2
0000051f 02        11480 	.data.b	2
00000520 02        11481 	.data.b	2
00000521 02        11482 	.data.b	2
00000522 010100    11483 	.data.b	0,1,1
                   11484 	.section	.debug_info
                   11485 .LDW_4a30708:
0000367a 11        11486 	.data.b	17
0000367b 73636b70  11487 	.data.b	112,107,99,115,49,67,116,120,0
0000367f 78744331 
00003683 00 
00003684 0283      11488 	.data.b	131,2
00003686 3e        11489 	.data.b	62
00003687 01        11490 	.data.b	1
00003688 00000000* 11491 	.data.w	.LDW_3792050
0000368c 00        11492 	.data.b	0
0000368d 5001      11493 	.data.b	1,80
                   11494 
                   11495 .LDW_4a30a20:
0000368f 11        11496 	.data.b	17
00003690 68706963  11497 	.data.b	99,105,112,104,101,114,0
00003694 007265 
00003697 0283      11498 	.data.b	131,2
00003699 55        11499 	.data.b	85
0000369a 01        11500 	.data.b	1
0000369b 00000000* 11501 	.data.w	.LDW_3791c98
0000369f 00        11502 	.data.b	0
000036a0 5101      11503 	.data.b	1,81
                   11504 
                   11505 .LDW_4a308c0:
000036a2 11        11506 	.data.b	17
000036a3 6562616c  11507 	.data.b	108,97,98,101,108,0
000036a7 006c 
000036a9 0283      11508 	.data.b	131,2
000036ab 6a        11509 	.data.b	106
000036ac 01        11510 	.data.b	1
000036ad 00000000* 11511 	.data.w	.LDW_3791c98
000036b1 00        11512 	.data.b	0
000036b2 5201      11513 	.data.b	1,82

                                                                      Page 209
                                                              C:\Windows\TEMP\gh_00000ro3.si
                   11514 
                   11515 .LDW_4a30a78:
000036b4 11        11516 	.data.b	17
000036b5 6562616c  11517 	.data.b	108,97,98,101,108,76,101,110,0
000036b9 6e654c6c 
000036bd 00 
000036be 0283      11518 	.data.b	131,2
000036c0 78        11519 	.data.b	120
000036c1 01        11520 	.data.b	1
000036c2 00000000* 11521 	.data.w	.LDW_3792088
000036c6 00        11522 	.data.b	0
000036c7 5301      11523 	.data.b	1,83
                   11524 
                   11525 .LDW_4a26108:
000036c9 1f        11526 	.data.b	31
000036ca 00000000* 11527 	.data.w	.LDW611
000036ce 00000000* 11528 	.data.w	.LDW711
                   11529 
000036d2 00        11530 	.data.b	0
                   11531 
000036d3 00        11532 	.data.b	0
                   11533 
                   11534 .LDW_4a26bc8:
000036d4 16        11535 	.data.b	22
000036d5 5f4d5348  11536 	.data.b	72,83,77,95,82,115,97,80,107,99,115,49,111,97,101,112,68,101,99,70,105,110,105,115,104,0
000036d9 50617352 
000036dd 3173636b 
000036e1 7065616f 
000036e5 46636544 
000036e9 73696e69 
000036ed 0068 
000036ef 0287      11537 	.data.b	135,2
000036f1 10        11538 	.data.b	16
000036f2 01        11539 	.data.b	1
000036f3 00000000* 11540 	.data.w	.LDW_3791950
000036f7 00000000* 11541 	.data.w	HSM_RsaPkcs1oaepDecFinish
000036fb 00000000* 11542 	.data.w	__ghs_eofn_HSM_RsaPkcs1oaepDecFinish
000036ff 5d01      11543 	.data.b	1,93
00003701 00        11544 	.data.b	0
00003702 04        11545 	.data.b	4
00003703 00        11546 	.data.b	0
00003704 7c        11547 	.data.b	124
00003705 01        11548 	.data.b	1
00003706 00        11549 	.data.b	0
00003707 00        11550 	.data.b	0
00003708 01        11551 	.data.b	1
00003709 01        11552 	.data.b	1
0000370a 00        11553 	.data.b	0
0000370b 01        11554 	.data.b	1
                   11555 
                   11556 	.section	.debug_frame
                   11557 .LDW_4c1cee8:
000005a0 00000000* 11558 	.data.w	.LDW_unq_70-.LDW_unq_6f
                   11559 .LDW_unq_6f:
000005a4 00000000* 11560 	.data.w	.LDW_4a21e10
000005a8 00000000* 11561 	.data.w	HSM_RsaPkcs1oaepDecFinish
000005ac 00000004  11562 	.data.w	__ghs_eofn_HSM_RsaPkcs1oaepDecFinish-HSM_RsaPkcs1oaepDecFinish
000005b0 01        11563 	.data.b	1
000005b1 00000000* 11564 	.data.w	.LDW911
000005b5 00        11565 	.data.b	0
000005b6 00        11566 	.data.b	0

                                                                      Page 210
                                                              C:\Windows\TEMP\gh_00000ro3.si
000005b7 00        11567 	.data.b	0
                   11568 .LDW_unq_70:
                   11569 	.section	.debug_line
00000525 020500    11570 	.data.b	0,5,2
00000528 00000000* 11571 	.data.w	HSM_RsaPkcs1oaepDecFinish
0000052c 06        11572 	.data.b	6
0000052d 03        11573 	.data.b	3
0000052e 0288      11574 	.data.b	136,2
00000530 02        11575 	.data.b	2
00000531 00        11576 	.data.b	0
00000532 01        11577 	.data.b	1
00000533 06        11578 	.data.b	6
00000534 02        11579 	.data.b	2
00000535 02        11580 	.data.b	2
00000536 02        11581 	.data.b	2
00000537 02        11582 	.data.b	2
00000538 010100    11583 	.data.b	0,1,1
                   11584 	.section	.debug_info
                   11585 .LDW_4a30b80:
0000370c 11        11586 	.data.b	17
0000370d 73636b70  11587 	.data.b	112,107,99,115,49,67,116,120,0
00003711 78744331 
00003715 00 
00003716 0287      11588 	.data.b	135,2
00003718 3e        11589 	.data.b	62
00003719 01        11590 	.data.b	1
0000371a 00000000* 11591 	.data.w	.LDW_3792050
0000371e 00        11592 	.data.b	0
0000371f 5001      11593 	.data.b	1,80
                   11594 
                   11595 .LDW_4a30fa0:
00003721 11        11596 	.data.b	17
00003722 0067736d  11597 	.data.b	109,115,103,0
00003726 0287      11598 	.data.b	135,2
00003728 4f        11599 	.data.b	79
00003729 01        11600 	.data.b	1
0000372a 00000000* 11601 	.data.w	.LDW_4a04be0
0000372e 00        11602 	.data.b	0
0000372f 5101      11603 	.data.b	1,81
                   11604 
                   11605 .LDW_4a30ff8:
00003731 11        11606 	.data.b	17
00003732 4c67736d  11607 	.data.b	109,115,103,76,101,110,0
00003736 006e65 
00003739 0287      11608 	.data.b	135,2
0000373b 5c        11609 	.data.b	92
0000373c 01        11610 	.data.b	1
0000373d 00000000* 11611 	.data.w	.LDW_4a24e10
00003741 00        11612 	.data.b	0
00003742 5201      11613 	.data.b	1,82
                   11614 
                   11615 .LDW_4a25b68:
00003744 1f        11616 	.data.b	31
00003745 00000000* 11617 	.data.w	.LDW811
00003749 00000000* 11618 	.data.w	.LDW911
                   11619 
0000374d 00        11620 	.data.b	0
                   11621 
0000374e 00        11622 	.data.b	0
                   11623 
                   11624 .LDW_4a26f58:

                                                                      Page 211
                                                              C:\Windows\TEMP\gh_00000ro3.si
0000374f 16        11625 	.data.b	22
00003750 5f4d5348  11626 	.data.b	72,83,77,95,82,115,97,80,107,99,115,51,68,72,75,101,121,112,97,105,114,71,101,110,83,116,97,114,116,0
00003754 50617352 
00003758 3373636b 
0000375c 654b4844 
00003760 69617079 
00003764 6e654772 
00003768 72617453 
0000376c 0074 
0000376e 028e      11627 	.data.b	142,2
00003770 10        11628 	.data.b	16
00003771 01        11629 	.data.b	1
00003772 00000000* 11630 	.data.w	.LDW_3791950
00003776 00000000* 11631 	.data.w	HSM_RsaPkcs3DHKeypairGenStart
0000377a 00000000* 11632 	.data.w	__ghs_eofn_HSM_RsaPkcs3DHKeypairGenStart
0000377e 5d01      11633 	.data.b	1,93
00003780 00        11634 	.data.b	0
00003781 04        11635 	.data.b	4
00003782 00        11636 	.data.b	0
00003783 7c        11637 	.data.b	124
00003784 01        11638 	.data.b	1
00003785 00        11639 	.data.b	0
00003786 00        11640 	.data.b	0
00003787 01        11641 	.data.b	1
00003788 01        11642 	.data.b	1
00003789 00        11643 	.data.b	0
0000378a 01        11644 	.data.b	1
                   11645 
                   11646 	.section	.debug_frame
                   11647 .LDW_4c1d5a8:
000005b8 00000000* 11648 	.data.w	.LDW_unq_72-.LDW_unq_71
                   11649 .LDW_unq_71:
000005bc 00000000* 11650 	.data.w	.LDW_4a21e10
000005c0 00000000* 11651 	.data.w	HSM_RsaPkcs3DHKeypairGenStart
000005c4 00000004  11652 	.data.w	__ghs_eofn_HSM_RsaPkcs3DHKeypairGenStart-HSM_RsaPkcs3DHKeypairGenStart
000005c8 01        11653 	.data.b	1
000005c9 00000000* 11654 	.data.w	.LDW121
000005cd 00        11655 	.data.b	0
000005ce 00        11656 	.data.b	0
000005cf 00        11657 	.data.b	0
                   11658 .LDW_unq_72:
                   11659 	.section	.debug_line
0000053b 020500    11660 	.data.b	0,5,2
0000053e 00000000* 11661 	.data.w	HSM_RsaPkcs3DHKeypairGenStart
00000542 06        11662 	.data.b	6
00000543 03        11663 	.data.b	3
00000544 028f      11664 	.data.b	143,2
00000546 02        11665 	.data.b	2
00000547 00        11666 	.data.b	0
00000548 01        11667 	.data.b	1
00000549 06        11668 	.data.b	6
0000054a 02        11669 	.data.b	2
0000054b 02        11670 	.data.b	2
0000054c 02        11671 	.data.b	2
0000054d 02        11672 	.data.b	2
0000054e 010100    11673 	.data.b	0,1,1
                   11674 	.section	.debug_info
                   11675 .LDW_4a30550:
0000378b 11        11676 	.data.b	17
0000378c 73636b70  11677 	.data.b	112,107,99,115,51,67,116,120,0
00003790 78744333 

                                                                      Page 212
                                                              C:\Windows\TEMP\gh_00000ro3.si
00003794 00 
00003795 028e      11678 	.data.b	142,2
00003797 3c        11679 	.data.b	60
00003798 01        11680 	.data.b	1
00003799 00000000* 11681 	.data.w	.LDW_3791988
0000379d 00        11682 	.data.b	0
0000379e 5001      11683 	.data.b	1,80
                   11684 
                   11685 .LDW_4a25e68:
000037a0 1f        11686 	.data.b	31
000037a1 00000000* 11687 	.data.w	.LDW021
000037a5 00000000* 11688 	.data.w	.LDW121
                   11689 
000037a9 00        11690 	.data.b	0
                   11691 
000037aa 00        11692 	.data.b	0
                   11693 
                   11694 .LDW_4a27120:
000037ab 16        11695 	.data.b	22
000037ac 5f4d5348  11696 	.data.b	72,83,77,95,82,115,97,80,107,99,115,51,68,72,75,101,121,112,97,105,114,71,101,110,85,112,100,97,116,101,0
000037b0 50617352 
000037b4 3373636b 
000037b8 654b4844 
000037bc 69617079 
000037c0 6e654772 
000037c4 61647055 
000037c8 006574 
000037cb 0292      11697 	.data.b	146,2
000037cd 10        11698 	.data.b	16
000037ce 01        11699 	.data.b	1
000037cf 00000000* 11700 	.data.w	.LDW_3791950
000037d3 00000000* 11701 	.data.w	HSM_RsaPkcs3DHKeypairGenUpdate
000037d7 00000000* 11702 	.data.w	__ghs_eofn_HSM_RsaPkcs3DHKeypairGenUpdate
000037db 5d01      11703 	.data.b	1,93
000037dd 00        11704 	.data.b	0
000037de 04        11705 	.data.b	4
000037df 00        11706 	.data.b	0
000037e0 7c        11707 	.data.b	124
000037e1 01        11708 	.data.b	1
000037e2 00        11709 	.data.b	0
000037e3 00        11710 	.data.b	0
000037e4 01        11711 	.data.b	1
000037e5 01        11712 	.data.b	1
000037e6 00        11713 	.data.b	0
000037e7 01        11714 	.data.b	1
                   11715 
                   11716 	.section	.debug_frame
                   11717 .LDW_4c1d7a8:
000005d0 00000000* 11718 	.data.w	.LDW_unq_74-.LDW_unq_73
                   11719 .LDW_unq_73:
000005d4 00000000* 11720 	.data.w	.LDW_4a21e10
000005d8 00000000* 11721 	.data.w	HSM_RsaPkcs3DHKeypairGenUpdate
000005dc 00000004  11722 	.data.w	__ghs_eofn_HSM_RsaPkcs3DHKeypairGenUpdate-HSM_RsaPkcs3DHKeypairGenUpdate
000005e0 01        11723 	.data.b	1
000005e1 00000000* 11724 	.data.w	.LDW321
000005e5 00        11725 	.data.b	0
000005e6 00        11726 	.data.b	0
000005e7 00        11727 	.data.b	0
                   11728 .LDW_unq_74:
                   11729 	.section	.debug_line
00000551 020500    11730 	.data.b	0,5,2

                                                                      Page 213
                                                              C:\Windows\TEMP\gh_00000ro3.si
00000554 00000000* 11731 	.data.w	HSM_RsaPkcs3DHKeypairGenUpdate
00000558 06        11732 	.data.b	6
00000559 03        11733 	.data.b	3
0000055a 0293      11734 	.data.b	147,2
0000055c 02        11735 	.data.b	2
0000055d 00        11736 	.data.b	0
0000055e 01        11737 	.data.b	1
0000055f 06        11738 	.data.b	6
00000560 02        11739 	.data.b	2
00000561 02        11740 	.data.b	2
00000562 02        11741 	.data.b	2
00000563 02        11742 	.data.b	2
00000564 010100    11743 	.data.b	0,1,1
                   11744 	.section	.debug_info
                   11745 .LDW_4a30ad0:
000037e8 11        11746 	.data.b	17
000037e9 73636b70  11747 	.data.b	112,107,99,115,51,67,116,120,0
000037ed 78744333 
000037f1 00 
000037f2 0292      11748 	.data.b	146,2
000037f4 43        11749 	.data.b	67
000037f5 01        11750 	.data.b	1
000037f6 00000000* 11751 	.data.w	.LDW_3792050
000037fa 00        11752 	.data.b	0
000037fb 5001      11753 	.data.b	1,80
                   11754 
                   11755 .LDW_4a305a8:
000037fd 11        11756 	.data.b	17
000037fe 76697270  11757 	.data.b	112,114,105,118,86,97,108,117,101,0
00003802 756c6156 
00003806 0065 
00003808 0292      11758 	.data.b	146,2
0000380a 5a        11759 	.data.b	90
0000380b 01        11760 	.data.b	1
0000380c 00000000* 11761 	.data.w	.LDW_3791c98
00003810 00        11762 	.data.b	0
00003811 5101      11763 	.data.b	1,81
                   11764 
                   11765 .LDW_4a30760:
00003813 11        11766 	.data.b	17
00003814 65736162  11767 	.data.b	98,97,115,101,71,0
00003818 0047 
0000381a 0292      11768 	.data.b	146,2
0000381c 72        11769 	.data.b	114
0000381d 01        11770 	.data.b	1
0000381e 00000000* 11771 	.data.w	.LDW_3791c98
00003822 00        11772 	.data.b	0
00003823 5201      11773 	.data.b	1,82
                   11774 
                   11775 .LDW_4a307b8:
00003825 11        11776 	.data.b	17
00003826 6d697270  11777 	.data.b	112,114,105,109,101,80,0
0000382a 005065 
0000382d 0292      11778 	.data.b	146,2
0000382f 0186      11779 	.data.b	134,1
00003831 01        11780 	.data.b	1
00003832 00000000* 11781 	.data.w	.LDW_3791c98
00003836 00        11782 	.data.b	0
00003837 5301      11783 	.data.b	1,83
                   11784 
                   11785 .LDW_4a26348:

                                                                      Page 214
                                                              C:\Windows\TEMP\gh_00000ro3.si
00003839 1f        11786 	.data.b	31
0000383a 00000000* 11787 	.data.w	.LDW221
0000383e 00000000* 11788 	.data.w	.LDW321
                   11789 
00003842 00        11790 	.data.b	0
                   11791 
00003843 00        11792 	.data.b	0
                   11793 
                   11794 .LDW_4a26e28:
00003844 16        11795 	.data.b	22
00003845 5f4d5348  11796 	.data.b	72,83,77,95,82,115,97,80,107,99,115,51,68,72,75,101,121,112,97,105,114,71,101,110,70,105,110,105,115,104,0
00003849 50617352 
0000384d 3373636b 
00003851 654b4844 
00003855 69617079 
00003859 6e654772 
0000385d 696e6946 
00003861 006873 
00003864 0296      11797 	.data.b	150,2
00003866 10        11798 	.data.b	16
00003867 01        11799 	.data.b	1
00003868 00000000* 11800 	.data.w	.LDW_3791950
0000386c 00000000* 11801 	.data.w	HSM_RsaPkcs3DHKeypairGenFinish
00003870 00000000* 11802 	.data.w	__ghs_eofn_HSM_RsaPkcs3DHKeypairGenFinish
00003874 5d01      11803 	.data.b	1,93
00003876 00        11804 	.data.b	0
00003877 04        11805 	.data.b	4
00003878 00        11806 	.data.b	0
00003879 7c        11807 	.data.b	124
0000387a 01        11808 	.data.b	1
0000387b 00        11809 	.data.b	0
0000387c 00        11810 	.data.b	0
0000387d 01        11811 	.data.b	1
0000387e 01        11812 	.data.b	1
0000387f 00        11813 	.data.b	0
00003880 01        11814 	.data.b	1
                   11815 
                   11816 	.section	.debug_frame
                   11817 .LDW_4c1dea8:
000005e8 00000000* 11818 	.data.w	.LDW_unq_76-.LDW_unq_75
                   11819 .LDW_unq_75:
000005ec 00000000* 11820 	.data.w	.LDW_4a21e10
000005f0 00000000* 11821 	.data.w	HSM_RsaPkcs3DHKeypairGenFinish
000005f4 00000004  11822 	.data.w	__ghs_eofn_HSM_RsaPkcs3DHKeypairGenFinish-HSM_RsaPkcs3DHKeypairGenFinish
000005f8 01        11823 	.data.b	1
000005f9 00000000* 11824 	.data.w	.LDW521
000005fd 00        11825 	.data.b	0
000005fe 00        11826 	.data.b	0
000005ff 00        11827 	.data.b	0
                   11828 .LDW_unq_76:
                   11829 	.section	.debug_line
00000567 020500    11830 	.data.b	0,5,2
0000056a 00000000* 11831 	.data.w	HSM_RsaPkcs3DHKeypairGenFinish
0000056e 06        11832 	.data.b	6
0000056f 03        11833 	.data.b	3
00000570 0297      11834 	.data.b	151,2
00000572 02        11835 	.data.b	2
00000573 00        11836 	.data.b	0
00000574 01        11837 	.data.b	1
00000575 06        11838 	.data.b	6
00000576 02        11839 	.data.b	2

                                                                      Page 215
                                                              C:\Windows\TEMP\gh_00000ro3.si
00000577 02        11840 	.data.b	2
00000578 02        11841 	.data.b	2
00000579 02        11842 	.data.b	2
0000057a 010100    11843 	.data.b	0,1,1
                   11844 	.section	.debug_info
                   11845 .LDW_4a30810:
00003881 11        11846 	.data.b	17
00003882 73636b70  11847 	.data.b	112,107,99,115,51,67,116,120,0
00003886 78744333 
0000388a 00 
0000388b 0296      11848 	.data.b	150,2
0000388d 43        11849 	.data.b	67
0000388e 01        11850 	.data.b	1
0000388f 00000000* 11851 	.data.w	.LDW_3792050
00003893 00        11852 	.data.b	0
00003894 5001      11853 	.data.b	1,80
                   11854 
                   11855 .LDW_4a30bd8:
00003896 11        11856 	.data.b	17
00003897 6c627570  11857 	.data.b	112,117,98,108,105,99,86,97,108,117,101,0
0000389b 61566369 
0000389f 0065756c 
000038a3 0296      11858 	.data.b	150,2
000038a5 54        11859 	.data.b	84
000038a6 01        11860 	.data.b	1
000038a7 00000000* 11861 	.data.w	.LDW_4a04be0
000038ab 00        11862 	.data.b	0
000038ac 5101      11863 	.data.b	1,81
                   11864 
                   11865 .LDW_4a31310:
000038ae 11        11866 	.data.b	17
000038af 76697270  11867 	.data.b	112,114,105,118,97,116,101,86,97,108,117,101,0
000038b3 56657461 
000038b7 65756c61 
000038bb 00 
000038bc 0296      11868 	.data.b	150,2
000038be 68        11869 	.data.b	104
000038bf 01        11870 	.data.b	1
000038c0 00000000* 11871 	.data.w	.LDW_4a04be0
000038c4 00        11872 	.data.b	0
000038c5 5201      11873 	.data.b	1,82
                   11874 
                   11875 .LDW_4a26288:
000038c7 1f        11876 	.data.b	31
000038c8 00000000* 11877 	.data.w	.LDW421
000038cc 00000000* 11878 	.data.w	.LDW521
                   11879 
000038d0 00        11880 	.data.b	0
                   11881 
000038d1 00        11882 	.data.b	0
                   11883 
                   11884 .LDW_4a27380:
000038d2 16        11885 	.data.b	22
000038d3 5f4d5348  11886 	.data.b	72,83,77,95,82,115,97,80,107,99,115,51,68,72,83,104,97,114,101,100,86,97,108,117,101,71,101,110,83,116,97,114,116,0
000038d7 50617352 
000038db 3373636b 
000038df 68534844 
000038e3 64657261 
000038e7 756c6156 
000038eb 6e654765 
000038ef 72617453 

                                                                      Page 216
                                                              C:\Windows\TEMP\gh_00000ro3.si
000038f3 0074 
000038f5 029a      11887 	.data.b	154,2
000038f7 10        11888 	.data.b	16
000038f8 01        11889 	.data.b	1
000038f9 00000000* 11890 	.data.w	.LDW_3791950
000038fd 00000000* 11891 	.data.w	HSM_RsaPkcs3DHSharedValueGenStart
00003901 00000000* 11892 	.data.w	__ghs_eofn_HSM_RsaPkcs3DHSharedValueGenStart
00003905 5d01      11893 	.data.b	1,93
00003907 00        11894 	.data.b	0
00003908 04        11895 	.data.b	4
00003909 00        11896 	.data.b	0
0000390a 7c        11897 	.data.b	124
0000390b 01        11898 	.data.b	1
0000390c 00        11899 	.data.b	0
0000390d 00        11900 	.data.b	0
0000390e 01        11901 	.data.b	1
0000390f 01        11902 	.data.b	1
00003910 00        11903 	.data.b	0
00003911 01        11904 	.data.b	1
                   11905 
                   11906 	.section	.debug_frame
                   11907 .LDW_4c1e0a8:
00000600 00000000* 11908 	.data.w	.LDW_unq_78-.LDW_unq_77
                   11909 .LDW_unq_77:
00000604 00000000* 11910 	.data.w	.LDW_4a21e10
00000608 00000000* 11911 	.data.w	HSM_RsaPkcs3DHSharedValueGenStart
0000060c 00000004  11912 	.data.w	__ghs_eofn_HSM_RsaPkcs3DHSharedValueGenStart-HSM_RsaPkcs3DHSharedValueGenStart
00000610 01        11913 	.data.b	1
00000611 00000000* 11914 	.data.w	.LDW721
00000615 00        11915 	.data.b	0
00000616 00        11916 	.data.b	0
00000617 00        11917 	.data.b	0
                   11918 .LDW_unq_78:
                   11919 	.section	.debug_line
0000057d 020500    11920 	.data.b	0,5,2
00000580 00000000* 11921 	.data.w	HSM_RsaPkcs3DHSharedValueGenStart
00000584 06        11922 	.data.b	6
00000585 03        11923 	.data.b	3
00000586 029b      11924 	.data.b	155,2
00000588 02        11925 	.data.b	2
00000589 00        11926 	.data.b	0
0000058a 01        11927 	.data.b	1
0000058b 06        11928 	.data.b	6
0000058c 02        11929 	.data.b	2
0000058d 02        11930 	.data.b	2
0000058e 02        11931 	.data.b	2
0000058f 02        11932 	.data.b	2
00000590 010100    11933 	.data.b	0,1,1
                   11934 	.section	.debug_info
                   11935 .LDW_4a314c8:
00003912 11        11936 	.data.b	17
00003913 73636b70  11937 	.data.b	112,107,99,115,51,67,116,120,0
00003917 78744333 
0000391b 00 
0000391c 029a      11938 	.data.b	154,2
0000391e 40        11939 	.data.b	64
0000391f 01        11940 	.data.b	1
00003920 00000000* 11941 	.data.w	.LDW_3791988
00003924 00        11942 	.data.b	0
00003925 5001      11943 	.data.b	1,80
                   11944 

                                                                      Page 217
                                                              C:\Windows\TEMP\gh_00000ro3.si
                   11945 .LDW_4a263a8:
00003927 1f        11946 	.data.b	31
00003928 00000000* 11947 	.data.w	.LDW621
0000392c 00000000* 11948 	.data.w	.LDW721
                   11949 
00003930 00        11950 	.data.b	0
                   11951 
00003931 00        11952 	.data.b	0
                   11953 
                   11954 .LDW_4a26670:
00003932 16        11955 	.data.b	22
00003933 5f4d5348  11956 	.data.b	72,83,77,95,82,115,97,80,107,99,115,51,68,72,83,104,97,114,101,100,86,97,108,117,101,71,101,110,85,112,100,97,116,101,0
00003937 50617352 
0000393b 3373636b 
0000393f 68534844 
00003943 64657261 
00003947 756c6156 
0000394b 6e654765 
0000394f 61647055 
00003953 006574 
00003956 029e      11957 	.data.b	158,2
00003958 10        11958 	.data.b	16
00003959 01        11959 	.data.b	1
0000395a 00000000* 11960 	.data.w	.LDW_3791950
0000395e 00000000* 11961 	.data.w	HSM_RsaPkcs3DHSharedValueGenUpdate
00003962 00000000* 11962 	.data.w	__ghs_eofn_HSM_RsaPkcs3DHSharedValueGenUpdate
00003966 5d01      11963 	.data.b	1,93
00003968 00        11964 	.data.b	0
00003969 04        11965 	.data.b	4
0000396a 00        11966 	.data.b	0
0000396b 7c        11967 	.data.b	124
0000396c 01        11968 	.data.b	1
0000396d 00        11969 	.data.b	0
0000396e 00        11970 	.data.b	0
0000396f 01        11971 	.data.b	1
00003970 01        11972 	.data.b	1
00003971 00        11973 	.data.b	0
00003972 01        11974 	.data.b	1
                   11975 
                   11976 	.section	.debug_frame
                   11977 .LDW_4c1e128:
00000618 00000000* 11978 	.data.w	.LDW_unq_7a-.LDW_unq_79
                   11979 .LDW_unq_79:
0000061c 00000000* 11980 	.data.w	.LDW_4a21e10
00000620 00000000* 11981 	.data.w	HSM_RsaPkcs3DHSharedValueGenUpdate
00000624 00000004  11982 	.data.w	__ghs_eofn_HSM_RsaPkcs3DHSharedValueGenUpdate-HSM_RsaPkcs3DHSharedValueGenUpdate
00000628 01        11983 	.data.b	1
00000629 00000000* 11984 	.data.w	.LDW921
0000062d 00        11985 	.data.b	0
0000062e 00        11986 	.data.b	0
0000062f 00        11987 	.data.b	0
                   11988 .LDW_unq_7a:
                   11989 	.section	.debug_line
00000593 020500    11990 	.data.b	0,5,2
00000596 00000000* 11991 	.data.w	HSM_RsaPkcs3DHSharedValueGenUpdate
0000059a 06        11992 	.data.b	6
0000059b 03        11993 	.data.b	3
0000059c 029f      11994 	.data.b	159,2
0000059e 02        11995 	.data.b	2
0000059f 00        11996 	.data.b	0
000005a0 01        11997 	.data.b	1

                                                                      Page 218
                                                              C:\Windows\TEMP\gh_00000ro3.si
000005a1 06        11998 	.data.b	6
000005a2 02        11999 	.data.b	2
000005a3 02        12000 	.data.b	2
000005a4 02        12001 	.data.b	2
000005a5 02        12002 	.data.b	2
000005a6 010100    12003 	.data.b	0,1,1
                   12004 	.section	.debug_info
                   12005 .LDW_4a312b8:
00003973 11        12006 	.data.b	17
00003974 73636b70  12007 	.data.b	112,107,99,115,51,67,116,120,0
00003978 78744333 
0000397c 00 
0000397d 029e      12008 	.data.b	158,2
0000397f 47        12009 	.data.b	71
00003980 01        12010 	.data.b	1
00003981 00000000* 12011 	.data.w	.LDW_3792050
00003985 00        12012 	.data.b	0
00003986 5001      12013 	.data.b	1,80
                   12014 
                   12015 .LDW_4a31208:
00003988 11        12016 	.data.b	17
00003989 6c627570  12017 	.data.b	112,117,98,108,105,99,86,97,108,117,101,0
0000398d 61566369 
00003991 0065756c 
00003995 029e      12018 	.data.b	158,2
00003997 5e        12019 	.data.b	94
00003998 01        12020 	.data.b	1
00003999 00000000* 12021 	.data.w	.LDW_3791c98
0000399d 00        12022 	.data.b	0
0000399e 5101      12023 	.data.b	1,81
                   12024 
                   12025 .LDW_4a31100:
000039a0 11        12026 	.data.b	17
000039a1 76697270  12027 	.data.b	112,114,105,118,97,116,101,86,97,108,117,101,0
000039a5 56657461 
000039a9 65756c61 
000039ad 00 
000039ae 029e      12028 	.data.b	158,2
000039b0 78        12029 	.data.b	120
000039b1 01        12030 	.data.b	1
000039b2 00000000* 12031 	.data.w	.LDW_3791c98
000039b6 00        12032 	.data.b	0
000039b7 5201      12033 	.data.b	1,82
                   12034 
                   12035 .LDW_4a310a8:
000039b9 11        12036 	.data.b	17
000039ba 6d697270  12037 	.data.b	112,114,105,109,101,80,0
000039be 005065 
000039c1 029e      12038 	.data.b	158,2
000039c3 0193      12039 	.data.b	147,1
000039c5 01        12040 	.data.b	1
000039c6 00000000* 12041 	.data.w	.LDW_3791c98
000039ca 00        12042 	.data.b	0
000039cb 5301      12043 	.data.b	1,83
                   12044 
                   12045 .LDW_4a262b8:
000039cd 1f        12046 	.data.b	31
000039ce 00000000* 12047 	.data.w	.LDW821
000039d2 00000000* 12048 	.data.w	.LDW921
                   12049 
000039d6 00        12050 	.data.b	0

                                                                      Page 219
                                                              C:\Windows\TEMP\gh_00000ro3.si
                   12051 
000039d7 00        12052 	.data.b	0
                   12053 
                   12054 .LDW_4a26ec0:
000039d8 16        12055 	.data.b	22
000039d9 5f4d5348  12056 	.data.b	72,83,77,95,82,115,97,80,107,99,115,51,68,72,83,104,97,114,101,100,86,97,108,117,101,71,101,110,70,105,110,105,115,104,0
000039dd 50617352 
000039e1 3373636b 
000039e5 68534844 
000039e9 64657261 
000039ed 756c6156 
000039f1 6e654765 
000039f5 696e6946 
000039f9 006873 
000039fc 02a2      12057 	.data.b	162,2
000039fe 10        12058 	.data.b	16
000039ff 01        12059 	.data.b	1
00003a00 00000000* 12060 	.data.w	.LDW_3791950
00003a04 00000000* 12061 	.data.w	HSM_RsaPkcs3DHSharedValueGenFinish
00003a08 00000000* 12062 	.data.w	__ghs_eofn_HSM_RsaPkcs3DHSharedValueGenFinish
00003a0c 5d01      12063 	.data.b	1,93
00003a0e 00        12064 	.data.b	0
00003a0f 04        12065 	.data.b	4
00003a10 00        12066 	.data.b	0
00003a11 7c        12067 	.data.b	124
00003a12 01        12068 	.data.b	1
00003a13 00        12069 	.data.b	0
00003a14 00        12070 	.data.b	0
00003a15 01        12071 	.data.b	1
00003a16 01        12072 	.data.b	1
00003a17 00        12073 	.data.b	0
00003a18 01        12074 	.data.b	1
                   12075 
                   12076 	.section	.debug_frame
                   12077 .LDW_4c1e328:
00000630 00000000* 12078 	.data.w	.LDW_unq_7c-.LDW_unq_7b
                   12079 .LDW_unq_7b:
00000634 00000000* 12080 	.data.w	.LDW_4a21e10
00000638 00000000* 12081 	.data.w	HSM_RsaPkcs3DHSharedValueGenFinish
0000063c 00000004  12082 	.data.w	__ghs_eofn_HSM_RsaPkcs3DHSharedValueGenFinish-HSM_RsaPkcs3DHSharedValueGenFinish
00000640 01        12083 	.data.b	1
00000641 00000000* 12084 	.data.w	.LDW131
00000645 00        12085 	.data.b	0
00000646 00        12086 	.data.b	0
00000647 00        12087 	.data.b	0
                   12088 .LDW_unq_7c:
                   12089 	.section	.debug_line
000005a9 020500    12090 	.data.b	0,5,2
000005ac 00000000* 12091 	.data.w	HSM_RsaPkcs3DHSharedValueGenFinish
000005b0 06        12092 	.data.b	6
000005b1 03        12093 	.data.b	3
000005b2 02a3      12094 	.data.b	163,2
000005b4 02        12095 	.data.b	2
000005b5 00        12096 	.data.b	0
000005b6 01        12097 	.data.b	1
000005b7 06        12098 	.data.b	6
000005b8 02        12099 	.data.b	2
000005b9 02        12100 	.data.b	2
000005ba 02        12101 	.data.b	2
000005bb 02        12102 	.data.b	2
000005bc 010100    12103 	.data.b	0,1,1

                                                                      Page 220
                                                              C:\Windows\TEMP\gh_00000ro3.si
                   12104 	.section	.debug_info
                   12105 .LDW_4a31260:
00003a19 11        12106 	.data.b	17
00003a1a 73636b70  12107 	.data.b	112,107,99,115,51,67,116,120,0
00003a1e 78744333 
00003a22 00 
00003a23 02a2      12108 	.data.b	162,2
00003a25 47        12109 	.data.b	71
00003a26 01        12110 	.data.b	1
00003a27 00000000* 12111 	.data.w	.LDW_3792050
00003a2b 00        12112 	.data.b	0
00003a2c 5001      12113 	.data.b	1,80
                   12114 
                   12115 .LDW_4a31158:
00003a2e 11        12116 	.data.b	17
00003a2f 72636573  12117 	.data.b	115,101,99,114,101,116,86,97,108,117,101,0
00003a33 61567465 
00003a37 0065756c 
00003a3b 02a2      12118 	.data.b	162,2
00003a3d 58        12119 	.data.b	88
00003a3e 01        12120 	.data.b	1
00003a3f 00000000* 12121 	.data.w	.LDW_4a04be0
00003a43 00        12122 	.data.b	0
00003a44 5101      12123 	.data.b	1,81
                   12124 
                   12125 .LDW_4a26408:
00003a46 1f        12126 	.data.b	31
00003a47 00000000* 12127 	.data.w	.LDW031
00003a4b 00000000* 12128 	.data.w	.LDW131
                   12129 
00003a4f 00        12130 	.data.b	0
                   12131 
00003a50 00        12132 	.data.b	0
                   12133 
                   12134 .LDW_4a26c60:
00003a51 16        12135 	.data.b	22
00003a52 5f4d5348  12136 	.data.b	72,83,77,95,68,114,105,118,101,114,73,110,105,116,105,97,108,105,122,101,0
00003a56 76697244 
00003a5a 6e497265 
00003a5e 61697469 
00003a62 657a696c 
00003a66 00 
00003a67 02a9      12137 	.data.b	169,2
00003a69 10        12138 	.data.b	16
00003a6a 01        12139 	.data.b	1
00003a6b 00000000* 12140 	.data.w	.LDW_3791950
00003a6f 00000000* 12141 	.data.w	HSM_DriverInitialize
00003a73 00000000* 12142 	.data.w	__ghs_eofn_HSM_DriverInitialize
00003a77 5d01      12143 	.data.b	1,93
00003a79 00        12144 	.data.b	0
00003a7a 04        12145 	.data.b	4
00003a7b 00        12146 	.data.b	0
00003a7c 7c        12147 	.data.b	124
00003a7d 01        12148 	.data.b	1
00003a7e 00        12149 	.data.b	0
00003a7f 00        12150 	.data.b	0
00003a80 01        12151 	.data.b	1
00003a81 01        12152 	.data.b	1
00003a82 00        12153 	.data.b	0
00003a83 01        12154 	.data.b	1
                   12155 

                                                                      Page 221
                                                              C:\Windows\TEMP\gh_00000ro3.si
                   12156 	.section	.debug_frame
                   12157 .LDW_4c1e368:
00000648 00000000* 12158 	.data.w	.LDW_unq_7e-.LDW_unq_7d
                   12159 .LDW_unq_7d:
0000064c 00000000* 12160 	.data.w	.LDW_4a21e10
00000650 00000000* 12161 	.data.w	HSM_DriverInitialize
00000654 00000004  12162 	.data.w	__ghs_eofn_HSM_DriverInitialize-HSM_DriverInitialize
00000658 01        12163 	.data.b	1
00000659 00000000* 12164 	.data.w	.LDW331
0000065d 00        12165 	.data.b	0
0000065e 00        12166 	.data.b	0
0000065f 00        12167 	.data.b	0
                   12168 .LDW_unq_7e:
                   12169 	.section	.debug_line
000005bf 020500    12170 	.data.b	0,5,2
000005c2 00000000* 12171 	.data.w	HSM_DriverInitialize
000005c6 06        12172 	.data.b	6
000005c7 03        12173 	.data.b	3
000005c8 02aa      12174 	.data.b	170,2
000005ca 02        12175 	.data.b	2
000005cb 00        12176 	.data.b	0
000005cc 01        12177 	.data.b	1
000005cd 06        12178 	.data.b	6
000005ce 02        12179 	.data.b	2
000005cf 02        12180 	.data.b	2
000005d0 02        12181 	.data.b	2
000005d1 02        12182 	.data.b	2
000005d2 010100    12183 	.data.b	0,1,1
                   12184 	.section	.debug_info
                   12185 .LDW_4a264c8:
00003a84 1f        12186 	.data.b	31
00003a85 00000000* 12187 	.data.w	.LDW231
00003a89 00000000* 12188 	.data.w	.LDW331
                   12189 
00003a8d 00        12190 	.data.b	0
                   12191 
00003a8e 00        12192 	.data.b	0
                   12193 
                   12194 .LDW_4a27678:
00003a8f 16        12195 	.data.b	22
00003a90 5f4d5348  12196 	.data.b	72,83,77,95,69,110,97,98,108,101,83,101,114,118,105,99,101,0
00003a94 62616e45 
00003a98 6553656c 
00003a9c 63697672 
00003aa0 0065 
00003aa2 02ad      12197 	.data.b	173,2
00003aa4 10        12198 	.data.b	16
00003aa5 01        12199 	.data.b	1
00003aa6 00000000* 12200 	.data.w	.LDW_3791950
00003aaa 00000000* 12201 	.data.w	HSM_EnableService
00003aae 00000000* 12202 	.data.w	__ghs_eofn_HSM_EnableService
00003ab2 5d01      12203 	.data.b	1,93
00003ab4 00        12204 	.data.b	0
00003ab5 04        12205 	.data.b	4
00003ab6 00        12206 	.data.b	0
00003ab7 7c        12207 	.data.b	124
00003ab8 01        12208 	.data.b	1
00003ab9 00        12209 	.data.b	0
00003aba 00        12210 	.data.b	0
00003abb 01        12211 	.data.b	1
00003abc 01        12212 	.data.b	1

                                                                      Page 222
                                                              C:\Windows\TEMP\gh_00000ro3.si
00003abd 00        12213 	.data.b	0
00003abe 01        12214 	.data.b	1
                   12215 
                   12216 	.section	.debug_frame
                   12217 .LDW_4c1b068:
00000660 00000000* 12218 	.data.w	.LDW_unq_80-.LDW_unq_7f
                   12219 .LDW_unq_7f:
00000664 00000000* 12220 	.data.w	.LDW_4a21e10
00000668 00000000* 12221 	.data.w	HSM_EnableService
0000066c 00000004  12222 	.data.w	__ghs_eofn_HSM_EnableService-HSM_EnableService
00000670 01        12223 	.data.b	1
00000671 00000000* 12224 	.data.w	.LDW531
00000675 00        12225 	.data.b	0
00000676 00        12226 	.data.b	0
00000677 00        12227 	.data.b	0
                   12228 .LDW_unq_80:
                   12229 	.section	.debug_line
000005d5 020500    12230 	.data.b	0,5,2
000005d8 00000000* 12231 	.data.w	HSM_EnableService
000005dc 06        12232 	.data.b	6
000005dd 03        12233 	.data.b	3
000005de 02ae      12234 	.data.b	174,2
000005e0 02        12235 	.data.b	2
000005e1 00        12236 	.data.b	0
000005e2 01        12237 	.data.b	1
000005e3 06        12238 	.data.b	6
000005e4 02        12239 	.data.b	2
000005e5 02        12240 	.data.b	2
000005e6 02        12241 	.data.b	2
000005e7 02        12242 	.data.b	2
000005e8 010100    12243 	.data.b	0,1,1
                   12244 	.section	.debug_info
                   12245 .LDW_4a311b0:
00003abf 11        12246 	.data.b	17
00003ac0 666e6f63  12247 	.data.b	99,111,110,102,0
00003ac4 00 
00003ac5 02ad      12248 	.data.b	173,2
00003ac7 29        12249 	.data.b	41
00003ac8 01        12250 	.data.b	1
00003ac9 00000000* 12251 	.data.w	.LDW_3792088
00003acd 00        12252 	.data.b	0
00003ace 5001      12253 	.data.b	1,80
                   12254 
                   12255 .LDW_4a31418:
00003ad0 11        12256 	.data.b	17
00003ad1 6f697270  12257 	.data.b	112,114,105,111,114,105,116,121,0
00003ad5 79746972 
00003ad9 00 
00003ada 02ad      12258 	.data.b	173,2
00003adc 36        12259 	.data.b	54
00003add 01        12260 	.data.b	1
00003ade 00000000* 12261 	.data.w	.LDW_3792088
00003ae2 00        12262 	.data.b	0
00003ae3 5101      12263 	.data.b	1,81
                   12264 
                   12265 .LDW_4a424f0:
00003ae5 1f        12266 	.data.b	31
00003ae6 00000000* 12267 	.data.w	.LDW431
00003aea 00000000* 12268 	.data.w	.LDW531
                   12269 
00003aee 00        12270 	.data.b	0

                                                                      Page 223
                                                              C:\Windows\TEMP\gh_00000ro3.si
                   12271 
00003aef 00        12272 	.data.b	0
                   12273 
                   12274 .LDW_4a26d90:
00003af0 15        12275 	.data.b	21
00003af1 5f4d5348  12276 	.data.b	72,83,77,95,73,114,113,72,97,110,100,108,101,114,0
00003af5 48717249 
00003af9 6c646e61 
00003afd 007265 
00003b00 02b1      12277 	.data.b	177,2
00003b02 06        12278 	.data.b	6
00003b03 01        12279 	.data.b	1
00003b04 00000000* 12280 	.data.w	HSM_IrqHandler
00003b08 00000000* 12281 	.data.w	__ghs_eofn_HSM_IrqHandler
00003b0c 5d01      12282 	.data.b	1,93
00003b0e 00        12283 	.data.b	0
00003b0f 04        12284 	.data.b	4
00003b10 00        12285 	.data.b	0
00003b11 7c        12286 	.data.b	124
00003b12 01        12287 	.data.b	1
00003b13 00        12288 	.data.b	0
00003b14 00        12289 	.data.b	0
00003b15 01        12290 	.data.b	1
00003b16 01        12291 	.data.b	1
00003b17 00        12292 	.data.b	0
00003b18 01        12293 	.data.b	1
                   12294 
                   12295 	.section	.debug_abbrev
0000010f 15        12296 	.data.b	21
00000110 2e        12297 	.data.b	46
00000111 01        12298 	.data.b	1
00000112 0803      12299 	.data.b	3,8
00000114 0f3b      12300 	.data.b	59,15
00000116 0f39      12301 	.data.b	57,15
00000118 0f3a      12302 	.data.b	58,15
0000011a 0111      12303 	.data.b	17,1
0000011c 0112      12304 	.data.b	18,1
0000011e 0a40      12305 	.data.b	64,10
00000120 4183      12306 	.data.b	131,65
00000122 0f        12307 	.data.b	15
00000123 4187      12308 	.data.b	135,65
00000125 0d        12309 	.data.b	13
00000126 4185      12310 	.data.b	133,65
00000128 0f        12311 	.data.b	15
00000129 4186      12312 	.data.b	134,65
0000012b 0d        12313 	.data.b	13
0000012c 4192      12314 	.data.b	146,65
0000012e 0f        12315 	.data.b	15
0000012f 0c3c      12316 	.data.b	60,12
00000131 0b20      12317 	.data.b	32,11
00000133 0c3f      12318 	.data.b	63,12
00000135 0b32      12319 	.data.b	50,11
00000137 0b4c      12320 	.data.b	76,11
00000139 0c27      12321 	.data.b	39,12
0000013b 0000      12322 	.data.b	0,0
                   12323 
                   12324 	.section	.debug_frame
                   12325 .LDW_4c1ad28:
00000678 00000000* 12326 	.data.w	.LDW_unq_82-.LDW_unq_81
                   12327 .LDW_unq_81:
0000067c 00000000* 12328 	.data.w	.LDW_4a21e10

                                                                      Page 224
                                                              C:\Windows\TEMP\gh_00000ro3.si
00000680 00000000* 12329 	.data.w	HSM_IrqHandler
00000684 00000002  12330 	.data.w	__ghs_eofn_HSM_IrqHandler-HSM_IrqHandler
00000688 01        12331 	.data.b	1
00000689 00000000* 12332 	.data.w	.LDW731
0000068d 00        12333 	.data.b	0
0000068e 00        12334 	.data.b	0
0000068f 00        12335 	.data.b	0
                   12336 .LDW_unq_82:
                   12337 	.section	.debug_line
000005eb 020500    12338 	.data.b	0,5,2
000005ee 00000000* 12339 	.data.w	HSM_IrqHandler
000005f2 06        12340 	.data.b	6
000005f3 03        12341 	.data.b	3
000005f4 02b2      12342 	.data.b	178,2
000005f6 02        12343 	.data.b	2
000005f7 00        12344 	.data.b	0
000005f8 01        12345 	.data.b	1
000005f9 02        12346 	.data.b	2
000005fa 02        12347 	.data.b	2
000005fb 010100    12348 	.data.b	0,1,1
                   12349 	.section	.debug_info
                   12350 .LDW_4a421f0:
00003b19 1f        12351 	.data.b	31
00003b1a 00000000* 12352 	.data.w	.LDW631
00003b1e 00000000* 12353 	.data.w	.LDW731
                   12354 
00003b22 00        12355 	.data.b	0
                   12356 
00003b23 00        12357 	.data.b	0
                   12358 
                   12359 .LDW_4a271b8:
00003b24 16        12360 	.data.b	22
00003b25 5f4d5348  12361 	.data.b	72,83,77,95,71,101,116,76,97,115,116,69,114,114,111,114,67,111,100,101,0
00003b29 4c746547 
00003b2d 45747361 
00003b31 726f7272 
00003b35 65646f43 
00003b39 00 
00003b3a 02b4      12362 	.data.b	180,2
00003b3c 08        12363 	.data.b	8
00003b3d 01        12364 	.data.b	1
00003b3e 00000000* 12365 	.data.w	.LDW_3792088
00003b42 00000000* 12366 	.data.w	HSM_GetLastErrorCode
00003b46 00000000* 12367 	.data.w	__ghs_eofn_HSM_GetLastErrorCode
00003b4a 5d01      12368 	.data.b	1,93
00003b4c 00        12369 	.data.b	0
00003b4d 04        12370 	.data.b	4
00003b4e 00        12371 	.data.b	0
00003b4f 7c        12372 	.data.b	124
00003b50 01        12373 	.data.b	1
00003b51 00        12374 	.data.b	0
00003b52 00        12375 	.data.b	0
00003b53 01        12376 	.data.b	1
00003b54 01        12377 	.data.b	1
00003b55 00        12378 	.data.b	0
00003b56 01        12379 	.data.b	1
                   12380 
                   12381 	.section	.debug_frame
                   12382 .LDW_4c1b0a8:
00000690 00000000* 12383 	.data.w	.LDW_unq_84-.LDW_unq_83
                   12384 .LDW_unq_83:

                                                                      Page 225
                                                              C:\Windows\TEMP\gh_00000ro3.si
00000694 00000000* 12385 	.data.w	.LDW_4a21e10
00000698 00000000* 12386 	.data.w	HSM_GetLastErrorCode
0000069c 00000006  12387 	.data.w	__ghs_eofn_HSM_GetLastErrorCode-HSM_GetLastErrorCode
000006a0 01        12388 	.data.b	1
000006a1 00000000* 12389 	.data.w	.LDW931
000006a5 00        12390 	.data.b	0
000006a6 00        12391 	.data.b	0
000006a7 00        12392 	.data.b	0
                   12393 .LDW_unq_84:
                   12394 	.section	.debug_line
000005fe 020500    12395 	.data.b	0,5,2
00000601 00000000* 12396 	.data.w	HSM_GetLastErrorCode
00000605 06        12397 	.data.b	6
00000606 03        12398 	.data.b	3
00000607 02b5      12399 	.data.b	181,2
00000609 02        12400 	.data.b	2
0000060a 00        12401 	.data.b	0
0000060b 01        12402 	.data.b	1
0000060c 06        12403 	.data.b	6
0000060d 02        12404 	.data.b	2
0000060e 04        12405 	.data.b	4
0000060f 02        12406 	.data.b	2
00000610 02        12407 	.data.b	2
00000611 010100    12408 	.data.b	0,1,1
                   12409 	.section	.debug_info
                   12410 .LDW_4a423a0:
00003b57 1f        12411 	.data.b	31
00003b58 00000000* 12412 	.data.w	.LDW831
00003b5c 00000000* 12413 	.data.w	.LDW931
                   12414 
00003b60 00        12415 	.data.b	0
                   12416 
00003b61 00        12417 	.data.b	0
                   12418 
                   12419 .LDW_4a27250:
00003b62 16        12420 	.data.b	22
00003b63 5f4d5348  12421 	.data.b	72,83,77,95,87,97,105,116,82,101,115,112,0
00003b67 74696157 
00003b6b 70736552 
00003b6f 00 
00003b70 02b8      12422 	.data.b	184,2
00003b72 10        12423 	.data.b	16
00003b73 01        12424 	.data.b	1
00003b74 00000000* 12425 	.data.w	.LDW_3791950
00003b78 00000000* 12426 	.data.w	HSM_WaitResp
00003b7c 00000000* 12427 	.data.w	__ghs_eofn_HSM_WaitResp
00003b80 5d01      12428 	.data.b	1,93
00003b82 00        12429 	.data.b	0
00003b83 04        12430 	.data.b	4
00003b84 00        12431 	.data.b	0
00003b85 7c        12432 	.data.b	124
00003b86 01        12433 	.data.b	1
00003b87 00        12434 	.data.b	0
00003b88 00        12435 	.data.b	0
00003b89 01        12436 	.data.b	1
00003b8a 01        12437 	.data.b	1
00003b8b 00        12438 	.data.b	0
00003b8c 01        12439 	.data.b	1
                   12440 
                   12441 	.section	.debug_frame
                   12442 .LDW_4c1ae28:

                                                                      Page 226
                                                              C:\Windows\TEMP\gh_00000ro3.si
000006a8 00000000* 12443 	.data.w	.LDW_unq_86-.LDW_unq_85
                   12444 .LDW_unq_85:
000006ac 00000000* 12445 	.data.w	.LDW_4a21e10
000006b0 00000000* 12446 	.data.w	HSM_WaitResp
000006b4 00000004  12447 	.data.w	__ghs_eofn_HSM_WaitResp-HSM_WaitResp
000006b8 01        12448 	.data.b	1
000006b9 00000000* 12449 	.data.w	.LDW141
000006bd 00        12450 	.data.b	0
000006be 00        12451 	.data.b	0
000006bf 00        12452 	.data.b	0
                   12453 .LDW_unq_86:
                   12454 	.section	.debug_line
00000614 020500    12455 	.data.b	0,5,2
00000617 00000000* 12456 	.data.w	HSM_WaitResp
0000061b 06        12457 	.data.b	6
0000061c 03        12458 	.data.b	3
0000061d 02b9      12459 	.data.b	185,2
0000061f 02        12460 	.data.b	2
00000620 00        12461 	.data.b	0
00000621 01        12462 	.data.b	1
00000622 06        12463 	.data.b	6
00000623 02        12464 	.data.b	2
00000624 02        12465 	.data.b	2
00000625 02        12466 	.data.b	2
00000626 02        12467 	.data.b	2
00000627 010100    12468 	.data.b	0,1,1
                   12469 	.section	.debug_info
                   12470 .LDW_4a31050:
00003b8d 11        12471 	.data.b	17
00003b8e 49626f6a  12472 	.data.b	106,111,98,73,100,0
00003b92 0064 
00003b94 02b8      12473 	.data.b	184,2
00003b96 24        12474 	.data.b	36
00003b97 01        12475 	.data.b	1
00003b98 00000000* 12476 	.data.w	.LDW_37919c0
00003b9c 00        12477 	.data.b	0
00003b9d 5001      12478 	.data.b	1,80
                   12479 
                   12480 .LDW_4a42160:
00003b9f 1f        12481 	.data.b	31
00003ba0 00000000* 12482 	.data.w	.LDW041
00003ba4 00000000* 12483 	.data.w	.LDW141
                   12484 
00003ba8 00        12485 	.data.b	0
                   12486 
00003ba9 00        12487 	.data.b	0
                   12488 
                   12489 .LDW_4a268d0:
00003baa 16        12490 	.data.b	22
00003bab 5f4d5348  12491 	.data.b	72,83,77,95,82,101,97,100,82,120,66,117,102,102,0
00003baf 64616552 
00003bb3 75427852 
00003bb7 006666 
00003bba 02bc      12492 	.data.b	188,2
00003bbc 10        12493 	.data.b	16
00003bbd 01        12494 	.data.b	1
00003bbe 00000000* 12495 	.data.w	.LDW_3791950
00003bc2 00000000* 12496 	.data.w	HSM_ReadRxBuff
00003bc6 00000000* 12497 	.data.w	__ghs_eofn_HSM_ReadRxBuff
00003bca 5d01      12498 	.data.b	1,93
00003bcc 00        12499 	.data.b	0

                                                                      Page 227
                                                              C:\Windows\TEMP\gh_00000ro3.si
00003bcd 04        12500 	.data.b	4
00003bce 00        12501 	.data.b	0
00003bcf 7c        12502 	.data.b	124
00003bd0 01        12503 	.data.b	1
00003bd1 00        12504 	.data.b	0
00003bd2 00        12505 	.data.b	0
00003bd3 01        12506 	.data.b	1
00003bd4 01        12507 	.data.b	1
00003bd5 00        12508 	.data.b	0
00003bd6 01        12509 	.data.b	1
                   12510 
                   12511 	.section	.debug_frame
                   12512 .LDW_4c1b3a8:
000006c0 00000000* 12513 	.data.w	.LDW_unq_88-.LDW_unq_87
                   12514 .LDW_unq_87:
000006c4 00000000* 12515 	.data.w	.LDW_4a21e10
000006c8 00000000* 12516 	.data.w	HSM_ReadRxBuff
000006cc 00000004  12517 	.data.w	__ghs_eofn_HSM_ReadRxBuff-HSM_ReadRxBuff
000006d0 01        12518 	.data.b	1
000006d1 00000000* 12519 	.data.w	.LDW341
000006d5 00        12520 	.data.b	0
000006d6 00        12521 	.data.b	0
000006d7 00        12522 	.data.b	0
                   12523 .LDW_unq_88:
                   12524 	.section	.debug_line
0000062a 020500    12525 	.data.b	0,5,2
0000062d 00000000* 12526 	.data.w	HSM_ReadRxBuff
00000631 06        12527 	.data.b	6
00000632 03        12528 	.data.b	3
00000633 02bd      12529 	.data.b	189,2
00000635 02        12530 	.data.b	2
00000636 00        12531 	.data.b	0
00000637 01        12532 	.data.b	1
00000638 06        12533 	.data.b	6
00000639 02        12534 	.data.b	2
0000063a 02        12535 	.data.b	2
0000063b 02        12536 	.data.b	2
0000063c 02        12537 	.data.b	2
0000063d 010100    12538 	.data.b	0,1,1
                   12539 	.section	.debug_info
                   12540 .LDW_4a31368:
00003bd7 11        12541 	.data.b	17
00003bd8 49626f6a  12542 	.data.b	106,111,98,73,100,0
00003bdc 0064 
00003bde 02bc      12543 	.data.b	188,2
00003be0 26        12544 	.data.b	38
00003be1 01        12545 	.data.b	1
00003be2 00000000* 12546 	.data.w	.LDW_37919c0
00003be6 00        12547 	.data.b	0
00003be7 5001      12548 	.data.b	1,80
                   12549 
                   12550 .LDW_4a313c0:
00003be9 11        12551 	.data.b	17
00003bea 6e756f63  12552 	.data.b	99,111,117,110,116,0
00003bee 0074 
00003bf0 02bc      12553 	.data.b	188,2
00003bf2 34        12554 	.data.b	52
00003bf3 01        12555 	.data.b	1
00003bf4 00000000* 12556 	.data.w	.LDW_3792088
00003bf8 00        12557 	.data.b	0
00003bf9 5101      12558 	.data.b	1,81

                                                                      Page 228
                                                              C:\Windows\TEMP\gh_00000ro3.si
                   12559 
                   12560 .LDW_4a31470:
00003bfb 11        12561 	.data.b	17
00003bfc 61746164  12562 	.data.b	100,97,116,97,0
00003c00 00 
00003c01 02bc      12563 	.data.b	188,2
00003c03 42        12564 	.data.b	66
00003c04 01        12565 	.data.b	1
00003c05 00000000* 12566 	.data.w	.LDW_4a04be0
00003c09 00        12567 	.data.b	0
00003c0a 5201      12568 	.data.b	1,82
                   12569 
                   12570 .LDW_4a423d0:
00003c0c 1f        12571 	.data.b	31
00003c0d 00000000* 12572 	.data.w	.LDW241
00003c11 00000000* 12573 	.data.w	.LDW341
                   12574 
00003c15 00        12575 	.data.b	0
                   12576 
00003c16 00        12577 	.data.b	0
                   12578 
                   12579 .LDW_4a27418:
00003c17 16        12580 	.data.b	22
00003c18 5f4d5348  12581 	.data.b	72,83,77,95,71,101,116,77,97,120,84,114,97,110,83,105,122,101,66,121,116,101,0
00003c1c 4d746547 
00003c20 72547861 
00003c24 69536e61 
00003c28 7942657a 
00003c2c 006574 
00003c2f 02c0      12582 	.data.b	192,2
00003c31 08        12583 	.data.b	8
00003c32 01        12584 	.data.b	1
00003c33 00000000* 12585 	.data.w	.LDW_3792088
00003c37 00000000* 12586 	.data.w	HSM_GetMaxTranSizeByte
00003c3b 00000000* 12587 	.data.w	__ghs_eofn_HSM_GetMaxTranSizeByte
00003c3f 5d01      12588 	.data.b	1,93
00003c41 00        12589 	.data.b	0
00003c42 04        12590 	.data.b	4
00003c43 00        12591 	.data.b	0
00003c44 7c        12592 	.data.b	124
00003c45 01        12593 	.data.b	1
00003c46 00        12594 	.data.b	0
00003c47 00        12595 	.data.b	0
00003c48 01        12596 	.data.b	1
00003c49 01        12597 	.data.b	1
00003c4a 00        12598 	.data.b	0
00003c4b 01        12599 	.data.b	1
                   12600 
                   12601 	.section	.debug_frame
                   12602 .LDW_4c1b3e8:
000006d8 00000000* 12603 	.data.w	.LDW_unq_8a-.LDW_unq_89
                   12604 .LDW_unq_89:
000006dc 00000000* 12605 	.data.w	.LDW_4a21e10
000006e0 00000000* 12606 	.data.w	HSM_GetMaxTranSizeByte
000006e4 00000004  12607 	.data.w	__ghs_eofn_HSM_GetMaxTranSizeByte-HSM_GetMaxTranSizeByte
000006e8 01        12608 	.data.b	1
000006e9 00000000* 12609 	.data.w	.LDW541
000006ed 00        12610 	.data.b	0
000006ee 00        12611 	.data.b	0
000006ef 00        12612 	.data.b	0
                   12613 .LDW_unq_8a:

                                                                      Page 229
                                                              C:\Windows\TEMP\gh_00000ro3.si
                   12614 	.section	.debug_line
00000640 020500    12615 	.data.b	0,5,2
00000643 00000000* 12616 	.data.w	HSM_GetMaxTranSizeByte
00000647 06        12617 	.data.b	6
00000648 03        12618 	.data.b	3
00000649 02c1      12619 	.data.b	193,2
0000064b 02        12620 	.data.b	2
0000064c 00        12621 	.data.b	0
0000064d 01        12622 	.data.b	1
0000064e 06        12623 	.data.b	6
0000064f 02        12624 	.data.b	2
00000650 02        12625 	.data.b	2
00000651 02        12626 	.data.b	2
00000652 02        12627 	.data.b	2
00000653 010100    12628 	.data.b	0,1,1
                   12629 	.section	.debug_info
                   12630 .LDW_4a422b0:
00003c4c 1f        12631 	.data.b	31
00003c4d 00000000* 12632 	.data.w	.LDW441
00003c51 00000000* 12633 	.data.w	.LDW541
                   12634 
00003c55 00        12635 	.data.b	0
                   12636 
00003c56 00        12637 	.data.b	0
                   12638 
                   12639 .LDW_4a26708:
00003c57 16        12640 	.data.b	22
00003c58 5f4d5348  12641 	.data.b	72,83,77,95,67,97,110,99,101,108,74,111,98,0
00003c5c 636e6143 
00003c60 6f4a6c65 
00003c64 0062 
00003c66 02c4      12642 	.data.b	196,2
00003c68 10        12643 	.data.b	16
00003c69 01        12644 	.data.b	1
00003c6a 00000000* 12645 	.data.w	.LDW_3791950
00003c6e 00000000* 12646 	.data.w	HSM_CancelJob
00003c72 00000000* 12647 	.data.w	__ghs_eofn_HSM_CancelJob
00003c76 5d01      12648 	.data.b	1,93
00003c78 00        12649 	.data.b	0
00003c79 04        12650 	.data.b	4
00003c7a 00        12651 	.data.b	0
00003c7b 7c        12652 	.data.b	124
00003c7c 01        12653 	.data.b	1
00003c7d 00        12654 	.data.b	0
00003c7e 00        12655 	.data.b	0
00003c7f 01        12656 	.data.b	1
00003c80 01        12657 	.data.b	1
00003c81 00        12658 	.data.b	0
00003c82 01        12659 	.data.b	1
                   12660 
                   12661 	.section	.debug_frame
                   12662 .LDW_4c1b668:
000006f0 00000000* 12663 	.data.w	.LDW_unq_8c-.LDW_unq_8b
                   12664 .LDW_unq_8b:
000006f4 00000000* 12665 	.data.w	.LDW_4a21e10
000006f8 00000000* 12666 	.data.w	HSM_CancelJob
000006fc 00000004  12667 	.data.w	__ghs_eofn_HSM_CancelJob-HSM_CancelJob
00000700 01        12668 	.data.b	1
00000701 00000000* 12669 	.data.w	.LDW741
00000705 00        12670 	.data.b	0
00000706 00        12671 	.data.b	0

                                                                      Page 230
                                                              C:\Windows\TEMP\gh_00000ro3.si
00000707 00        12672 	.data.b	0
                   12673 .LDW_unq_8c:
                   12674 	.section	.debug_line
00000656 020500    12675 	.data.b	0,5,2
00000659 00000000* 12676 	.data.w	HSM_CancelJob
0000065d 06        12677 	.data.b	6
0000065e 03        12678 	.data.b	3
0000065f 02c5      12679 	.data.b	197,2
00000661 02        12680 	.data.b	2
00000662 00        12681 	.data.b	0
00000663 01        12682 	.data.b	1
00000664 06        12683 	.data.b	6
00000665 02        12684 	.data.b	2
00000666 02        12685 	.data.b	2
00000667 02        12686 	.data.b	2
00000668 02        12687 	.data.b	2
00000669 010100    12688 	.data.b	0,1,1
                   12689 	.section	.debug_info
                   12690 .LDW_4a43298:
00003c83 11        12691 	.data.b	17
00003c84 49626f6a  12692 	.data.b	106,111,98,73,100,0
00003c88 0064 
00003c8a 02c4      12693 	.data.b	196,2
00003c8c 25        12694 	.data.b	37
00003c8d 01        12695 	.data.b	1
00003c8e 00000000* 12696 	.data.w	.LDW_37919c0
00003c92 00        12697 	.data.b	0
00003c93 5001      12698 	.data.b	1,80
                   12699 
                   12700 .LDW_4a42310:
00003c95 1f        12701 	.data.b	31
00003c96 00000000* 12702 	.data.w	.LDW641
00003c9a 00000000* 12703 	.data.w	.LDW741
                   12704 
00003c9e 00        12705 	.data.b	0
                   12706 
00003c9f 00        12707 	.data.b	0
                   12708 
                   12709 .LDW_4a26968:
00003ca0 16        12710 	.data.b	22
00003ca1 5f4d5348  12711 	.data.b	72,83,77,95,71,101,116,77,99,117,85,105,100,0
00003ca5 4d746547 
00003ca9 69557563 
00003cad 0064 
00003caf 02c8      12712 	.data.b	200,2
00003cb1 10        12713 	.data.b	16
00003cb2 01        12714 	.data.b	1
00003cb3 00000000* 12715 	.data.w	.LDW_3791950
00003cb7 00000000* 12716 	.data.w	HSM_GetMcuUid
00003cbb 00000000* 12717 	.data.w	__ghs_eofn_HSM_GetMcuUid
00003cbf 5d01      12718 	.data.b	1,93
00003cc1 00        12719 	.data.b	0
00003cc2 04        12720 	.data.b	4
00003cc3 00        12721 	.data.b	0
00003cc4 7c        12722 	.data.b	124
00003cc5 01        12723 	.data.b	1
00003cc6 00        12724 	.data.b	0
00003cc7 00        12725 	.data.b	0
00003cc8 01        12726 	.data.b	1
00003cc9 01        12727 	.data.b	1
00003cca 00        12728 	.data.b	0

                                                                      Page 231
                                                              C:\Windows\TEMP\gh_00000ro3.si
00003ccb 01        12729 	.data.b	1
                   12730 
                   12731 	.section	.debug_frame
                   12732 .LDW_4c1bfa8:
00000708 00000000* 12733 	.data.w	.LDW_unq_8e-.LDW_unq_8d
                   12734 .LDW_unq_8d:
0000070c 00000000* 12735 	.data.w	.LDW_4a21e10
00000710 00000000* 12736 	.data.w	HSM_GetMcuUid
00000714 00000004  12737 	.data.w	__ghs_eofn_HSM_GetMcuUid-HSM_GetMcuUid
00000718 01        12738 	.data.b	1
00000719 00000000* 12739 	.data.w	.LDW941
0000071d 00        12740 	.data.b	0
0000071e 00        12741 	.data.b	0
0000071f 00        12742 	.data.b	0
                   12743 .LDW_unq_8e:
                   12744 	.section	.debug_line
0000066c 020500    12745 	.data.b	0,5,2
0000066f 00000000* 12746 	.data.w	HSM_GetMcuUid
00000673 06        12747 	.data.b	6
00000674 03        12748 	.data.b	3
00000675 02c9      12749 	.data.b	201,2
00000677 02        12750 	.data.b	2
00000678 00        12751 	.data.b	0
00000679 01        12752 	.data.b	1
0000067a 06        12753 	.data.b	6
0000067b 02        12754 	.data.b	2
0000067c 02        12755 	.data.b	2
0000067d 02        12756 	.data.b	2
0000067e 02        12757 	.data.b	2
0000067f 010100    12758 	.data.b	0,1,1
                   12759 	.section	.debug_info
                   12760 .LDW_4a43348:
00003ccc 11        12761 	.data.b	17
00003ccd 00646975  12762 	.data.b	117,105,100,0
00003cd1 02c8      12763 	.data.b	200,2
00003cd3 25        12764 	.data.b	37
00003cd4 01        12765 	.data.b	1
00003cd5 00000000* 12766 	.data.w	.LDW_4a04be0
00003cd9 00        12767 	.data.b	0
00003cda 5001      12768 	.data.b	1,80
                   12769 
                   12770 .LDW_4a42250:
00003cdc 1f        12771 	.data.b	31
00003cdd 00000000* 12772 	.data.w	.LDW841
00003ce1 00000000* 12773 	.data.w	.LDW941
                   12774 
00003ce5 00        12775 	.data.b	0
                   12776 
00003ce6 00        12777 	.data.b	0
                   12778 
                   12779 .LDW_4a26cf8:
00003ce7 16        12780 	.data.b	22
00003ce8 5f4d5348  12781 	.data.b	72,83,77,95,71,101,116,86,101,114,115,105,111,110,73,110,102,111,0
00003cec 56746547 
00003cf0 69737265 
00003cf4 6e496e6f 
00003cf8 006f66 
00003cfb 02cc      12782 	.data.b	204,2
00003cfd 10        12783 	.data.b	16
00003cfe 01        12784 	.data.b	1
00003cff 00000000* 12785 	.data.w	.LDW_3791950

                                                                      Page 232
                                                              C:\Windows\TEMP\gh_00000ro3.si
00003d03 00000000* 12786 	.data.w	HSM_GetVersionInfo
00003d07 00000000* 12787 	.data.w	__ghs_eofn_HSM_GetVersionInfo
00003d0b 5d01      12788 	.data.b	1,93
00003d0d 00        12789 	.data.b	0
00003d0e 04        12790 	.data.b	4
00003d0f 00        12791 	.data.b	0
00003d10 7c        12792 	.data.b	124
00003d11 01        12793 	.data.b	1
00003d12 00        12794 	.data.b	0
00003d13 00        12795 	.data.b	0
00003d14 01        12796 	.data.b	1
00003d15 01        12797 	.data.b	1
00003d16 00        12798 	.data.b	0
00003d17 01        12799 	.data.b	1
                   12800 
                   12801 	.section	.debug_frame
                   12802 .LDW_4c1b928:
00000720 00000000* 12803 	.data.w	.LDW_unq_90-.LDW_unq_8f
                   12804 .LDW_unq_8f:
00000724 00000000* 12805 	.data.w	.LDW_4a21e10
00000728 00000000* 12806 	.data.w	HSM_GetVersionInfo
0000072c 00000004  12807 	.data.w	__ghs_eofn_HSM_GetVersionInfo-HSM_GetVersionInfo
00000730 01        12808 	.data.b	1
00000731 00000000* 12809 	.data.w	.LDW151
00000735 00        12810 	.data.b	0
00000736 00        12811 	.data.b	0
00000737 00        12812 	.data.b	0
                   12813 .LDW_unq_90:
                   12814 	.section	.debug_line
00000682 020500    12815 	.data.b	0,5,2
00000685 00000000* 12816 	.data.w	HSM_GetVersionInfo
00000689 06        12817 	.data.b	6
0000068a 03        12818 	.data.b	3
0000068b 02cd      12819 	.data.b	205,2
0000068d 02        12820 	.data.b	2
0000068e 00        12821 	.data.b	0
0000068f 01        12822 	.data.b	1
00000690 06        12823 	.data.b	6
00000691 02        12824 	.data.b	2
00000692 02        12825 	.data.b	2
00000693 02        12826 	.data.b	2
00000694 02        12827 	.data.b	2
00000695 010100    12828 	.data.b	0,1,1
                   12829 	.section	.debug_info
                   12830 .LDW_4a434a8:
00003d18 11        12831 	.data.b	17
00003d19 73726576  12832 	.data.b	118,101,114,115,105,111,110,0
00003d1d 006e6f69 
00003d21 02cc      12833 	.data.b	204,2
00003d23 36        12834 	.data.b	54
00003d24 01        12835 	.data.b	1
00003d25 00000000* 12836 	.data.w	.LDW_4a42648
00003d29 00        12837 	.data.b	0
00003d2a 5001      12838 	.data.b	1,80
                   12839 
                   12840 .LDW_4a42460:
00003d2c 1f        12841 	.data.b	31
00003d2d 00000000* 12842 	.data.w	.LDW051
00003d31 00000000* 12843 	.data.w	.LDW151
                   12844 
00003d35 00        12845 	.data.b	0

                                                                      Page 233
                                                              C:\Windows\TEMP\gh_00000ro3.si
                   12846 
00003d36 00        12847 	.data.b	0
                   12848 
                   12849 .LDW_4a27710:
00003d37 16        12850 	.data.b	22
00003d38 5f4d5348  12851 	.data.b	72,83,77,95,71,101,116,65,108,108,83,101,99,117,114,105,116,121,73,110,102,111,0
00003d3c 41746547 
00003d40 65536c6c 
00003d44 69727563 
00003d48 6e497974 
00003d4c 006f66 
00003d4f 02d0      12852 	.data.b	208,2
00003d51 10        12853 	.data.b	16
00003d52 01        12854 	.data.b	1
00003d53 00000000* 12855 	.data.w	.LDW_3791950
00003d57 00000000* 12856 	.data.w	HSM_GetAllSecurityInfo
00003d5b 00000000* 12857 	.data.w	__ghs_eofn_HSM_GetAllSecurityInfo
00003d5f 5d01      12858 	.data.b	1,93
00003d61 00        12859 	.data.b	0
00003d62 04        12860 	.data.b	4
00003d63 00        12861 	.data.b	0
00003d64 7c        12862 	.data.b	124
00003d65 01        12863 	.data.b	1
00003d66 00        12864 	.data.b	0
00003d67 00        12865 	.data.b	0
00003d68 01        12866 	.data.b	1
00003d69 01        12867 	.data.b	1
00003d6a 00        12868 	.data.b	0
00003d6b 01        12869 	.data.b	1
                   12870 
                   12871 	.section	.debug_frame
                   12872 .LDW_4c1bea8:
00000738 00000000* 12873 	.data.w	.LDW_unq_92-.LDW_unq_91
                   12874 .LDW_unq_91:
0000073c 00000000* 12875 	.data.w	.LDW_4a21e10
00000740 00000000* 12876 	.data.w	HSM_GetAllSecurityInfo
00000744 00000004  12877 	.data.w	__ghs_eofn_HSM_GetAllSecurityInfo-HSM_GetAllSecurityInfo
00000748 01        12878 	.data.b	1
00000749 00000000* 12879 	.data.w	.LDW351
0000074d 00        12880 	.data.b	0
0000074e 00        12881 	.data.b	0
0000074f 00        12882 	.data.b	0
                   12883 .LDW_unq_92:
                   12884 	.section	.debug_line
00000698 020500    12885 	.data.b	0,5,2
0000069b 00000000* 12886 	.data.w	HSM_GetAllSecurityInfo
0000069f 06        12887 	.data.b	6
000006a0 03        12888 	.data.b	3
000006a1 02d1      12889 	.data.b	209,2
000006a3 02        12890 	.data.b	2
000006a4 00        12891 	.data.b	0
000006a5 01        12892 	.data.b	1
000006a6 06        12893 	.data.b	6
000006a7 02        12894 	.data.b	2
000006a8 02        12895 	.data.b	2
000006a9 02        12896 	.data.b	2
000006aa 02        12897 	.data.b	2
000006ab 010100    12898 	.data.b	0,1,1
                   12899 	.section	.debug_info
                   12900 .LDW_4a435b0:
00003d6c 11        12901 	.data.b	17

                                                                      Page 234
                                                              C:\Windows\TEMP\gh_00000ro3.si
00003d6d 6f666e69  12902 	.data.b	105,110,102,111,0
00003d71 00 
00003d72 02d0      12903 	.data.b	208,2
00003d74 3c        12904 	.data.b	60
00003d75 01        12905 	.data.b	1
00003d76 00000000* 12906 	.data.w	.LDW_4a425a0
00003d7a 00        12907 	.data.b	0
00003d7b 5001      12908 	.data.b	1,80
                   12909 
                   12910 .LDW_4a42190:
00003d7d 1f        12911 	.data.b	31
00003d7e 00000000* 12912 	.data.w	.LDW251
00003d82 00000000* 12913 	.data.w	.LDW351
                   12914 
00003d86 00        12915 	.data.b	0
                   12916 
00003d87 00        12917 	.data.b	0
                   12918 
                   12919 .LDW_4a27548:
00003d88 16        12920 	.data.b	22
00003d89 5f4d5348  12921 	.data.b	72,83,77,95,67,104,101,99,107,72,115,109,84,101,109,112,83,116,111,112,83,116,97,116,101,0
00003d8d 63656843 
00003d91 6d73486b 
00003d95 706d6554 
00003d99 706f7453 
00003d9d 74617453 
00003da1 0065 
00003da3 02d4      12922 	.data.b	212,2
00003da5 06        12923 	.data.b	6
00003da6 01        12924 	.data.b	1
00003da7 00000000* 12925 	.data.w	.LDW_3791950
00003dab 00000000* 12926 	.data.w	HSM_CheckHsmTempStopState
00003daf 00000000* 12927 	.data.w	__ghs_eofn_HSM_CheckHsmTempStopState
00003db3 5d01      12928 	.data.b	1,93
00003db5 00        12929 	.data.b	0
00003db6 04        12930 	.data.b	4
00003db7 00        12931 	.data.b	0
00003db8 7c        12932 	.data.b	124
00003db9 01        12933 	.data.b	1
00003dba 00        12934 	.data.b	0
00003dbb 00        12935 	.data.b	0
00003dbc 01        12936 	.data.b	1
00003dbd 01        12937 	.data.b	1
00003dbe 00        12938 	.data.b	0
00003dbf 01        12939 	.data.b	1
                   12940 
                   12941 	.section	.debug_frame
                   12942 .LDW_4c4ad18:
00000750 00000000* 12943 	.data.w	.LDW_unq_94-.LDW_unq_93
                   12944 .LDW_unq_93:
00000754 00000000* 12945 	.data.w	.LDW_4a21e10
00000758 00000000* 12946 	.data.w	HSM_CheckHsmTempStopState
0000075c 00000004  12947 	.data.w	__ghs_eofn_HSM_CheckHsmTempStopState-HSM_CheckHsmTempStopState
00000760 01        12948 	.data.b	1
00000761 00000000* 12949 	.data.w	.LDW551
00000765 00        12950 	.data.b	0
00000766 00        12951 	.data.b	0
00000767 00        12952 	.data.b	0
                   12953 .LDW_unq_94:
                   12954 	.section	.debug_line
000006ae 020500    12955 	.data.b	0,5,2

                                                                      Page 235
                                                              C:\Windows\TEMP\gh_00000ro3.si
000006b1 00000000* 12956 	.data.w	HSM_CheckHsmTempStopState
000006b5 06        12957 	.data.b	6
000006b6 03        12958 	.data.b	3
000006b7 02d5      12959 	.data.b	213,2
000006b9 02        12960 	.data.b	2
000006ba 00        12961 	.data.b	0
000006bb 01        12962 	.data.b	1
000006bc 06        12963 	.data.b	6
000006bd 02        12964 	.data.b	2
000006be 02        12965 	.data.b	2
000006bf 02        12966 	.data.b	2
000006c0 02        12967 	.data.b	2
000006c1 010100    12968 	.data.b	0,1,1
                   12969 	.section	.debug_info
                   12970 .LDW_4a42340:
00003dc0 1f        12971 	.data.b	31
00003dc1 00000000* 12972 	.data.w	.LDW451
00003dc5 00000000* 12973 	.data.w	.LDW551
                   12974 
00003dc9 00        12975 	.data.b	0
                   12976 
00003dca 00        12977 	.data.b	0
                   12978 
                   12979 .LDW_4a275e0:
00003dcb 16        12980 	.data.b	22
00003dcc 5f4d5348  12981 	.data.b	72,83,77,95,84,101,109,112,83,116,111,112,0
00003dd0 706d6554 
00003dd4 706f7453 
00003dd8 00 
00003dd9 02d8      12982 	.data.b	216,2
00003ddb 10        12983 	.data.b	16
00003ddc 01        12984 	.data.b	1
00003ddd 00000000* 12985 	.data.w	.LDW_3791950
00003de1 00000000* 12986 	.data.w	HSM_TempStop
00003de5 00000000* 12987 	.data.w	__ghs_eofn_HSM_TempStop
00003de9 5d01      12988 	.data.b	1,93
00003deb 00        12989 	.data.b	0
00003dec 04        12990 	.data.b	4
00003ded 00        12991 	.data.b	0
00003dee 7c        12992 	.data.b	124
00003def 01        12993 	.data.b	1
00003df0 00        12994 	.data.b	0
00003df1 00        12995 	.data.b	0
00003df2 01        12996 	.data.b	1
00003df3 01        12997 	.data.b	1
00003df4 00        12998 	.data.b	0
00003df5 01        12999 	.data.b	1
                   13000 
                   13001 	.section	.debug_frame
                   13002 .LDW_4c4ae18:
00000768 00000000* 13003 	.data.w	.LDW_unq_96-.LDW_unq_95
                   13004 .LDW_unq_95:
0000076c 00000000* 13005 	.data.w	.LDW_4a21e10
00000770 00000000* 13006 	.data.w	HSM_TempStop
00000774 00000004  13007 	.data.w	__ghs_eofn_HSM_TempStop-HSM_TempStop
00000778 01        13008 	.data.b	1
00000779 00000000* 13009 	.data.w	.LDW751
0000077d 00        13010 	.data.b	0
0000077e 00        13011 	.data.b	0
0000077f 00        13012 	.data.b	0
                   13013 .LDW_unq_96:

                                                                      Page 236
                                                              C:\Windows\TEMP\gh_00000ro3.si
                   13014 	.section	.debug_line
000006c4 020500    13015 	.data.b	0,5,2
000006c7 00000000* 13016 	.data.w	HSM_TempStop
000006cb 06        13017 	.data.b	6
000006cc 03        13018 	.data.b	3
000006cd 02d9      13019 	.data.b	217,2
000006cf 02        13020 	.data.b	2
000006d0 00        13021 	.data.b	0
000006d1 01        13022 	.data.b	1
000006d2 06        13023 	.data.b	6
000006d3 02        13024 	.data.b	2
000006d4 02        13025 	.data.b	2
000006d5 02        13026 	.data.b	2
000006d6 02        13027 	.data.b	2
000006d7 010100    13028 	.data.b	0,1,1
                   13029 	.section	.debug_info
                   13030 .LDW_4a42370:
00003df6 1f        13031 	.data.b	31
00003df7 00000000* 13032 	.data.w	.LDW651
00003dfb 00000000* 13033 	.data.w	.LDW751
                   13034 
00003dff 00        13035 	.data.b	0
                   13036 
00003e00 00        13037 	.data.b	0
                   13038 
                   13039 .LDW_4a278d8:
00003e01 16        13040 	.data.b	22
00003e02 5f4d5348  13041 	.data.b	72,83,77,95,82,101,115,116,97,114,116,0
00003e06 74736552 
00003e0a 00747261 
00003e0e 02dc      13042 	.data.b	220,2
00003e10 10        13043 	.data.b	16
00003e11 01        13044 	.data.b	1
00003e12 00000000* 13045 	.data.w	.LDW_3791950
00003e16 00000000* 13046 	.data.w	HSM_Restart
00003e1a 00000000* 13047 	.data.w	__ghs_eofn_HSM_Restart
00003e1e 5d01      13048 	.data.b	1,93
00003e20 00        13049 	.data.b	0
00003e21 04        13050 	.data.b	4
00003e22 00        13051 	.data.b	0
00003e23 7c        13052 	.data.b	124
00003e24 01        13053 	.data.b	1
00003e25 00        13054 	.data.b	0
00003e26 00        13055 	.data.b	0
00003e27 01        13056 	.data.b	1
00003e28 01        13057 	.data.b	1
00003e29 00        13058 	.data.b	0
00003e2a 01        13059 	.data.b	1
                   13060 
                   13061 	.section	.debug_frame
                   13062 .LDW_4c4b498:
00000780 00000000* 13063 	.data.w	.LDW_unq_98-.LDW_unq_97
                   13064 .LDW_unq_97:
00000784 00000000* 13065 	.data.w	.LDW_4a21e10
00000788 00000000* 13066 	.data.w	HSM_Restart
0000078c 00000004  13067 	.data.w	__ghs_eofn_HSM_Restart-HSM_Restart
00000790 01        13068 	.data.b	1
00000791 00000000* 13069 	.data.w	.LDW951
00000795 00        13070 	.data.b	0
00000796 00        13071 	.data.b	0
00000797 00        13072 	.data.b	0

                                                                      Page 237
                                                              C:\Windows\TEMP\gh_00000ro3.si
                   13073 .LDW_unq_98:
                   13074 	.section	.debug_line
000006da 020500    13075 	.data.b	0,5,2
000006dd 00000000* 13076 	.data.w	HSM_Restart
000006e1 06        13077 	.data.b	6
000006e2 03        13078 	.data.b	3
000006e3 02dd      13079 	.data.b	221,2
000006e5 02        13080 	.data.b	2
000006e6 00        13081 	.data.b	0
000006e7 01        13082 	.data.b	1
000006e8 06        13083 	.data.b	6
000006e9 02        13084 	.data.b	2
000006ea 02        13085 	.data.b	2
000006eb 02        13086 	.data.b	2
000006ec 02        13087 	.data.b	2
000006ed 010100    13088 	.data.b	0,1,1
                   13089 	.section	.debug_info
                   13090 .LDW_4a41770:
00003e2b 1f        13091 	.data.b	31
00003e2c 00000000* 13092 	.data.w	.LDW851
00003e30 00000000* 13093 	.data.w	.LDW951
                   13094 
00003e34 00        13095 	.data.b	0
                   13096 
00003e35 00        13097 	.data.b	0
                   13098 
                   13099 .LDW_4a27e30:
00003e36 16        13100 	.data.b	22
00003e37 5f4d5348  13101 	.data.b	72,83,77,95,70,97,99,116,111,114,121,72,115,109,67,111,110,102,105,103,117,114,97,116,105,111,110,76,111,99,107,0
00003e3b 74636146 
00003e3f 4879726f 
00003e43 6f436d73 
00003e47 6769666e 
00003e4b 74617275 
00003e4f 4c6e6f69 
00003e53 006b636f 
00003e57 02e0      13102 	.data.b	224,2
00003e59 10        13103 	.data.b	16
00003e5a 01        13104 	.data.b	1
00003e5b 00000000* 13105 	.data.w	.LDW_3791950
00003e5f 00000000* 13106 	.data.w	HSM_FactoryHsmConfigurationLock
00003e63 00000000* 13107 	.data.w	__ghs_eofn_HSM_FactoryHsmConfigurationLock
00003e67 5d01      13108 	.data.b	1,93
00003e69 00        13109 	.data.b	0
00003e6a 04        13110 	.data.b	4
00003e6b 00        13111 	.data.b	0
00003e6c 7c        13112 	.data.b	124
00003e6d 01        13113 	.data.b	1
00003e6e 00        13114 	.data.b	0
00003e6f 00        13115 	.data.b	0
00003e70 01        13116 	.data.b	1
00003e71 01        13117 	.data.b	1
00003e72 00        13118 	.data.b	0
00003e73 01        13119 	.data.b	1
                   13120 
                   13121 	.section	.debug_frame
                   13122 .LDW_4c4b0d8:
00000798 00000000* 13123 	.data.w	.LDW_unq_9a-.LDW_unq_99
                   13124 .LDW_unq_99:
0000079c 00000000* 13125 	.data.w	.LDW_4a21e10
000007a0 00000000* 13126 	.data.w	HSM_FactoryHsmConfigurationLock

                                                                      Page 238
                                                              C:\Windows\TEMP\gh_00000ro3.si
000007a4 00000004  13127 	.data.w	__ghs_eofn_HSM_FactoryHsmConfigurationLock-HSM_FactoryHsmConfigurationLock
000007a8 01        13128 	.data.b	1
000007a9 00000000* 13129 	.data.w	.LDW161
000007ad 00        13130 	.data.b	0
000007ae 00        13131 	.data.b	0
000007af 00        13132 	.data.b	0
                   13133 .LDW_unq_9a:
                   13134 	.section	.debug_line
000006f0 020500    13135 	.data.b	0,5,2
000006f3 00000000* 13136 	.data.w	HSM_FactoryHsmConfigurationLock
000006f7 06        13137 	.data.b	6
000006f8 03        13138 	.data.b	3
000006f9 02e1      13139 	.data.b	225,2
000006fb 02        13140 	.data.b	2
000006fc 00        13141 	.data.b	0
000006fd 01        13142 	.data.b	1
000006fe 06        13143 	.data.b	6
000006ff 02        13144 	.data.b	2
00000700 02        13145 	.data.b	2
00000701 02        13146 	.data.b	2
00000702 02        13147 	.data.b	2
00000703 010100    13148 	.data.b	0,1,1
                   13149 	.section	.debug_info
                   13150 .LDW_4a41a10:
00003e74 1f        13151 	.data.b	31
00003e75 00000000* 13152 	.data.w	.LDW061
00003e79 00000000* 13153 	.data.w	.LDW161
                   13154 
00003e7d 00        13155 	.data.b	0
                   13156 
00003e7e 00        13157 	.data.b	0
                   13158 
                   13159 .LDW_4a28128:
00003e7f 15        13160 	.data.b	21
00003e80 5f4d5348  13161 	.data.b	72,83,77,95,68,105,115,97,98,108,101,73,110,116,101,114,114,117,112,116,83,101,114,118,105,99,101,0
00003e84 61736944 
00003e88 49656c62 
00003e8c 7265746e 
00003e90 74707572 
00003e94 76726553 
00003e98 00656369 
00003e9c 02e4      13162 	.data.b	228,2
00003e9e 06        13163 	.data.b	6
00003e9f 01        13164 	.data.b	1
00003ea0 00000000* 13165 	.data.w	HSM_DisableInterruptService
00003ea4 00000000* 13166 	.data.w	__ghs_eofn_HSM_DisableInterruptService
00003ea8 5d01      13167 	.data.b	1,93
00003eaa 00        13168 	.data.b	0
00003eab 04        13169 	.data.b	4
00003eac 00        13170 	.data.b	0
00003ead 7c        13171 	.data.b	124
00003eae 01        13172 	.data.b	1
00003eaf 00        13173 	.data.b	0
00003eb0 00        13174 	.data.b	0
00003eb1 01        13175 	.data.b	1
00003eb2 01        13176 	.data.b	1
00003eb3 00        13177 	.data.b	0
00003eb4 01        13178 	.data.b	1
                   13179 
                   13180 	.section	.debug_frame
                   13181 .LDW_4c4b158:

                                                                      Page 239
                                                              C:\Windows\TEMP\gh_00000ro3.si
000007b0 00000000* 13182 	.data.w	.LDW_unq_9c-.LDW_unq_9b
                   13183 .LDW_unq_9b:
000007b4 00000000* 13184 	.data.w	.LDW_4a21e10
000007b8 00000000* 13185 	.data.w	HSM_DisableInterruptService
000007bc 00000002  13186 	.data.w	__ghs_eofn_HSM_DisableInterruptService-HSM_DisableInterruptService
000007c0 01        13187 	.data.b	1
000007c1 00000000* 13188 	.data.w	.LDW361
000007c5 00        13189 	.data.b	0
000007c6 00        13190 	.data.b	0
000007c7 00        13191 	.data.b	0
                   13192 .LDW_unq_9c:
                   13193 	.section	.debug_line
00000706 020500    13194 	.data.b	0,5,2
00000709 00000000* 13195 	.data.w	HSM_DisableInterruptService
0000070d 06        13196 	.data.b	6
0000070e 03        13197 	.data.b	3
0000070f 02e5      13198 	.data.b	229,2
00000711 02        13199 	.data.b	2
00000712 00        13200 	.data.b	0
00000713 01        13201 	.data.b	1
00000714 02        13202 	.data.b	2
00000715 02        13203 	.data.b	2
00000716 010100    13204 	.data.b	0,1,1
                   13205 	.section	.debug_info
                   13206 .LDW_4a41590:
00003eb5 1f        13207 	.data.b	31
00003eb6 00000000* 13208 	.data.w	.LDW261
00003eba 00000000* 13209 	.data.w	.LDW361
                   13210 
00003ebe 00        13211 	.data.b	0
                   13212 
00003ebf 00        13213 	.data.b	0
                   13214 
                   13215 .LDW_4a27aa0:
00003ec0 15        13216 	.data.b	21
00003ec1 5f4d5348  13217 	.data.b	72,83,77,95,83,101,116,67,97,108,108,98,97,99,107,70,117,110,99,87,97,105,116,67,111,117,110,116,0
00003ec5 43746553 
00003ec9 626c6c61 
00003ecd 466b6361 
00003ed1 57636e75 
00003ed5 43746961 
00003ed9 746e756f 
00003edd 00 
00003ede 02e7      13218 	.data.b	231,2
00003ee0 06        13219 	.data.b	6
00003ee1 01        13220 	.data.b	1
00003ee2 00000000* 13221 	.data.w	HSM_SetCallbackFuncWaitCount
00003ee6 00000000* 13222 	.data.w	__ghs_eofn_HSM_SetCallbackFuncWaitCount
00003eea 5d01      13223 	.data.b	1,93
00003eec 00        13224 	.data.b	0
00003eed 04        13225 	.data.b	4
00003eee 00        13226 	.data.b	0
00003eef 7c        13227 	.data.b	124
00003ef0 01        13228 	.data.b	1
00003ef1 00        13229 	.data.b	0
00003ef2 00        13230 	.data.b	0
00003ef3 01        13231 	.data.b	1
00003ef4 01        13232 	.data.b	1
00003ef5 00        13233 	.data.b	0
00003ef6 01        13234 	.data.b	1
                   13235 

                                                                      Page 240
                                                              C:\Windows\TEMP\gh_00000ro3.si
                   13236 	.section	.debug_frame
                   13237 .LDW_4c4b758:
000007c8 00000000* 13238 	.data.w	.LDW_unq_9e-.LDW_unq_9d
                   13239 .LDW_unq_9d:
000007cc 00000000* 13240 	.data.w	.LDW_4a21e10
000007d0 00000000* 13241 	.data.w	HSM_SetCallbackFuncWaitCount
000007d4 00000002  13242 	.data.w	__ghs_eofn_HSM_SetCallbackFuncWaitCount-HSM_SetCallbackFuncWaitCount
000007d8 01        13243 	.data.b	1
000007d9 00000000* 13244 	.data.w	.LDW561
000007dd 00        13245 	.data.b	0
000007de 00        13246 	.data.b	0
000007df 00        13247 	.data.b	0
                   13248 .LDW_unq_9e:
                   13249 	.section	.debug_line
00000719 020500    13250 	.data.b	0,5,2
0000071c 00000000* 13251 	.data.w	HSM_SetCallbackFuncWaitCount
00000720 06        13252 	.data.b	6
00000721 03        13253 	.data.b	3
00000722 02e8      13254 	.data.b	232,2
00000724 02        13255 	.data.b	2
00000725 00        13256 	.data.b	0
00000726 01        13257 	.data.b	1
00000727 02        13258 	.data.b	2
00000728 02        13259 	.data.b	2
00000729 010100    13260 	.data.b	0,1,1
                   13261 	.section	.debug_info
                   13262 .LDW_4a43088:
00003ef7 11        13263 	.data.b	17
00003ef8 74696177  13264 	.data.b	119,97,105,116,67,111,117,110,116,0
00003efc 6e756f43 
00003f00 0074 
00003f02 02e7      13265 	.data.b	231,2
00003f04 2a        13266 	.data.b	42
00003f05 01        13267 	.data.b	1
00003f06 00000000* 13268 	.data.w	.LDW_3792088
00003f0a 00        13269 	.data.b	0
00003f0b 5001      13270 	.data.b	1,80
                   13271 
                   13272 .LDW_4a419b0:
00003f0d 1f        13273 	.data.b	31
00003f0e 00000000* 13274 	.data.w	.LDW461
00003f12 00000000* 13275 	.data.w	.LDW561
                   13276 
00003f16 00        13277 	.data.b	0
                   13278 
00003f17 00        13279 	.data.b	0
                   13280 
                   13281 .LDW_4a28388:
00003f18 16        13282 	.data.b	22
00003f19 5f4d5348  13283 	.data.b	72,83,77,95,83,108,101,101,112,0
00003f1d 65656c53 
00003f21 0070 
00003f23 02ea      13284 	.data.b	234,2
00003f25 10        13285 	.data.b	16
00003f26 01        13286 	.data.b	1
00003f27 00000000* 13287 	.data.w	.LDW_3791950
00003f2b 00000000* 13288 	.data.w	HSM_Sleep
00003f2f 00000000* 13289 	.data.w	__ghs_eofn_HSM_Sleep
00003f33 5d01      13290 	.data.b	1,93
00003f35 00        13291 	.data.b	0
00003f36 04        13292 	.data.b	4

                                                                      Page 241
                                                              C:\Windows\TEMP\gh_00000ro3.si
00003f37 00        13293 	.data.b	0
00003f38 7c        13294 	.data.b	124
00003f39 01        13295 	.data.b	1
00003f3a 00        13296 	.data.b	0
00003f3b 00        13297 	.data.b	0
00003f3c 01        13298 	.data.b	1
00003f3d 01        13299 	.data.b	1
00003f3e 00        13300 	.data.b	0
00003f3f 01        13301 	.data.b	1
                   13302 
                   13303 	.section	.debug_frame
                   13304 .LDW_4c4ba18:
000007e0 00000000* 13305 	.data.w	.LDW_unq_a0-.LDW_unq_9f
                   13306 .LDW_unq_9f:
000007e4 00000000* 13307 	.data.w	.LDW_4a21e10
000007e8 00000000* 13308 	.data.w	HSM_Sleep
000007ec 00000004  13309 	.data.w	__ghs_eofn_HSM_Sleep-HSM_Sleep
000007f0 01        13310 	.data.b	1
000007f1 00000000* 13311 	.data.w	.LDW761
000007f5 00        13312 	.data.b	0
000007f6 00        13313 	.data.b	0
000007f7 00        13314 	.data.b	0
                   13315 .LDW_unq_a0:
                   13316 	.section	.debug_line
0000072c 020500    13317 	.data.b	0,5,2
0000072f 00000000* 13318 	.data.w	HSM_Sleep
00000733 06        13319 	.data.b	6
00000734 03        13320 	.data.b	3
00000735 02eb      13321 	.data.b	235,2
00000737 02        13322 	.data.b	2
00000738 00        13323 	.data.b	0
00000739 01        13324 	.data.b	1
0000073a 06        13325 	.data.b	6
0000073b 02        13326 	.data.b	2
0000073c 02        13327 	.data.b	2
0000073d 02        13328 	.data.b	2
0000073e 02        13329 	.data.b	2
0000073f 010100    13330 	.data.b	0,1,1
                   13331 	.section	.debug_info
                   13332 .LDW_4a41650:
00003f40 1f        13333 	.data.b	31
00003f41 00000000* 13334 	.data.w	.LDW661
00003f45 00000000* 13335 	.data.w	.LDW761
                   13336 
00003f49 00        13337 	.data.b	0
                   13338 
00003f4a 00        13339 	.data.b	0
                   13340 
                   13341 .LDW_4a27840:
00003f4b 16        13342 	.data.b	22
00003f4c 5f4d5348  13343 	.data.b	72,83,77,95,87,97,107,101,117,112,0
00003f50 656b6157 
00003f54 007075 
00003f57 02ee      13344 	.data.b	238,2
00003f59 10        13345 	.data.b	16
00003f5a 01        13346 	.data.b	1
00003f5b 00000000* 13347 	.data.w	.LDW_3791950
00003f5f 00000000* 13348 	.data.w	HSM_Wakeup
00003f63 00000000* 13349 	.data.w	__ghs_eofn_HSM_Wakeup
00003f67 5d01      13350 	.data.b	1,93
00003f69 00        13351 	.data.b	0

                                                                      Page 242
                                                              C:\Windows\TEMP\gh_00000ro3.si
00003f6a 04        13352 	.data.b	4
00003f6b 00        13353 	.data.b	0
00003f6c 7c        13354 	.data.b	124
00003f6d 01        13355 	.data.b	1
00003f6e 00        13356 	.data.b	0
00003f6f 00        13357 	.data.b	0
00003f70 01        13358 	.data.b	1
00003f71 01        13359 	.data.b	1
00003f72 00        13360 	.data.b	0
00003f73 01        13361 	.data.b	1
                   13362 
                   13363 	.section	.debug_frame
                   13364 .LDW_4c4b798:
000007f8 00000000* 13365 	.data.w	.LDW_unq_a2-.LDW_unq_a1
                   13366 .LDW_unq_a1:
000007fc 00000000* 13367 	.data.w	.LDW_4a21e10
00000800 00000000* 13368 	.data.w	HSM_Wakeup
00000804 00000004  13369 	.data.w	__ghs_eofn_HSM_Wakeup-HSM_Wakeup
00000808 01        13370 	.data.b	1
00000809 00000000* 13371 	.data.w	.LDW961
0000080d 00        13372 	.data.b	0
0000080e 00        13373 	.data.b	0
0000080f 00        13374 	.data.b	0
                   13375 .LDW_unq_a2:
                   13376 	.section	.debug_line
00000742 020500    13377 	.data.b	0,5,2
00000745 00000000* 13378 	.data.w	HSM_Wakeup
00000749 06        13379 	.data.b	6
0000074a 03        13380 	.data.b	3
0000074b 02ef      13381 	.data.b	239,2
0000074d 02        13382 	.data.b	2
0000074e 00        13383 	.data.b	0
0000074f 01        13384 	.data.b	1
00000750 06        13385 	.data.b	6
00000751 02        13386 	.data.b	2
00000752 02        13387 	.data.b	2
00000753 02        13388 	.data.b	2
00000754 02        13389 	.data.b	2
00000755 010100    13390 	.data.b	0,1,1
                   13391 	.section	.debug_info
                   13392 .LDW_4a41740:
00003f74 1f        13393 	.data.b	31
00003f75 00000000* 13394 	.data.w	.LDW861
00003f79 00000000* 13395 	.data.w	.LDW961
                   13396 
00003f7d 00        13397 	.data.b	0
                   13398 
00003f7e 00        13399 	.data.b	0
                   13400 
                   13401 .LDW_4a27970:
00003f7f 16        13402 	.data.b	22
00003f80 5f4d5348  13403 	.data.b	72,83,77,95,83,101,116,87,97,107,101,117,112,84,114,105,103,103,101,114,0
00003f84 57746553 
00003f88 75656b61 
00003f8c 69725470 
00003f90 72656767 
00003f94 00 
00003f95 02f2      13404 	.data.b	242,2
00003f97 10        13405 	.data.b	16
00003f98 01        13406 	.data.b	1
00003f99 00000000* 13407 	.data.w	.LDW_3791950

                                                                      Page 243
                                                              C:\Windows\TEMP\gh_00000ro3.si
00003f9d 00000000* 13408 	.data.w	HSM_SetWakeupTrigger
00003fa1 00000000* 13409 	.data.w	__ghs_eofn_HSM_SetWakeupTrigger
00003fa5 5d01      13410 	.data.b	1,93
00003fa7 00        13411 	.data.b	0
00003fa8 04        13412 	.data.b	4
00003fa9 00        13413 	.data.b	0
00003faa 7c        13414 	.data.b	124
00003fab 01        13415 	.data.b	1
00003fac 00        13416 	.data.b	0
00003fad 00        13417 	.data.b	0
00003fae 01        13418 	.data.b	1
00003faf 01        13419 	.data.b	1
00003fb0 00        13420 	.data.b	0
00003fb1 01        13421 	.data.b	1
                   13422 
                   13423 	.section	.debug_frame
                   13424 .LDW_4c4bc18:
00000810 00000000* 13425 	.data.w	.LDW_unq_a4-.LDW_unq_a3
                   13426 .LDW_unq_a3:
00000814 00000000* 13427 	.data.w	.LDW_4a21e10
00000818 00000000* 13428 	.data.w	HSM_SetWakeupTrigger
0000081c 00000004  13429 	.data.w	__ghs_eofn_HSM_SetWakeupTrigger-HSM_SetWakeupTrigger
00000820 01        13430 	.data.b	1
00000821 00000000* 13431 	.data.w	.LDW171
00000825 00        13432 	.data.b	0
00000826 00        13433 	.data.b	0
00000827 00        13434 	.data.b	0
                   13435 .LDW_unq_a4:
                   13436 	.section	.debug_line
00000758 020500    13437 	.data.b	0,5,2
0000075b 00000000* 13438 	.data.w	HSM_SetWakeupTrigger
0000075f 06        13439 	.data.b	6
00000760 03        13440 	.data.b	3
00000761 02f3      13441 	.data.b	243,2
00000763 02        13442 	.data.b	2
00000764 00        13443 	.data.b	0
00000765 01        13444 	.data.b	1
00000766 06        13445 	.data.b	6
00000767 02        13446 	.data.b	2
00000768 02        13447 	.data.b	2
00000769 02        13448 	.data.b	2
0000076a 02        13449 	.data.b	2
0000076b 010100    13450 	.data.b	0,1,1
                   13451 	.section	.debug_info
                   13452 .LDW_4a43558:
00003fb2 11        13453 	.data.b	17
00003fb3 7473696c  13454 	.data.b	108,105,115,116,0
00003fb7 00 
00003fb8 02f2      13455 	.data.b	242,2
00003fba 33        13456 	.data.b	51
00003fbb 01        13457 	.data.b	1
00003fbc 00000000* 13458 	.data.w	.LDW_4a42a70
00003fc0 00        13459 	.data.b	0
00003fc1 5001      13460 	.data.b	1,80
                   13461 
                   13462 .LDW_4a42e78:
00003fc3 11        13463 	.data.b	17
00003fc4 4e786469  13464 	.data.b	105,100,120,78,117,109,0
00003fc8 006d75 
00003fcb 02f2      13465 	.data.b	242,2
00003fcd 40        13466 	.data.b	64

                                                                      Page 244
                                                              C:\Windows\TEMP\gh_00000ro3.si
00003fce 01        13467 	.data.b	1
00003fcf 00000000* 13468 	.data.w	.LDW_37919c0
00003fd3 00        13469 	.data.b	0
00003fd4 5101      13470 	.data.b	1,81
                   13471 
                   13472 .LDW_4a41680:
00003fd6 1f        13473 	.data.b	31
00003fd7 00000000* 13474 	.data.w	.LDW071
00003fdb 00000000* 13475 	.data.w	.LDW171
                   13476 
00003fdf 00        13477 	.data.b	0
                   13478 
00003fe0 00        13479 	.data.b	0
                   13480 
                   13481 .LDW_4a27d98:
00003fe1 16        13482 	.data.b	22
00003fe2 5f4d5348  13483 	.data.b	72,83,77,95,73,115,83,108,101,101,112,83,116,97,116,117,115,0
00003fe6 6c537349 
00003fea 53706565 
00003fee 75746174 
00003ff2 0073 
00003ff4 02f6      13484 	.data.b	246,2
00003ff6 06        13485 	.data.b	6
00003ff7 01        13486 	.data.b	1
00003ff8 00000000* 13487 	.data.w	.LDW_3791950
00003ffc 00000000* 13488 	.data.w	HSM_IsSleepStatus
00004000 00000000* 13489 	.data.w	__ghs_eofn_HSM_IsSleepStatus
00004004 5d01      13490 	.data.b	1,93
00004006 00        13491 	.data.b	0
00004007 04        13492 	.data.b	4
00004008 00        13493 	.data.b	0
00004009 7c        13494 	.data.b	124
0000400a 01        13495 	.data.b	1
0000400b 00        13496 	.data.b	0
0000400c 00        13497 	.data.b	0
0000400d 01        13498 	.data.b	1
0000400e 01        13499 	.data.b	1
0000400f 00        13500 	.data.b	0
00004010 01        13501 	.data.b	1
                   13502 
                   13503 	.section	.debug_frame
                   13504 .LDW_4c4bd18:
00000828 00000000* 13505 	.data.w	.LDW_unq_a6-.LDW_unq_a5
                   13506 .LDW_unq_a5:
0000082c 00000000* 13507 	.data.w	.LDW_4a21e10
00000830 00000000* 13508 	.data.w	HSM_IsSleepStatus
00000834 00000004  13509 	.data.w	__ghs_eofn_HSM_IsSleepStatus-HSM_IsSleepStatus
00000838 01        13510 	.data.b	1
00000839 00000000* 13511 	.data.w	.LDW371
0000083d 00        13512 	.data.b	0
0000083e 00        13513 	.data.b	0
0000083f 00        13514 	.data.b	0
                   13515 .LDW_unq_a6:
                   13516 	.section	.debug_line
0000076e 020500    13517 	.data.b	0,5,2
00000771 00000000* 13518 	.data.w	HSM_IsSleepStatus
00000775 06        13519 	.data.b	6
00000776 03        13520 	.data.b	3
00000777 02f7      13521 	.data.b	247,2
00000779 02        13522 	.data.b	2
0000077a 00        13523 	.data.b	0

                                                                      Page 245
                                                              C:\Windows\TEMP\gh_00000ro3.si
0000077b 01        13524 	.data.b	1
0000077c 06        13525 	.data.b	6
0000077d 02        13526 	.data.b	2
0000077e 02        13527 	.data.b	2
0000077f 02        13528 	.data.b	2
00000780 02        13529 	.data.b	2
00000781 010100    13530 	.data.b	0,1,1
                   13531 	.section	.debug_info
                   13532 .LDW_4a41710:
00004011 1f        13533 	.data.b	31
00004012 00000000* 13534 	.data.w	.LDW271
00004016 00000000* 13535 	.data.w	.LDW371
                   13536 
0000401a 00        13537 	.data.b	0
                   13538 
0000401b 00        13539 	.data.b	0
                   13540 
                   13541 .LDW_4a27ec8:
0000401c 16        13542 	.data.b	22
0000401d 5f4d5348  13543 	.data.b	72,83,77,95,83,116,97,114,116,85,115,105,110,103,68,70,108,97,115,104,0
00004021 72617453 
00004025 69735574 
00004029 4644676e 
0000402d 6873616c 
00004031 00 
00004032 02fa      13544 	.data.b	250,2
00004034 10        13545 	.data.b	16
00004035 01        13546 	.data.b	1
00004036 00000000* 13547 	.data.w	.LDW_3791950
0000403a 00000000* 13548 	.data.w	HSM_StartUsingDFlash
0000403e 00000000* 13549 	.data.w	__ghs_eofn_HSM_StartUsingDFlash
00004042 5d01      13550 	.data.b	1,93
00004044 00        13551 	.data.b	0
00004045 04        13552 	.data.b	4
00004046 00        13553 	.data.b	0
00004047 7c        13554 	.data.b	124
00004048 01        13555 	.data.b	1
00004049 00        13556 	.data.b	0
0000404a 00        13557 	.data.b	0
0000404b 01        13558 	.data.b	1
0000404c 01        13559 	.data.b	1
0000404d 00        13560 	.data.b	0
0000404e 01        13561 	.data.b	1
                   13562 
                   13563 	.section	.debug_frame
                   13564 .LDW_4c4bf58:
00000840 00000000* 13565 	.data.w	.LDW_unq_a8-.LDW_unq_a7
                   13566 .LDW_unq_a7:
00000844 00000000* 13567 	.data.w	.LDW_4a21e10
00000848 00000000* 13568 	.data.w	HSM_StartUsingDFlash
0000084c 00000004  13569 	.data.w	__ghs_eofn_HSM_StartUsingDFlash-HSM_StartUsingDFlash
00000850 01        13570 	.data.b	1
00000851 00000000* 13571 	.data.w	.LDW571
00000855 00        13572 	.data.b	0
00000856 00        13573 	.data.b	0
00000857 00        13574 	.data.b	0
                   13575 .LDW_unq_a8:
                   13576 	.section	.debug_line
00000784 020500    13577 	.data.b	0,5,2
00000787 00000000* 13578 	.data.w	HSM_StartUsingDFlash
0000078b 06        13579 	.data.b	6

                                                                      Page 246
                                                              C:\Windows\TEMP\gh_00000ro3.si
0000078c 03        13580 	.data.b	3
0000078d 02fb      13581 	.data.b	251,2
0000078f 02        13582 	.data.b	2
00000790 00        13583 	.data.b	0
00000791 01        13584 	.data.b	1
00000792 06        13585 	.data.b	6
00000793 02        13586 	.data.b	2
00000794 02        13587 	.data.b	2
00000795 02        13588 	.data.b	2
00000796 02        13589 	.data.b	2
00000797 010100    13590 	.data.b	0,1,1
                   13591 	.section	.debug_info
                   13592 .LDW_4a41980:
0000404f 1f        13593 	.data.b	31
00004050 00000000* 13594 	.data.w	.LDW471
00004054 00000000* 13595 	.data.w	.LDW571
                   13596 
00004058 00        13597 	.data.b	0
                   13598 
00004059 00        13599 	.data.b	0
                   13600 
                   13601 .LDW_4a27f60:
0000405a 16        13602 	.data.b	22
0000405b 5f4d5348  13603 	.data.b	72,83,77,95,70,105,110,105,115,104,85,115,105,110,103,68,70,108,97,115,104,0
0000405f 696e6946 
00004063 73556873 
00004067 44676e69 
0000406b 73616c46 
0000406f 0068 
00004071 02fe      13604 	.data.b	254,2
00004073 10        13605 	.data.b	16
00004074 01        13606 	.data.b	1
00004075 00000000* 13607 	.data.w	.LDW_3791950
00004079 00000000* 13608 	.data.w	HSM_FinishUsingDFlash
0000407d 00000000* 13609 	.data.w	__ghs_eofn_HSM_FinishUsingDFlash
00004081 5d01      13610 	.data.b	1,93
00004083 00        13611 	.data.b	0
00004084 04        13612 	.data.b	4
00004085 00        13613 	.data.b	0
00004086 7c        13614 	.data.b	124
00004087 01        13615 	.data.b	1
00004088 00        13616 	.data.b	0
00004089 00        13617 	.data.b	0
0000408a 01        13618 	.data.b	1
0000408b 01        13619 	.data.b	1
0000408c 00        13620 	.data.b	0
0000408d 01        13621 	.data.b	1
                   13622 
                   13623 	.section	.debug_frame
                   13624 .LDW_4c4bd98:
00000858 00000000* 13625 	.data.w	.LDW_unq_aa-.LDW_unq_a9
                   13626 .LDW_unq_a9:
0000085c 00000000* 13627 	.data.w	.LDW_4a21e10
00000860 00000000* 13628 	.data.w	HSM_FinishUsingDFlash
00000864 00000004  13629 	.data.w	__ghs_eofn_HSM_FinishUsingDFlash-HSM_FinishUsingDFlash
00000868 01        13630 	.data.b	1
00000869 00000000* 13631 	.data.w	.LDW771
0000086d 00        13632 	.data.b	0
0000086e 00        13633 	.data.b	0
0000086f 00        13634 	.data.b	0
                   13635 .LDW_unq_aa:

                                                                      Page 247
                                                              C:\Windows\TEMP\gh_00000ro3.si
                   13636 	.section	.debug_line
0000079a 020500    13637 	.data.b	0,5,2
0000079d 00000000* 13638 	.data.w	HSM_FinishUsingDFlash
000007a1 06        13639 	.data.b	6
000007a2 03        13640 	.data.b	3
000007a3 02ff      13641 	.data.b	255,2
000007a5 02        13642 	.data.b	2
000007a6 00        13643 	.data.b	0
000007a7 01        13644 	.data.b	1
000007a8 06        13645 	.data.b	6
000007a9 02        13646 	.data.b	2
000007aa 02        13647 	.data.b	2
000007ab 02        13648 	.data.b	2
000007ac 02        13649 	.data.b	2
000007ad 010100    13650 	.data.b	0,1,1
                   13651 	.section	.debug_info
                   13652 .LDW_4a417a0:
0000408e 1f        13653 	.data.b	31
0000408f 00000000* 13654 	.data.w	.LDW671
00004093 00000000* 13655 	.data.w	.LDW771
                   13656 
00004097 00        13657 	.data.b	0
                   13658 
00004098 00        13659 	.data.b	0
                   13660 
                   13661 .LDW_4a27c68:
00004099 16        13662 	.data.b	22
0000409a 5f4d5348  13663 	.data.b	72,83,77,95,83,101,116,72,115,109,72,97,110,100,108,101,114,73,114,113,78,0
0000409e 48746553 
000040a2 61486d73 
000040a6 656c646e 
000040aa 71724972 
000040ae 004e 
000040b0 0382      13664 	.data.b	130,3
000040b2 10        13665 	.data.b	16
000040b3 01        13666 	.data.b	1
000040b4 00000000* 13667 	.data.w	.LDW_3791950
000040b8 00000000* 13668 	.data.w	HSM_SetHsmHandlerIrqN
000040bc 00000000* 13669 	.data.w	__ghs_eofn_HSM_SetHsmHandlerIrqN
000040c0 5d01      13670 	.data.b	1,93
000040c2 00        13671 	.data.b	0
000040c3 04        13672 	.data.b	4
000040c4 00        13673 	.data.b	0
000040c5 7c        13674 	.data.b	124
000040c6 01        13675 	.data.b	1
000040c7 00        13676 	.data.b	0
000040c8 00        13677 	.data.b	0
000040c9 01        13678 	.data.b	1
000040ca 01        13679 	.data.b	1
000040cb 00        13680 	.data.b	0
000040cc 01        13681 	.data.b	1
                   13682 
                   13683 	.section	.debug_frame
                   13684 .LDW_4c4bfd8:
00000870 00000000* 13685 	.data.w	.LDW_unq_ac-.LDW_unq_ab
                   13686 .LDW_unq_ab:
00000874 00000000* 13687 	.data.w	.LDW_4a21e10
00000878 00000000* 13688 	.data.w	HSM_SetHsmHandlerIrqN
0000087c 00000004  13689 	.data.w	__ghs_eofn_HSM_SetHsmHandlerIrqN-HSM_SetHsmHandlerIrqN
00000880 01        13690 	.data.b	1
00000881 00000000* 13691 	.data.w	.LDW971

                                                                      Page 248
                                                              C:\Windows\TEMP\gh_00000ro3.si
00000885 00        13692 	.data.b	0
00000886 00        13693 	.data.b	0
00000887 00        13694 	.data.b	0
                   13695 .LDW_unq_ac:
                   13696 	.section	.debug_line
000007b0 020500    13697 	.data.b	0,5,2
000007b3 00000000* 13698 	.data.w	HSM_SetHsmHandlerIrqN
000007b7 06        13699 	.data.b	6
000007b8 03        13700 	.data.b	3
000007b9 0383      13701 	.data.b	131,3
000007bb 02        13702 	.data.b	2
000007bc 00        13703 	.data.b	0
000007bd 01        13704 	.data.b	1
000007be 06        13705 	.data.b	6
000007bf 02        13706 	.data.b	2
000007c0 02        13707 	.data.b	2
000007c1 02        13708 	.data.b	2
000007c2 02        13709 	.data.b	2
000007c3 010100    13710 	.data.b	0,1,1
                   13711 	.section	.debug_info
                   13712 .LDW_4a42f28:
000040cd 11        13713 	.data.b	17
000040ce 4e717269  13714 	.data.b	105,114,113,78,0
000040d2 00 
000040d3 0382      13715 	.data.b	130,3
000040d5 2c        13716 	.data.b	44
000040d6 01        13717 	.data.b	1
000040d7 00000000* 13718 	.data.w	.LDW_3791950
000040db 00        13719 	.data.b	0
000040dc 5001      13720 	.data.b	1,80
                   13721 
                   13722 .LDW_4a41920:
000040de 1f        13723 	.data.b	31
000040df 00000000* 13724 	.data.w	.LDW871
000040e3 00000000* 13725 	.data.w	.LDW971
                   13726 
000040e7 00        13727 	.data.b	0
                   13728 
000040e8 00        13729 	.data.b	0
                   13730 
                   13731 .LDW_4a28420:
000040e9 16        13732 	.data.b	22
000040ea 5f4d5348  13733 	.data.b	72,83,77,95,67,108,101,97,114,87,97,107,101,117,112,84,114,105,103,103,101,114,0
000040ee 61656c43 
000040f2 6b615772 
000040f6 54707565 
000040fa 67676972 
000040fe 007265 
00004101 0386      13734 	.data.b	134,3
00004103 11        13735 	.data.b	17
00004104 01        13736 	.data.b	1
00004105 00000000* 13737 	.data.w	.LDW_3791950
00004109 00000000* 13738 	.data.w	HSM_ClearWakeupTrigger
0000410d 00000000* 13739 	.data.w	__ghs_eofn_HSM_ClearWakeupTrigger
00004111 5d01      13740 	.data.b	1,93
00004113 00        13741 	.data.b	0
00004114 04        13742 	.data.b	4
00004115 00        13743 	.data.b	0
00004116 7c        13744 	.data.b	124
00004117 01        13745 	.data.b	1
00004118 00        13746 	.data.b	0

                                                                      Page 249
                                                              C:\Windows\TEMP\gh_00000ro3.si
00004119 00        13747 	.data.b	0
0000411a 01        13748 	.data.b	1
0000411b 01        13749 	.data.b	1
0000411c 00        13750 	.data.b	0
0000411d 01        13751 	.data.b	1
                   13752 
                   13753 	.section	.debug_frame
                   13754 .LDW_4c4c918:
00000888 00000000* 13755 	.data.w	.LDW_unq_ae-.LDW_unq_ad
                   13756 .LDW_unq_ad:
0000088c 00000000* 13757 	.data.w	.LDW_4a21e10
00000890 00000000* 13758 	.data.w	HSM_ClearWakeupTrigger
00000894 00000004  13759 	.data.w	__ghs_eofn_HSM_ClearWakeupTrigger-HSM_ClearWakeupTrigger
00000898 01        13760 	.data.b	1
00000899 00000000* 13761 	.data.w	.LDW181
0000089d 00        13762 	.data.b	0
0000089e 00        13763 	.data.b	0
0000089f 00        13764 	.data.b	0
                   13765 .LDW_unq_ae:
                   13766 	.section	.debug_line
000007c6 020500    13767 	.data.b	0,5,2
000007c9 00000000* 13768 	.data.w	HSM_ClearWakeupTrigger
000007cd 06        13769 	.data.b	6
000007ce 03        13770 	.data.b	3
000007cf 0387      13771 	.data.b	135,3
000007d1 02        13772 	.data.b	2
000007d2 00        13773 	.data.b	0
000007d3 01        13774 	.data.b	1
000007d4 06        13775 	.data.b	6
000007d5 02        13776 	.data.b	2
000007d6 02        13777 	.data.b	2
000007d7 02        13778 	.data.b	2
000007d8 02        13779 	.data.b	2
000007d9 010100    13780 	.data.b	0,1,1
                   13781 	.section	.debug_info
                   13782 .LDW_4a41890:
0000411e 1f        13783 	.data.b	31
0000411f 00000000* 13784 	.data.w	.LDW081
00004123 00000000* 13785 	.data.w	.LDW181
                   13786 
00004127 00        13787 	.data.b	0
                   13788 
00004128 00        13789 	.data.b	0
                   13790 
                   13791 .LDW_4a281c0:
00004129 15        13792 	.data.b	21
0000412a 5f4d5348  13793 	.data.b	72,83,77,95,83,101,116,65,112,105,87,97,105,116,82,101,115,112,84,105,109,101,0
0000412e 41746553 
00004132 61576970 
00004136 65527469 
0000413a 69547073 
0000413e 00656d 
00004141 038a      13794 	.data.b	138,3
00004143 06        13795 	.data.b	6
00004144 01        13796 	.data.b	1
00004145 00000000* 13797 	.data.w	HSM_SetApiWaitRespTime
00004149 00000000* 13798 	.data.w	__ghs_eofn_HSM_SetApiWaitRespTime
0000414d 5d01      13799 	.data.b	1,93
0000414f 00        13800 	.data.b	0
00004150 04        13801 	.data.b	4
00004151 00        13802 	.data.b	0

                                                                      Page 250
                                                              C:\Windows\TEMP\gh_00000ro3.si
00004152 7c        13803 	.data.b	124
00004153 01        13804 	.data.b	1
00004154 00        13805 	.data.b	0
00004155 00        13806 	.data.b	0
00004156 01        13807 	.data.b	1
00004157 01        13808 	.data.b	1
00004158 00        13809 	.data.b	0
00004159 01        13810 	.data.b	1
                   13811 
                   13812 	.section	.debug_frame
                   13813 .LDW_4c4c4d8:
000008a0 00000000* 13814 	.data.w	.LDW_unq_b0-.LDW_unq_af
                   13815 .LDW_unq_af:
000008a4 00000000* 13816 	.data.w	.LDW_4a21e10
000008a8 00000000* 13817 	.data.w	HSM_SetApiWaitRespTime
000008ac 00000002  13818 	.data.w	__ghs_eofn_HSM_SetApiWaitRespTime-HSM_SetApiWaitRespTime
000008b0 01        13819 	.data.b	1
000008b1 00000000* 13820 	.data.w	.LDW381
000008b5 00        13821 	.data.b	0
000008b6 00        13822 	.data.b	0
000008b7 00        13823 	.data.b	0
                   13824 .LDW_unq_b0:
                   13825 	.section	.debug_line
000007dc 020500    13826 	.data.b	0,5,2
000007df 00000000* 13827 	.data.w	HSM_SetApiWaitRespTime
000007e3 06        13828 	.data.b	6
000007e4 03        13829 	.data.b	3
000007e5 038b      13830 	.data.b	139,3
000007e7 02        13831 	.data.b	2
000007e8 00        13832 	.data.b	0
000007e9 01        13833 	.data.b	1
000007ea 02        13834 	.data.b	2
000007eb 02        13835 	.data.b	2
000007ec 010100    13836 	.data.b	0,1,1
                   13837 	.section	.debug_info
                   13838 .LDW_4a43608:
0000415a 11        13839 	.data.b	17
0000415b 00736d    13840 	.data.b	109,115,0
0000415e 038a      13841 	.data.b	138,3
00004160 24        13842 	.data.b	36
00004161 01        13843 	.data.b	1
00004162 00000000* 13844 	.data.w	.LDW_3792088
00004166 00        13845 	.data.b	0
00004167 5001      13846 	.data.b	1,80
                   13847 
                   13848 .LDW_4a41a40:
00004169 1f        13849 	.data.b	31
0000416a 00000000* 13850 	.data.w	.LDW281
0000416e 00000000* 13851 	.data.w	.LDW381
                   13852 
00004172 00        13853 	.data.b	0
                   13854 
00004173 00        13855 	.data.b	0
                   13856 
                   13857 .LDW_4a27a08:
00004174 16        13858 	.data.b	22
00004175 5f4d5348  13859 	.data.b	72,83,77,95,67,104,97,108,108,101,110,103,101,82,101,113,117,101,115,116,0
00004179 6c616843 
0000417d 676e656c 
00004181 71655265 
00004185 74736575 

                                                                      Page 251
                                                              C:\Windows\TEMP\gh_00000ro3.si
00004189 00 
0000418a 038d      13860 	.data.b	141,3
0000418c 10        13861 	.data.b	16
0000418d 01        13862 	.data.b	1
0000418e 00000000* 13863 	.data.w	.LDW_3791950
00004192 00000000* 13864 	.data.w	HSM_ChallengeRequest
00004196 00000000* 13865 	.data.w	__ghs_eofn_HSM_ChallengeRequest
0000419a 5d01      13866 	.data.b	1,93
0000419c 00        13867 	.data.b	0
0000419d 04        13868 	.data.b	4
0000419e 00        13869 	.data.b	0
0000419f 7c        13870 	.data.b	124
000041a0 01        13871 	.data.b	1
000041a1 00        13872 	.data.b	0
000041a2 00        13873 	.data.b	0
000041a3 01        13874 	.data.b	1
000041a4 01        13875 	.data.b	1
000041a5 00        13876 	.data.b	0
000041a6 01        13877 	.data.b	1
                   13878 
                   13879 	.section	.debug_frame
                   13880 .LDW_4c4c898:
000008b8 00000000* 13881 	.data.w	.LDW_unq_b2-.LDW_unq_b1
                   13882 .LDW_unq_b1:
000008bc 00000000* 13883 	.data.w	.LDW_4a21e10
000008c0 00000000* 13884 	.data.w	HSM_ChallengeRequest
000008c4 00000004  13885 	.data.w	__ghs_eofn_HSM_ChallengeRequest-HSM_ChallengeRequest
000008c8 01        13886 	.data.b	1
000008c9 00000000* 13887 	.data.w	.LDW581
000008cd 00        13888 	.data.b	0
000008ce 00        13889 	.data.b	0
000008cf 00        13890 	.data.b	0
                   13891 .LDW_unq_b2:
                   13892 	.section	.debug_line
000007ef 020500    13893 	.data.b	0,5,2
000007f2 00000000* 13894 	.data.w	HSM_ChallengeRequest
000007f6 06        13895 	.data.b	6
000007f7 03        13896 	.data.b	3
000007f8 038e      13897 	.data.b	142,3
000007fa 02        13898 	.data.b	2
000007fb 00        13899 	.data.b	0
000007fc 01        13900 	.data.b	1
000007fd 06        13901 	.data.b	6
000007fe 02        13902 	.data.b	2
000007ff 02        13903 	.data.b	2
00000800 02        13904 	.data.b	2
00000801 02        13905 	.data.b	2
00000802 010100    13906 	.data.b	0,1,1
                   13907 	.section	.debug_info
                   13908 .LDW_4a432f0:
000041a7 11        13909 	.data.b	17
000041a8 6c616843  13910 	.data.b	67,104,97,108,108,101,110,103,101,86,97,108,117,101,0
000041ac 676e656c 
000041b0 6c615665 
000041b4 006575 
000041b7 038d      13911 	.data.b	141,3
000041b9 2c        13912 	.data.b	44
000041ba 01        13913 	.data.b	1
000041bb 00000000* 13914 	.data.w	.LDW_4a04be0
000041bf 00        13915 	.data.b	0
000041c0 5001      13916 	.data.b	1,80

                                                                      Page 252
                                                              C:\Windows\TEMP\gh_00000ro3.si
                   13917 
                   13918 .LDW_4a41a70:
000041c2 1f        13919 	.data.b	31
000041c3 00000000* 13920 	.data.w	.LDW481
000041c7 00000000* 13921 	.data.w	.LDW581
                   13922 
000041cb 00        13923 	.data.b	0
                   13924 
000041cc 00        13925 	.data.b	0
                   13926 
                   13927 .LDW_4a282f0:
000041cd 16        13928 	.data.b	22
000041ce 5f4d5348  13929 	.data.b	72,83,77,95,82,101,115,112,111,110,115,101,70,111,114,119,97,114,100,0
000041d2 70736552 
000041d6 65736e6f 
000041da 77726f46 
000041de 00647261 
000041e2 0391      13930 	.data.b	145,3
000041e4 10        13931 	.data.b	16
000041e5 01        13932 	.data.b	1
000041e6 00000000* 13933 	.data.w	.LDW_3791950
000041ea 00000000* 13934 	.data.w	HSM_ResponseForward
000041ee 00000000* 13935 	.data.w	__ghs_eofn_HSM_ResponseForward
000041f2 5d01      13936 	.data.b	1,93
000041f4 00        13937 	.data.b	0
000041f5 04        13938 	.data.b	4
000041f6 00        13939 	.data.b	0
000041f7 7c        13940 	.data.b	124
000041f8 01        13941 	.data.b	1
000041f9 00        13942 	.data.b	0
000041fa 00        13943 	.data.b	0
000041fb 01        13944 	.data.b	1
000041fc 01        13945 	.data.b	1
000041fd 00        13946 	.data.b	0
000041fe 01        13947 	.data.b	1
                   13948 
                   13949 	.section	.debug_frame
                   13950 .LDW_4c4c758:
000008d0 00000000* 13951 	.data.w	.LDW_unq_b4-.LDW_unq_b3
                   13952 .LDW_unq_b3:
000008d4 00000000* 13953 	.data.w	.LDW_4a21e10
000008d8 00000000* 13954 	.data.w	HSM_ResponseForward
000008dc 00000004  13955 	.data.w	__ghs_eofn_HSM_ResponseForward-HSM_ResponseForward
000008e0 01        13956 	.data.b	1
000008e1 00000000* 13957 	.data.w	.LDW781
000008e5 00        13958 	.data.b	0
000008e6 00        13959 	.data.b	0
000008e7 00        13960 	.data.b	0
                   13961 .LDW_unq_b4:
                   13962 	.section	.debug_line
00000805 020500    13963 	.data.b	0,5,2
00000808 00000000* 13964 	.data.w	HSM_ResponseForward
0000080c 06        13965 	.data.b	6
0000080d 03        13966 	.data.b	3
0000080e 0392      13967 	.data.b	146,3
00000810 02        13968 	.data.b	2
00000811 00        13969 	.data.b	0
00000812 01        13970 	.data.b	1
00000813 06        13971 	.data.b	6
00000814 02        13972 	.data.b	2
00000815 02        13973 	.data.b	2

                                                                      Page 253
                                                              C:\Windows\TEMP\gh_00000ro3.si
00000816 02        13974 	.data.b	2
00000817 02        13975 	.data.b	2
00000818 010100    13976 	.data.b	0,1,1
                   13977 	.section	.debug_info
                   13978 .LDW_4a43190:
000041ff 11        13979 	.data.b	17
00004200 70736552  13980 	.data.b	82,101,115,112,111,110,115,101,86,97,108,117,101,0
00004204 65736e6f 
00004208 756c6156 
0000420c 0065 
0000420e 0391      13981 	.data.b	145,3
00004210 2b        13982 	.data.b	43
00004211 01        13983 	.data.b	1
00004212 00000000* 13984 	.data.w	.LDW_4a04be0
00004216 00        13985 	.data.b	0
00004217 5001      13986 	.data.b	1,80
                   13987 
                   13988 .LDW_4a41800:
00004219 1f        13989 	.data.b	31
0000421a 00000000* 13990 	.data.w	.LDW681
0000421e 00000000* 13991 	.data.w	.LDW781
                   13992 
00004222 00        13993 	.data.b	0
                   13994 
00004223 00        13995 	.data.b	0
                   13996 
                   13997 .LDW_4a27ff8:
00004224 16        13998 	.data.b	22
00004225 5f4d5348  13999 	.data.b	72,83,77,95,71,101,116,67,111,110,102,105,103,117,114,97,116,105,111,110,76,111,99,107,83,116,97,116,101,0
00004229 43746547 
0000422d 69666e6f 
00004231 61727567 
00004235 6e6f6974 
00004239 6b636f4c 
0000423d 74617453 
00004241 0065 
00004243 0395      14000 	.data.b	149,3
00004245 10        14001 	.data.b	16
00004246 01        14002 	.data.b	1
00004247 00000000* 14003 	.data.w	.LDW_3791950
0000424b 00000000* 14004 	.data.w	HSM_GetConfigurationLockState
0000424f 00000000* 14005 	.data.w	__ghs_eofn_HSM_GetConfigurationLockState
00004253 5d01      14006 	.data.b	1,93
00004255 00        14007 	.data.b	0
00004256 04        14008 	.data.b	4
00004257 00        14009 	.data.b	0
00004258 7c        14010 	.data.b	124
00004259 01        14011 	.data.b	1
0000425a 00        14012 	.data.b	0
0000425b 00        14013 	.data.b	0
0000425c 01        14014 	.data.b	1
0000425d 01        14015 	.data.b	1
0000425e 00        14016 	.data.b	0
0000425f 01        14017 	.data.b	1
                   14018 
                   14019 	.section	.debug_frame
                   14020 .LDW_4c4ce98:
000008e8 00000000* 14021 	.data.w	.LDW_unq_b6-.LDW_unq_b5
                   14022 .LDW_unq_b5:
000008ec 00000000* 14023 	.data.w	.LDW_4a21e10
000008f0 00000000* 14024 	.data.w	HSM_GetConfigurationLockState

                                                                      Page 254
                                                              C:\Windows\TEMP\gh_00000ro3.si
000008f4 00000004  14025 	.data.w	__ghs_eofn_HSM_GetConfigurationLockState-HSM_GetConfigurationLockState
000008f8 01        14026 	.data.b	1
000008f9 00000000* 14027 	.data.w	.LDW981
000008fd 00        14028 	.data.b	0
000008fe 00        14029 	.data.b	0
000008ff 00        14030 	.data.b	0
                   14031 .LDW_unq_b6:
                   14032 	.section	.debug_line
0000081b 020500    14033 	.data.b	0,5,2
0000081e 00000000* 14034 	.data.w	HSM_GetConfigurationLockState
00000822 06        14035 	.data.b	6
00000823 03        14036 	.data.b	3
00000824 0396      14037 	.data.b	150,3
00000826 02        14038 	.data.b	2
00000827 00        14039 	.data.b	0
00000828 01        14040 	.data.b	1
00000829 06        14041 	.data.b	6
0000082a 02        14042 	.data.b	2
0000082b 02        14043 	.data.b	2
0000082c 02        14044 	.data.b	2
0000082d 02        14045 	.data.b	2
0000082e 010100    14046 	.data.b	0,1,1
                   14047 	.section	.debug_info
                   14048 .LDW_4a42f80:
00004260 11        14049 	.data.b	17
00004261 74617473  14050 	.data.b	115,116,97,116,101,0
00004265 0065 
00004267 0395      14051 	.data.b	149,3
00004269 47        14052 	.data.b	71
0000426a 01        14053 	.data.b	1
0000426b 00000000* 14054 	.data.w	.LDW_4a42840
0000426f 00        14055 	.data.b	0
00004270 5001      14056 	.data.b	1,80
                   14057 
                   14058 .LDW_4a41b30:
00004272 1f        14059 	.data.b	31
00004273 00000000* 14060 	.data.w	.LDW881
00004277 00000000* 14061 	.data.w	.LDW981
                   14062 
0000427b 00        14063 	.data.b	0
                   14064 
0000427c 00        14065 	.data.b	0
                   14066 
                   14067 .LDW_4a27bd0:
0000427d 16        14068 	.data.b	22
0000427e 5f4d5348  14069 	.data.b	72,83,77,95,83,101,116,73,100,65,117,116,104,101,110,116,105,99,97,116,105,111,110,0
00004282 49746553 
00004286 74754164 
0000428a 746e6568 
0000428e 74616369 
00004292 006e6f69 
00004296 0399      14070 	.data.b	153,3
00004298 10        14071 	.data.b	16
00004299 01        14072 	.data.b	1
0000429a 00000000* 14073 	.data.w	.LDW_3791950
0000429e 00000000* 14074 	.data.w	HSM_SetIdAuthentication
000042a2 00000000* 14075 	.data.w	__ghs_eofn_HSM_SetIdAuthentication
000042a6 5d01      14076 	.data.b	1,93
000042a8 00        14077 	.data.b	0
000042a9 04        14078 	.data.b	4
000042aa 00        14079 	.data.b	0

                                                                      Page 255
                                                              C:\Windows\TEMP\gh_00000ro3.si
000042ab 7c        14080 	.data.b	124
000042ac 01        14081 	.data.b	1
000042ad 00        14082 	.data.b	0
000042ae 00        14083 	.data.b	0
000042af 01        14084 	.data.b	1
000042b0 01        14085 	.data.b	1
000042b1 00        14086 	.data.b	0
000042b2 01        14087 	.data.b	1
                   14088 
                   14089 	.section	.debug_frame
                   14090 .LDW_4c4d3d8:
00000900 00000000* 14091 	.data.w	.LDW_unq_b8-.LDW_unq_b7
                   14092 .LDW_unq_b7:
00000904 00000000* 14093 	.data.w	.LDW_4a21e10
00000908 00000000* 14094 	.data.w	HSM_SetIdAuthentication
0000090c 00000004  14095 	.data.w	__ghs_eofn_HSM_SetIdAuthentication-HSM_SetIdAuthentication
00000910 01        14096 	.data.b	1
00000911 00000000* 14097 	.data.w	.LDW191
00000915 00        14098 	.data.b	0
00000916 00        14099 	.data.b	0
00000917 00        14100 	.data.b	0
                   14101 .LDW_unq_b8:
                   14102 	.section	.debug_line
00000831 020500    14103 	.data.b	0,5,2
00000834 00000000* 14104 	.data.w	HSM_SetIdAuthentication
00000838 06        14105 	.data.b	6
00000839 03        14106 	.data.b	3
0000083a 039a      14107 	.data.b	154,3
0000083c 02        14108 	.data.b	2
0000083d 00        14109 	.data.b	0
0000083e 01        14110 	.data.b	1
0000083f 06        14111 	.data.b	6
00000840 02        14112 	.data.b	2
00000841 02        14113 	.data.b	2
00000842 02        14114 	.data.b	2
00000843 02        14115 	.data.b	2
00000844 010100    14116 	.data.b	0,1,1
                   14117 	.section	.debug_info
                   14118 .LDW_4a433f8:
000042b3 11        14119 	.data.b	17
000042b4 75416469  14120 	.data.b	105,100,65,117,116,104,0
000042b8 006874 
000042bb 0399      14121 	.data.b	153,3
000042bd 36        14122 	.data.b	54
000042be 01        14123 	.data.b	1
000042bf 00000000* 14124 	.data.w	.LDW_4a42878
000042c3 00        14125 	.data.b	0
000042c4 5001      14126 	.data.b	1,80
                   14127 
                   14128 .LDW_4a41860:
000042c6 1f        14129 	.data.b	31
000042c7 00000000* 14130 	.data.w	.LDW091
000042cb 00000000* 14131 	.data.w	.LDW191
                   14132 
000042cf 00        14133 	.data.b	0
                   14134 
000042d0 00        14135 	.data.b	0
                   14136 
                   14137 .LDW_4a27b38:
000042d1 16        14138 	.data.b	22
000042d2 5f4d5348  14139 	.data.b	72,83,77,95,83,101,116,73,110,116,101,114,114,117,112,116,67,111,110,102,105,103,0

                                                                      Page 256
                                                              C:\Windows\TEMP\gh_00000ro3.si
000042d6 49746553 
000042da 7265746e 
000042de 74707572 
000042e2 666e6f43 
000042e6 006769 
000042e9 039d      14140 	.data.b	157,3
000042eb 10        14141 	.data.b	16
000042ec 01        14142 	.data.b	1
000042ed 00000000* 14143 	.data.w	.LDW_3791950
000042f1 00000000* 14144 	.data.w	HSM_SetInterruptConfig
000042f5 00000000* 14145 	.data.w	__ghs_eofn_HSM_SetInterruptConfig
000042f9 5d01      14146 	.data.b	1,93
000042fb 00        14147 	.data.b	0
000042fc 04        14148 	.data.b	4
000042fd 00        14149 	.data.b	0
000042fe 7c        14150 	.data.b	124
000042ff 01        14151 	.data.b	1
00004300 00        14152 	.data.b	0
00004301 00        14153 	.data.b	0
00004302 01        14154 	.data.b	1
00004303 01        14155 	.data.b	1
00004304 00        14156 	.data.b	0
00004305 01        14157 	.data.b	1
                   14158 
                   14159 	.section	.debug_frame
                   14160 .LDW_4c4da58:
00000918 00000000* 14161 	.data.w	.LDW_unq_ba-.LDW_unq_b9
                   14162 .LDW_unq_b9:
0000091c 00000000* 14163 	.data.w	.LDW_4a21e10
00000920 00000000* 14164 	.data.w	HSM_SetInterruptConfig
00000924 00000004  14165 	.data.w	__ghs_eofn_HSM_SetInterruptConfig-HSM_SetInterruptConfig
00000928 01        14166 	.data.b	1
00000929 00000000* 14167 	.data.w	.LDW391
0000092d 00        14168 	.data.b	0
0000092e 00        14169 	.data.b	0
0000092f 00        14170 	.data.b	0
                   14171 .LDW_unq_ba:
                   14172 	.section	.debug_line
00000847 020500    14173 	.data.b	0,5,2
0000084a 00000000* 14174 	.data.w	HSM_SetInterruptConfig
0000084e 06        14175 	.data.b	6
0000084f 03        14176 	.data.b	3
00000850 039e      14177 	.data.b	158,3
00000852 02        14178 	.data.b	2
00000853 00        14179 	.data.b	0
00000854 01        14180 	.data.b	1
00000855 06        14181 	.data.b	6
00000856 02        14182 	.data.b	2
00000857 02        14183 	.data.b	2
00000858 02        14184 	.data.b	2
00000859 02        14185 	.data.b	2
0000085a 010100    14186 	.data.b	0,1,1
                   14187 	.section	.debug_info
                   14188 .LDW_4a42fd8:
00004306 11        14189 	.data.b	17
00004307 65726f63  14190 	.data.b	99,111,114,101,78,117,109,0
0000430b 006d754e 
0000430f 039d      14191 	.data.b	157,3
00004311 2e        14192 	.data.b	46
00004312 01        14193 	.data.b	1
00004313 00000000* 14194 	.data.w	.LDW_3792088

                                                                      Page 257
                                                              C:\Windows\TEMP\gh_00000ro3.si
00004317 00        14195 	.data.b	0
00004318 5001      14196 	.data.b	1,80
                   14197 
                   14198 .LDW_4a43768:
0000431a 11        14199 	.data.b	17
0000431b 6f697270  14200 	.data.b	112,114,105,111,114,105,116,121,0
0000431f 79746972 
00004323 00 
00004324 039d      14201 	.data.b	157,3
00004326 3e        14202 	.data.b	62
00004327 01        14203 	.data.b	1
00004328 00000000* 14204 	.data.w	.LDW_3792088
0000432c 00        14205 	.data.b	0
0000432d 5101      14206 	.data.b	1,81
                   14207 
                   14208 .LDW_4a41ad0:
0000432f 1f        14209 	.data.b	31
00004330 00000000* 14210 	.data.w	.LDW291
00004334 00000000* 14211 	.data.w	.LDW391
                   14212 
00004338 00        14213 	.data.b	0
                   14214 
00004339 00        14215 	.data.b	0
                   14216 
                   14217 .LDW_4a28090:
0000433a 16        14218 	.data.b	22
0000433b 5f4d5348  14219 	.data.b	72,83,77,95,70,119,84,97,109,112,101,114,68,101,116,101,99,116,105,111,110,83,116,97,116,117,115,0
0000433f 61547746 
00004343 7265706d 
00004347 65746544 
0000434b 6f697463 
0000434f 6174536e 
00004353 00737574 
00004357 03a3      14220 	.data.b	163,3
00004359 10        14221 	.data.b	16
0000435a 01        14222 	.data.b	1
0000435b 00000000* 14223 	.data.w	.LDW_3791950
0000435f 00000000* 14224 	.data.w	HSM_FwTamperDetectionStatus
00004363 00000000* 14225 	.data.w	__ghs_eofn_HSM_FwTamperDetectionStatus
00004367 5d01      14226 	.data.b	1,93
00004369 00        14227 	.data.b	0
0000436a 04        14228 	.data.b	4
0000436b 00        14229 	.data.b	0
0000436c 7c        14230 	.data.b	124
0000436d 01        14231 	.data.b	1
0000436e 00        14232 	.data.b	0
0000436f 00        14233 	.data.b	0
00004370 01        14234 	.data.b	1
00004371 01        14235 	.data.b	1
00004372 00        14236 	.data.b	0
00004373 01        14237 	.data.b	1
                   14238 
                   14239 	.section	.debug_frame
                   14240 .LDW_4c4d898:
00000930 00000000* 14241 	.data.w	.LDW_unq_bc-.LDW_unq_bb
                   14242 .LDW_unq_bb:
00000934 00000000* 14243 	.data.w	.LDW_4a21e10
00000938 00000000* 14244 	.data.w	HSM_FwTamperDetectionStatus
0000093c 00000004  14245 	.data.w	__ghs_eofn_HSM_FwTamperDetectionStatus-HSM_FwTamperDetectionStatus
00000940 01        14246 	.data.b	1
00000941 00000000* 14247 	.data.w	.LDW591

                                                                      Page 258
                                                              C:\Windows\TEMP\gh_00000ro3.si
00000945 00        14248 	.data.b	0
00000946 00        14249 	.data.b	0
00000947 00        14250 	.data.b	0
                   14251 .LDW_unq_bc:
                   14252 	.section	.debug_line
0000085d 020500    14253 	.data.b	0,5,2
00000860 00000000* 14254 	.data.w	HSM_FwTamperDetectionStatus
00000864 06        14255 	.data.b	6
00000865 03        14256 	.data.b	3
00000866 03a4      14257 	.data.b	164,3
00000868 02        14258 	.data.b	2
00000869 00        14259 	.data.b	0
0000086a 01        14260 	.data.b	1
0000086b 06        14261 	.data.b	6
0000086c 02        14262 	.data.b	2
0000086d 02        14263 	.data.b	2
0000086e 02        14264 	.data.b	2
0000086f 02        14265 	.data.b	2
00000870 010100    14266 	.data.b	0,1,1
                   14267 	.section	.debug_info
                   14268 .LDW_4a43450:
00004374 11        14269 	.data.b	17
00004375 74617473  14270 	.data.b	115,116,97,116,101,0
00004379 0065 
0000437b 03a3      14271 	.data.b	163,3
0000437d 3d        14272 	.data.b	61
0000437e 01        14273 	.data.b	1
0000437f 00000000* 14274 	.data.w	.LDW_4a42ca0
00004383 00        14275 	.data.b	0
00004384 5001      14276 	.data.b	1,80
                   14277 
                   14278 .LDW_4a41560:
00004386 1f        14279 	.data.b	31
00004387 00000000* 14280 	.data.w	.LDW491
0000438b 00000000* 14281 	.data.w	.LDW591
                   14282 
0000438f 00        14283 	.data.b	0
                   14284 
00004390 00        14285 	.data.b	0
                   14286 
                   14287 .LDW_4a27d00:
00004391 16        14288 	.data.b	22
00004392 5f4d5348  14289 	.data.b	72,83,77,95,70,119,84,97,109,112,101,114,68,101,116,101,99,116,105,111,110,76,111,103,0
00004396 61547746 
0000439a 7265706d 
0000439e 65746544 
000043a2 6f697463 
000043a6 676f4c6e 
000043aa 00 
000043ab 03a7      14290 	.data.b	167,3
000043ad 10        14291 	.data.b	16
000043ae 01        14292 	.data.b	1
000043af 00000000* 14293 	.data.w	.LDW_3791950
000043b3 00000000* 14294 	.data.w	HSM_FwTamperDetectionLog
000043b7 00000000* 14295 	.data.w	__ghs_eofn_HSM_FwTamperDetectionLog
000043bb 5d01      14296 	.data.b	1,93
000043bd 00        14297 	.data.b	0
000043be 04        14298 	.data.b	4
000043bf 00        14299 	.data.b	0
000043c0 7c        14300 	.data.b	124
000043c1 01        14301 	.data.b	1

                                                                      Page 259
                                                              C:\Windows\TEMP\gh_00000ro3.si
000043c2 00        14302 	.data.b	0
000043c3 00        14303 	.data.b	0
000043c4 01        14304 	.data.b	1
000043c5 01        14305 	.data.b	1
000043c6 00        14306 	.data.b	0
000043c7 01        14307 	.data.b	1
                   14308 
                   14309 	.section	.debug_frame
                   14310 .LDW_4c4dc58:
00000948 00000000* 14311 	.data.w	.LDW_unq_be-.LDW_unq_bd
                   14312 .LDW_unq_bd:
0000094c 00000000* 14313 	.data.w	.LDW_4a21e10
00000950 00000000* 14314 	.data.w	HSM_FwTamperDetectionLog
00000954 00000004  14315 	.data.w	__ghs_eofn_HSM_FwTamperDetectionLog-HSM_FwTamperDetectionLog
00000958 01        14316 	.data.b	1
00000959 00000000* 14317 	.data.w	.LDW791
0000095d 00        14318 	.data.b	0
0000095e 00        14319 	.data.b	0
0000095f 00        14320 	.data.b	0
                   14321 .LDW_unq_be:
                   14322 	.section	.debug_line
00000873 020500    14323 	.data.b	0,5,2
00000876 00000000* 14324 	.data.w	HSM_FwTamperDetectionLog
0000087a 06        14325 	.data.b	6
0000087b 03        14326 	.data.b	3
0000087c 03a8      14327 	.data.b	168,3
0000087e 02        14328 	.data.b	2
0000087f 00        14329 	.data.b	0
00000880 01        14330 	.data.b	1
00000881 06        14331 	.data.b	6
00000882 02        14332 	.data.b	2
00000883 02        14333 	.data.b	2
00000884 02        14334 	.data.b	2
00000885 02        14335 	.data.b	2
00000886 010100    14336 	.data.b	0,1,1
                   14337 	.section	.debug_info
                   14338 .LDW_4a430e0:
000043c8 11        14339 	.data.b	17
000043c9 4c647466  14340 	.data.b	102,116,100,76,111,103,0
000043cd 00676f 
000043d0 03a7      14341 	.data.b	167,3
000043d2 38        14342 	.data.b	56
000043d3 01        14343 	.data.b	1
000043d4 00000000* 14344 	.data.w	.LDW_4a42cd8
000043d8 00        14345 	.data.b	0
000043d9 5001      14346 	.data.b	1,80
                   14347 
                   14348 .LDW_4a41ec0:
000043db 1f        14349 	.data.b	31
000043dc 00000000* 14350 	.data.w	.LDW691
000043e0 00000000* 14351 	.data.w	.LDW791
                   14352 
000043e4 00        14353 	.data.b	0
                   14354 
000043e5 00        14355 	.data.b	0
                   14356 
                   14357 .LDW_4a28258:
000043e6 16        14358 	.data.b	22
000043e7 5f4d5348  14359 	.data.b	72,83,77,95,70,119,84,97,109,112,101,114,68,101,116,101,99,116,105,111,110,84,101,109,112,83,116,111,112,0
000043eb 61547746 
000043ef 7265706d 

                                                                      Page 260
                                                              C:\Windows\TEMP\gh_00000ro3.si
000043f3 65746544 
000043f7 6f697463 
000043fb 6d65546e 
000043ff 6f745370 
00004403 0070 
00004405 03ab      14360 	.data.b	171,3
00004407 10        14361 	.data.b	16
00004408 01        14362 	.data.b	1
00004409 00000000* 14363 	.data.w	.LDW_3791950
0000440d 00000000* 14364 	.data.w	HSM_FwTamperDetectionTempStop
00004411 00000000* 14365 	.data.w	__ghs_eofn_HSM_FwTamperDetectionTempStop
00004415 5d01      14366 	.data.b	1,93
00004417 00        14367 	.data.b	0
00004418 04        14368 	.data.b	4
00004419 00        14369 	.data.b	0
0000441a 7c        14370 	.data.b	124
0000441b 01        14371 	.data.b	1
0000441c 00        14372 	.data.b	0
0000441d 00        14373 	.data.b	0
0000441e 01        14374 	.data.b	1
0000441f 01        14375 	.data.b	1
00004420 00        14376 	.data.b	0
00004421 01        14377 	.data.b	1
                   14378 
                   14379 	.section	.debug_frame
                   14380 .LDW_4c4a258:
00000960 00000000* 14381 	.data.w	.LDW_unq_c0-.LDW_unq_bf
                   14382 .LDW_unq_bf:
00000964 00000000* 14383 	.data.w	.LDW_4a21e10
00000968 00000000* 14384 	.data.w	HSM_FwTamperDetectionTempStop
0000096c 00000004  14385 	.data.w	__ghs_eofn_HSM_FwTamperDetectionTempStop-HSM_FwTamperDetectionTempStop
00000970 01        14386 	.data.b	1
00000971 00000000* 14387 	.data.w	.LDW991
00000975 00        14388 	.data.b	0
00000976 00        14389 	.data.b	0
00000977 00        14390 	.data.b	0
                   14391 .LDW_unq_c0:
                   14392 	.section	.debug_line
00000889 020500    14393 	.data.b	0,5,2
0000088c 00000000* 14394 	.data.w	HSM_FwTamperDetectionTempStop
00000890 06        14395 	.data.b	6
00000891 03        14396 	.data.b	3
00000892 03ac      14397 	.data.b	172,3
00000894 02        14398 	.data.b	2
00000895 00        14399 	.data.b	0
00000896 01        14400 	.data.b	1
00000897 06        14401 	.data.b	6
00000898 02        14402 	.data.b	2
00000899 02        14403 	.data.b	2
0000089a 02        14404 	.data.b	2
0000089b 02        14405 	.data.b	2
0000089c 010100    14406 	.data.b	0,1,1
                   14407 	.section	.debug_info
                   14408 .LDW_4a43240:
00004422 11        14409 	.data.b	17
00004423 73736170  14410 	.data.b	112,97,115,115,119,111,114,100,0
00004427 64726f77 
0000442b 00 
0000442c 03ab      14411 	.data.b	171,3
0000442e 3b        14412 	.data.b	59
0000442f 01        14413 	.data.b	1

                                                                      Page 261
                                                              C:\Windows\TEMP\gh_00000ro3.si
00004430 00000000* 14414 	.data.w	.LDW_3791c98
00004434 00        14415 	.data.b	0
00004435 5001      14416 	.data.b	1,80
                   14417 
                   14418 .LDW_4a43a28:
00004437 11        14419 	.data.b	17
00004438 79427770  14420 	.data.b	112,119,66,121,116,101,76,101,110,0
0000443c 654c6574 
00004440 006e 
00004442 03ab      14421 	.data.b	171,3
00004444 4c        14422 	.data.b	76
00004445 01        14423 	.data.b	1
00004446 00000000* 14424 	.data.w	.LDW_3792088
0000444a 00        14425 	.data.b	0
0000444b 5101      14426 	.data.b	1,81
                   14427 
                   14428 .LDW_4a43920:
0000444d 11        14429 	.data.b	17
0000444e 53727265  14430 	.data.b	101,114,114,83,116,97,116,101,0
00004452 65746174 
00004456 00 
00004457 03ab      14431 	.data.b	171,3
00004459 74        14432 	.data.b	116
0000445a 01        14433 	.data.b	1
0000445b 00000000* 14434 	.data.w	.LDW_4a546b0
0000445f 00        14435 	.data.b	0
00004460 5201      14436 	.data.b	1,82
                   14437 
                   14438 .LDW_4a42130:
00004462 1f        14439 	.data.b	31
00004463 00000000* 14440 	.data.w	.LDW891
00004467 00000000* 14441 	.data.w	.LDW991
                   14442 
0000446b 00        14443 	.data.b	0
                   14444 
0000446c 00        14445 	.data.b	0
                   14446 
                   14447 .LDW_4a55248:
0000446d 16        14448 	.data.b	22
0000446e 5f4d5348  14449 	.data.b	72,83,77,95,70,119,84,97,109,112,101,114,68,101,116,101,99,116,105,111,110,82,101,115,116,97,114,116,0
00004472 61547746 
00004476 7265706d 
0000447a 65746544 
0000447e 6f697463 
00004482 7365526e 
00004486 74726174 
0000448a 00 
0000448b 03af      14450 	.data.b	175,3
0000448d 10        14451 	.data.b	16
0000448e 01        14452 	.data.b	1
0000448f 00000000* 14453 	.data.w	.LDW_3791950
00004493 00000000* 14454 	.data.w	HSM_FwTamperDetectionRestart
00004497 00000000* 14455 	.data.w	__ghs_eofn_HSM_FwTamperDetectionRestart
0000449b 5d01      14456 	.data.b	1,93
0000449d 00        14457 	.data.b	0
0000449e 04        14458 	.data.b	4
0000449f 00        14459 	.data.b	0
000044a0 7c        14460 	.data.b	124
000044a1 01        14461 	.data.b	1
000044a2 00        14462 	.data.b	0
000044a3 00        14463 	.data.b	0

                                                                      Page 262
                                                              C:\Windows\TEMP\gh_00000ro3.si
000044a4 01        14464 	.data.b	1
000044a5 01        14465 	.data.b	1
000044a6 00        14466 	.data.b	0
000044a7 01        14467 	.data.b	1
                   14468 
                   14469 	.section	.debug_frame
                   14470 .LDW_4c4a318:
00000978 00000000* 14471 	.data.w	.LDW_unq_c2-.LDW_unq_c1
                   14472 .LDW_unq_c1:
0000097c 00000000* 14473 	.data.w	.LDW_4a21e10
00000980 00000000* 14474 	.data.w	HSM_FwTamperDetectionRestart
00000984 00000004  14475 	.data.w	__ghs_eofn_HSM_FwTamperDetectionRestart-HSM_FwTamperDetectionRestart
00000988 01        14476 	.data.b	1
00000989 00000000* 14477 	.data.w	.LDW102
0000098d 00        14478 	.data.b	0
0000098e 00        14479 	.data.b	0
0000098f 00        14480 	.data.b	0
                   14481 .LDW_unq_c2:
                   14482 	.section	.debug_line
0000089f 020500    14483 	.data.b	0,5,2
000008a2 00000000* 14484 	.data.w	HSM_FwTamperDetectionRestart
000008a6 06        14485 	.data.b	6
000008a7 03        14486 	.data.b	3
000008a8 03b0      14487 	.data.b	176,3
000008aa 02        14488 	.data.b	2
000008ab 00        14489 	.data.b	0
000008ac 01        14490 	.data.b	1
000008ad 06        14491 	.data.b	6
000008ae 02        14492 	.data.b	2
000008af 02        14493 	.data.b	2
000008b0 02        14494 	.data.b	2
000008b1 02        14495 	.data.b	2
000008b2 010100    14496 	.data.b	0,1,1
                   14497 	.section	.debug_info
                   14498 .LDW_4a41d10:
000044a8 1f        14499 	.data.b	31
000044a9 00000000* 14500 	.data.w	.LDW002
000044ad 00000000* 14501 	.data.w	.LDW102
                   14502 
000044b1 00        14503 	.data.b	0
                   14504 
000044b2 00        14505 	.data.b	0
                   14506 
                   14507 .LDW_4a558d0:
000044b3 16        14508 	.data.b	22
000044b4 5f4d5348  14509 	.data.b	72,83,77,95,70,119,84,97,109,112,101,114,68,101,116,101,99,116,105,111,110,67,111,110,102,105,103,0
000044b8 61547746 
000044bc 7265706d 
000044c0 65746544 
000044c4 6f697463 
000044c8 6e6f436e 
000044cc 00676966 
000044d0 03b3      14510 	.data.b	179,3
000044d2 10        14511 	.data.b	16
000044d3 01        14512 	.data.b	1
000044d4 00000000* 14513 	.data.w	.LDW_3791950
000044d8 00000000* 14514 	.data.w	HSM_FwTamperDetectionConfig
000044dc 00000000* 14515 	.data.w	__ghs_eofn_HSM_FwTamperDetectionConfig
000044e0 5d01      14516 	.data.b	1,93
000044e2 00        14517 	.data.b	0
000044e3 04        14518 	.data.b	4

                                                                      Page 263
                                                              C:\Windows\TEMP\gh_00000ro3.si
000044e4 00        14519 	.data.b	0
000044e5 7c        14520 	.data.b	124
000044e6 01        14521 	.data.b	1
000044e7 00        14522 	.data.b	0
000044e8 00        14523 	.data.b	0
000044e9 01        14524 	.data.b	1
000044ea 01        14525 	.data.b	1
000044eb 00        14526 	.data.b	0
000044ec 01        14527 	.data.b	1
                   14528 
                   14529 	.section	.debug_frame
                   14530 .LDW_4c49f18:
00000990 00000000* 14531 	.data.w	.LDW_unq_c4-.LDW_unq_c3
                   14532 .LDW_unq_c3:
00000994 00000000* 14533 	.data.w	.LDW_4a21e10
00000998 00000000* 14534 	.data.w	HSM_FwTamperDetectionConfig
0000099c 00000004  14535 	.data.w	__ghs_eofn_HSM_FwTamperDetectionConfig-HSM_FwTamperDetectionConfig
000009a0 01        14536 	.data.b	1
000009a1 00000000* 14537 	.data.w	.LDW302
000009a5 00        14538 	.data.b	0
000009a6 00        14539 	.data.b	0
000009a7 00        14540 	.data.b	0
                   14541 .LDW_unq_c4:
                   14542 	.section	.debug_line
000008b5 020500    14543 	.data.b	0,5,2
000008b8 00000000* 14544 	.data.w	HSM_FwTamperDetectionConfig
000008bc 06        14545 	.data.b	6
000008bd 03        14546 	.data.b	3
000008be 03b4      14547 	.data.b	180,3
000008c0 02        14548 	.data.b	2
000008c1 00        14549 	.data.b	0
000008c2 01        14550 	.data.b	1
000008c3 06        14551 	.data.b	6
000008c4 02        14552 	.data.b	2
000008c5 02        14553 	.data.b	2
000008c6 02        14554 	.data.b	2
000008c7 02        14555 	.data.b	2
000008c8 010100    14556 	.data.b	0,1,1
                   14557 	.section	.debug_info
                   14558 .LDW_4a43be0:
000044ed 11        14559 	.data.b	17
000044ee 43647466  14560 	.data.b	102,116,100,67,111,110,102,105,103,0
000044f2 69666e6f 
000044f6 0067 
000044f8 03b3      14561 	.data.b	179,3
000044fa 44        14562 	.data.b	68
000044fb 01        14563 	.data.b	1
000044fc 00000000* 14564 	.data.w	.LDW_4a54598
00004500 00        14565 	.data.b	0
00004501 5001      14566 	.data.b	1,80
                   14567 
                   14568 .LDW_4a43978:
00004503 11        14569 	.data.b	17
00004504 75466263  14570 	.data.b	99,98,70,117,110,99,0
00004508 00636e 
0000450b 03b3      14571 	.data.b	179,3
0000450d 60        14572 	.data.b	96
0000450e 01        14573 	.data.b	1
0000450f 00000000* 14574 	.data.w	.LDW_4a43c90
00004513 00        14575 	.data.b	0
00004514 5101      14576 	.data.b	1,81

                                                                      Page 264
                                                              C:\Windows\TEMP\gh_00000ro3.si
                   14577 
                   14578 .LDW_4a41f50:
00004516 1f        14579 	.data.b	31
00004517 00000000* 14580 	.data.w	.LDW202
0000451b 00000000* 14581 	.data.w	.LDW302
                   14582 
0000451f 00        14583 	.data.b	0
                   14584 
00004520 00        14585 	.data.b	0
                   14586 
                   14587 .LDW_4a54eb8:
00004521 16        14588 	.data.b	22
00004522 5f4d5348  14589 	.data.b	72,83,77,95,70,119,84,97,109,112,101,114,68,101,116,101,99,116,105,111,110,85,112,100,116,84,97,114,103,101,116,0
00004526 61547746 
0000452a 7265706d 
0000452e 65746544 
00004532 6f697463 
00004536 6470556e 
0000453a 72615474 
0000453e 00746567 
00004542 03b7      14590 	.data.b	183,3
00004544 10        14591 	.data.b	16
00004545 01        14592 	.data.b	1
00004546 00000000* 14593 	.data.w	.LDW_3791950
0000454a 00000000* 14594 	.data.w	HSM_FwTamperDetectionUpdtTarget
0000454e 00000000* 14595 	.data.w	__ghs_eofn_HSM_FwTamperDetectionUpdtTarget
00004552 5d01      14596 	.data.b	1,93
00004554 00        14597 	.data.b	0
00004555 04        14598 	.data.b	4
00004556 00        14599 	.data.b	0
00004557 7c        14600 	.data.b	124
00004558 01        14601 	.data.b	1
00004559 00        14602 	.data.b	0
0000455a 00        14603 	.data.b	0
0000455b 01        14604 	.data.b	1
0000455c 01        14605 	.data.b	1
0000455d 00        14606 	.data.b	0
0000455e 01        14607 	.data.b	1
                   14608 
                   14609 	.section	.debug_frame
                   14610 .LDW_4c4a618:
000009a8 00000000* 14611 	.data.w	.LDW_unq_c6-.LDW_unq_c5
                   14612 .LDW_unq_c5:
000009ac 00000000* 14613 	.data.w	.LDW_4a21e10
000009b0 00000000* 14614 	.data.w	HSM_FwTamperDetectionUpdtTarget
000009b4 00000004  14615 	.data.w	__ghs_eofn_HSM_FwTamperDetectionUpdtTarget-HSM_FwTamperDetectionUpdtTarget
000009b8 01        14616 	.data.b	1
000009b9 00000000* 14617 	.data.w	.LDW502
000009bd 00        14618 	.data.b	0
000009be 00        14619 	.data.b	0
000009bf 00        14620 	.data.b	0
                   14621 .LDW_unq_c6:
                   14622 	.section	.debug_line
000008cb 020500    14623 	.data.b	0,5,2
000008ce 00000000* 14624 	.data.w	HSM_FwTamperDetectionUpdtTarget
000008d2 06        14625 	.data.b	6
000008d3 03        14626 	.data.b	3
000008d4 03b8      14627 	.data.b	184,3
000008d6 02        14628 	.data.b	2
000008d7 00        14629 	.data.b	0
000008d8 01        14630 	.data.b	1

                                                                      Page 265
                                                              C:\Windows\TEMP\gh_00000ro3.si
000008d9 06        14631 	.data.b	6
000008da 02        14632 	.data.b	2
000008db 02        14633 	.data.b	2
000008dc 02        14634 	.data.b	2
000008dd 02        14635 	.data.b	2
000008de 010100    14636 	.data.b	0,1,1
                   14637 	.section	.debug_info
                   14638 .LDW_4a438c8:
0000455f 11        14639 	.data.b	17
00004560 54647466  14640 	.data.b	102,116,100,84,97,114,103,101,116,0
00004564 65677261 
00004568 0074 
0000456a 03b7      14641 	.data.b	183,3
0000456c 48        14642 	.data.b	72
0000456d 01        14643 	.data.b	1
0000456e 00000000* 14644 	.data.w	.LDW_4a54838
00004572 00        14645 	.data.b	0
00004573 5001      14646 	.data.b	1,80
                   14647 
                   14648 .LDW_4a43b88:
00004575 11        14649 	.data.b	17
00004576 75466263  14650 	.data.b	99,98,70,117,110,99,0
0000457a 00636e 
0000457d 03b7      14651 	.data.b	183,3
0000457f 64        14652 	.data.b	100
00004580 01        14653 	.data.b	1
00004581 00000000* 14654 	.data.w	.LDW_4a43c90
00004585 00        14655 	.data.b	0
00004586 5101      14656 	.data.b	1,81
                   14657 
                   14658 .LDW_4a41e60:
00004588 1f        14659 	.data.b	31
00004589 00000000* 14660 	.data.w	.LDW402
0000458d 00000000* 14661 	.data.w	.LDW502
                   14662 
00004591 00        14663 	.data.b	0
                   14664 
00004592 00        14665 	.data.b	0
                   14666 
                   14667 .LDW_4a55080:
00004593 16        14668 	.data.b	22
00004594 5f4d5348  14669 	.data.b	72,83,77,95,70,97,99,116,111,114,121,70,119,84,97,109,112,101,114,68,101,116,101,99,116,105,111,110,69,110,97,98,108,101,0
00004598 74636146 
0000459c 4679726f 
000045a0 6d615477 
000045a4 44726570 
000045a8 63657465 
000045ac 6e6f6974 
000045b0 62616e45 
000045b4 00656c 
000045b7 03bb      14670 	.data.b	187,3
000045b9 10        14671 	.data.b	16
000045ba 01        14672 	.data.b	1
000045bb 00000000* 14673 	.data.w	.LDW_3791950
000045bf 00000000* 14674 	.data.w	HSM_FactoryFwTamperDetectionEnable
000045c3 00000000* 14675 	.data.w	__ghs_eofn_HSM_FactoryFwTamperDetectionEnable
000045c7 5d01      14676 	.data.b	1,93
000045c9 00        14677 	.data.b	0
000045ca 04        14678 	.data.b	4
000045cb 00        14679 	.data.b	0
000045cc 7c        14680 	.data.b	124

                                                                      Page 266
                                                              C:\Windows\TEMP\gh_00000ro3.si
000045cd 01        14681 	.data.b	1
000045ce 00        14682 	.data.b	0
000045cf 00        14683 	.data.b	0
000045d0 01        14684 	.data.b	1
000045d1 01        14685 	.data.b	1
000045d2 00        14686 	.data.b	0
000045d3 01        14687 	.data.b	1
                   14688 
                   14689 	.section	.debug_frame
                   14690 .LDW_4c4a8d8:
000009c0 00000000* 14691 	.data.w	.LDW_unq_c8-.LDW_unq_c7
                   14692 .LDW_unq_c7:
000009c4 00000000* 14693 	.data.w	.LDW_4a21e10
000009c8 00000000* 14694 	.data.w	HSM_FactoryFwTamperDetectionEnable
000009cc 00000004  14695 	.data.w	__ghs_eofn_HSM_FactoryFwTamperDetectionEnable-HSM_FactoryFwTamperDetectionEnable
000009d0 01        14696 	.data.b	1
000009d1 00000000* 14697 	.data.w	.LDW702
000009d5 00        14698 	.data.b	0
000009d6 00        14699 	.data.b	0
000009d7 00        14700 	.data.b	0
                   14701 .LDW_unq_c8:
                   14702 	.section	.debug_line
000008e1 020500    14703 	.data.b	0,5,2
000008e4 00000000* 14704 	.data.w	HSM_FactoryFwTamperDetectionEnable
000008e8 06        14705 	.data.b	6
000008e9 03        14706 	.data.b	3
000008ea 03bc      14707 	.data.b	188,3
000008ec 02        14708 	.data.b	2
000008ed 00        14709 	.data.b	0
000008ee 01        14710 	.data.b	1
000008ef 06        14711 	.data.b	6
000008f0 02        14712 	.data.b	2
000008f1 02        14713 	.data.b	2
000008f2 02        14714 	.data.b	2
000008f3 02        14715 	.data.b	2
000008f4 010100    14716 	.data.b	0,1,1
                   14717 	.section	.debug_info
                   14718 .LDW_4a43870:
000045d4 11        14719 	.data.b	17
000045d5 43647466  14720 	.data.b	102,116,100,67,111,110,102,105,103,0
000045d9 69666e6f 
000045dd 0067 
000045df 03bb      14721 	.data.b	187,3
000045e1 4b        14722 	.data.b	75
000045e2 01        14723 	.data.b	1
000045e3 00000000* 14724 	.data.w	.LDW_4a54598
000045e7 00        14725 	.data.b	0
000045e8 5001      14726 	.data.b	1,80
                   14727 
                   14728 .LDW_4a57998:
000045ea 11        14729 	.data.b	17
000045eb 75466263  14730 	.data.b	99,98,70,117,110,99,0
000045ef 00636e 
000045f2 03bb      14731 	.data.b	187,3
000045f4 67        14732 	.data.b	103
000045f5 01        14733 	.data.b	1
000045f6 00000000* 14734 	.data.w	.LDW_4a43c90
000045fa 00        14735 	.data.b	0
000045fb 5101      14736 	.data.b	1,81
                   14737 
                   14738 .LDW_4a42070:

                                                                      Page 267
                                                              C:\Windows\TEMP\gh_00000ro3.si
000045fd 1f        14739 	.data.b	31
000045fe 00000000* 14740 	.data.w	.LDW602
00004602 00000000* 14741 	.data.w	.LDW702
                   14742 
00004606 00        14743 	.data.b	0
                   14744 
00004607 00        14745 	.data.b	0
                   14746 
                   14747 .LDW_4a55c60:
00004608 16        14748 	.data.b	22
00004609 5f4d5348  14749 	.data.b	72,83,77,95,70,97,99,116,111,114,121,70,119,84,97,109,112,101,114,68,101,116,101,99,116,105,111,110,68,105,115,97,98,108,101,0
0000460d 74636146 
00004611 4679726f 
00004615 6d615477 
00004619 44726570 
0000461d 63657465 
00004621 6e6f6974 
00004625 61736944 
00004629 00656c62 
0000462d 03bf      14750 	.data.b	191,3
0000462f 10        14751 	.data.b	16
00004630 01        14752 	.data.b	1
00004631 00000000* 14753 	.data.w	.LDW_3791950
00004635 00000000* 14754 	.data.w	HSM_FactoryFwTamperDetectionDisable
00004639 00000000* 14755 	.data.w	__ghs_eofn_HSM_FactoryFwTamperDetectionDisable
0000463d 5d01      14756 	.data.b	1,93
0000463f 00        14757 	.data.b	0
00004640 04        14758 	.data.b	4
00004641 00        14759 	.data.b	0
00004642 7c        14760 	.data.b	124
00004643 01        14761 	.data.b	1
00004644 00        14762 	.data.b	0
00004645 00        14763 	.data.b	0
00004646 01        14764 	.data.b	1
00004647 01        14765 	.data.b	1
00004648 00        14766 	.data.b	0
00004649 01        14767 	.data.b	1
                   14768 
                   14769 	.section	.debug_frame
                   14770 .LDW_4c4abd8:
000009d8 00000000* 14771 	.data.w	.LDW_unq_ca-.LDW_unq_c9
                   14772 .LDW_unq_c9:
000009dc 00000000* 14773 	.data.w	.LDW_4a21e10
000009e0 00000000* 14774 	.data.w	HSM_FactoryFwTamperDetectionDisable
000009e4 00000004  14775 	.data.w	__ghs_eofn_HSM_FactoryFwTamperDetectionDisable-HSM_FactoryFwTamperDetectionDisable
000009e8 01        14776 	.data.b	1
000009e9 00000000* 14777 	.data.w	.LDW902
000009ed 00        14778 	.data.b	0
000009ee 00        14779 	.data.b	0
000009ef 00        14780 	.data.b	0
                   14781 .LDW_unq_ca:
                   14782 	.section	.debug_line
000008f7 020500    14783 	.data.b	0,5,2
000008fa 00000000* 14784 	.data.w	HSM_FactoryFwTamperDetectionDisable
000008fe 06        14785 	.data.b	6
000008ff 03        14786 	.data.b	3
00000900 03c0      14787 	.data.b	192,3
00000902 02        14788 	.data.b	2
00000903 00        14789 	.data.b	0
00000904 01        14790 	.data.b	1
00000905 06        14791 	.data.b	6

                                                                      Page 268
                                                              C:\Windows\TEMP\gh_00000ro3.si
00000906 02        14792 	.data.b	2
00000907 02        14793 	.data.b	2
00000908 02        14794 	.data.b	2
00000909 02        14795 	.data.b	2
0000090a 010100    14796 	.data.b	0,1,1
                   14797 	.section	.debug_info
                   14798 .LDW_4a42010:
0000464a 1f        14799 	.data.b	31
0000464b 00000000* 14800 	.data.w	.LDW802
0000464f 00000000* 14801 	.data.w	.LDW902
                   14802 
00004653 00        14803 	.data.b	0
                   14804 
00004654 00        14805 	.data.b	0
                   14806 
                   14807 .LDW_4a55708:
00004655 16        14808 	.data.b	22
00004656 5f4d5348  14809 	.data.b	72,83,77,95,75,101,121,77,97,110,97,103,101,109,101,110,116,83,101,116,65,101,115,75,101,121,0
0000465a 4d79654b 
0000465e 67616e61 
00004662 6e656d65 
00004666 74655374 
0000466a 4b736541 
0000466e 007965 
00004671 03c6      14810 	.data.b	198,3
00004673 10        14811 	.data.b	16
00004674 01        14812 	.data.b	1
00004675 00000000* 14813 	.data.w	.LDW_3791950
00004679 00000000* 14814 	.data.w	HSM_KeyManagementSetAesKey
0000467d 00000000* 14815 	.data.w	__ghs_eofn_HSM_KeyManagementSetAesKey
00004681 5d01      14816 	.data.b	1,93
00004683 00        14817 	.data.b	0
00004684 04        14818 	.data.b	4
00004685 00        14819 	.data.b	0
00004686 7c        14820 	.data.b	124
00004687 01        14821 	.data.b	1
00004688 00        14822 	.data.b	0
00004689 00        14823 	.data.b	0
0000468a 01        14824 	.data.b	1
0000468b 01        14825 	.data.b	1
0000468c 00        14826 	.data.b	0
0000468d 01        14827 	.data.b	1
                   14828 
                   14829 	.section	.debug_frame
                   14830 .LDW_4c77d90:
000009f0 00000000* 14831 	.data.w	.LDW_unq_cc-.LDW_unq_cb
                   14832 .LDW_unq_cb:
000009f4 00000000* 14833 	.data.w	.LDW_4a21e10
000009f8 00000000* 14834 	.data.w	HSM_KeyManagementSetAesKey
000009fc 00000004  14835 	.data.w	__ghs_eofn_HSM_KeyManagementSetAesKey-HSM_KeyManagementSetAesKey
00000a00 01        14836 	.data.b	1
00000a01 00000000* 14837 	.data.w	.LDW112
00000a05 00        14838 	.data.b	0
00000a06 00        14839 	.data.b	0
00000a07 00        14840 	.data.b	0
                   14841 .LDW_unq_cc:
                   14842 	.section	.debug_line
0000090d 020500    14843 	.data.b	0,5,2
00000910 00000000* 14844 	.data.w	HSM_KeyManagementSetAesKey
00000914 06        14845 	.data.b	6
00000915 03        14846 	.data.b	3

                                                                      Page 269
                                                              C:\Windows\TEMP\gh_00000ro3.si
00000916 03c7      14847 	.data.b	199,3
00000918 02        14848 	.data.b	2
00000919 00        14849 	.data.b	0
0000091a 01        14850 	.data.b	1
0000091b 06        14851 	.data.b	6
0000091c 02        14852 	.data.b	2
0000091d 02        14853 	.data.b	2
0000091e 02        14854 	.data.b	2
0000091f 02        14855 	.data.b	2
00000920 010100    14856 	.data.b	0,1,1
                   14857 	.section	.debug_info
                   14858 .LDW_4a579f0:
0000468e 11        14859 	.data.b	17
0000468f 4979656b  14860 	.data.b	107,101,121,73,110,100,101,120,0
00004693 7865646e 
00004697 00 
00004698 03c6      14861 	.data.b	198,3
0000469a 38        14862 	.data.b	56
0000469b 01        14863 	.data.b	1
0000469c 00000000* 14864 	.data.w	.LDW_4a436b8
000046a0 00        14865 	.data.b	0
000046a1 5001      14866 	.data.b	1,80
                   14867 
                   14868 .LDW_4a57a48:
000046a3 11        14869 	.data.b	17
000046a4 0079656b  14870 	.data.b	107,101,121,0
000046a8 03c6      14871 	.data.b	198,3
000046aa 49        14872 	.data.b	73
000046ab 01        14873 	.data.b	1
000046ac 00000000* 14874 	.data.w	.LDW_4a04be0
000046b0 00        14875 	.data.b	0
000046b1 5101      14876 	.data.b	1,81
                   14877 
                   14878 .LDW_4a57af8:
000046b3 11        14879 	.data.b	17
000046b4 4c79656b  14880 	.data.b	107,101,121,76,111,99,107,0
000046b8 006b636f 
000046bc 03c6      14881 	.data.b	198,3
000046be 55        14882 	.data.b	85
000046bf 01        14883 	.data.b	1
000046c0 00000000* 14884 	.data.w	.LDW_37919c0
000046c4 00        14885 	.data.b	0
000046c5 5201      14886 	.data.b	1,82
                   14887 
                   14888 .LDW_4a41fe0:
000046c7 1f        14889 	.data.b	31
000046c8 00000000* 14890 	.data.w	.LDW012
000046cc 00000000* 14891 	.data.w	.LDW112
                   14892 
000046d0 00        14893 	.data.b	0
                   14894 
000046d1 00        14895 	.data.b	0
                   14896 
                   14897 .LDW_4a55f58:
000046d2 16        14898 	.data.b	22
000046d3 5f4d5348  14899 	.data.b	72,83,77,95,75,101,121,77,97,110,97,103,101,109,101,110,116,83,101,116,82,115,97,75,101,121,0
000046d7 4d79654b 
000046db 67616e61 
000046df 6e656d65 
000046e3 74655374 
000046e7 4b617352 

                                                                      Page 270
                                                              C:\Windows\TEMP\gh_00000ro3.si
000046eb 007965 
000046ee 03ca      14900 	.data.b	202,3
000046f0 10        14901 	.data.b	16
000046f1 01        14902 	.data.b	1
000046f2 00000000* 14903 	.data.w	.LDW_3791950
000046f6 00000000* 14904 	.data.w	HSM_KeyManagementSetRsaKey
000046fa 00000000* 14905 	.data.w	__ghs_eofn_HSM_KeyManagementSetRsaKey
000046fe 5d01      14906 	.data.b	1,93
00004700 00        14907 	.data.b	0
00004701 04        14908 	.data.b	4
00004702 00        14909 	.data.b	0
00004703 7c        14910 	.data.b	124
00004704 01        14911 	.data.b	1
00004705 00        14912 	.data.b	0
00004706 00        14913 	.data.b	0
00004707 01        14914 	.data.b	1
00004708 01        14915 	.data.b	1
00004709 00        14916 	.data.b	0
0000470a 01        14917 	.data.b	1
                   14918 
                   14919 	.section	.debug_frame
                   14920 .LDW_4c77f10:
00000a08 00000000* 14921 	.data.w	.LDW_unq_ce-.LDW_unq_cd
                   14922 .LDW_unq_cd:
00000a0c 00000000* 14923 	.data.w	.LDW_4a21e10
00000a10 00000000* 14924 	.data.w	HSM_KeyManagementSetRsaKey
00000a14 00000004  14925 	.data.w	__ghs_eofn_HSM_KeyManagementSetRsaKey-HSM_KeyManagementSetRsaKey
00000a18 01        14926 	.data.b	1
00000a19 00000000* 14927 	.data.w	.LDW312
00000a1d 00        14928 	.data.b	0
00000a1e 00        14929 	.data.b	0
00000a1f 00        14930 	.data.b	0
                   14931 .LDW_unq_ce:
                   14932 	.section	.debug_line
00000923 020500    14933 	.data.b	0,5,2
00000926 00000000* 14934 	.data.w	HSM_KeyManagementSetRsaKey
0000092a 06        14935 	.data.b	6
0000092b 03        14936 	.data.b	3
0000092c 03cb      14937 	.data.b	203,3
0000092e 02        14938 	.data.b	2
0000092f 00        14939 	.data.b	0
00000930 01        14940 	.data.b	1
00000931 06        14941 	.data.b	6
00000932 02        14942 	.data.b	2
00000933 02        14943 	.data.b	2
00000934 02        14944 	.data.b	2
00000935 02        14945 	.data.b	2
00000936 010100    14946 	.data.b	0,1,1
                   14947 	.section	.debug_info
                   14948 .LDW_4a578e8:
0000470b 11        14949 	.data.b	17
0000470c 4979656b  14950 	.data.b	107,101,121,73,110,100,101,120,0
00004710 7865646e 
00004714 00 
00004715 03ca      14951 	.data.b	202,3
00004717 38        14952 	.data.b	56
00004718 01        14953 	.data.b	1
00004719 00000000* 14954 	.data.w	.LDW_4a436b8
0000471d 00        14955 	.data.b	0
0000471e 5001      14956 	.data.b	1,80
                   14957 

                                                                      Page 271
                                                              C:\Windows\TEMP\gh_00000ro3.si
                   14958 .LDW_4a57b50:
00004720 11        14959 	.data.b	17
00004721 0079656b  14960 	.data.b	107,101,121,0
00004725 03ca      14961 	.data.b	202,3
00004727 51        14962 	.data.b	81
00004728 01        14963 	.data.b	1
00004729 00000000* 14964 	.data.w	.LDW_4a548e0
0000472d 00        14965 	.data.b	0
0000472e 5101      14966 	.data.b	1,81
                   14967 
                   14968 .LDW_4a57ba8:
00004730 11        14969 	.data.b	17
00004731 4c79656b  14970 	.data.b	107,101,121,76,111,99,107,0
00004735 006b636f 
00004739 03ca      14971 	.data.b	202,3
0000473b 5d        14972 	.data.b	93
0000473c 01        14973 	.data.b	1
0000473d 00000000* 14974 	.data.w	.LDW_37919c0
00004741 00        14975 	.data.b	0
00004742 5201      14976 	.data.b	1,82
                   14977 
                   14978 .LDW_4a41f80:
00004744 1f        14979 	.data.b	31
00004745 00000000* 14980 	.data.w	.LDW212
00004749 00000000* 14981 	.data.w	.LDW312
                   14982 
0000474d 00        14983 	.data.b	0
                   14984 
0000474e 00        14985 	.data.b	0
                   14986 
                   14987 .LDW_4a55410:
0000474f 16        14988 	.data.b	22
00004750 5f4d5348  14989 	.data.b	72,83,77,95,75,101,121,77,97,110,97,103,101,109,101,110,116,83,101,116,69,99,99,75,101,121,0
00004754 4d79654b 
00004758 67616e61 
0000475c 6e656d65 
00004760 74655374 
00004764 4b636345 
00004768 007965 
0000476b 03ce      14990 	.data.b	206,3
0000476d 10        14991 	.data.b	16
0000476e 01        14992 	.data.b	1
0000476f 00000000* 14993 	.data.w	.LDW_3791950
00004773 00000000* 14994 	.data.w	HSM_KeyManagementSetEccKey
00004777 00000000* 14995 	.data.w	__ghs_eofn_HSM_KeyManagementSetEccKey
0000477b 5d01      14996 	.data.b	1,93
0000477d 00        14997 	.data.b	0
0000477e 04        14998 	.data.b	4
0000477f 00        14999 	.data.b	0
00004780 7c        15000 	.data.b	124
00004781 01        15001 	.data.b	1
00004782 00        15002 	.data.b	0
00004783 00        15003 	.data.b	0
00004784 01        15004 	.data.b	1
00004785 01        15005 	.data.b	1
00004786 00        15006 	.data.b	0
00004787 01        15007 	.data.b	1
                   15008 
                   15009 	.section	.debug_frame
                   15010 .LDW_4c78650:
00000a20 00000000* 15011 	.data.w	.LDW_unq_d0-.LDW_unq_cf

                                                                      Page 272
                                                              C:\Windows\TEMP\gh_00000ro3.si
                   15012 .LDW_unq_cf:
00000a24 00000000* 15013 	.data.w	.LDW_4a21e10
00000a28 00000000* 15014 	.data.w	HSM_KeyManagementSetEccKey
00000a2c 00000004  15015 	.data.w	__ghs_eofn_HSM_KeyManagementSetEccKey-HSM_KeyManagementSetEccKey
00000a30 01        15016 	.data.b	1
00000a31 00000000* 15017 	.data.w	.LDW512
00000a35 00        15018 	.data.b	0
00000a36 00        15019 	.data.b	0
00000a37 00        15020 	.data.b	0
                   15021 .LDW_unq_d0:
                   15022 	.section	.debug_line
00000939 020500    15023 	.data.b	0,5,2
0000093c 00000000* 15024 	.data.w	HSM_KeyManagementSetEccKey
00000940 06        15025 	.data.b	6
00000941 03        15026 	.data.b	3
00000942 03cf      15027 	.data.b	207,3
00000944 02        15028 	.data.b	2
00000945 00        15029 	.data.b	0
00000946 01        15030 	.data.b	1
00000947 06        15031 	.data.b	6
00000948 02        15032 	.data.b	2
00000949 02        15033 	.data.b	2
0000094a 02        15034 	.data.b	2
0000094b 02        15035 	.data.b	2
0000094c 010100    15036 	.data.b	0,1,1
                   15037 	.section	.debug_info
                   15038 .LDW_4a57c00:
00004788 11        15039 	.data.b	17
00004789 4979656b  15040 	.data.b	107,101,121,73,110,100,101,120,0
0000478d 7865646e 
00004791 00 
00004792 03ce      15041 	.data.b	206,3
00004794 38        15042 	.data.b	56
00004795 01        15043 	.data.b	1
00004796 00000000* 15044 	.data.w	.LDW_4a436b8
0000479a 00        15045 	.data.b	0
0000479b 5001      15046 	.data.b	1,80
                   15047 
                   15048 .LDW_4a57c58:
0000479d 11        15049 	.data.b	17
0000479e 0079656b  15050 	.data.b	107,101,121,0
000047a2 03ce      15051 	.data.b	206,3
000047a4 51        15052 	.data.b	81
000047a5 01        15053 	.data.b	1
000047a6 00000000* 15054 	.data.w	.LDW_4a54720
000047aa 00        15055 	.data.b	0
000047ab 5101      15056 	.data.b	1,81
                   15057 
                   15058 .LDW_4a57890:
000047ad 11        15059 	.data.b	17
000047ae 4c79656b  15060 	.data.b	107,101,121,76,111,99,107,0
000047b2 006b636f 
000047b6 03ce      15061 	.data.b	206,3
000047b8 5d        15062 	.data.b	93
000047b9 01        15063 	.data.b	1
000047ba 00000000* 15064 	.data.w	.LDW_37919c0
000047be 00        15065 	.data.b	0
000047bf 5201      15066 	.data.b	1,82
                   15067 
                   15068 .LDW_4a420d0:
000047c1 1f        15069 	.data.b	31

                                                                      Page 273
                                                              C:\Windows\TEMP\gh_00000ro3.si
000047c2 00000000* 15070 	.data.w	.LDW412
000047c6 00000000* 15071 	.data.w	.LDW512
                   15072 
000047ca 00        15073 	.data.b	0
                   15074 
000047cb 00        15075 	.data.b	0
                   15076 
                   15077 .LDW_4a55cf8:
000047cc 16        15078 	.data.b	22
000047cd 5f4d5348  15079 	.data.b	72,83,77,95,75,101,121,77,97,110,97,103,101,109,101,110,116,86,97,108,105,100,97,116,101,75,101,121,0
000047d1 4d79654b 
000047d5 67616e61 
000047d9 6e656d65 
000047dd 6c615674 
000047e1 74616469 
000047e5 79654b65 
000047e9 00 
000047ea 03d2      15080 	.data.b	210,3
000047ec 10        15081 	.data.b	16
000047ed 01        15082 	.data.b	1
000047ee 00000000* 15083 	.data.w	.LDW_3791950
000047f2 00000000* 15084 	.data.w	HSM_KeyManagementValidateKey
000047f6 00000000* 15085 	.data.w	__ghs_eofn_HSM_KeyManagementValidateKey
000047fa 5d01      15086 	.data.b	1,93
000047fc 00        15087 	.data.b	0
000047fd 04        15088 	.data.b	4
000047fe 00        15089 	.data.b	0
000047ff 7c        15090 	.data.b	124
00004800 01        15091 	.data.b	1
00004801 00        15092 	.data.b	0
00004802 00        15093 	.data.b	0
00004803 01        15094 	.data.b	1
00004804 01        15095 	.data.b	1
00004805 00        15096 	.data.b	0
00004806 01        15097 	.data.b	1
                   15098 
                   15099 	.section	.debug_frame
                   15100 .LDW_4c78290:
00000a38 00000000* 15101 	.data.w	.LDW_unq_d2-.LDW_unq_d1
                   15102 .LDW_unq_d1:
00000a3c 00000000* 15103 	.data.w	.LDW_4a21e10
00000a40 00000000* 15104 	.data.w	HSM_KeyManagementValidateKey
00000a44 00000004  15105 	.data.w	__ghs_eofn_HSM_KeyManagementValidateKey-HSM_KeyManagementValidateKey
00000a48 01        15106 	.data.b	1
00000a49 00000000* 15107 	.data.w	.LDW712
00000a4d 00        15108 	.data.b	0
00000a4e 00        15109 	.data.b	0
00000a4f 00        15110 	.data.b	0
                   15111 .LDW_unq_d2:
                   15112 	.section	.debug_line
0000094f 020500    15113 	.data.b	0,5,2
00000952 00000000* 15114 	.data.w	HSM_KeyManagementValidateKey
00000956 06        15115 	.data.b	6
00000957 03        15116 	.data.b	3
00000958 03d3      15117 	.data.b	211,3
0000095a 02        15118 	.data.b	2
0000095b 00        15119 	.data.b	0
0000095c 01        15120 	.data.b	1
0000095d 06        15121 	.data.b	6
0000095e 02        15122 	.data.b	2
0000095f 02        15123 	.data.b	2

                                                                      Page 274
                                                              C:\Windows\TEMP\gh_00000ro3.si
00000960 02        15124 	.data.b	2
00000961 02        15125 	.data.b	2
00000962 010100    15126 	.data.b	0,1,1
                   15127 	.section	.debug_info
                   15128 .LDW_4a57520:
00004807 11        15129 	.data.b	17
00004808 5479656b  15130 	.data.b	107,101,121,84,121,112,101,0
0000480c 00657079 
00004810 03d2      15131 	.data.b	210,3
00004812 36        15132 	.data.b	54
00004813 01        15133 	.data.b	1
00004814 00000000* 15134 	.data.w	.LDW_4a57158
00004818 00        15135 	.data.b	0
00004819 5001      15136 	.data.b	1,80
                   15137 
                   15138 .LDW_4a572b8:
0000481b 11        15139 	.data.b	17
0000481c 4979656b  15140 	.data.b	107,101,121,73,110,100,101,120,0
00004820 7865646e 
00004824 00 
00004825 03d2      15141 	.data.b	210,3
00004827 4c        15142 	.data.b	76
00004828 01        15143 	.data.b	1
00004829 00000000* 15144 	.data.w	.LDW_4a436b8
0000482d 00        15145 	.data.b	0
0000482e 5101      15146 	.data.b	1,81
                   15147 
                   15148 .LDW_4a41c20:
00004830 1f        15149 	.data.b	31
00004831 00000000* 15150 	.data.w	.LDW612
00004835 00000000* 15151 	.data.w	.LDW712
                   15152 
00004839 00        15153 	.data.b	0
                   15154 
0000483a 00        15155 	.data.b	0
                   15156 
                   15157 .LDW_4a54f50:
0000483b 16        15158 	.data.b	22
0000483c 5f4d5348  15159 	.data.b	72,83,77,95,80,68,80,67,111,110,102,105,103,0
00004840 43504450 
00004844 69666e6f 
00004848 0067 
0000484a 03d9      15160 	.data.b	217,3
0000484c 10        15161 	.data.b	16
0000484d 01        15162 	.data.b	1
0000484e 00000000* 15163 	.data.w	.LDW_3791950
00004852 00000000* 15164 	.data.w	HSM_PDPConfig
00004856 00000000* 15165 	.data.w	__ghs_eofn_HSM_PDPConfig
0000485a 5d01      15166 	.data.b	1,93
0000485c 00        15167 	.data.b	0
0000485d 04        15168 	.data.b	4
0000485e 00        15169 	.data.b	0
0000485f 7c        15170 	.data.b	124
00004860 01        15171 	.data.b	1
00004861 00        15172 	.data.b	0
00004862 00        15173 	.data.b	0
00004863 01        15174 	.data.b	1
00004864 01        15175 	.data.b	1
00004865 00        15176 	.data.b	0
00004866 01        15177 	.data.b	1
                   15178 

                                                                      Page 275
                                                              C:\Windows\TEMP\gh_00000ro3.si
                   15179 	.section	.debug_frame
                   15180 .LDW_4c78c90:
00000a50 00000000* 15181 	.data.w	.LDW_unq_d4-.LDW_unq_d3
                   15182 .LDW_unq_d3:
00000a54 00000000* 15183 	.data.w	.LDW_4a21e10
00000a58 00000000* 15184 	.data.w	HSM_PDPConfig
00000a5c 00000004  15185 	.data.w	__ghs_eofn_HSM_PDPConfig-HSM_PDPConfig
00000a60 01        15186 	.data.b	1
00000a61 00000000* 15187 	.data.w	.LDW912
00000a65 00        15188 	.data.b	0
00000a66 00        15189 	.data.b	0
00000a67 00        15190 	.data.b	0
                   15191 .LDW_unq_d4:
                   15192 	.section	.debug_line
00000965 020500    15193 	.data.b	0,5,2
00000968 00000000* 15194 	.data.w	HSM_PDPConfig
0000096c 06        15195 	.data.b	6
0000096d 03        15196 	.data.b	3
0000096e 03da      15197 	.data.b	218,3
00000970 02        15198 	.data.b	2
00000971 00        15199 	.data.b	0
00000972 01        15200 	.data.b	1
00000973 06        15201 	.data.b	6
00000974 02        15202 	.data.b	2
00000975 02        15203 	.data.b	2
00000976 02        15204 	.data.b	2
00000977 02        15205 	.data.b	2
00000978 010100    15206 	.data.b	0,1,1
                   15207 	.section	.debug_info
                   15208 .LDW_4a56f48:
00004867 11        15209 	.data.b	17
00004868 43706470  15210 	.data.b	112,100,112,67,111,110,102,105,103,0
0000486c 69666e6f 
00004870 0067 
00004872 03d9      15211 	.data.b	217,3
00004874 30        15212 	.data.b	48
00004875 01        15213 	.data.b	1
00004876 00000000* 15214 	.data.w	.LDW_4a54b10
0000487a 00        15215 	.data.b	0
0000487b 5001      15216 	.data.b	1,80
                   15217 
                   15218 .LDW_4a57e58:
0000487d 1f        15219 	.data.b	31
0000487e 00000000* 15220 	.data.w	.LDW812
00004882 00000000* 15221 	.data.w	.LDW912
                   15222 
00004886 00        15223 	.data.b	0
                   15224 
00004887 00        15225 	.data.b	0
                   15226 
                   15227 .LDW_4a55118:
00004888 16        15228 	.data.b	22
00004889 5f4d5348  15229 	.data.b	72,83,77,95,80,68,80,68,97,116,97,85,112,100,97,116,101,0
0000488d 44504450 
00004891 55617461 
00004895 74616470 
00004899 0065 
0000489b 03dd      15230 	.data.b	221,3
0000489d 10        15231 	.data.b	16
0000489e 01        15232 	.data.b	1
0000489f 00000000* 15233 	.data.w	.LDW_3791950

                                                                      Page 276
                                                              C:\Windows\TEMP\gh_00000ro3.si
000048a3 00000000* 15234 	.data.w	HSM_PDPDataUpdate
000048a7 00000000* 15235 	.data.w	__ghs_eofn_HSM_PDPDataUpdate
000048ab 5d01      15236 	.data.b	1,93
000048ad 00        15237 	.data.b	0
000048ae 04        15238 	.data.b	4
000048af 00        15239 	.data.b	0
000048b0 7c        15240 	.data.b	124
000048b1 01        15241 	.data.b	1
000048b2 00        15242 	.data.b	0
000048b3 00        15243 	.data.b	0
000048b4 01        15244 	.data.b	1
000048b5 01        15245 	.data.b	1
000048b6 00        15246 	.data.b	0
000048b7 01        15247 	.data.b	1
                   15248 
                   15249 	.section	.debug_frame
                   15250 .LDW_4c78e50:
00000a68 00000000* 15251 	.data.w	.LDW_unq_d6-.LDW_unq_d5
                   15252 .LDW_unq_d5:
00000a6c 00000000* 15253 	.data.w	.LDW_4a21e10
00000a70 00000000* 15254 	.data.w	HSM_PDPDataUpdate
00000a74 00000004  15255 	.data.w	__ghs_eofn_HSM_PDPDataUpdate-HSM_PDPDataUpdate
00000a78 01        15256 	.data.b	1
00000a79 00000000* 15257 	.data.w	.LDW122
00000a7d 00        15258 	.data.b	0
00000a7e 00        15259 	.data.b	0
00000a7f 00        15260 	.data.b	0
                   15261 .LDW_unq_d6:
                   15262 	.section	.debug_line
0000097b 020500    15263 	.data.b	0,5,2
0000097e 00000000* 15264 	.data.w	HSM_PDPDataUpdate
00000982 06        15265 	.data.b	6
00000983 03        15266 	.data.b	3
00000984 03de      15267 	.data.b	222,3
00000986 02        15268 	.data.b	2
00000987 00        15269 	.data.b	0
00000988 01        15270 	.data.b	1
00000989 06        15271 	.data.b	6
0000098a 02        15272 	.data.b	2
0000098b 02        15273 	.data.b	2
0000098c 02        15274 	.data.b	2
0000098d 02        15275 	.data.b	2
0000098e 010100    15276 	.data.b	0,1,1
                   15277 	.section	.debug_info
                   15278 .LDW_4a57ee8:
000048b8 1f        15279 	.data.b	31
000048b9 00000000* 15280 	.data.w	.LDW022
000048bd 00000000* 15281 	.data.w	.LDW122
                   15282 
000048c1 00        15283 	.data.b	0
                   15284 
000048c2 00        15285 	.data.b	0
                   15286 
                   15287 .LDW_4a55670:
000048c3 16        15288 	.data.b	22
000048c4 5f4d5348  15289 	.data.b	72,83,77,95,80,68,80,68,97,116,97,86,101,114,105,102,121,0
000048c8 44504450 
000048cc 56617461 
000048d0 66697265 
000048d4 0079 
000048d6 03e1      15290 	.data.b	225,3

                                                                      Page 277
                                                              C:\Windows\TEMP\gh_00000ro3.si
000048d8 10        15291 	.data.b	16
000048d9 01        15292 	.data.b	1
000048da 00000000* 15293 	.data.w	.LDW_3791950
000048de 00000000* 15294 	.data.w	HSM_PDPDataVerify
000048e2 00000000* 15295 	.data.w	__ghs_eofn_HSM_PDPDataVerify
000048e6 5d01      15296 	.data.b	1,93
000048e8 00        15297 	.data.b	0
000048e9 04        15298 	.data.b	4
000048ea 00        15299 	.data.b	0
000048eb 7c        15300 	.data.b	124
000048ec 01        15301 	.data.b	1
000048ed 00        15302 	.data.b	0
000048ee 00        15303 	.data.b	0
000048ef 01        15304 	.data.b	1
000048f0 01        15305 	.data.b	1
000048f1 00        15306 	.data.b	0
000048f2 01        15307 	.data.b	1
                   15308 
                   15309 	.section	.debug_frame
                   15310 .LDW_4c78d10:
00000a80 00000000* 15311 	.data.w	.LDW_unq_d8-.LDW_unq_d7
                   15312 .LDW_unq_d7:
00000a84 00000000* 15313 	.data.w	.LDW_4a21e10
00000a88 00000000* 15314 	.data.w	HSM_PDPDataVerify
00000a8c 00000004  15315 	.data.w	__ghs_eofn_HSM_PDPDataVerify-HSM_PDPDataVerify
00000a90 01        15316 	.data.b	1
00000a91 00000000* 15317 	.data.w	.LDW322
00000a95 00        15318 	.data.b	0
00000a96 00        15319 	.data.b	0
00000a97 00        15320 	.data.b	0
                   15321 .LDW_unq_d8:
                   15322 	.section	.debug_line
00000991 020500    15323 	.data.b	0,5,2
00000994 00000000* 15324 	.data.w	HSM_PDPDataVerify
00000998 06        15325 	.data.b	6
00000999 03        15326 	.data.b	3
0000099a 03e2      15327 	.data.b	226,3
0000099c 02        15328 	.data.b	2
0000099d 00        15329 	.data.b	0
0000099e 01        15330 	.data.b	1
0000099f 06        15331 	.data.b	6
000009a0 02        15332 	.data.b	2
000009a1 02        15333 	.data.b	2
000009a2 02        15334 	.data.b	2
000009a3 02        15335 	.data.b	2
000009a4 010100    15336 	.data.b	0,1,1
                   15337 	.section	.debug_info
                   15338 .LDW_4a57e88:
000048f3 1f        15339 	.data.b	31
000048f4 00000000* 15340 	.data.w	.LDW222
000048f8 00000000* 15341 	.data.w	.LDW322
                   15342 
000048fc 00        15343 	.data.b	0
                   15344 
000048fd 00        15345 	.data.b	0
                   15346 
                   15347 .LDW_4a55d90:
000048fe 16        15348 	.data.b	22
000048ff 5f4d5348  15349 	.data.b	72,83,77,95,80,68,80,68,105,115,97,98,108,101,0
00004903 44504450 
00004907 62617369 

                                                                      Page 278
                                                              C:\Windows\TEMP\gh_00000ro3.si
0000490b 00656c 
0000490e 03e5      15350 	.data.b	229,3
00004910 10        15351 	.data.b	16
00004911 01        15352 	.data.b	1
00004912 00000000* 15353 	.data.w	.LDW_3791950
00004916 00000000* 15354 	.data.w	HSM_PDPDisable
0000491a 00000000* 15355 	.data.w	__ghs_eofn_HSM_PDPDisable
0000491e 5d01      15356 	.data.b	1,93
00004920 00        15357 	.data.b	0
00004921 04        15358 	.data.b	4
00004922 00        15359 	.data.b	0
00004923 7c        15360 	.data.b	124
00004924 01        15361 	.data.b	1
00004925 00        15362 	.data.b	0
00004926 00        15363 	.data.b	0
00004927 01        15364 	.data.b	1
00004928 01        15365 	.data.b	1
00004929 00        15366 	.data.b	0
0000492a 01        15367 	.data.b	1
                   15368 
                   15369 	.section	.debug_frame
                   15370 .LDW_4c78d90:
00000a98 00000000* 15371 	.data.w	.LDW_unq_da-.LDW_unq_d9
                   15372 .LDW_unq_d9:
00000a9c 00000000* 15373 	.data.w	.LDW_4a21e10
00000aa0 00000000* 15374 	.data.w	HSM_PDPDisable
00000aa4 00000004  15375 	.data.w	__ghs_eofn_HSM_PDPDisable-HSM_PDPDisable
00000aa8 01        15376 	.data.b	1
00000aa9 00000000* 15377 	.data.w	.LDW522
00000aad 00        15378 	.data.b	0
00000aae 00        15379 	.data.b	0
00000aaf 00        15380 	.data.b	0
                   15381 .LDW_unq_da:
                   15382 	.section	.debug_line
000009a7 020500    15383 	.data.b	0,5,2
000009aa 00000000* 15384 	.data.w	HSM_PDPDisable
000009ae 06        15385 	.data.b	6
000009af 03        15386 	.data.b	3
000009b0 03e6      15387 	.data.b	230,3
000009b2 02        15388 	.data.b	2
000009b3 00        15389 	.data.b	0
000009b4 01        15390 	.data.b	1
000009b5 06        15391 	.data.b	6
000009b6 02        15392 	.data.b	2
000009b7 02        15393 	.data.b	2
000009b8 02        15394 	.data.b	2
000009b9 02        15395 	.data.b	2
000009ba 010100    15396 	.data.b	0,1,1
                   15397 	.section	.debug_info
                   15398 .LDW_4a581e8:
0000492b 1f        15399 	.data.b	31
0000492c 00000000* 15400 	.data.w	.LDW422
00004930 00000000* 15401 	.data.w	.LDW522
                   15402 
00004934 00        15403 	.data.b	0
                   15404 
00004935 00        15405 	.data.b	0
                   15406 
                   15407 .LDW_4a55ff0:
00004936 16        15408 	.data.b	22
00004937 5f4d5348  15409 	.data.b	72,83,77,95,84,114,117,101,82,97,110,100,111,109,71,101,110,101,114,97,116,101,0

                                                                      Page 279
                                                              C:\Windows\TEMP\gh_00000ro3.si
0000493b 65757254 
0000493f 646e6152 
00004943 65476d6f 
00004947 6172656e 
0000494b 006574 
0000494e 03ec      15410 	.data.b	236,3
00004950 10        15411 	.data.b	16
00004951 01        15412 	.data.b	1
00004952 00000000* 15413 	.data.w	.LDW_3791950
00004956 00000000* 15414 	.data.w	HSM_TrueRandomGenerate
0000495a 00000000* 15415 	.data.w	__ghs_eofn_HSM_TrueRandomGenerate
0000495e 5d01      15416 	.data.b	1,93
00004960 00        15417 	.data.b	0
00004961 04        15418 	.data.b	4
00004962 00        15419 	.data.b	0
00004963 7c        15420 	.data.b	124
00004964 01        15421 	.data.b	1
00004965 00        15422 	.data.b	0
00004966 00        15423 	.data.b	0
00004967 01        15424 	.data.b	1
00004968 01        15425 	.data.b	1
00004969 00        15426 	.data.b	0
0000496a 01        15427 	.data.b	1
                   15428 
                   15429 	.section	.debug_frame
                   15430 .LDW_4c795d0:
00000ab0 00000000* 15431 	.data.w	.LDW_unq_dc-.LDW_unq_db
                   15432 .LDW_unq_db:
00000ab4 00000000* 15433 	.data.w	.LDW_4a21e10
00000ab8 00000000* 15434 	.data.w	HSM_TrueRandomGenerate
00000abc 00000004  15435 	.data.w	__ghs_eofn_HSM_TrueRandomGenerate-HSM_TrueRandomGenerate
00000ac0 01        15436 	.data.b	1
00000ac1 00000000* 15437 	.data.w	.LDW722
00000ac5 00        15438 	.data.b	0
00000ac6 00        15439 	.data.b	0
00000ac7 00        15440 	.data.b	0
                   15441 .LDW_unq_dc:
                   15442 	.section	.debug_line
000009bd 020500    15443 	.data.b	0,5,2
000009c0 00000000* 15444 	.data.w	HSM_TrueRandomGenerate
000009c4 06        15445 	.data.b	6
000009c5 03        15446 	.data.b	3
000009c6 03ed      15447 	.data.b	237,3
000009c8 02        15448 	.data.b	2
000009c9 00        15449 	.data.b	0
000009ca 01        15450 	.data.b	1
000009cb 06        15451 	.data.b	6
000009cc 02        15452 	.data.b	2
000009cd 02        15453 	.data.b	2
000009ce 02        15454 	.data.b	2
000009cf 02        15455 	.data.b	2
000009d0 010100    15456 	.data.b	0,1,1
                   15457 	.section	.debug_info
                   15458 .LDW_4a56fa0:
0000496b 11        15459 	.data.b	17
0000496c 646e6172  15460 	.data.b	114,97,110,100,86,97,108,117,101,0
00004970 756c6156 
00004974 0065 
00004976 03ec      15461 	.data.b	236,3
00004978 2e        15462 	.data.b	46
00004979 01        15463 	.data.b	1

                                                                      Page 280
                                                              C:\Windows\TEMP\gh_00000ro3.si
0000497a 00000000* 15464 	.data.w	.LDW_4a04be0
0000497e 00        15465 	.data.b	0
0000497f 5001      15466 	.data.b	1,80
                   15467 
                   15468 .LDW_4a57788:
00004981 11        15469 	.data.b	17
00004982 006e656c  15470 	.data.b	108,101,110,0
00004986 03ec      15471 	.data.b	236,3
00004988 40        15472 	.data.b	64
00004989 01        15473 	.data.b	1
0000498a 00000000* 15474 	.data.w	.LDW_3792088
0000498e 00        15475 	.data.b	0
0000498f 5101      15476 	.data.b	1,81
                   15477 
                   15478 .LDW_4a57f78:
00004991 1f        15479 	.data.b	31
00004992 00000000* 15480 	.data.w	.LDW622
00004996 00000000* 15481 	.data.w	.LDW722
                   15482 
0000499a 00        15483 	.data.b	0
                   15484 
0000499b 00        15485 	.data.b	0
                   15486 
                   15487 .LDW_4a55e28:
0000499c 16        15488 	.data.b	22
0000499d 5f4d5348  15489 	.data.b	72,83,77,95,80,115,101,117,100,111,82,97,110,100,111,109,71,101,110,101,114,97,116,101,0
000049a1 75657350 
000049a5 61526f64 
000049a9 6d6f646e 
000049ad 656e6547 
000049b1 65746172 
000049b5 00 
000049b6 03f0      15490 	.data.b	240,3
000049b8 10        15491 	.data.b	16
000049b9 01        15492 	.data.b	1
000049ba 00000000* 15493 	.data.w	.LDW_3791950
000049be 00000000* 15494 	.data.w	HSM_PseudoRandomGenerate
000049c2 00000000* 15495 	.data.w	__ghs_eofn_HSM_PseudoRandomGenerate
000049c6 5d01      15496 	.data.b	1,93
000049c8 00        15497 	.data.b	0
000049c9 04        15498 	.data.b	4
000049ca 00        15499 	.data.b	0
000049cb 7c        15500 	.data.b	124
000049cc 01        15501 	.data.b	1
000049cd 00        15502 	.data.b	0
000049ce 00        15503 	.data.b	0
000049cf 01        15504 	.data.b	1
000049d0 01        15505 	.data.b	1
000049d1 00        15506 	.data.b	0
000049d2 01        15507 	.data.b	1
                   15508 
                   15509 	.section	.debug_frame
                   15510 .LDW_4c79110:
00000ac8 00000000* 15511 	.data.w	.LDW_unq_de-.LDW_unq_dd
                   15512 .LDW_unq_dd:
00000acc 00000000* 15513 	.data.w	.LDW_4a21e10
00000ad0 00000000* 15514 	.data.w	HSM_PseudoRandomGenerate
00000ad4 00000004  15515 	.data.w	__ghs_eofn_HSM_PseudoRandomGenerate-HSM_PseudoRandomGenerate
00000ad8 01        15516 	.data.b	1
00000ad9 00000000* 15517 	.data.w	.LDW922
00000add 00        15518 	.data.b	0

                                                                      Page 281
                                                              C:\Windows\TEMP\gh_00000ro3.si
00000ade 00        15519 	.data.b	0
00000adf 00        15520 	.data.b	0
                   15521 .LDW_unq_de:
                   15522 	.section	.debug_line
000009d3 020500    15523 	.data.b	0,5,2
000009d6 00000000* 15524 	.data.w	HSM_PseudoRandomGenerate
000009da 06        15525 	.data.b	6
000009db 03        15526 	.data.b	3
000009dc 03f1      15527 	.data.b	241,3
000009de 02        15528 	.data.b	2
000009df 00        15529 	.data.b	0
000009e0 01        15530 	.data.b	1
000009e1 06        15531 	.data.b	6
000009e2 02        15532 	.data.b	2
000009e3 02        15533 	.data.b	2
000009e4 02        15534 	.data.b	2
000009e5 02        15535 	.data.b	2
000009e6 010100    15536 	.data.b	0,1,1
                   15537 	.section	.debug_info
                   15538 .LDW_4a57260:
000049d3 11        15539 	.data.b	17
000049d4 646e6172  15540 	.data.b	114,97,110,100,86,97,108,117,101,0
000049d8 756c6156 
000049dc 0065 
000049de 03f0      15541 	.data.b	240,3
000049e0 30        15542 	.data.b	48
000049e1 01        15543 	.data.b	1
000049e2 00000000* 15544 	.data.w	.LDW_4a04be0
000049e6 00        15545 	.data.b	0
000049e7 5001      15546 	.data.b	1,80
                   15547 
                   15548 .LDW_4a57680:
000049e9 11        15549 	.data.b	17
000049ea 006e656c  15550 	.data.b	108,101,110,0
000049ee 03f0      15551 	.data.b	240,3
000049f0 42        15552 	.data.b	66
000049f1 01        15553 	.data.b	1
000049f2 00000000* 15554 	.data.w	.LDW_3792088
000049f6 00        15555 	.data.b	0
000049f7 5101      15556 	.data.b	1,81
                   15557 
                   15558 .LDW_4a58068:
000049f9 1f        15559 	.data.b	31
000049fa 00000000* 15560 	.data.w	.LDW822
000049fe 00000000* 15561 	.data.w	.LDW922
                   15562 
00004a02 00        15563 	.data.b	0
                   15564 
00004a03 00        15565 	.data.b	0
                   15566 
                   15567 .LDW_4a54fe8:
00004a04 16        15568 	.data.b	22
00004a05 5f4d5348  15569 	.data.b	72,83,77,95,83,101,99,117,114,101,66,111,111,116,82,101,115,117,108,116,0
00004a09 75636553 
00004a0d 6f426572 
00004a11 6552746f 
00004a15 746c7573 
00004a19 00 
00004a1a 03f7      15570 	.data.b	247,3
00004a1c 10        15571 	.data.b	16
00004a1d 01        15572 	.data.b	1

                                                                      Page 282
                                                              C:\Windows\TEMP\gh_00000ro3.si
00004a1e 00000000* 15573 	.data.w	.LDW_3791950
00004a22 00000000* 15574 	.data.w	HSM_SecureBootResult
00004a26 00000000* 15575 	.data.w	__ghs_eofn_HSM_SecureBootResult
00004a2a 5d01      15576 	.data.b	1,93
00004a2c 00        15577 	.data.b	0
00004a2d 04        15578 	.data.b	4
00004a2e 00        15579 	.data.b	0
00004a2f 7c        15580 	.data.b	124
00004a30 01        15581 	.data.b	1
00004a31 00        15582 	.data.b	0
00004a32 00        15583 	.data.b	0
00004a33 01        15584 	.data.b	1
00004a34 01        15585 	.data.b	1
00004a35 00        15586 	.data.b	0
00004a36 01        15587 	.data.b	1
                   15588 
                   15589 	.section	.debug_frame
                   15590 .LDW_4c790d0:
00000ae0 00000000* 15591 	.data.w	.LDW_unq_e0-.LDW_unq_df
                   15592 .LDW_unq_df:
00000ae4 00000000* 15593 	.data.w	.LDW_4a21e10
00000ae8 00000000* 15594 	.data.w	HSM_SecureBootResult
00000aec 00000004  15595 	.data.w	__ghs_eofn_HSM_SecureBootResult-HSM_SecureBootResult
00000af0 01        15596 	.data.b	1
00000af1 00000000* 15597 	.data.w	.LDW132
00000af5 00        15598 	.data.b	0
00000af6 00        15599 	.data.b	0
00000af7 00        15600 	.data.b	0
                   15601 .LDW_unq_e0:
                   15602 	.section	.debug_line
000009e9 020500    15603 	.data.b	0,5,2
000009ec 00000000* 15604 	.data.w	HSM_SecureBootResult
000009f0 06        15605 	.data.b	6
000009f1 03        15606 	.data.b	3
000009f2 03f8      15607 	.data.b	248,3
000009f4 02        15608 	.data.b	2
000009f5 00        15609 	.data.b	0
000009f6 01        15610 	.data.b	1
000009f7 06        15611 	.data.b	6
000009f8 02        15612 	.data.b	2
000009f9 02        15613 	.data.b	2
000009fa 02        15614 	.data.b	2
000009fb 02        15615 	.data.b	2
000009fc 010100    15616 	.data.b	0,1,1
                   15617 	.section	.debug_info
                   15618 .LDW_4a57470:
00004a37 11        15619 	.data.b	17
00004a38 74617473  15620 	.data.b	115,116,97,116,101,0
00004a3c 0065 
00004a3e 03f7      15621 	.data.b	247,3
00004a40 3d        15622 	.data.b	61
00004a41 01        15623 	.data.b	1
00004a42 00000000* 15624 	.data.w	.LDW_4a54800
00004a46 00        15625 	.data.b	0
00004a47 5001      15626 	.data.b	1,80
                   15627 
                   15628 .LDW_4a57df8:
00004a49 1f        15629 	.data.b	31
00004a4a 00000000* 15630 	.data.w	.LDW032
00004a4e 00000000* 15631 	.data.w	.LDW132
                   15632 

                                                                      Page 283
                                                              C:\Windows\TEMP\gh_00000ro3.si
00004a52 00        15633 	.data.b	0
                   15634 
00004a53 00        15635 	.data.b	0
                   15636 
                   15637 .LDW_4a55ec0:
00004a54 16        15638 	.data.b	22
00004a55 5f4d5348  15639 	.data.b	72,83,77,95,83,101,99,117,114,101,66,111,111,116,77,97,99,85,112,100,97,116,101,0
00004a59 75636553 
00004a5d 6f426572 
00004a61 614d746f 
00004a65 64705563 
00004a69 00657461 
00004a6d 03fb      15640 	.data.b	251,3
00004a6f 10        15641 	.data.b	16
00004a70 01        15642 	.data.b	1
00004a71 00000000* 15643 	.data.w	.LDW_3791950
00004a75 00000000* 15644 	.data.w	HSM_SecureBootMacUpdate
00004a79 00000000* 15645 	.data.w	__ghs_eofn_HSM_SecureBootMacUpdate
00004a7d 5d01      15646 	.data.b	1,93
00004a7f 00        15647 	.data.b	0
00004a80 04        15648 	.data.b	4
00004a81 00        15649 	.data.b	0
00004a82 7c        15650 	.data.b	124
00004a83 01        15651 	.data.b	1
00004a84 00        15652 	.data.b	0
00004a85 00        15653 	.data.b	0
00004a86 01        15654 	.data.b	1
00004a87 01        15655 	.data.b	1
00004a88 00        15656 	.data.b	0
00004a89 01        15657 	.data.b	1
                   15658 
                   15659 	.section	.debug_frame
                   15660 .LDW_4c79b10:
00000af8 00000000* 15661 	.data.w	.LDW_unq_e2-.LDW_unq_e1
                   15662 .LDW_unq_e1:
00000afc 00000000* 15663 	.data.w	.LDW_4a21e10
00000b00 00000000* 15664 	.data.w	HSM_SecureBootMacUpdate
00000b04 00000004  15665 	.data.w	__ghs_eofn_HSM_SecureBootMacUpdate-HSM_SecureBootMacUpdate
00000b08 01        15666 	.data.b	1
00000b09 00000000* 15667 	.data.w	.LDW332
00000b0d 00        15668 	.data.b	0
00000b0e 00        15669 	.data.b	0
00000b0f 00        15670 	.data.b	0
                   15671 .LDW_unq_e2:
                   15672 	.section	.debug_line
000009ff 020500    15673 	.data.b	0,5,2
00000a02 00000000* 15674 	.data.w	HSM_SecureBootMacUpdate
00000a06 06        15675 	.data.b	6
00000a07 03        15676 	.data.b	3
00000a08 03fc      15677 	.data.b	252,3
00000a0a 02        15678 	.data.b	2
00000a0b 00        15679 	.data.b	0
00000a0c 01        15680 	.data.b	1
00000a0d 06        15681 	.data.b	6
00000a0e 02        15682 	.data.b	2
00000a0f 02        15683 	.data.b	2
00000a10 02        15684 	.data.b	2
00000a11 02        15685 	.data.b	2
00000a12 010100    15686 	.data.b	0,1,1
                   15687 	.section	.debug_info
                   15688 .LDW_4a56ff8:

                                                                      Page 284
                                                              C:\Windows\TEMP\gh_00000ro3.si
00004a8a 11        15689 	.data.b	17
00004a8b 6f436273  15690 	.data.b	115,98,67,111,110,102,105,103,0
00004a8f 6769666e 
00004a93 00 
00004a94 03fb      15691 	.data.b	251,3
00004a96 3f        15692 	.data.b	63
00004a97 01        15693 	.data.b	1
00004a98 00000000* 15694 	.data.w	.LDW_4a54988
00004a9c 00        15695 	.data.b	0
00004a9d 5001      15696 	.data.b	1,80
                   15697 
                   15698 .LDW_4a582a8:
00004a9f 1f        15699 	.data.b	31
00004aa0 00000000* 15700 	.data.w	.LDW232
00004aa4 00000000* 15701 	.data.w	.LDW332
                   15702 
00004aa8 00        15703 	.data.b	0
                   15704 
00004aa9 00        15705 	.data.b	0
                   15706 
                   15707 .LDW_4a55a98:
00004aaa 16        15708 	.data.b	22
00004aab 5f4d5348  15709 	.data.b	72,83,77,95,70,97,99,116,111,114,121,83,101,99,117,114,101,66,111,111,116,69,110,97,98,108,101,0
00004aaf 74636146 
00004ab3 5379726f 
00004ab7 72756365 
00004abb 6f6f4265 
00004abf 616e4574 
00004ac3 00656c62 
00004ac7 03ff      15710 	.data.b	255,3
00004ac9 10        15711 	.data.b	16
00004aca 01        15712 	.data.b	1
00004acb 00000000* 15713 	.data.w	.LDW_3791950
00004acf 00000000* 15714 	.data.w	HSM_FactorySecureBootEnable
00004ad3 00000000* 15715 	.data.w	__ghs_eofn_HSM_FactorySecureBootEnable
00004ad7 5d01      15716 	.data.b	1,93
00004ad9 00        15717 	.data.b	0
00004ada 04        15718 	.data.b	4
00004adb 00        15719 	.data.b	0
00004adc 7c        15720 	.data.b	124
00004add 01        15721 	.data.b	1
00004ade 00        15722 	.data.b	0
00004adf 00        15723 	.data.b	0
00004ae0 01        15724 	.data.b	1
00004ae1 01        15725 	.data.b	1
00004ae2 00        15726 	.data.b	0
00004ae3 01        15727 	.data.b	1
                   15728 
                   15729 	.section	.debug_frame
                   15730 .LDW_4c79dd0:
00000b10 00000000* 15731 	.data.w	.LDW_unq_e4-.LDW_unq_e3
                   15732 .LDW_unq_e3:
00000b14 00000000* 15733 	.data.w	.LDW_4a21e10
00000b18 00000000* 15734 	.data.w	HSM_FactorySecureBootEnable
00000b1c 00000004  15735 	.data.w	__ghs_eofn_HSM_FactorySecureBootEnable-HSM_FactorySecureBootEnable
00000b20 01        15736 	.data.b	1
00000b21 00000000* 15737 	.data.w	.LDW532
00000b25 00        15738 	.data.b	0
00000b26 00        15739 	.data.b	0
00000b27 00        15740 	.data.b	0
                   15741 .LDW_unq_e4:

                                                                      Page 285
                                                              C:\Windows\TEMP\gh_00000ro3.si
                   15742 	.section	.debug_line
00000a15 020500    15743 	.data.b	0,5,2
00000a18 00000000* 15744 	.data.w	HSM_FactorySecureBootEnable
00000a1c 06        15745 	.data.b	6
00000a1d 03        15746 	.data.b	3
00000a1e 0480      15747 	.data.b	128,4
00000a20 02        15748 	.data.b	2
00000a21 00        15749 	.data.b	0
00000a22 01        15750 	.data.b	1
00000a23 06        15751 	.data.b	6
00000a24 02        15752 	.data.b	2
00000a25 02        15753 	.data.b	2
00000a26 02        15754 	.data.b	2
00000a27 02        15755 	.data.b	2
00000a28 010100    15756 	.data.b	0,1,1
                   15757 	.section	.debug_info
                   15758 .LDW_4a574c8:
00004ae4 11        15759 	.data.b	17
00004ae5 6f436273  15760 	.data.b	115,98,67,111,110,102,105,103,0
00004ae9 6769666e 
00004aed 00 
00004aee 03ff      15761 	.data.b	255,3
00004af0 43        15762 	.data.b	67
00004af1 01        15763 	.data.b	1
00004af2 00000000* 15764 	.data.w	.LDW_4a54988
00004af6 00        15765 	.data.b	0
00004af7 5001      15766 	.data.b	1,80
                   15767 
                   15768 .LDW_4a57fa8:
00004af9 1f        15769 	.data.b	31
00004afa 00000000* 15770 	.data.w	.LDW432
00004afe 00000000* 15771 	.data.w	.LDW532
                   15772 
00004b02 00        15773 	.data.b	0
                   15774 
00004b03 00        15775 	.data.b	0
                   15776 
                   15777 .LDW_4a552e0:
00004b04 16        15778 	.data.b	22
00004b05 5f4d5348  15779 	.data.b	72,83,77,95,70,97,99,116,111,114,121,83,101,99,117,114,101,66,111,111,116,68,105,115,97,98,108,101,0
00004b09 74636146 
00004b0d 5379726f 
00004b11 72756365 
00004b15 6f6f4265 
00004b19 73694474 
00004b1d 656c6261 
00004b21 00 
00004b22 0483      15780 	.data.b	131,4
00004b24 10        15781 	.data.b	16
00004b25 01        15782 	.data.b	1
00004b26 00000000* 15783 	.data.w	.LDW_3791950
00004b2a 00000000* 15784 	.data.w	HSM_FactorySecureBootDisable
00004b2e 00000000* 15785 	.data.w	__ghs_eofn_HSM_FactorySecureBootDisable
00004b32 5d01      15786 	.data.b	1,93
00004b34 00        15787 	.data.b	0
00004b35 04        15788 	.data.b	4
00004b36 00        15789 	.data.b	0
00004b37 7c        15790 	.data.b	124
00004b38 01        15791 	.data.b	1
00004b39 00        15792 	.data.b	0
00004b3a 00        15793 	.data.b	0

                                                                      Page 286
                                                              C:\Windows\TEMP\gh_00000ro3.si
00004b3b 01        15794 	.data.b	1
00004b3c 01        15795 	.data.b	1
00004b3d 00        15796 	.data.b	0
00004b3e 01        15797 	.data.b	1
                   15798 
                   15799 	.section	.debug_frame
                   15800 .LDW_4c79c90:
00000b28 00000000* 15801 	.data.w	.LDW_unq_e6-.LDW_unq_e5
                   15802 .LDW_unq_e5:
00000b2c 00000000* 15803 	.data.w	.LDW_4a21e10
00000b30 00000000* 15804 	.data.w	HSM_FactorySecureBootDisable
00000b34 00000004  15805 	.data.w	__ghs_eofn_HSM_FactorySecureBootDisable-HSM_FactorySecureBootDisable
00000b38 01        15806 	.data.b	1
00000b39 00000000* 15807 	.data.w	.LDW732
00000b3d 00        15808 	.data.b	0
00000b3e 00        15809 	.data.b	0
00000b3f 00        15810 	.data.b	0
                   15811 .LDW_unq_e6:
                   15812 	.section	.debug_line
00000a2b 020500    15813 	.data.b	0,5,2
00000a2e 00000000* 15814 	.data.w	HSM_FactorySecureBootDisable
00000a32 06        15815 	.data.b	6
00000a33 03        15816 	.data.b	3
00000a34 0484      15817 	.data.b	132,4
00000a36 02        15818 	.data.b	2
00000a37 00        15819 	.data.b	0
00000a38 01        15820 	.data.b	1
00000a39 06        15821 	.data.b	6
00000a3a 02        15822 	.data.b	2
00000a3b 02        15823 	.data.b	2
00000a3c 02        15824 	.data.b	2
00000a3d 02        15825 	.data.b	2
00000a3e 010100    15826 	.data.b	0,1,1
                   15827 	.section	.debug_info
                   15828 .LDW_4a57e28:
00004b3f 1f        15829 	.data.b	31
00004b40 00000000* 15830 	.data.w	.LDW632
00004b44 00000000* 15831 	.data.w	.LDW732
                   15832 
00004b48 00        15833 	.data.b	0
                   15834 
00004b49 00        15835 	.data.b	0
                   15836 
                   15837 .LDW_4a551b0:
00004b4a 16        15838 	.data.b	22
00004b4b 5f4d5348  15839 	.data.b	72,83,77,95,70,97,99,116,111,114,121,83,101,99,117,114,101,66,111,111,116,69,110,97,98,108,101,68,117,97,108,66,97,110,107,0
00004b4f 74636146 
00004b53 5379726f 
00004b57 72756365 
00004b5b 6f6f4265 
00004b5f 616e4574 
00004b63 44656c62 
00004b67 426c6175 
00004b6b 006b6e61 
00004b6f 0487      15840 	.data.b	135,4
00004b71 10        15841 	.data.b	16
00004b72 01        15842 	.data.b	1
00004b73 00000000* 15843 	.data.w	.LDW_3791950
00004b77 00000000* 15844 	.data.w	HSM_FactorySecureBootEnableDualBank
00004b7b 00000000* 15845 	.data.w	__ghs_eofn_HSM_FactorySecureBootEnableDualBank
00004b7f 5d01      15846 	.data.b	1,93

                                                                      Page 287
                                                              C:\Windows\TEMP\gh_00000ro3.si
00004b81 00        15847 	.data.b	0
00004b82 04        15848 	.data.b	4
00004b83 00        15849 	.data.b	0
00004b84 7c        15850 	.data.b	124
00004b85 01        15851 	.data.b	1
00004b86 00        15852 	.data.b	0
00004b87 00        15853 	.data.b	0
00004b88 01        15854 	.data.b	1
00004b89 01        15855 	.data.b	1
00004b8a 00        15856 	.data.b	0
00004b8b 01        15857 	.data.b	1
                   15858 
                   15859 	.section	.debug_frame
                   15860 .LDW_4c79950:
00000b40 00000000* 15861 	.data.w	.LDW_unq_e8-.LDW_unq_e7
                   15862 .LDW_unq_e7:
00000b44 00000000* 15863 	.data.w	.LDW_4a21e10
00000b48 00000000* 15864 	.data.w	HSM_FactorySecureBootEnableDualBank
00000b4c 00000004  15865 	.data.w	__ghs_eofn_HSM_FactorySecureBootEnableDualBank-HSM_FactorySecureBootEnableDualBank
00000b50 01        15866 	.data.b	1
00000b51 00000000* 15867 	.data.w	.LDW932
00000b55 00        15868 	.data.b	0
00000b56 00        15869 	.data.b	0
00000b57 00        15870 	.data.b	0
                   15871 .LDW_unq_e8:
                   15872 	.section	.debug_line
00000a41 020500    15873 	.data.b	0,5,2
00000a44 00000000* 15874 	.data.w	HSM_FactorySecureBootEnableDualBank
00000a48 06        15875 	.data.b	6
00000a49 03        15876 	.data.b	3
00000a4a 0488      15877 	.data.b	136,4
00000a4c 02        15878 	.data.b	2
00000a4d 00        15879 	.data.b	0
00000a4e 01        15880 	.data.b	1
00000a4f 06        15881 	.data.b	6
00000a50 02        15882 	.data.b	2
00000a51 02        15883 	.data.b	2
00000a52 02        15884 	.data.b	2
00000a53 02        15885 	.data.b	2
00000a54 010100    15886 	.data.b	0,1,1
                   15887 	.section	.debug_info
                   15888 .LDW_4a57730:
00004b8c 11        15889 	.data.b	17
00004b8d 6f436273  15890 	.data.b	115,98,67,111,110,102,105,103,0
00004b91 6769666e 
00004b95 00 
00004b96 0487      15891 	.data.b	135,4
00004b98 50        15892 	.data.b	80
00004b99 01        15893 	.data.b	1
00004b9a 00000000* 15894 	.data.w	.LDW_4a54a68
00004b9e 00        15895 	.data.b	0
00004b9f 5001      15896 	.data.b	1,80
                   15897 
                   15898 .LDW_4a58218:
00004ba1 1f        15899 	.data.b	31
00004ba2 00000000* 15900 	.data.w	.LDW832
00004ba6 00000000* 15901 	.data.w	.LDW932
                   15902 
00004baa 00        15903 	.data.b	0
                   15904 
00004bab 00        15905 	.data.b	0

                                                                      Page 288
                                                              C:\Windows\TEMP\gh_00000ro3.si
                   15906 
                   15907 .LDW_4a55b30:
00004bac 16        15908 	.data.b	22
00004bad 5f4d5348  15909 	.data.b	72,83,77,95,83,101,99,117,114,101,66,111,111,116,77,97,99,85,112,100,97,116,101,68,117,97,108,66,97,110,107,0
00004bb1 75636553 
00004bb5 6f426572 
00004bb9 614d746f 
00004bbd 64705563 
00004bc1 44657461 
00004bc5 426c6175 
00004bc9 006b6e61 
00004bcd 048b      15910 	.data.b	139,4
00004bcf 10        15911 	.data.b	16
00004bd0 01        15912 	.data.b	1
00004bd1 00000000* 15913 	.data.w	.LDW_3791950
00004bd5 00000000* 15914 	.data.w	HSM_SecureBootMacUpdateDualBank
00004bd9 00000000* 15915 	.data.w	__ghs_eofn_HSM_SecureBootMacUpdateDualBank
00004bdd 5d01      15916 	.data.b	1,93
00004bdf 00        15917 	.data.b	0
00004be0 04        15918 	.data.b	4
00004be1 00        15919 	.data.b	0
00004be2 7c        15920 	.data.b	124
00004be3 01        15921 	.data.b	1
00004be4 00        15922 	.data.b	0
00004be5 00        15923 	.data.b	0
00004be6 01        15924 	.data.b	1
00004be7 01        15925 	.data.b	1
00004be8 00        15926 	.data.b	0
00004be9 01        15927 	.data.b	1
                   15928 
                   15929 	.section	.debug_frame
                   15930 .LDW_4c7a290:
00000b58 00000000* 15931 	.data.w	.LDW_unq_ea-.LDW_unq_e9
                   15932 .LDW_unq_e9:
00000b5c 00000000* 15933 	.data.w	.LDW_4a21e10
00000b60 00000000* 15934 	.data.w	HSM_SecureBootMacUpdateDualBank
00000b64 00000004  15935 	.data.w	__ghs_eofn_HSM_SecureBootMacUpdateDualBank-HSM_SecureBootMacUpdateDualBank
00000b68 01        15936 	.data.b	1
00000b69 00000000* 15937 	.data.w	.LDW142
00000b6d 00        15938 	.data.b	0
00000b6e 00        15939 	.data.b	0
00000b6f 00        15940 	.data.b	0
                   15941 .LDW_unq_ea:
                   15942 	.section	.debug_line
00000a57 020500    15943 	.data.b	0,5,2
00000a5a 00000000* 15944 	.data.w	HSM_SecureBootMacUpdateDualBank
00000a5e 06        15945 	.data.b	6
00000a5f 03        15946 	.data.b	3
00000a60 048c      15947 	.data.b	140,4
00000a62 02        15948 	.data.b	2
00000a63 00        15949 	.data.b	0
00000a64 01        15950 	.data.b	1
00000a65 06        15951 	.data.b	6
00000a66 02        15952 	.data.b	2
00000a67 02        15953 	.data.b	2
00000a68 02        15954 	.data.b	2
00000a69 02        15955 	.data.b	2
00000a6a 010100    15956 	.data.b	0,1,1
                   15957 	.section	.debug_info
                   15958 .LDW_4a57310:
00004bea 11        15959 	.data.b	17

                                                                      Page 289
                                                              C:\Windows\TEMP\gh_00000ro3.si
00004beb 6f436273  15960 	.data.b	115,98,67,111,110,102,105,103,0
00004bef 6769666e 
00004bf3 00 
00004bf4 048b      15961 	.data.b	139,4
00004bf6 54        15962 	.data.b	84
00004bf7 01        15963 	.data.b	1
00004bf8 00000000* 15964 	.data.w	.LDW_4a54c28
00004bfc 00        15965 	.data.b	0
00004bfd 5001      15966 	.data.b	1,80
                   15967 
                   15968 .LDW_4a580c8:
00004bff 1f        15969 	.data.b	31
00004c00 00000000* 15970 	.data.w	.LDW042
00004c04 00000000* 15971 	.data.w	.LDW142
                   15972 
00004c08 00        15973 	.data.b	0
                   15974 
00004c09 00        15975 	.data.b	0
                   15976 
                   15977 .LDW_4a55bc8:
00004c0a 16        15978 	.data.b	22
00004c0b 5f4d5348  15979 	.data.b	72,83,77,95,70,97,99,116,111,114,121,68,101,98,117,103,103,101,114,80,114,111,116,101,99,116,105,111,110,69,110,97,98,108,101,0
00004c0f 74636146 
00004c13 4479726f 
00004c17 67756265 
00004c1b 50726567 
00004c1f 65746f72 
00004c23 6f697463 
00004c27 616e456e 
00004c2b 00656c62 
00004c2f 0491      15980 	.data.b	145,4
00004c31 10        15981 	.data.b	16
00004c32 01        15982 	.data.b	1
00004c33 00000000* 15983 	.data.w	.LDW_3791950
00004c37 00000000* 15984 	.data.w	HSM_FactoryDebuggerProtectionEnable
00004c3b 00000000* 15985 	.data.w	__ghs_eofn_HSM_FactoryDebuggerProtectionEnable
00004c3f 5d01      15986 	.data.b	1,93
00004c41 00        15987 	.data.b	0
00004c42 04        15988 	.data.b	4
00004c43 00        15989 	.data.b	0
00004c44 7c        15990 	.data.b	124
00004c45 01        15991 	.data.b	1
00004c46 00        15992 	.data.b	0
00004c47 00        15993 	.data.b	0
00004c48 01        15994 	.data.b	1
00004c49 01        15995 	.data.b	1
00004c4a 00        15996 	.data.b	0
00004c4b 01        15997 	.data.b	1
                   15998 
                   15999 	.section	.debug_frame
                   16000 .LDW_4c7a710:
00000b70 00000000* 16001 	.data.w	.LDW_unq_ec-.LDW_unq_eb
                   16002 .LDW_unq_eb:
00000b74 00000000* 16003 	.data.w	.LDW_4a21e10
00000b78 00000000* 16004 	.data.w	HSM_FactoryDebuggerProtectionEnable
00000b7c 00000004  16005 	.data.w	__ghs_eofn_HSM_FactoryDebuggerProtectionEnable-HSM_FactoryDebuggerProtectionEnable
00000b80 01        16006 	.data.b	1
00000b81 00000000* 16007 	.data.w	.LDW342
00000b85 00        16008 	.data.b	0
00000b86 00        16009 	.data.b	0
00000b87 00        16010 	.data.b	0

                                                                      Page 290
                                                              C:\Windows\TEMP\gh_00000ro3.si
                   16011 .LDW_unq_ec:
                   16012 	.section	.debug_line
00000a6d 020500    16013 	.data.b	0,5,2
00000a70 00000000* 16014 	.data.w	HSM_FactoryDebuggerProtectionEnable
00000a74 06        16015 	.data.b	6
00000a75 03        16016 	.data.b	3
00000a76 0492      16017 	.data.b	146,4
00000a78 02        16018 	.data.b	2
00000a79 00        16019 	.data.b	0
00000a7a 01        16020 	.data.b	1
00000a7b 06        16021 	.data.b	6
00000a7c 02        16022 	.data.b	2
00000a7d 02        16023 	.data.b	2
00000a7e 02        16024 	.data.b	2
00000a7f 02        16025 	.data.b	2
00000a80 010100    16026 	.data.b	0,1,1
                   16027 	.section	.debug_info
                   16028 .LDW_4a577e0:
00004c4c 11        16029 	.data.b	17
00004c4d 73736170  16030 	.data.b	112,97,115,115,119,111,114,100,0
00004c51 64726f77 
00004c55 00 
00004c56 0491      16031 	.data.b	145,4
00004c58 41        16032 	.data.b	65
00004c59 01        16033 	.data.b	1
00004c5a 00000000* 16034 	.data.w	.LDW_3791c98
00004c5e 00        16035 	.data.b	0
00004c5f 5001      16036 	.data.b	1,80
                   16037 
                   16038 .LDW_4a57838:
00004c61 11        16039 	.data.b	17
00004c62 79427770  16040 	.data.b	112,119,66,121,116,101,76,101,110,0
00004c66 654c6574 
00004c6a 006e 
00004c6c 0491      16041 	.data.b	145,4
00004c6e 52        16042 	.data.b	82
00004c6f 01        16043 	.data.b	1
00004c70 00000000* 16044 	.data.w	.LDW_3792088
00004c74 00        16045 	.data.b	0
00004c75 5101      16046 	.data.b	1,81
                   16047 
                   16048 .LDW_4a57dc8:
00004c77 1f        16049 	.data.b	31
00004c78 00000000* 16050 	.data.w	.LDW242
00004c7c 00000000* 16051 	.data.w	.LDW342
                   16052 
00004c80 00        16053 	.data.b	0
                   16054 
00004c81 00        16055 	.data.b	0
                   16056 
                   16057 .LDW_4a54d88:
00004c82 16        16058 	.data.b	22
00004c83 5f4d5348  16059 	.data.b	72,83,77,95,70,97,99,116,111,114,121,68,101,98,117,103,103,101,114,80,114,111,116,101,99,116,105,111,110,84,101,109,112,83,116,111,112,0
00004c87 74636146 
00004c8b 4479726f 
00004c8f 67756265 
00004c93 50726567 
00004c97 65746f72 
00004c9b 6f697463 
00004c9f 6d65546e 
00004ca3 6f745370 

                                                                      Page 291
                                                              C:\Windows\TEMP\gh_00000ro3.si
00004ca7 0070 
00004ca9 0495      16060 	.data.b	149,4
00004cab 10        16061 	.data.b	16
00004cac 01        16062 	.data.b	1
00004cad 00000000* 16063 	.data.w	.LDW_3791950
00004cb1 00000000* 16064 	.data.w	HSM_FactoryDebuggerProtectionTempStop
00004cb5 00000000* 16065 	.data.w	__ghs_eofn_HSM_FactoryDebuggerProtectionTempStop
00004cb9 5d01      16066 	.data.b	1,93
00004cbb 00        16067 	.data.b	0
00004cbc 04        16068 	.data.b	4
00004cbd 00        16069 	.data.b	0
00004cbe 7c        16070 	.data.b	124
00004cbf 01        16071 	.data.b	1
00004cc0 00        16072 	.data.b	0
00004cc1 00        16073 	.data.b	0
00004cc2 01        16074 	.data.b	1
00004cc3 01        16075 	.data.b	1
00004cc4 00        16076 	.data.b	0
00004cc5 01        16077 	.data.b	1
                   16078 
                   16079 	.section	.debug_frame
                   16080 .LDW_4c7b050:
00000b88 00000000* 16081 	.data.w	.LDW_unq_ee-.LDW_unq_ed
                   16082 .LDW_unq_ed:
00000b8c 00000000* 16083 	.data.w	.LDW_4a21e10
00000b90 00000000* 16084 	.data.w	HSM_FactoryDebuggerProtectionTempStop
00000b94 00000004  16085 	.data.w	__ghs_eofn_HSM_FactoryDebuggerProtectionTempStop-HSM_FactoryDebuggerProtectionTempStop
00000b98 01        16086 	.data.b	1
00000b99 00000000* 16087 	.data.w	.LDW542
00000b9d 00        16088 	.data.b	0
00000b9e 00        16089 	.data.b	0
00000b9f 00        16090 	.data.b	0
                   16091 .LDW_unq_ee:
                   16092 	.section	.debug_line
00000a83 020500    16093 	.data.b	0,5,2
00000a86 00000000* 16094 	.data.w	HSM_FactoryDebuggerProtectionTempStop
00000a8a 06        16095 	.data.b	6
00000a8b 03        16096 	.data.b	3
00000a8c 0496      16097 	.data.b	150,4
00000a8e 02        16098 	.data.b	2
00000a8f 00        16099 	.data.b	0
00000a90 01        16100 	.data.b	1
00000a91 06        16101 	.data.b	6
00000a92 02        16102 	.data.b	2
00000a93 02        16103 	.data.b	2
00000a94 02        16104 	.data.b	2
00000a95 02        16105 	.data.b	2
00000a96 010100    16106 	.data.b	0,1,1
                   16107 	.section	.debug_info
                   16108 .LDW_4a56e98:
00004cc6 11        16109 	.data.b	17
00004cc7 73736170  16110 	.data.b	112,97,115,115,119,111,114,100,0
00004ccb 64726f77 
00004ccf 00 
00004cd0 0495      16111 	.data.b	149,4
00004cd2 43        16112 	.data.b	67
00004cd3 01        16113 	.data.b	1
00004cd4 00000000* 16114 	.data.w	.LDW_3791c98
00004cd8 00        16115 	.data.b	0
00004cd9 5001      16116 	.data.b	1,80
                   16117 

                                                                      Page 292
                                                              C:\Windows\TEMP\gh_00000ro3.si
                   16118 .LDW_4a5a900:
00004cdb 11        16119 	.data.b	17
00004cdc 79427770  16120 	.data.b	112,119,66,121,116,101,76,101,110,0
00004ce0 654c6574 
00004ce4 006e 
00004ce6 0495      16121 	.data.b	149,4
00004ce8 54        16122 	.data.b	84
00004ce9 01        16123 	.data.b	1
00004cea 00000000* 16124 	.data.w	.LDW_3792088
00004cee 00        16125 	.data.b	0
00004cef 5101      16126 	.data.b	1,81
                   16127 
                   16128 .LDW_4a5aa60:
00004cf1 11        16129 	.data.b	17
00004cf2 75626564  16130 	.data.b	100,101,98,117,103,83,116,97,116,101,0
00004cf6 61745367 
00004cfa 006574 
00004cfd 0495      16131 	.data.b	149,4
00004cff 78        16132 	.data.b	120
00004d00 01        16133 	.data.b	1
00004d01 00000000* 16134 	.data.w	.LDW_4a54c98
00004d05 00        16135 	.data.b	0
00004d06 5201      16136 	.data.b	1,82
                   16137 
                   16138 .LDW_4a58038:
00004d08 1f        16139 	.data.b	31
00004d09 00000000* 16140 	.data.w	.LDW442
00004d0d 00000000* 16141 	.data.w	.LDW542
                   16142 
00004d11 00        16143 	.data.b	0
                   16144 
00004d12 00        16145 	.data.b	0
                   16146 
                   16147 .LDW_4a54e20:
00004d13 16        16148 	.data.b	22
00004d14 5f4d5348  16149 	.data.b	72,83,77,95,70,101,97,116,117,114,101,79,110,68,101,109,97,110,100,67,101,114,116,83,116,111,114,101,0
00004d18 74616546 
00004d1c 4f657275 
00004d20 6d65446e 
00004d24 43646e61 
00004d28 53747265 
00004d2c 65726f74 
00004d30 00 
00004d31 049b      16150 	.data.b	155,4
00004d33 10        16151 	.data.b	16
00004d34 01        16152 	.data.b	1
00004d35 00000000* 16153 	.data.w	.LDW_3791950
00004d39 00000000* 16154 	.data.w	HSM_FeatureOnDemandCertStore
00004d3d 00000000* 16155 	.data.w	__ghs_eofn_HSM_FeatureOnDemandCertStore
00004d41 5d01      16156 	.data.b	1,93
00004d43 00        16157 	.data.b	0
00004d44 04        16158 	.data.b	4
00004d45 00        16159 	.data.b	0
00004d46 7c        16160 	.data.b	124
00004d47 01        16161 	.data.b	1
00004d48 00        16162 	.data.b	0
00004d49 00        16163 	.data.b	0
00004d4a 01        16164 	.data.b	1
00004d4b 01        16165 	.data.b	1
00004d4c 00        16166 	.data.b	0
00004d4d 01        16167 	.data.b	1

                                                                      Page 293
                                                              C:\Windows\TEMP\gh_00000ro3.si
                   16168 
                   16169 	.section	.debug_frame
                   16170 .LDW_4c7ae90:
00000ba0 00000000* 16171 	.data.w	.LDW_unq_f0-.LDW_unq_ef
                   16172 .LDW_unq_ef:
00000ba4 00000000* 16173 	.data.w	.LDW_4a21e10
00000ba8 00000000* 16174 	.data.w	HSM_FeatureOnDemandCertStore
00000bac 00000004  16175 	.data.w	__ghs_eofn_HSM_FeatureOnDemandCertStore-HSM_FeatureOnDemandCertStore
00000bb0 01        16176 	.data.b	1
00000bb1 00000000* 16177 	.data.w	.LDW742
00000bb5 00        16178 	.data.b	0
00000bb6 00        16179 	.data.b	0
00000bb7 00        16180 	.data.b	0
                   16181 .LDW_unq_f0:
                   16182 	.section	.debug_line
00000a99 020500    16183 	.data.b	0,5,2
00000a9c 00000000* 16184 	.data.w	HSM_FeatureOnDemandCertStore
00000aa0 06        16185 	.data.b	6
00000aa1 03        16186 	.data.b	3
00000aa2 049c      16187 	.data.b	156,4
00000aa4 02        16188 	.data.b	2
00000aa5 00        16189 	.data.b	0
00000aa6 01        16190 	.data.b	1
00000aa7 06        16191 	.data.b	6
00000aa8 02        16192 	.data.b	2
00000aa9 02        16193 	.data.b	2
00000aaa 02        16194 	.data.b	2
00000aab 02        16195 	.data.b	2
00000aac 010100    16196 	.data.b	0,1,1
                   16197 	.section	.debug_info
                   16198 .LDW_4a5ab68:
00004d4e 11        16199 	.data.b	17
00004d4f 43646f66  16200 	.data.b	102,111,100,67,101,114,116,0
00004d53 00747265 
00004d57 049b      16201 	.data.b	155,4
00004d59 3c        16202 	.data.b	60
00004d5a 01        16203 	.data.b	1
00004d5b 00000000* 16204 	.data.w	.LDW_4a54c60
00004d5f 00        16205 	.data.b	0
00004d60 5001      16206 	.data.b	1,80
                   16207 
                   16208 .LDW_4a5acc8:
00004d62 11        16209 	.data.b	17
00004d63 6e676973  16210 	.data.b	115,105,103,110,73,110,102,111,0
00004d67 6f666e49 
00004d6b 00 
00004d6c 049b      16211 	.data.b	155,4
00004d6e 57        16212 	.data.b	87
00004d6f 01        16213 	.data.b	1
00004d70 00000000* 16214 	.data.w	.LDW_4a54b80
00004d74 00        16215 	.data.b	0
00004d75 5101      16216 	.data.b	1,81
                   16217 
                   16218 .LDW_4a5ad20:
00004d77 11        16219 	.data.b	17
00004d78 53727265  16220 	.data.b	101,114,114,83,116,97,116,101,0
00004d7c 65746174 
00004d80 00 
00004d81 049b      16221 	.data.b	155,4
00004d83 76        16222 	.data.b	118
00004d84 01        16223 	.data.b	1

                                                                      Page 294
                                                              C:\Windows\TEMP\gh_00000ro3.si
00004d85 00000000* 16224 	.data.w	.LDW_4a54100
00004d89 00        16225 	.data.b	0
00004d8a 5201      16226 	.data.b	1,82
                   16227 
                   16228 .LDW_4a58368:
00004d8c 1f        16229 	.data.b	31
00004d8d 00000000* 16230 	.data.w	.LDW642
00004d91 00000000* 16231 	.data.w	.LDW742
                   16232 
00004d95 00        16233 	.data.b	0
                   16234 
00004d96 00        16235 	.data.b	0
                   16236 
                   16237 .LDW_4a55378:
00004d97 16        16238 	.data.b	22
00004d98 5f4d5348  16239 	.data.b	72,83,77,95,70,101,97,116,117,114,101,79,110,68,101,109,97,110,100,67,101,114,116,68,101,108,101,116,101,0
00004d9c 74616546 
00004da0 4f657275 
00004da4 6d65446e 
00004da8 43646e61 
00004dac 44747265 
00004db0 74656c65 
00004db4 0065 
00004db6 049f      16240 	.data.b	159,4
00004db8 10        16241 	.data.b	16
00004db9 01        16242 	.data.b	1
00004dba 00000000* 16243 	.data.w	.LDW_3791950
00004dbe 00000000* 16244 	.data.w	HSM_FeatureOnDemandCertDelete
00004dc2 00000000* 16245 	.data.w	__ghs_eofn_HSM_FeatureOnDemandCertDelete
00004dc6 5d01      16246 	.data.b	1,93
00004dc8 00        16247 	.data.b	0
00004dc9 04        16248 	.data.b	4
00004dca 00        16249 	.data.b	0
00004dcb 7c        16250 	.data.b	124
00004dcc 01        16251 	.data.b	1
00004dcd 00        16252 	.data.b	0
00004dce 00        16253 	.data.b	0
00004dcf 01        16254 	.data.b	1
00004dd0 01        16255 	.data.b	1
00004dd1 00        16256 	.data.b	0
00004dd2 01        16257 	.data.b	1
                   16258 
                   16259 	.section	.debug_frame
                   16260 .LDW_4c7b710:
00000bb8 00000000* 16261 	.data.w	.LDW_unq_f2-.LDW_unq_f1
                   16262 .LDW_unq_f1:
00000bbc 00000000* 16263 	.data.w	.LDW_4a21e10
00000bc0 00000000* 16264 	.data.w	HSM_FeatureOnDemandCertDelete
00000bc4 00000004  16265 	.data.w	__ghs_eofn_HSM_FeatureOnDemandCertDelete-HSM_FeatureOnDemandCertDelete
00000bc8 01        16266 	.data.b	1
00000bc9 00000000* 16267 	.data.w	.LDW942
00000bcd 00        16268 	.data.b	0
00000bce 00        16269 	.data.b	0
00000bcf 00        16270 	.data.b	0
                   16271 .LDW_unq_f2:
                   16272 	.section	.debug_line
00000aaf 020500    16273 	.data.b	0,5,2
00000ab2 00000000* 16274 	.data.w	HSM_FeatureOnDemandCertDelete
00000ab6 06        16275 	.data.b	6
00000ab7 03        16276 	.data.b	3
00000ab8 04a0      16277 	.data.b	160,4

                                                                      Page 295
                                                              C:\Windows\TEMP\gh_00000ro3.si
00000aba 02        16278 	.data.b	2
00000abb 00        16279 	.data.b	0
00000abc 01        16280 	.data.b	1
00000abd 06        16281 	.data.b	6
00000abe 02        16282 	.data.b	2
00000abf 02        16283 	.data.b	2
00000ac0 02        16284 	.data.b	2
00000ac1 02        16285 	.data.b	2
00000ac2 010100    16286 	.data.b	0,1,1
                   16287 	.section	.debug_info
                   16288 .LDW_4a5a8a8:
00004dd3 11        16289 	.data.b	17
00004dd4 43646f66  16290 	.data.b	102,111,100,67,101,114,116,0
00004dd8 00747265 
00004ddc 049f      16291 	.data.b	159,4
00004dde 3d        16292 	.data.b	61
00004ddf 01        16293 	.data.b	1
00004de0 00000000* 16294 	.data.w	.LDW_4a54c60
00004de4 00        16295 	.data.b	0
00004de5 5001      16296 	.data.b	1,80
                   16297 
                   16298 .LDW_4a5a068:
00004de7 11        16299 	.data.b	17
00004de8 6e676973  16300 	.data.b	115,105,103,110,73,110,102,111,0
00004dec 6f666e49 
00004df0 00 
00004df1 049f      16301 	.data.b	159,4
00004df3 58        16302 	.data.b	88
00004df4 01        16303 	.data.b	1
00004df5 00000000* 16304 	.data.w	.LDW_4a54b80
00004df9 00        16305 	.data.b	0
00004dfa 5101      16306 	.data.b	1,81
                   16307 
                   16308 .LDW_4a5a0c0:
00004dfc 11        16309 	.data.b	17
00004dfd 53727265  16310 	.data.b	101,114,114,83,116,97,116,101,0
00004e01 65746174 
00004e05 00 
00004e06 049f      16311 	.data.b	159,4
00004e08 77        16312 	.data.b	119
00004e09 01        16313 	.data.b	1
00004e0a 00000000* 16314 	.data.w	.LDW_4a54100
00004e0e 00        16315 	.data.b	0
00004e0f 5201      16316 	.data.b	1,82
                   16317 
                   16318 .LDW_4a58938:
00004e11 1f        16319 	.data.b	31
00004e12 00000000* 16320 	.data.w	.LDW842
00004e16 00000000* 16321 	.data.w	.LDW942
                   16322 
00004e1a 00        16323 	.data.b	0
                   16324 
00004e1b 00        16325 	.data.b	0
                   16326 
                   16327 .LDW_4a554a8:
00004e1c 16        16328 	.data.b	22
00004e1d 5f4d5348  16329 	.data.b	72,83,77,95,70,101,97,116,117,114,101,79,110,68,101,109,97,110,100,71,101,116,67,101,114,116,76,105,115,116,0
00004e21 74616546 
00004e25 4f657275 
00004e29 6d65446e 
00004e2d 47646e61 

                                                                      Page 296
                                                              C:\Windows\TEMP\gh_00000ro3.si
00004e31 65437465 
00004e35 694c7472 
00004e39 007473 
00004e3c 04a3      16330 	.data.b	163,4
00004e3e 10        16331 	.data.b	16
00004e3f 01        16332 	.data.b	1
00004e40 00000000* 16333 	.data.w	.LDW_3791950
00004e44 00000000* 16334 	.data.w	HSM_FeatureOnDemandGetCertList
00004e48 00000000* 16335 	.data.w	__ghs_eofn_HSM_FeatureOnDemandGetCertList
00004e4c 5d01      16336 	.data.b	1,93
00004e4e 00        16337 	.data.b	0
00004e4f 04        16338 	.data.b	4
00004e50 00        16339 	.data.b	0
00004e51 7c        16340 	.data.b	124
00004e52 01        16341 	.data.b	1
00004e53 00        16342 	.data.b	0
00004e54 00        16343 	.data.b	0
00004e55 01        16344 	.data.b	1
00004e56 01        16345 	.data.b	1
00004e57 00        16346 	.data.b	0
00004e58 01        16347 	.data.b	1
                   16348 
                   16349 	.section	.debug_frame
                   16350 .LDW_4c7b0d0:
00000bd0 00000000* 16351 	.data.w	.LDW_unq_f4-.LDW_unq_f3
                   16352 .LDW_unq_f3:
00000bd4 00000000* 16353 	.data.w	.LDW_4a21e10
00000bd8 00000000* 16354 	.data.w	HSM_FeatureOnDemandGetCertList
00000bdc 00000004  16355 	.data.w	__ghs_eofn_HSM_FeatureOnDemandGetCertList-HSM_FeatureOnDemandGetCertList
00000be0 01        16356 	.data.b	1
00000be1 00000000* 16357 	.data.w	.LDW152
00000be5 00        16358 	.data.b	0
00000be6 00        16359 	.data.b	0
00000be7 00        16360 	.data.b	0
                   16361 .LDW_unq_f4:
                   16362 	.section	.debug_line
00000ac5 020500    16363 	.data.b	0,5,2
00000ac8 00000000* 16364 	.data.w	HSM_FeatureOnDemandGetCertList
00000acc 06        16365 	.data.b	6
00000acd 03        16366 	.data.b	3
00000ace 04a4      16367 	.data.b	164,4
00000ad0 02        16368 	.data.b	2
00000ad1 00        16369 	.data.b	0
00000ad2 01        16370 	.data.b	1
00000ad3 06        16371 	.data.b	6
00000ad4 02        16372 	.data.b	2
00000ad5 02        16373 	.data.b	2
00000ad6 02        16374 	.data.b	2
00000ad7 02        16375 	.data.b	2
00000ad8 010100    16376 	.data.b	0,1,1
                   16377 	.section	.debug_info
                   16378 .LDW_4a5a4e0:
00004e59 11        16379 	.data.b	17
00004e5a 43646f66  16380 	.data.b	102,111,100,67,101,114,116,76,105,115,116,0
00004e5e 4c747265 
00004e62 00747369 
00004e66 04a3      16381 	.data.b	163,4
00004e68 37        16382 	.data.b	55
00004e69 01        16383 	.data.b	1
00004e6a 00000000* 16384 	.data.w	.LDW_4a53d80
00004e6e 00        16385 	.data.b	0

                                                                      Page 297
                                                              C:\Windows\TEMP\gh_00000ro3.si
00004e6f 5001      16386 	.data.b	1,80
                   16387 
                   16388 .LDW_4a5a6f0:
00004e71 11        16389 	.data.b	17
00004e72 4f6d756e  16390 	.data.b	110,117,109,79,102,70,111,100,67,101,114,116,0
00004e76 646f4666 
00004e7a 74726543 
00004e7e 00 
00004e7f 04a3      16391 	.data.b	163,4
00004e81 4e        16392 	.data.b	78
00004e82 01        16393 	.data.b	1
00004e83 00000000* 16394 	.data.w	.LDW_4a24e10
00004e87 00        16395 	.data.b	0
00004e88 5101      16396 	.data.b	1,81
                   16397 
                   16398 .LDW_4a5a010:
00004e8a 11        16399 	.data.b	17
00004e8b 53727265  16400 	.data.b	101,114,114,83,116,97,116,101,0
00004e8f 65746174 
00004e93 00 
00004e94 04a3      16401 	.data.b	163,4
00004e96 71        16402 	.data.b	113
00004e97 01        16403 	.data.b	1
00004e98 00000000* 16404 	.data.w	.LDW_4a54100
00004e9c 00        16405 	.data.b	0
00004e9d 5201      16406 	.data.b	1,82
                   16407 
                   16408 .LDW_4a58398:
00004e9f 1f        16409 	.data.b	31
00004ea0 00000000* 16410 	.data.w	.LDW052
00004ea4 00000000* 16411 	.data.w	.LDW152
                   16412 
00004ea8 00        16413 	.data.b	0
                   16414 
00004ea9 00        16415 	.data.b	0
                   16416 
00004eaa 00        16417 	.data.b	0
                   16418 
                   16419 	.section	.debug_line
                   16420 .Ldw_line_end:
                   16421 	.section	.debug_macinfo
00000000 03        16422 	.data.b	3
00000001 00        16423 	.data.b	0
00000002 01        16424 	.data.b	1
00000003 03        16425 	.data.b	3
00000004 1d        16426 	.data.b	29
00000005 02        16427 	.data.b	2
00000006 01        16428 	.data.b	1
00000007 2c        16429 	.data.b	44
00000008 544e4955  16430 	.data.b	85,73,78,84,51,50,32,117,110,115,105,103,110,101,100,32,108,111,110,103,0
0000000c 75203233 
00000010 6769736e 
00000014 2064656e 
00000018 676e6f6c 
0000001c 00 
0000001d 01        16431 	.data.b	1
0000001e 31        16432 	.data.b	49
0000001f 544e4955  16433 	.data.b	85,73,78,84,49,54,32,117,110,115,105,103,110,101,100,32,115,104,111,114,116,0
00000023 75203631 
00000027 6769736e 
0000002b 2064656e 

                                                                      Page 298
                                                              C:\Windows\TEMP\gh_00000ro3.si
0000002f 726f6873 
00000033 0074 
00000035 01        16434 	.data.b	1
00000036 36        16435 	.data.b	54
00000037 544e4955  16436 	.data.b	85,73,78,84,56,32,117,110,115,105,103,110,101,100,32,99,104,97,114,0
0000003b 6e752038 
0000003f 6e676973 
00000043 63206465 
00000047 00726168 
0000004b 01        16437 	.data.b	1
0000004c 46        16438 	.data.b	70
0000004d 4c4f4f42  16439 	.data.b	66,79,79,76,32,117,110,115,105,103,110,101,100,32,99,104,97,114,0
00000051 736e7520 
00000055 656e6769 
00000059 68632064 
0000005d 007261 
00000060 01        16440 	.data.b	1
00000061 6d        16441 	.data.b	109
00000062 5f647453  16442 	.data.b	83,116,100,95,82,101,116,117,114,110,84,121,112,101,32,85,73,78,84,56,0
00000066 75746552 
0000006a 79546e72 
0000006e 55206570 
00000072 38544e49 
00000076 00 
00000077 01        16443 	.data.b	1
00000078 6f        16444 	.data.b	111
00000079 4f4e5f45  16445 	.data.b	69,95,78,79,84,95,79,75,32,40,40,85,73,78,84,56,41,48,120,48,49,41,0
0000007d 4b4f5f54 
00000081 55282820 
00000085 38544e49 
00000089 30783029 
0000008d 002931 
00000090 01        16446 	.data.b	1
00000091 7b        16447 	.data.b	123
00000092 5f4d5348  16448 	.data.b	72,83,77,95,77,65,88,95,70,84,68,95,84,65,82,71,69,84,95,83,69,71,95,78,85,77,32,40,52,117,41,0
00000096 5f58414d 
0000009a 5f445446 
0000009e 47524154 
000000a2 535f5445 
000000a6 4e5f4745 
000000aa 28204d55 
000000ae 00297534 
000000b2 01        16449 	.data.b	1
000000b3 7c        16450 	.data.b	124
000000b4 5f4d5348  16451 	.data.b	72,83,77,95,77,65,88,95,70,84,68,95,84,65,82,71,69,84,95,78,85,77,32,40,54,117,41,0
000000b8 5f58414d 
000000bc 5f445446 
000000c0 47524154 
000000c4 4e5f5445 
000000c8 28204d55 
000000cc 00297536 
000000d0 01        16452 	.data.b	1
000000d1 7d        16453 	.data.b	125
000000d2 5f4d5348  16454 	.data.b	72,83,77,95,70,84,68,95,83,84,79,80,95,80,87,95,66,89,84,69,95,76,69,78,32,40,56,117,41,0
000000d6 5f445446 
000000da 504f5453 
000000de 5f57505f 
000000e2 45545942 
000000e6 4e454c5f 
000000ea 75382820 
000000ee 0029 

                                                                      Page 299
                                                              C:\Windows\TEMP\gh_00000ro3.si
000000f0 01        16455 	.data.b	1
000000f1 7e        16456 	.data.b	126
000000f2 5f4d5348  16457 	.data.b	72,83,77,95,70,84,68,95,83,84,79,80,95,80,87,95,87,79,82,68,95,76,69,78,32,40,72,83,77,95,70,84,68,95,83,84,79,80,95,80,87,95,66,89,84,69,95,76,69,78,32,47,32,52,117,41,0
000000f6 5f445446 
000000fa 504f5453 
000000fe 5f57505f 
00000102 44524f57 
00000106 4e454c5f 
0000010a 53482820 
0000010e 54465f4d 
00000112 54535f44 
00000116 505f504f 
0000011a 59425f57 
0000011e 4c5f4554 
00000122 2f204e45 
00000126 29753420 
0000012a 00 
0000012b 01        16458 	.data.b	1
0000012c 7f        16459 	.data.b	127
0000012d 5f4d5348  16460 	.data.b	72,83,77,95,67,69,82,84,73,70,73,67,65,84,69,95,66,89,84,69,95,76,69,78,32,40,54,48,48,117,41,0
00000131 54524543 
00000135 43494649 
00000139 5f455441 
0000013d 45545942 
00000141 4e454c5f 
00000145 30362820 
00000149 00297530 
0000014d 01        16461 	.data.b	1
0000014e 0180      16462 	.data.b	128,1
00000150 5f4d5348  16463 	.data.b	72,83,77,95,83,73,71,78,65,84,85,82,69,95,66,89,84,69,95,76,69,78,32,40,50,53,54,117,41,0
00000154 4e474953 
00000158 52555441 
0000015c 59425f45 
00000160 4c5f4554 
00000164 28204e45 
00000168 75363532 
0000016c 0029 
0000016e 01        16464 	.data.b	1
0000016f 0185      16465 	.data.b	133,1
00000171 5f415352  16466 	.data.b	82,83,65,95,66,89,84,69,95,83,73,90,69,32,50,53,54,0
00000175 45545942 
00000179 5a49535f 
0000017d 35322045 
00000181 0036 
00000183 01        16467 	.data.b	1
00000184 0186      16468 	.data.b	134,1
00000186 5f434345  16469 	.data.b	69,67,67,95,66,89,84,69,95,83,73,90,69,32,51,50,0
0000018a 45545942 
0000018e 5a49535f 
00000192 32332045 
00000196 00 
00000197 01        16470 	.data.b	1
00000198 018d      16471 	.data.b	141,1
0000019a 5453494e  16472 	.data.b	78,73,83,84,95,67,85,82,86,69,95,80,50,53,54,114,49,32,50,53,54,85,0
0000019e 5255435f 
000001a2 505f4556 
000001a6 72363532 
000001aa 35322031 
000001ae 005536 
000001b1 01        16473 	.data.b	1
000001b2 018e      16474 	.data.b	142,1

                                                                      Page 300
                                                              C:\Windows\TEMP\gh_00000ro3.si
000001b4 5f434345  16475 	.data.b	69,67,67,95,67,85,82,86,69,95,84,89,80,69,32,78,73,83,84,95,67,85,82,86,69,95,80,50,53,54,114,49,0
000001b8 56525543 
000001bc 59545f45 
000001c0 4e204550 
000001c4 5f545349 
000001c8 56525543 
000001cc 32505f45 
000001d0 31723635 
000001d4 00 
000001d5 01        16476 	.data.b	1
000001d6 0193      16477 	.data.b	147,1
000001d8 5f434345  16478 	.data.b	69,67,67,95,66,89,84,69,83,95,83,73,90,69,32,51,50,85,0
000001dc 45545942 
000001e0 49535f53 
000001e4 3320455a 
000001e8 005532 
000001eb 01        16479 	.data.b	1
000001ec 019e      16480 	.data.b	158,1
000001ee 5f4d5348  16481 	.data.b	72,83,77,95,77,65,88,95,80,68,80,95,83,69,71,95,78,85,77,32,52,0
000001f2 5f58414d 
000001f6 5f504450 
000001fa 5f474553 
000001fe 204d554e 
00000202 0034 
00000204 01        16482 	.data.b	1
00000205 01a4      16483 	.data.b	164,1
00000207 5f444f46  16484 	.data.b	70,79,68,95,86,69,82,83,73,79,78,95,76,69,78,32,49,0
0000020b 53524556 
0000020f 5f4e4f49 
00000213 204e454c 
00000217 0031 
00000219 01        16485 	.data.b	1
0000021a 01a5      16486 	.data.b	165,1
0000021c 5f444f46  16487 	.data.b	70,79,68,95,67,69,82,84,95,83,78,95,76,69,78,32,52,0
00000220 54524543 
00000224 5f4e535f 
00000228 204e454c 
0000022c 0034 
0000022e 01        16488 	.data.b	1
0000022f 01a6      16489 	.data.b	166,1
00000231 5f444f46  16490 	.data.b	70,79,68,95,67,69,82,84,95,84,65,71,95,76,69,78,32,49,0
00000235 54524543 
00000239 4741545f 
0000023d 4e454c5f 
00000241 003120 
00000244 01        16491 	.data.b	1
00000245 01a7      16492 	.data.b	167,1
00000247 5f444f46  16493 	.data.b	70,79,68,95,67,69,82,84,95,86,73,78,95,76,69,78,32,49,55,0
0000024b 54524543 
0000024f 4e49565f 
00000253 4e454c5f 
00000257 00373120 
0000025b 01        16494 	.data.b	1
0000025c 01a8      16495 	.data.b	168,1
0000025e 5f444f46  16496 	.data.b	70,79,68,95,67,69,82,84,95,69,73,68,95,76,69,78,32,50,0
00000262 54524543 
00000266 4449455f 
0000026a 4e454c5f 
0000026e 003220 
00000271 01        16497 	.data.b	1
00000272 01a9      16498 	.data.b	169,1

                                                                      Page 301
                                                              C:\Windows\TEMP\gh_00000ro3.si
00000274 5f444f46  16499 	.data.b	70,79,68,95,67,69,82,84,95,70,86,95,76,69,78,32,52,0
00000278 54524543 
0000027c 5f56465f 
00000280 204e454c 
00000284 0034 
00000286 01        16500 	.data.b	1
00000287 01aa      16501 	.data.b	170,1
00000289 5f444f46  16502 	.data.b	70,79,68,95,67,69,82,84,95,83,80,95,76,69,78,32,49,54,0
0000028d 54524543 
00000291 5f50535f 
00000295 204e454c 
00000299 003631 
0000029c 01        16503 	.data.b	1
0000029d 01ab      16504 	.data.b	171,1
0000029f 5f444f46  16505 	.data.b	70,79,68,95,67,69,82,84,95,73,83,83,85,69,82,95,76,69,78,32,49,0
000002a3 54524543 
000002a7 5353495f 
000002ab 5f524555 
000002af 204e454c 
000002b3 0031 
000002b5 01        16506 	.data.b	1
000002b6 01ac      16507 	.data.b	172,1
000002b8 5f444f46  16508 	.data.b	70,79,68,95,67,69,82,84,95,79,82,68,69,82,73,68,95,76,69,78,32,52,0
000002bc 54524543 
000002c0 44524f5f 
000002c4 44495245 
000002c8 4e454c5f 
000002cc 003420 
000002cf 01        16509 	.data.b	1
000002d0 01ad      16510 	.data.b	173,1
000002d2 5f444f46  16511 	.data.b	70,79,68,95,67,69,82,84,95,73,83,83,85,69,68,68,65,84,69,95,76,69,78,32,56,0
000002d6 54524543 
000002da 5353495f 
000002de 44444555 
000002e2 5f455441 
000002e6 204e454c 
000002ea 0038 
000002ec 01        16512 	.data.b	1
000002ed 01ae      16513 	.data.b	174,1
000002ef 5f444f46  16514 	.data.b	70,79,68,95,67,69,82,84,95,69,70,70,69,67,84,73,86,69,68,65,84,69,95,76,69,78,32,56,0
000002f3 54524543 
000002f7 4646455f 
000002fb 49544345 
000002ff 41444556 
00000303 4c5f4554 
00000307 38204e45 
0000030b 00 
0000030c 01        16515 	.data.b	1
0000030d 01af      16516 	.data.b	175,1
0000030f 5f444f46  16517 	.data.b	70,79,68,95,67,69,82,84,95,69,88,80,73,82,69,68,68,65,84,69,95,76,69,78,32,56,0
00000313 54524543 
00000317 5058455f 
0000031b 44455249 
0000031f 45544144 
00000323 4e454c5f 
00000327 003820 
0000032a 01        16518 	.data.b	1
0000032b 01b0      16519 	.data.b	176,1
0000032d 5f444f46  16520 	.data.b	70,79,68,95,67,69,82,84,95,82,69,83,69,82,86,69,68,95,76,69,78,32,50,50,0
00000331 54524543 
00000335 5345525f 

                                                                      Page 302
                                                              C:\Windows\TEMP\gh_00000ro3.si
00000339 45565245 
0000033d 454c5f44 
00000341 3232204e 
00000345 00 
00000346 04        16521 	.data.b	4
00000347 04        16522 	.data.b	4
00000348 00        16523 	.data.b	0
                   16524 	.section	.debug_abbrev
0000013d 00        16525 	.data.b	0
                   16526 	.section	.debug_info
                   16527 .Ldw_end:
