:020000041002E8
:2080000000270108818002100981021017AA02101BAA02101FAA021023AA0210000000001D
:2080200000000000000000000000000027AA02102BAA0210000000002FAA021033AA02109C
:2080400037AA021037AA021037AA021037AA021037AA021037AA021037AA021037AA021088
:2080600037AA021037AA021037AA021037AA021037AA021037AA021037AA021037AA021068
:2080800072B6144814490860BFF34F8F00200021134AE2E802016A45FBD1104FB847124D64
:2080A000A5F101057A46A2EB05054FF0000083460E4800EB05004FF000014FF000024FF0BF
:2080C00000034FF000044FF000054FF0000603F064FBFEE70080021008ED00E00788021092
:2080E00000080108FF260108A9800210F080021001000000000000000000000000800210F1
:0481000000800410E7
:0481080004F0B1BE10
:1C82000002000001000000FF17042020FFFFFFFFFFFFFFFFFFFFFFFFFFFFFFFF15
:14824000006F0310D86803100100000068690310686A03108B
:20860000884228BF704770B40A1A013AD2080132D60816D000242546C0E90045C0E9024531
:20862000C0E90445C0E90645C0E90845C0E90A45C0E90C45C0E90E454030013EECD188423A
:2086400006D234463546C0E9004508308842FAD370BC704730B44BF27002C0F6000247F229
:208660007823C1F2030340F20A00C0F200000021A8B193E8300082E83000013861F100016D
:2086800050EA01040BD053F808CF5D6842F808CF5560013861F1000150EA0104F3D14BF247
:2086A0006002C0F6000247F26823C1F2030340F20200C0F200000021A8B193E8300082E8AE
:2086C0003000013861F1000150EA01040BD053F808CF5D6842F808CF5560013861F100018B
:2086E00050EA0104F3D14BF28002C0F6000247F28823C1F2030340F20800C0F20000002156
:20870000A8B193E8300082E83000013861F1000150EA01040BD053F808CF5D6842F808CF1D
:208720005560013861F1000150EA0104F3D14AF65042C0F6000247F2C053C1F2030340F234
:208740001800C0F200000021A8B193E8300082E83000013861F1000150EA01040BD053F89F
:2087600008CF5D6842F808CF5560013861F1000150EA0104F3D14AF25002C0F6000247F289
:20878000D023C1F2030340F25E00C0F200000021A8B193E8300082E83000013861F10001A0
:2087A00050EA01040BD053F808CF5D6842F808CF5560013861F1000150EA0104F3D130BC77
:2087C000704740F25431C4F22101086840F000600860086840F0005041F8540908460022F5
:2087E000C260C16811F0004FFAD10146006840F00400086008686FF34100086008686FF37B
:2088000000000860704770B540F60005C0F601054AF25004C0F60004AC4223D2281B013874
:20882000C0080130C60816D000200146C4E90001C4E90201C4E90401C4E90601C4E90801AA
:20884000C4E90A01C4E90C01C4E90E014034013EECD1AC4206D230463146C4E900010834DD
:20886000AC42FAD340F25434C4F22104FFF7F2FE206840F000602060206840F0005044F8E6
:20888000540920460022C260C16811F0004FFAD10146006840F00400086008686FF341002F
:2088A000086008686FF30000086070BDEFF3108072B6704780F31088704701B4031C0B43B4
:2088C00013439B070AD1121F0ADB08C908C0121FFBDA05E00B78491C0370401C521EF9DA31
:2088E00001BC70472DE9F04F89B00490069105928DF80B3000274FF0000CADF80CC04FF0D2
:20890000000CADF80EC04FF0010C8DF807C04FF0000B002425E0DDF810C01CF804507D4003
:20892000EFB2DDF810C01CF80450BDF80CC06544ADF80C50DDF814C0DDF810801CF80460D8
:2089400018F804C007AD86EA0C062E5507AD2D5DBDF80EC06544ADF80E5004F1010C1FFA02
:208960008CF4082CD7D3BDF80CC0BCF1000F04D145F63C1BC1F2030B01E00DF11C0BBDF879
:208980000EC0BCF1000F0FD100240BE0DDF814800DF11C0C18F804600CF8046004F1010CF1
:2089A0001FFA8CF4082CF1D39DF80BC0BC44BCF1200F03DA07F1200C5FFA8CF70024DDE02C
:2089C0009DF81DC09DF81CE0F4445FFA8CF52846012100F021F9844666469DF81EC08CEA89
:2089E000060C8DF803C09DF81DC09DF80380C4445FFA8CF52846022100F00EF984466646B3
:208A00009DF81FC08CEA060C8DF802C09DF802809DF8039008EB090C5FFA8CF5284605215E
:208A200000F0FAF8844666469DF820C08CEA060C8DF804C09DF804809DF8029008EB090C50
:208A40005FFA8CF52846072100F0E6F8844666469DF821C08CEA060C8DF805C09DF8058000
:208A60009DF8049008EB090C5FFA8CF52846032100F0D2F8844666469DF822C08CEA060C2A
:208A80008DF806C09DF806809DF8059008EB090C5FFA8CF52846062100F0BEF884466646B3
:208AA0009DF823C08CEA060C8DF809C09DF809809DF8069008EB090C5FFA8CF528460421AA
:208AC00000F0AAF8844666469DF81CC08CEA060C8DF808C09DF802809DF8089008EB090CFC
:208AE0005FFA8CF52846032100F096F8844666469DF81DC08CEA060C8DF80AC09DF809C06F
:208B00008DF81CC09DF808C08DF81DC09DF80AC08DF81EC09DF803C08DF81FC09DF802C060
:208B20008DF820C09DF804C08DF821C09DF805C08DF822C09DF806C08DF823C09DF80B806D
:208B400007EB080CACF1010C644513D14FF0000A09E0DDF818801BF80AC008F80AC00AF197
:208B6000010C1FFA8CFABAF1080FF2D34FF0000C8DF807C004F1010C1FFA8CF4B4F5BF7FA9
:208B8000FFF41EAF9DF807C0604609B0BDE8F08F2DE9F04582B007468A46002545F6501CD0
:208BA000C1F2030CDCF80020DCF80430009201930024002600240AE045F63C13C1F2030336
:208BC00023440C336A461B781355621CD4B2082CF2D39DF800206A40D5B2012409E06A46A3
:208BE000125D6A40D5B26A46125D324496B2621CD4B2082CF3D316B900228DF8002015F05F
:208C00007F052B466A4651463846FFF76BFE0246104602B0BDE8F08570B404460D460022EE
:208C200004FA05F3C5F1080644FA06F6334303EBE37626F0FF069B1BDAB200BF104670BCE5
:208C4000704770B504460D46164632462946204600F069F90346184670BD10B50446204657
:208C600000F06DF90146084610BD70B504460D46164632462946204600F069F903461846D8
:208C800070BD10B50446204601F0ECF80146084610BD70B504460D46164632462946204690
:208CA00001F005F90346184670BD30B504460D462946204601F033F90246104630BD70B5CD
:208CC00004460D46164632462946204601F064F90346184670BD10B50446204601F0EAFBE1
:208CE0000146084610BD70B504460D46164632462946204601F012FC0346184670BD30B5EF
:208D000004460D462946204601F041FC0246104630BD70B504460D461646324629462046BD
:208D200001F072FC0346184670BDF0B404460D461646002304E015F803C004F803C05B1C56
:208D4000B342F8D3F0BC704770B404460D461646002301E0E5545B1CB342FBD370BC704779
:208D60002DE9F00405460E4617460024002308E015F803C016F803A0D44501D0012402E04C
:208D80005B1CBB42F4D300BF2046BDE8F004704710B54BF6B844C0F60004206808B120689E
:208DA000804710BD00002DE9100104462146052911D80FF20808D8E801F000BF0E0406088F
:208DC0000A0C142109E01C2107E0202105E0302103E0402101E0002100BF00BF0846BDE80D
:208DE000100170472DE9300105460C462A46052A23D80FF20808D8E802F000BF2004100671
:208E00001808DC221BE0CC2219E05122A2700322E2734022E274AC2211E02D22A270042255
:208E2000E2731C22E274D02209E04122A2700222E2733022E274BC2201E0032200BF00BF76
:208E40001046BDE8300170472DE9F04D8BB006460191934645F69C13C1F20303D3F800C0BC
:208E6000CDF81CC0D3F804C0CDF820C0D3F808C0CDF824C0DB680A9345F6AC13C1F203034E
:208E8000D3F800C0CDF808C0D3F804C0CDF80CC0D3F808C0CDF810C0D3F80CC0CDF814C042
:208EA0001B6906930024BBF1010F03D110270DF11C0A02E014270DF1080A02A95846FFF71A
:208EC00091FF03460093009B032B01D1032424E0337813B97378012B00D00324022505E0CF
:208EE000735DFF2B01D0631CDCB26D1C009B9D42F6D33A465146A819FFF732FF2318DCB206
:208F00005846FFF750FF02460199AB19F818FFF727FF2318DCB204B10124234618460BB077
:208F2000BDE8F08D000070B504460D46164632462946204600F01EF80346184670BD10B505
:208F40000446204600F092F90146084610BD70B5C0B004460D4616466946204600F05DF99B
:208F6000324629466846FFF76FFF0346184640B070BD0000F0B582B004460F46154600263D
:208F80002B6893F801C01B784CEA0303D5F800C09CF802C04CEA0303D5F800C09CF803C020
:208FA0005CEA030301D1032626E02B6838468DE8090004F5027304F5437204F58271204667
:208FC00000F01EF80346C4F814356B681B0E84F81C356B681B0C84F81D356B681B0A84F838
:208FE0001E356B6884F81F3540F21C532344C4F820350023C4F818353346184602B0F0BD00
:209000002DE9F04F83B08246029116461F464FF0000B01254FF03F0CCDF800C0002404E025
:209020004FEA840C46F80CB0641C402CF8D30C9906F5807000F0A9F90D99384600F0A5F9E2
:209040003946304600F056F800240AE0DDF8088056F824C048F824C04FEA840C46F80CB059
:20906000641C412CF2D304E04FEA840C46F80CB0641C802CF8D3002404E04FEA840C4AF88D
:209080000CB0641C402CF8D34FF0010CCAF800C100BF3A465146504600F0E1F9DDF8008003
:2090A00057F828C05AF828E0E645F2D802240DE0D7F800C04FEA440905FB0CFEBEFBF9FC4A
:2090C00009FB1CEC644500D265406400B4F1004FEED3D7F800C005FB0CFCBCF1004F01D9DE
:2090E00085F00045FFF754FEC5F1000C604603B0BDE8F08F2DE9F04F8BB0069005913F2212
:2091000002923E220392029A57007FE0069B03EB87020492049E3068059B7168029A0790E0
:20912000089153F82220002301F087FC024609920B460A930122019200BF029A059BDDF81B
:2091400024A053F822C0AAFB0C23DDF82880144608FB0C331D46039A059BDDF824A053F8AD
:2091600022C0AAFB0C23DDF8288008FB0C32A41845F10005D6E90023A24273EB05020CD27B
:20918000DDF82480B8F10108CDF82480DDF8288068F10008CDF8288001E000220192019ABF
:2091A000002ACAD1069B03EB870200924FF03F0B28E0009EDDF80080A8F10408CDF80080D2
:2091C000059BDDF824A053F82BC0AAFB0C23DDF82880144608FB0C331D46D6E90023A2420A
:2091E00073EB050206D2D6E90223521E63F10003C6E90223D6E90023121BAB41C6E90023E6
:20920000ABF1010BBBF1000FD3DA7F1E039A97423FF67CAF0BB0BDE8F08FF0B505460E46A8
:20922000002406E0A30005F5437CEA584CF80320641C402CF6D307E0A20005F543734FF0F2
:20924000000C43F802C0641C822CF5D3D5F8143505F5027205F54371284600F023F92946F4
:20926000304600F0C0F800221046F0BDF0B50446052694F81C15002942D194F81D150129B0
:209280003ED194F81E15D9BB94F81F15012937D1D4F81815C90709D5D4F8143504F5027251
:2092A00004F54371204600F0FDF81BE0D4F8181539B904F58272214604F5437000F086F961
:2092C00010E0D4F81815222907D104F58272214604F5437000F07AF904E0214604F5437028
:2092E00000F0DAF9D4F81815491CC4F81815D4F81815242946D10021C4F81815002641E0B6
:20930000002738E080252EE0D4F8201569B9214604F5437000F0C0F9D4F8143504F50272FA
:2093200004F54371204600F0BDF840F21C51D4F818252144895C0D4212D004F582722146FE
:2093400004F5437000F042F9D4F8143504F5027204F54371204600F0A5F80021C4F8201502
:209360006910C9B20D46002DCED1D4F81815491CC4F818157F1C002FC4D0D4F8181504290F
:2093800000D1002631460846F0BDF0B404460D462A4640234FEA830C002744F80C7000BFEA
:2093A0005B1E04EB8306F61C92F800C086F800C0521C04EB8306B61C92F800C086F800C0E2
:2093C000521C04EB8306761C92F800C086F800C0521C4FEA830C177804F80C70521C002BB7
:2093E000DED1F0BC704770B405460C462A46402300BF5B1E54F82360360E1670521C54F83C
:209400002360360C1670521C54F82360360A1670521C54F823C082F800C0521C002BE8D1D5
:2094200070BC7047F0B404460D460123412200BF521E54F822C055F82260B44509D055F836
:20944000226054F822C00027B44500D902273B4601E0002AECD100BF1846F0BC70472DE95B
:20946000F04C82460E4617460024002316E056F823E057F823B0AEEB0B05A5EB040C45B148
:2094800056F823E057F823B0DE4501D2012400E000244FEA830B4AF80BC05B1C412BE6D3CA
:2094A000BDE8F08C2DE9F04B89B00390049302928B46002469E0DDF810805BF824C008FB66
:2094C0000CFCCDF800C000265CE006EB040C0BEB8C0CCDF804C0DDF80880DDF800E058F823
:2094E00026C0ACFB0E89CDF81C80CDF82090019FD7F804C0D7F80080CDF818C0DDF81C90D2
:2095000018EB090CDDF81880DDF8209048EB0909E046C7F80080C846C7F80480D7F800C0B7
:20952000D7F80490079A089B944579EB030C28D23D460835D5F800C0D5F804801CF1010989
:2095400048F1000CC846C5F80080E046C5F804800EE00835D5F800C0D5F804801CF10109F4
:2095600048F1000CC846C5F80080E046C5F80480D5F80080D5F8049058EA090C00D000E03F
:20958000E7E7761C402EA0D3641C402C93D302990BF58070FFF746FF30B1029A03980BF55A
:2095A0008071FFF75CFF0CE0002408E004F1400CDDF80C805BF82CC048F824C0641C402C80
:2095C000F4D3FFF7E5FB09B0BDE8F08B2DE9F04BADF5846D01920091054604A84FF48262EF
:2095E000002101F01CFD00232BE0002426E09DE8400156F823E058F824C0AEFB0CBC67467F
:209600005E4604EB030C0DF1100B0BEBCC0EDEE900BC1BEB060B4CF1000CCEE900BC04EB7A
:20962000030C0DF1180B0BEBCC0EDEE900BC1BEB070B4CF1000CCEE900BC641C402CD6D33E
:209640005B1C402BD1D3002316E00DF1100B0BEBC30CDCE900670DF1180C0CEBC30EDEE9B0
:2096600000BC1BEB070B4CF1000CCEE900BC4FEA830C45F80C605B1C812BE6D30DF1100EF1
:209680000EEBC30C4FEA830BDCF800C045F80BC00DF5846DBDE8F08B2DE9F04BADF5836DA9
:2096A00007460E4602A84FF48262002101F0B7FC002329E0002224E056F822C056F823E0A0
:2096C000AEFB0CBC65465C4602EB030C0DF1080B0BEBCC0EDEE900BC1BEB040B4CF1000C0E
:2096E000CEE900BC02EB030C0DF1100B0BEBCC0EDEE900BC1BEB050B4CF1000CCEE900BCBD
:20970000521C9A42D8D35B1C402BD3D300224EE053000DF1080C0CEBC30EDEE900BC1BEBC6
:209720000B0B4CEB0C0CCEE900BC0DF1100C0CEBC30EDEE900BC1BEB0B0B4CEB0C0CCEE9CA
:2097400000BC56F822E0F446AEFB0CBC65465C460DF1080C0CEBC30EDEE900BC1BEB040B93
:209760004CF1000CCEE900BC0DF1100C0CEBC30EDEE900BC1BEB050B4CF1000CCEE900BCF6
:209780000DF1080B0BEBC20CDCE900450DF1100C0CEBC20EDEE900BC1BEB050B4CF1000C27
:2097A000CEE900BC4FEA820C47F80C40521C402AAED316E00DF1080B0BEBC20CDCE90045B6
:2097C0000DF1100C0CEBC20EDEE900BC1BEB050B4CF1000CCEE900BC4FEA820C47F80C4001
:2097E000521C812AE6D30DF1080E0EEBC20C4FEA820BDCF800C047F80BC00DF5836DBDE8C1
:20980000F08B2DE9F00404460D461646002318E04FEA830C55F80C7007F0FF274FEA172A87
:2098200055F80C7007F0FF174AEA072744F80C704FEA830C54F80C704FEA374744F80C7039
:209840005B1CB342E4D3BDE8F0047047F0B404460D461646002321E04FEA830C55F80C7043
:209860003F0E04F80C7004F1010C55F823700CEB830C3F0C8CF8007004F1020C55F8237099
:209880000CEB830C3F0A8CF8007004F1030C0CEB830C55F823708CF800705B1CB342DBD38D
:2098A000F0BC7047F0B5D5B0044604F1140105A81022FFF7A6FF10212CE08D000DEB050383
:2098C000ADF10C0C05EB0C02083312681B685A400DEB0503243B1B6853400DEB05022C3A28
:2098E00012685A400DEB0503570005EB0C02083312681B685A400DEB0503243B1B685340B8
:209900000DEB05022C3A12685A4005AE47EAD2727251491C5029D0D3002105E08B00EC469F
:20992000E2584CF80320491C0529F7D30021002247F69913C5F6822300BF02AD95E8405022
:209940008CEA0605019E2E4086EA0C060DF1140C5CF82250DDF800C035444FEA4C1646EA3A
:20996000DC6635445E190EEB06050495DDF804C04FEA8C7545EA9C0501950DF1040C9CE84D
:20998000E040B446009E8CEA05052E4086EA0C060DF1180C0CEB82052D6835444FEA4E1654
:2099A00046EADE6635445E19BD190395DDF800C04FEA8C7545EA9C0500959DE8E040B44602
:2099C000049E8CEA05052E4086EA0C060DF11C0C0CEB82052D6835444FEA4E1646EADE66B2
:2099E00035445E19BD190295DDF810C04FEA8C7545EA9C0504959DE8A040049EAC468CEA53
:209A00000605039E2E4086EA0C060DF1200C0CEB82052D6835444FEA4E1646EADE6635446A
:209A20005E19BD190195DDF80CC04FEA8C7545EA9C050395DDF810C0039E8CEA0605029E99
:209A40002E4086EA0C060DF1240C0CEB82052D6835449DE880104FEA4C1646EADC663544C1
:209A60005E19BD190095DDF808C04FEA8C7545EA9C050295491C521D0429FFF45EAF4EF681
:209A8000A133C6F6D96300BF9DE88050039E8EEA0C0C96EA0C060DF1140C5CF822503544C6
:209AA0007E0146EAD76635445E19049D35440495DDF804C04FEA8C7545EA9C0501950DF1E0
:209AC000040C9CE8E040DDF800C085EA0C0C96EA0C060DF1180C0CEB82052D6835444FEA3D
:209AE0004E1646EADE6635445E19BD190395DDF800C04FEA8C7545EA9C0500959DE8E04057
:209B0000DDF810C085EA0C0C96EA0C060DF11C0C0CEB82052D6835444FEA4E1646EADE66C4
:209B200035445E19BD190295DDF810C04FEA8C7545EA9C05049502AD95E880508EEA0C05FB
:209B40009DE840406E400DF1200C0CEB82052D6835447E0146EAD76635445E190EEB0605BC
:209B60000195DDF80CC04FEA8C7545EA9C05039501AD95E88050049E8EEA0C056E400DF13A
:209B8000240C0CEB82052D6835447E0146EAD76635445E19009D35440095DDF808C04FEAAC
:209BA0008C7545EA9C050295491C521D0829FFF46BAF4BF6DC43C8F61B7300BF0DF1080CAE
:209BC0009CE86040DDF804C02F4647EA0C052E4007EA0C0505AF2E4357F82250009F3544A3
:209BE0007E0146EAD76635445E190EEB06050495DDF804C04FEA8C7545EA9C0501959DE82E
:209C0000A040AC4647EA0C050EEA050607EA0C052E430DF1180C0CEB82052D68DDF810C0E0
:209C200035445FEA4C1646EADC6635445E19039D35440395DDF800C04FEA8C7545EA9C054E
:209C400000959DE86040DDF810C02F4647EA0C052E4007EA0C052E4307AF07EB82052D6849
:209C6000039F35447E0146EAD76635445E190EEB06050295DDF810C04FEA8C7545EA9C05A3
:209C80000495049FDDF80CC047EA0C059DE840402E4007EA0C052E4308AF07EB82052D68FA
:209CA000029F35447E0146EAD76635445E190EEB06050195DDF80CC04FEA8C7545EA9C0569
:209CC00003950DF1080C9CE8A040AC4647EA0C050EEA050607EA0C052E430DF1240C0CEBA7
:209CE00082052D6835449DE800504FEA4E1646EADE6635445E190CEB06050095DDF808C0C5
:209D00004FEA8C7545EA9C050295491C521D0C29FFF454AF4CF2D613CCF6622300BF9DE8F1
:209D20008050039E8EEA0C0C96EA0C060DF1140C5CF8225035447E0146EAD76635445E1957
:209D4000049D35440495DDF804C04FEA8C7545EA9C0501950DF1040C9CE8E040DDF800C0D0
:209D600085EA0C0C96EA0C060DF1180C0CEB82052D6835444FEA4E1646EADE6635445E191B
:209D8000BD190395DDF800C04FEA8C7545EA9C0500959DE8E040DDF810C085EA0C0C96EAD0
:209DA0000C060DF11C0C0CEB82052D6835444FEA4E1646EADE6635445E19BD190295DDF89C
:209DC00010C04FEA8C7545EA9C05049502AD95E880508EEA0C059DE840406E400DF1200CAE
:209DE0000CEB82052D6835447E0146EAD76635445E190EEB06050195DDF80CC04FEA8C7586
:209E000045EA9C05039501AD95E88050049E8EEA0C056E400DF1240C0CEB82052D6835444C
:209E20007E0146EAD76635445E19009D35440095DDF808C04FEA8C7545EA9C050295491CF8
:209E4000521D1029FFF46BAF002107E08E00EC46A5595CF806C06544A551491C0529F5D373
:209E600055B0F0BD10B4044642F20131C6F2457121604AF68931CEF6CD7161604DF6FE418E
:209E8000C9F6BA01A16045F27641C1F23201E1604EF2F011CCF2D2312161002161650021A6
:209EA000A1650021E1650021084610BC70472DE9F04D81B004460091924604F1140B55465D
:209EC0000027A36D5344534502D2E36D5B1CE365A36D5344A3651BE0636DC3F140039D42E9
:209EE00094BF2E461E4632460098636D39180BEB0300FEF71AFF636D334463653744AD1BAD
:209F0000636D402B04D12046FFF7CCFC00236365002DE1D10023184601B0BDE8F08D70B5CA
:209F200004460E4604F11405626D8023AB54626D521C6265626D382A0BD9606DC0F140022B
:209F400028440021FEF700FF2046FFF7ABFC00226265606DC0F1380228440021FEF7F4FE68
:209F6000A26D520FE264A26DD2002265E36DE26C02EBC302E26404F14C0108460222FFF783
:209F800040FC2046FFF78EFC214630460522FFF75DFC0022104670BDF0B598B005460E461B
:209FA000174601246846FFF75DFF56B13A4631466846FFF77CFF25B129466846FFF7AFFF6B
:209FC00000242346184618B0F0BD2DE9F00404460D461646002318E04FEA830C55F80C7072
:209FE00007F0FF274FEA172A55F80C7007F0FF174AEA072744F80C704FEA830C54F80C704A
:20A000004FEA374744F80C705B1CB342E4D3BDE8F0047047F0B404460D461646002321E09D
:20A020004FEA830C55F80C703F0E04F80C7004F1010C55F823700CEB830C3F0C8CF8007023
:20A0400004F1020C55F823700CEB830C3F0A8CF8007004F1030C0CEB830C55F823708CF86C
:20A0600000705B1CB342DBD3F0BC70472DE9F044ADF5087D04464FF4807245F6D011C1F234
:20A08000030148A8FEF719FC04F1200108A81022FFF79BFF102243E095000DF1180C05EB3E
:20A0A0000C0109684B0C05EB0C01096843EAC13305EB0C010968CF0C05EB0C01096847EA54
:20A0C00041314B4005EB0C010968ADF11C0A83EA912305EB0A010968CF0905EB0A01096880
:20A0E00047EA416705EB0A0109684FEA914C05EB0A0109684CEA81314F4005EB0A010968B6
:20A1000008AE87EAD1010B440DEB0501091D096819440DEB0503203B1B680B447351521CA6
:20A12000402AB9D3002205E09300EC46E1584CF80310521C082AF7D300231A46A7E10DF15A
:20A14000100C9CE842044FEAF12C8CEAB11585EA716C8AEA060501EA05018AEA010548A960
:20A16000AC4451F8235008A9654451F8236007992E443144039D0D4403959DE86040AA46E8
:20A180004FEA7A3C8CEABA0C8CEABA57B4464CEA0A050EEA05060CEA0A0535433D440D447C
:20A1A00007950DF10C0C9CE842044FEAF12C8CEAB11585EA716C8AEA060501EA05018AEA61
:20A1C0000105AC4449A901EB83052D6809A901EB83066544366806992E443144029D0D44AA
:20A1E0000295DDF81CA04FEA7A3C8CEABA0C8CEABA579DE86000AC464CEA0A052E400CEA05
:20A200000A0535433D440D4406950DF1080C9CE842044FEAF12C8CEAB11585EA716C8AEA1C
:20A22000060501EA05018AEA0105AC444AA901EB83052D680AA901EB8306654436680599AF
:20A240002E443144019D0D440195DDF818A04FEA7A3C8CEABA0C8CEABA57DDF81CC0009E04
:20A260004CEA0A052E400CEA0A0535433D440D4405950DF1040C9CE842044FEAF12C8CEA9E
:20A28000B11585EA716C8AEA060501EA05018AEA0105AC444BA901EB83052D680BA901EB35
:20A2A00083066544366804992E443144009D0D4400950DF1140C9CE86040AA464FEA7A3CA6
:20A2C0008CEABA0C8CEABA57B4464CEA0A050EEA05060CEA0A0535433D440D4404959DE80C
:20A2E00042044FEAF12C8CEAB11585EA716C8AEA060501EA05018AEA0105AC444CA901EB7F
:20A3000083052D680CA901EB83066544366803992E443144079D0D4407950DF1100C9CE8FD
:20A320006040AA464FEA7A3C8CEABA0C8CEABA57B4464CEA0A050EEA05060CEA0A0535431C
:20A340003D440D44039507994FEAF12C8CEAB11585EA716C9DE840048AEA060501EA0501DC
:20A360008AEA0105AC444DA901EB83052D680DA901EB83066544366802992E443144069DDD
:20A380000D4406950DF10C0C9CE86040AA464FEA7A3C8CEABA0C8CEABA57B4464CEA0A05B6
:20A3A0000EEA05060CEA0A0535433D440D44029506994FEAF12C8CEAB115079EDDF800A069
:20A3C00085EA716C8AEA060501EA05068AEA060505EB0C064EA901EB83052D6835440EA90B
:20A3E00001EB8306366801992E443144059D0D4405950DF1080C9CE86040AA464FEA7A3C27
:20A400008CEABA0C8CEABA57B4464CEA0A050EEA05060CEA0A0535433D440D4401950DF154
:20A42000140C9CE842044FEAF12C8CEAB11585EA716C8AEA060501EA05018AEA0105AC447A
:20A440004FA901EB83052D680FA901EB83066544366800992E443144049D0D4404950DF17E
:20A46000040C9CE86040AA464FEA7A3C8CEABA0C8CEABA57B4464CEA0A050EEA05060CEACE
:20A480000A0535433D440D4400950833521C082AFFF455AE002207E09600EC46A5595CF8DA
:20A4A00006C06544A551521C082AF5D30DF5087DBDE8F08410B404464EF26761C6F6092133
:20A4C00021604AF68561CBF6673161604FF27231C3F66E41A1604FF23A51CAF24F51E16005
:20A4E00045F27F21C5F20E11216146F68C01C9F6053161614DF6AB11C1F68371A1614CF6BF
:20A500001951C5F6E031E16100212166002161660021A1660021084610BC70472DE9F04DC6
:20A5200081B004460091924604F1200B554600260027636E5344534502D2A36E5B1CA366CA
:20A54000636E534463661BE0236EC3F140039D4294BF2E461E4632460098236E39180BEB55
:20A560000300FEF7E2FB236E334423663744AD1B236E402B04D12046FFF778FD00232366E4
:20A58000002DE1D10023184601B0BDE8F08D70B504460E4604F12005226E8023AB54226EE9
:20A5A000521C2266226E382A0BD9206EC0F1400228440021FEF7C8FB2046FFF757FD002237
:20A5C0002266206EC0F1380228440021FEF7BCFB626E520FA265626ED200E265A36EA26D00
:20A5E00002EBC302A26504F1580108460222FFF7ECFC2046FFF73AFD214630460822FFF774
:20A6000009FD0022104670BDF0B59BB005460E46174601246846FFF74DFF56B13A46314690
:20A620006846FFF77BFF25B129466846FFF7AFFF0024234618461BB0F0BD2DE9F04C8246E8
:20A640000E461D4685B01746DDF830C09DF8344045F6585BC1F2030B01AABBE80B000BC20E
:20A66000DBF800001060009733462246614601A800F0D8FF08B1012042E001A82B460221CF
:20A680001A7890F800C0624501BF13F8012F10F801CF624513F8012F01BF10F801CF624545
:20A6A00013F8012F10F801CF01BF624513F8012F10F801CF624501BF13F8012F10F801CF93
:20A6C000624513F8012F01BF10F801CF624513F8012F10F801CF08BF624501D002200FE0F6
:20A6E000013001330139CBD13B46324651464BF6AC50C0F6000000F0DAFE003818BF0120A4
:20A7000005B0BDE8F08C00B513460A4601464BF6AC50C0F6000000F0F0FE003818BF0120BD
:20A7200000BD00B501464BF6AC50C0F6000000F04BFF003818BF012000BD70B506460D4682
:20A740004FF040742A88A4F18074013A19D32A80120416D13046327E210E022A0AD946F65D
:20A76000F862C1F20302515C03F0A9FF0235200EE8D170BD46F6FC62C1F20302515C04F041
:20A7800070FA0235200EDDD170BD2DE9F04405468A4603EB83004BF22471C0F6000101EBC4
:20A7A000C0079AF80010002401F0F000202856D11E4611F00F01F87E87F823400F2809D2DD
:20A7C0000130F876C0B2814207D03846052103F076FF4DE0FC76A142F7D1117946F69442DC
:20A7E000C1F2030202EBC50004F088F90028384621D1FA8B013AFA83202287F824200AF1A5
:20A80000010103F080FFB889D8B1C5EB850046F6A441C1F2030101EB8001F88B4BF214723A
:20A82000C0F60002A0B94989F981C6EB860302EB430188801CE0012103F041FFB88900288E
:20A84000E3D1072078773846214603F038FF0FE00889C6EB860302EB4301888008E000281C
:20A8600018BF102804D138460124072103F027FF2046BDE8F0842DE9F04F83B082469B4660
:20A88000156846F69441C1F2030101EBC00915F80B7099F8003007F0F0078DF8037003EBA1
:20A8A00083004BF22471C0F6000101EBC0045D4494F818C0002692F80480CAEB8A0046F628
:20A8C000A441C1F2030101EB80000290BCF1000C33D0BCF1050C35D0BCF1010F40F098805A
:20A8E000002F18BF102F40F093802046072103F0E6FE4BF22070C0F60000A4F806A000F8AE
:20A900000A807FB3102F3DD12978687801F00F02024334D168886A79C2EA0061000A41EA4C
:20A9200000402979424640EA012633462946484604F04FF900286BD12BE0002F18BF102FF6
:20A9400066D105E029465046FFF71FFF01285FD14BF22070C0F60000A4F806A000F80A8022
:20A96000002FCFD1294648464246082A94BF2E786E78334604F02DF9002849D109E00A07A3
:20A9800040EA1256334642462946484604F021F9F0BB84F81AB09DF80310A68184F82410A9
:20A9A00026810321E07660762176012084F823004FB9681C206084F82260204603B0BDE881
:20A9C000F04F03F0CDBF02994889E0810020E083687880B9287810F00F0F0CD1A8EB0B0017
:20A9E000FA3084F82200A81D2060204603B0BDE8F04F03F0B5BFA8EB0B00FE3084F822007C
:20AA0000A81C2060204603B0BDE8F04F03F0A8BF03B0BDE8F08F02F02ABA02F028BA02F028
:20AA200026BA02F024BA02F022BA02F020BA02F01EBA02F01CBA02F01ABA00B511B100F00D
:20AA40000AF800BD0BB1084600BD0146104600F06DFA002100BD2DE9E04F8AB015461E4660
:20AA60001A4300F06082AC461A1E0CBF01230023002B18BF2A46B2FA82F202EB43176A1E0A
:20AA800066F1000302EA050B03EA06025BEA020206D10AB0C7F13F02BDE8E04F00F0A9BA71
:20AAA000A84271EB060202D2002001463BE217B90120394637E26FF0004E202FC0F2B48085
:20AAC000C9BB0246C7F14007C7F1200015FA00F001D1012026E0AEEB0001A0FB01356B42C3
:20AAE000A3FB01135900A0FB01356B42A3FB01135900A0FB01356B42A3FB01135900A0FB9E
:20AB000001356B42A3FB011399000339A0FB01354319C91AA0FB01354319C91AA0FB0135DA
:20AB20004019081AA2FB00017B1E501A01EB5000D8400021F7E1302F76DB0A0CC1F30F0320
:20AB40000146000CC1F30F01CCF30F06C7F14007C7F1200C16FA0CF501D1012534E0AEEB71
:20AB6000050CA5FB0CBECEF1000BABFB0CCB4FEA4B0CA5FB0CBECEF1000BABFB0CCB4FEA99
:20AB80004B0CA5FB0CBECEF1000BABFB0CCB4FEA4B0CA5FB0CBECEF1000BABFB0CCB4FEA33
:20ABA0008B0CACF1030CA5FB0CBE05EB0E0BACEB0B0CA5FB0CBE05EB0E0BACEB0B0CA5FB70
:20ABC0000CBE7544ACEB0505A2FB05EB013FA2EB0B0C0BEB5C0C2CFA07FC06FB1C2243EAED
:20ABE0000243A3FB05B2A3EB020B02EB5B02FA4006FB123340EA0340A0FB05B3A0EB030BFD
:20AC000003EB5B03FB4006FB130041EA0041A1FB055092B2091A00EB5100F84080B240EA05
:20AC2000034042EA0C417EE14FEA271BCBF1040203929FB197B11F2F06D9A7F1200205FAA9
:20AC400002F64FF0000C09E006FA07F2C7F120052CFA05F545EA02060CFA07FC17F00F0775
:20AC60000A0C1CD10FB90A460EE01F2F05D9A7F1200100FA01F2002006E0B940C7F1200220
:20AC800020FA02F20A43B840ABF1010B4FEA1248C2F30F02030CC0F30F00002120E04FF02F
:20ACA0000008BFB1C7F1100322FA03F80FB90A460EE01F2F05D9A7F1200100FA01F2002042
:20ACC00006E0B940C7F1200220FA02F20A43B84011460A0CC1F30F030146000C0904090CC0
:20ACE0004FEA1C49ADF816904FF00009DA46CDF81890CDF81C90ADF81460350CCCF30F06F7
:20AD0000A5F1010C1CEA050F14BF4FF010094FF00F09CDF81090C9F1200C15FA0CF704D1C2
:20AD20004FF0010CCDF808C036E0AEEB070CA7FB0CBECEF1000BABFB0CCB4FEA4B0CA7FB93
:20AD40000CBECEF1000BABFB0CCB4FEA4B0CA7FB0CBECEF1000BABFB0CCB4FEA4B0CA7FB6D
:20AD60000CBECEF1000BABFB0CCB4FEA8B0CACF1030CA7FB0CBE07EB0E0BACEB0B0CA7FB7F
:20AD80000CBE07EB0E0BACEB0B0CA7FB0CBE7744ACEB070CCDF808C01FFA88FCAC4503D170
:20ADA0004FF48037944619E0DDF808E0DDF8109042EA0C4CACFB0EE7A9F1010BACEB070E22
:20ADC00007EB5E0727FA0BF705FB17CCBDF8149043EA0C4E07FB09FBF34508D9013FAC44E7
:20ADE000BCF5803FF2D3BDF814C007FB0CFBDDF80C904FF0000C19F0040F09D007FB161CA7
:20AE0000CCF30F014FEA1C4CCCF1000C1FFA8CFCDDF80C9019F0050F0DD0BDF8169007FB90
:20AE20001900A0EB0C0CCCF30F004FEA1C4CCCF1000C1FFA8CFCA3EB0B03A3EB0C0CCCF37C
:20AE40000F034FEA1C4C07FB1522CCF1000C1FFA8CFCA2EB0C024FEA124CCCF1000C1FFA88
:20AE60008CFC1FFA88F9A9EB0C0C5FEA1C4B24D0013FBAF1000F20D0DDF80C9019F0040FE9
:20AE800005D071188C44CCF30F014FEA1C4CDDF80C9019F0050F07D0BDF816904844844400
:20AEA000CCF30F004FEA1C4CBDF81490AA184B449C44CCF30F0302EB1C424FF00009089796
:20AEC000CDF824905FEA0A1B01D1CB4615E0DC46BBF11F0F05D9ABF1200C07FA0CFB4F4674
:20AEE0000BE0DDF824B0CCF1200E27FA0EFE0BFA0CFB4EEA0B0B07FA0CF7DDF818C09046C5
:20AF0000DDF81C901A464CEA070703460697084649EA0B090021CDF81C90BAF1010ABFF496
:20AF20003BAF384649460AB0BDE8E08F4FF00003020057D0B2EB112F98BF4FEA0222F9D384
:20AF4000B2EB510F42D8B2EB910F3AD8B2EBD10F30D8B2EB111F26D8B2EB511F1CD8B2EB9D
:20AF6000911F12D8B2EBD11F08D8B1EBC21F43EB030328BFA1EBC211B1EB821F43EB030362
:20AF800028BFA1EB8211B1EB421F43EB030328BFA1EB4211B1EB021F43EB030328BFA1EB50
:20AFA0000211B1EBC20F43EB030328BFA1EBC201B1EB820F43EB030328BFA1EB8201B1EBB4
:20AFC000420F43EB030328BFA1EB4201914243EB030328BF891A824288BF4FEA1222C4D198
:20AFE0001846704740F20002C0F20002002AF8D01047402A88BF4022D2F1200306DAA2F19F
:20B00000200321FA03F04FF00001704720FA02F001FA03FC40EA0C0021FA02F1704761B4F2
:20B0200010F0030F06D0521E3BD300F8011B10F0030FF8D101F0FF0C4CEA0C2C402A4CEAB1
:20B040000C4C1FD3A2F14002634665466646A0E86810A0E86810403AA0E86810A0E8681057
:20B06000F5D240321DD012F0200F1CBFA0E86810A0E8681012F0100F18BFA0E8681012F0A4
:20B080000F020ED0121F06D340F804CB121F02D340F804CBF6E7121D03D000F8011B521E40
:20B0A000FBD161BC704710B4044645F69452C1F203025FFA94F3D15C5FFAA4F3D35C1B02C0
:20B0C0001943230ED35C1B041943E3B2D35C1B06194300BF084610BC70472DE9F04F85B0DE
:20B0E0008346049117464FF0010A00238DF80330102F07D0182F05D0202F03D004238DF870
:20B10000033068E007F118038BF8003000238BF801300BF10405BB10DEB23A4604990BF19E
:20B120000400FDF702FE002451E094FBF6F306FB134353B3082E1BD114F0030F18D1331980
:20B140005B1E55F82300FFF7AEFF03460193DDF804C04FEA3C63019333194FEA830C55F820
:20B160002430DDF8048088EA030345F80C302CE033194FEA830C5B1E55F8233055F824E0A7
:20B1800083EA0E0345F80C301FE006EB0408A8F1010355F82300FFF786FF55F824C080EA99
:20B1A0000C0345F8283033194FEA830C55F80C3083EA0A0345F80C3000231AF0800F18BFC8
:20B1C0001B2383EA4A03DBB29A46631CDCB29BF800309C42A9D39DF80330184605B0BDE860
:20B1E000F08F2DE9F04D8AB007468B46019245F69464C1F2030407F1040A04253A1D019985
:20B2000006A800F0EBF800BF9DF818C054F82C309DF81DC01E0246EA136654F82C309DF861
:20B2200022C086EA334654F82C3086EA33269DF8273054F8233073405AF825605E40029687
:20B240009DF81CC054F82C309DF821C01E0246EA136654F82C309DF826C086EA334654F83E
:20B260002C3086EA33269DF81B3054F8233073406E1C5AF826605E4003969DF820C054F81D
:20B280002C309DF825C01E0246EA136654F82C309DF81AC086EA334654F82C3086EA33269E
:20B2A0009DF81F3054F823307340AE1C5AF826605E4004969DF824C054F82C309DF819C0EF
:20B2C0001E0246EA136654F82C309DF81EC086EA334654F82C3086EA33269DF8233054F8FC
:20B2E00023307340EE1C5AF826605E40059602A906A81022FDF719FD2B1DDDB23B789D422F
:20B3000082D3002649E0B300DDB20DF1080C45F694581CF805C0C1F2030806AB18F80CC0EA
:20B3200003F805C00DEB050305F1040C0CF00F0C0DEB0C0E45F694589EF809C0C1F20308DA
:20B34000193318F80CC083F800C00DEB050305F1080C0CF00F0C0DEB0C0E45F694589EF89A
:20B360000AC0C1F203081A3318F80CC083F800C00DEB050305F10C0C0CF00F0C0DEB0C0EAA
:20B3800045F694589EF80BC0C1F203081B3318F80CC083F800C0731CDEB2042EB3D33B7878
:20B3A00007F1040C0CEB830206A9584600F016F8002318460AB0BDE8F08D30B404460D46E0
:20B3C0000F2207E0A35C5B1CA354A35C03B103E0531E5AB2AA42F5DA30BC7047F0B4044689
:20B3E0000D461646002306E0F75C15F803C087EA0C07E7545B1C102BF6DBF0BC70472DE9B7
:20B40000F04D83B08246019302920C46DDF82C8028F00F08CDF80080DDF82CC00CF00F0BAE
:20B4200001279AF801C0BCF1000F04D1BBF1000F01D0042736E00027002616E001982146F0
:20B4400032182046FFF7CAFF224621465046FFF7C8FE9AF801C0BCF1000F05D1029A214674
:20B46000B0181022FDF761FC1036DDF800C06645E4D3BBF1000F15D000250CE0DDF804803A
:20B4800005EB060E14F805C018F80EE08CEA0E0C04F805C06D1C5D45F0D322462146504635
:20B4A000FFF79FFE00BF384603B0BDE8F08D2DE9F04404460E4617469A4600255246394686
:20B4C0002046FFF70AFE84466546314604F582701022FDF72AFC04F58A7010220021FDF7AB
:20B4E00033FC4FF0000CC4F824C14FF0000CC4F828C100BF2846BDE8F0842DE9F04F85B071
:20B5000002930391049204464FF0000C8DF802C094F801C00825BCF1040F08BF0C258DF8D9
:20B520000350D4F82851DDF808C06544C4F828510027029D40E04FF0000AD4F824C1BCF16B
:20B54000000F0CD104F5827204F58A712046FFF748FE9DF8031004F58270FFF72EFFD4F8FA
:20B5600024C1CCF1100BAB4594BFDC46AC46CDF804C0D4F824C1DDF8048008EB0C0AD4F84F
:20B5800024610FE0DDF8108004F58A7C18F807E01CF806C0DDF80C808EEA0C0C08F807C04A
:20B5A0007F1C761C5645EDD3DDF804C0A5EB0C050AF00F0CC4F824C1002DBCD19DF802C002
:20B5C000604605B0BDE8F08F30B404460D46D4F828212A600022104630BC7047F0B40446C3
:20B5E0000D462A78D31100220DE0AE5C7600A654561996F801C0A65C46EAEC16A65402F10A
:20B60000010C5FFA8CF20F2AEFD3AE5C7600A6544FF0870C13FB0CFCA65C86EA0C06A6546B
:20B62000F0BC70472DE9F04FD6B0039004918DF807205F9E1F4646F2F474C1F20304D4F870
:20B6400000C0CDF818C1D4F804C0CDF81CC1D4F808C0CDF820C1E46849949DF8072004999E
:20B6600005A8FFF73AFD8446E246BAF1000F73D10EB9002504E006F10F042409641E250151
:20B6800046AA114605A8FFF7ACFD46A952A8FFF7A5FF002E16D916F00F0F13D100240EE05D
:20B6A0000DF5A47B05EB040E1BF804B017F80EE00DF5947C8EEA0B0B0CF804B0641C102C8F
:20B6C000EED32FE006F00F0B52A94EA8FFF786FF00240EE00DF59C7E05EB04081EF804E0FA
:20B6E00018F807800DF5947C88EA0E0E0CF804E0641C5C45EED30DF59C7E1EF804E00DF531
:20B70000947C8EF0800E0CF804E0641C08E00DF59C7E0DF5947C1EF804E00CF804E0641C2D
:20B72000102CF4D34FF0010C8DF815C046A810220021FDF709FB00953B4646AA114605A81D
:20B74000FFF75DFE4AAA46A90846FFF747FE46AA039905A8FFF745FDD446604656B0BDE850
:20B76000F08F46F69833C1F203031A68B0FBF2F303FB1200002804D1B1FBF2F000FB1210C0
:20B78000002818BF0120704700B500F0B4FD02F090FC02F02BFD00BD704700B501F092FA3E
:20B7A00002F09EF902F09EF901F0D2FC01F0F9FA02F0A5F902F01EF902F031F9002000BD42
:20B7C00001F049BC01F05BBC30B5012808D10546084608F02CFA0446284602F0E8F902E060
:20B7E000002402F0E4F9204630BD08F041BA30B5039C9DF810C0BCF10A0F25D1B0F11205B3
:20B800000BD2B5F1FF3512D00F3516D0B5F1FF3F0DD001201221217030BD003D0DD02F3D4C
:20B8200005D0012D09D001201221217030BD08F048F8003808BF0C2030BD1A4608F066F854
:20B84000003808BF0C2030BD21461846BDE8304008F070B82DE9D04482B084468A4608993F
:20B86000079C1E4646F6B430C1F20300036820462BB98DE80014336808F01BFA77E046F672
:20B880004F44C1F2030423781746E3BB8DE80014336808F00EFA002869D14BF63833C0F6DD
:20B8A00000031A684BF63C31C0F6000141F8327001EBC20132684A604BF26801C0F6000173
:20B8C0000F604BF26C01C0F600010860316846F6414CC1F2030CCA199CF80030013A012BFE
:20B8E00045D14BF6247CC0F6000CDCF8003093423DD101F5847131604CF6A022C0F6000270
:20B900000121117033E04BF62874C0F6000423689A4218D14BF26803C0F6000346F6504C51
:20B92000C1F2030C1A609CF800304FF00A0C012B4FF000038DE808100CBF33684FF480731B
:20B9400008F0B7F913E08DE80014336808F0B1F94BF63833C0F600031A684BF63C31C0F63B
:20B96000000141F8327001EBC20132684A6002B0BDE8D08430B515461C4646F6B431C1F2D7
:20B9800003010868002858D046F64F41C1F20301087878BB4BF26C01C0F600010868801844
:20B9A0004BF26802C0F60002086011684BF62472C0F6000240181168013881423DD218467E
:20B9C000042106F059FEF8BB4CF6A022C0F60002012010704CF6A422C0F60002A5F1080186
:20B9E000107089B204F1080002F06CF9002808BF30BD29E04BF26802C0F6000210684BF63B
:20BA00002872C0F600021168884216D11846042106F032FEC0B946F65041C1F20301087884
:20BA200001280AD0A5F1080189B204F1080002F049F9002808BF30BD06E02946204602F06F
:20BA400041F9002808BF30BD022030BD10B581B04CF29404C0F600040A2910D12178012964
:20BA600023D10221217001464CF6C010C0F600000A2207F0CEF8003808BF0C2017E046F6C8
:20BA8000B432C1F20302116802290ED1217803290BD001460DF1020007F003F938B907F0C3
:20BAA000D3F820B90321217001E008F043F901B010BD2DE9F04D81B00C469DF82C50099F0B
:20BAC000DDF828B09646012646F63842C1F2030246F6F44A1188C1F2030A88427CD10A2D27
:20BAE00071D146F64A41C1F203010878012858D146F64840C1F2030090F80080B8F1010F79
:20BB000008BF4444207814F8011F41EA002008F02FF8051E00F0868046F64541C1F2030116
:20BB2000087885427ED2B8F1000F41D1C5EB850046F69001C1F2030101EBC000027B0BF1C6
:20BB400003009AF8041072B90239884240F092804BF64070C0F6000002703878164600287D
:20BB600040F08A8027E0884240F084806078A17841EA00204BF63C71C0F6000108804BF6DC
:20BB80003E70C0F60000058008F008F8002849D04BF64071C0F600010E70387800286BD148
:20BBA00009E09AF804100BF10300884262D125783878002860D1394628460A2208F0D5F876
:20BBC000061E59D13CE03A4619462B46704601B0BDE8F04D08F093B946F63A42C1F20302AE
:20BBE0001188884235D10A2D2CD19AF80C100BF1030088423ED146F64A41C1F20301087824
:20BC0000012813D122181078517841EA002007F0AFFF051E06D046F64541C1F203010878AA
:20BC2000854204D331203870304626E02578387810BB394628460A2206F0E0FF061EF1D105
:20BC40000C201AE03946184601B0BDE8F04D07F028B846F63C42C1F20302118888420BD1C6
:20BC60000A2D09D19AF814100BF10300884208BF002002D013203870304601B0BDE8F08D57
:20BC800001207047002070474BF26401C0F60001087870474BF26401C0F6000108707047DD
:20BCA00008F05EB970474BF62473C0F600031A68013282429CBFA1F58070092806D24BF28D
:20BCC000C871C0F600010020086070470120704700B592B208464BF2CC71C0F6000106F0EF
:20BCE00060FB002000BD30B515464BF2C874C0F6000492B220684BF2CC73C0F60003C018C0
:20BD000006F04FFB206840192060002030BD46F61842C1F203024CF6BC201168C0F60000DA
:20BD200046F6DC32C1F2030240F8041B11684A1E00210B4680E80C0046F6D033C1F20303EB
:20BD400046F6CC3CC1F2030C1A68DCF80030D218013A46F6D433C1F2030382601A68013A97
:20BD600046F6D833C1F20303C2601A6846F6F833C1F2030302611A68013A4261816146F61E
:20BD8000E833C1F2030346F6E43CC1F2030C1A68DCF80030D218013A46F6EC33C1F20303F2
:20BDA000C2611A68013A46F6F033C1F2030302621A6846F6F433C1F2030342621A6882627F
:20BDC00040F22472C26240F2DF72026340F22C72426346F64443C1F2030381631A7846F6EC
:20BDE0004743C1F2030380F83C201A78C18780F8401080F83D20012180F8411070474CF6D1
:20BE0000BC22C0F60002106850F8181F11F0020F07D001686FF341010160016811F0020FC3
:20BE2000FBD1016811F0010F08BF704701686FF300010160016811F0010FFBD1704710B54F
:20BE40004CF6BC22C0F60002146854F8181F11F0010F18BFFFF7D3FF206810F0010F07D1EB
:20BE6000206840F001002060206810F0010FFBD0206810F0020F18BF10BD206840F002002F
:20BE80002060206810F0020FFBD010BD4CF6BC20C0F600004269036943EA426290E80A00B3
:20BEA00042EA0342C36842EA0322CA6190F84020022A18BF704790F84120012A0ED18269EA
:20BEC000836A43EA0242436A42EA0312036A42EA0322CA608A6942F400728A618A6942F083
:20BEE00040028A61CA6842F40002CA60C26A886C62F30E20886470474CF6BC20C0F6000067
:20BF000090F840100068022908D1816941F48071816181696FF3CF31816105E0012903D1DA
:20BF200081696FF30821816101696FF304110161704740F20000C4F2530040F2FF320021F1
:20BF4000016041608160C160016141618161C1612030013AF4D1072140F8042B0139FBD1F0
:20BF600040F20000C4F2550040F2FF32016041608160C160016141618161C1612030013A8A
:20BF8000F4D1072140F8042B0139FBD170472DE9F00D4CF6BC22C0F6000213680020D3F83F
:20BFA000C010012262F31541C3F8C010190C090441F480370146C4F253018F4206D14BF204
:20BFC000B002C0F600021178024605E04BF2B40CC0F6000C9CF800104CF6AC2401EBC1051A
:20BFE000ED00D3F8C0C04FEA950A6AF38F0CC3F8C0C0D3F8C8C04CF604364CF0070CC3F825
:20C00000C8C0C0F6000601EBC10C4FEA8C1C0CF5B87CD3F8A0A04FEA9C0B6BF38F0AC3F870
:20C02000A0A0D3F8A0A04FF0080868F3164AC3F8A0A0D3F8A0A0C0F600046FF3DF7AC3F875
:20C04000A0A0D3F8BCA032734AF0070AC3F8BCA03D4347EA0C0A86E8280404F108059ABBBA
:20C060006618013E002943D00F0616F801C96044C0B2A7F180775FEA176CF6D14CF6BC2C78
:20C08000C0F6000C9CF84260012E39D0002E6FD100F54B604FEA900CD3F884006CF38F0050
:20C0A000C3F884002020002A54D16054D3F88400022161F31740C3F88400D3F8800061F303
:20C0C0000510C3F8800053E06E1E89B1705C0F068E19013EA7F180775FEA176C08D016F80F
:20C0E00001C96044C0B2A7F180775FEA176CF6D14CF6BC2CC0F6000C9CF84260012EC5D157
:20C1000000F54B604FEA900CD3F888006CF38F00C3F88800402072B96054D3F88800022171
:20C1200061F31640C3F88800D3F8800061F38300C3F880001CE06854D3F88800022161F333
:20C140001640C3F88800D3F8800061F38300C3F880000DE06854D3F88400022161F3174023
:20C16000C3F88400D3F8800061F30510C3F88000BDE8F00D7047F0B400224CF6BC23C0F69B
:20C1800000031046196814466FF30F0141F4803113464CF6043CC0F6000CC4F253039CF8D6
:20C1A0000C6099424DD14BF2B003C0F600031978C4F253044CF6AC23C0F60003002E4DD0BE
:20C1C0005B18073371B113F801090906A1F180710D0E07D013F801C96044C0B2A1F1807189
:20C1E0000D0EF7D14CF6BC23C0F6000393F84250012D48D14FEA126C011901EBCC01D3F8C9
:20C2000030C0D1F8B07C47EA0C07C1F8B07CD1F8B47CD3F834C047EA0C07C1F8B47CD1F862
:20C22000B07C65F35F77C1F8B07CD1F8B47C65F39F77C1F8B47C02F18072110E0829D7D390
:20C240004AE04BF2B403C0F600031978C4F255044CF6AC23C0F60003002EB1D15B18013B3E
:20C260000029BFD0090613F801C96044C0B2A1F180710D0EF7D14CF6BC23C0F6000393F841
:20C280004250012DB6D015BB4FEA126C011901EB8C01D3F830C0D1F8B07C47EA0C07C1F891
:20C2A000B07CD3F834C0D1F8B07C47EA0C47C1F8B07CD1F8B07C4FF0010C6CF3DD67C1F898
:20C2C000B07CD1F8B07C6CF39F77C1F8B07C02F18072110E08298BD326B94BF2B000C0F6CE
:20C2E000000003E04BF2B400C0F60000017801310170F0BC704710B5FFF709FD4CF6BC2452
:20C30000C0F6000494F84500012818BF10BD0020FFF795FD54F80C0B0122016A62F30101D5
:20C32000016294E8085054F8082C4CEA4E6141EA024141EA0321C16194F834100C3C02293F
:20C3400020D194F8411001290FD1A16904F1200292E808504EEA014141EA0C1141EA032101
:20C36000C160816941F400718161816941F040018161C16841F40001C160E26A816C62F3DE
:20C380000E2181644BF6E064C0F600040020FFF7B3FD207818B9FFF7CCFD0120207000208B
:20C3A000FFF7F5FD0020FFF7E6FE0020FFF727FD4CF6A821C0F600014FF0FF30088010BDDC
:20C3C0002DE9F00482B0024645F68C5CC1F2030C9CE809008DE809000020012A11D88B68C2
:20C3E0007BB18D786DB14CF6BC24C0F600042268D2F8CC20D20748BF022000F1AE80082D7C
:20C4000001D90120A9E009884CF6A822C0F6000211804CF60431C0F600014A684FF0080C7F
:20C4200051686CF31341516094F840C05168BCF1020F04D141F400114FF0FF3602E021F456
:20C44000001106465160516866F31451516011686FF35D71116094F843C01168BCF1010FC7
:20C460000ED141F080411160D4F838C011686CF31C0111600146AC465FEADC0734D00EE0F9
:20C480006FF39E711160A16B4FEA814C11686CF31C0111600146AC465FEADC0724D06D4636
:20C4A0001E46F90016F808AB05F808AB16F807AC05F807AC16F806AC05F806AC16F805AC0F
:20C4C00005F805AC16F804AC05F804AC16F803AC05F803AC16F802AC05F802AC16F801ACB8
:20C4E00005F801AC013FDDD11CF0070509D0CB180DEB0106491913F801CB06F801CB013D90
:20C50000F9D1C9B208290BD20DEB0103090603F8010B01F180714FEA116CBCF1080FF6D390
:20C520009DF80230BDF80010C1EA03419DF8033041EA036191609DF80630BDF80410C1EAF9
:20C5400003419DF8073041EA0361D1602268D2F8D01041F00101C2F8D01002B0BDE8F004BF
:20C560007047052839BF800008300001D030C0B270470021012888BF70472DE9B04894B063
:20C580004CF6BC25C0F600052A68D2F8BC0010F00700052802D28000083002E00001D03002
:20C5A000C0B2D2F8A440C4F305244CF60433C0F6000308309A68042704FB002C0CF10803B1
:20C5C000DCF80400C0F3034B6A4653F8100B50540131C9B24FEA102E02F801E00131C9B21C
:20C5E0004FEA104E02F801E00131C9B24FEA106E02F801E0013153F80C0CC9B250540131A4
:20C60000C9B24FEA102E02F801E00131C9B24FEA104E02F801E00131C9B24FEA106E02F8D0
:20C6200001E0013153F8080CC9B250540131C9B24FEA102E02F801E00131C9B24FEA104E26
:20C6400002F801E00131C9B24FEA106E02F801E00131C9B253F8040C50540131C9B24FEA2E
:20C66000102E02F801E00131C9B24FEA104E02F801E00131C9B24FEA106E02F801E0013111
:20C68000C9B2013FA1D1DCF8000095F84210C0F38A40012907D1DCF800006FF0030161F3B0
:20C6A0005F70DCF8001095F84010022908BF40F080404CF60431C0F600011290087B8DF830
:20C6C0004E0047F20010C1F20300ADF84C7010F80B00CDF840D0ADF8440010A912A801F077
:20C6E0003DFD2A68106D40F001001065C2F8A84014B0BDE8B048704710B54CF6BC24C0F6F4
:20C70000000494F84500012818BF10BD2068D0F8A41011F07F0F03D00020FFF72AFF20684A
:20C72000006D10F0010F08BF10BD0020BDE81040FFF71FBF4CF6BC21C0F6000191F845005B
:20C74000012818BF704710B54CF6A824C0F6000420884FF6FF7188420DD04CF6BC22C0F6BB
:20C7600000021168D1F8CC10C90704D401F030FD4FF0FF302080BDE8104070474CF6BC22F9
:20C78000C0F600021068016D41F000710165416C11F0800F08BF704781696FF3000140F8B3
:20C7A000181F0146086810F0010FFBD170472DE9F004059C069D40F20007C4F2310707EB91
:20C7C000C016A7F5803707EB001702F01F0C04290CD2C8B2C2001F2000FA02FA386820EAE4
:20C7E0000A000CFA02F2104338600DE001F1FC00C0B2C2001F2000FA02FA786820EA0A0012
:20C800000CFA02F2104378608A000F2000FA02FC706C20EA0C0013F00F0303FA02F21043F7
:20C82000706415B904FA01F0B060BDE8F0047047F0B582B00124002528468DE811000E23C1
:20C84000152202210620FFF7B2FF28468DE811000823152203210620FFF7A9FF46F64640B1
:20C86000C1F2030046F678040778C1F20304FE0851D00195A068009094E803000E232A469C
:20C88000FFF795FF019554F8141F009114E903000E232A46FFF78BFF019554F80C1F0091A9
:20C8A00014E903000E232A46FFF781FF019554F80C1F009114E903000E232A46FFF777FFB6
:20C8C000019554F80C1F009114E903000E232A46FFF76DFF019554F80C1F009114E9030019
:20C8E0000E232A46FFF763FF019554F80C1F009114E903000E232A46FFF759FF019554F8D0
:20C900000C1F009114E903000E232A46FFF74FFF0434013EADD117F007050BD00196A068F4
:20C920000090616854F80C0B0E233246FFF73FFF013DF3D102B0F0BD41F2C432C4F22002FC
:20C940001068012161F30100106010686FF30920106052F8C40D61F30100106010686FF34B
:20C9600009201060106840F48030106041F28032C4F22002106861F30100106010686FF37E
:20C9800009201060106840F48030106040F20002C4F22402106861F30300106041F200525E
:20C9A000C4F22602106861F30200106046F68032C1F20302116841F24452C4F2260210681D
:20C9C00061F30200106046F68432C1F20302116841F24452C4F22602106861F30710106074
:20C9E00046F68832C1F20302116841F24452C4F22602106861F30920106046F68C32C1F257
:20CA00000302116841F24452C4F22602106861F38B20106046F69032C1F20302116841F2A8
:20CA20004452C4F22602106861F30E30106046F69432C1F20302116841F21C52C4F2260256
:20CA4000106861F341001060106840F0004042F8080B1146086810F0010FFBD0086810F012
:20CA6000020FFBD040F20803C4F2200318686FF30F20186003F580531868012161F31F60FB
:20CA8000186018686FF30F20186041F20420C4F226000168022262F3020146F67833C1F2E3
:20CAA000030301601968C1F38402D0F8FC1321F4F85141EA0221C0F8FC13D0F8FC135022C1
:20CAC00062F30601C0F8FC13D0F8FC13022262F31441C0F8FC13D0F8FC1341F00041C0F8C6
:20CAE000FC1340F23C414218116811F0010FFBD0C16B012262F30301C163C16B41F48071AB
:20CB0000C163C16B21F03001C163C16B41F0004141F23052C4F22602C16310686FF3DF70E1
:20CB2000106052F80C0F6FF3DF70106041F20852C4F22602106840F000401060106840F094
:20CB400001001060704744F26002C4F2000210686FF30F20106040F61840C4F20000D0F8D8
:20CB6000E8134F2262F30F2140F20042C4F20002C0F8E81311686FF30701116011686FF3B6
:20CB800009211160116841F000411160D0F8B8116FF30701C0F8B811D0F8B8116FF3092105
:20CBA00044F2A002C4F20002C0F8B81111686FF30F211160D0F8EC13012262F30F2140F247
:20CBC0000042C4F20002C0F8EC131168012363F30701116011686FF309211160116841F018
:20CBE00000411160016863F30701016001686FF309210160416863F30701416041686FF352
:20CC000009214160816863F30701816081686FF309218160C16863F30701C160C1686FF398
:20CC20000921C160016963F30701016101696FF309210161416963F30701416141696FF371
:20CC400009214161816963F30701816181696FF309218161C16963F30701C161C1696FF350
:20CC6000092102F57352C16110686FF30F201060704700B5FFF760FEFFF765FF00BD4FF21B
:20CC80000041C4F22401086840F001000860A1F5704108686FF3DF700860A1F57E710868AA
:20CCA00040F00100086051F8080D6FF392400860704741F60001C4F226010868103818BF86
:20CCC0000120704770B441F60001C4F22601002408682546102827D0214641F20000C0F2C9
:20CCE0000000C00880B2844209D242F60006C0F60106C6E90045083601318142F9D340F279
:20CD00005000C0F20000C00880B284420CD24AF20001C0F600012646C1E9004506F5803673
:20CD20000831B0EB164FF7D840F20001C4F22401086840F48020086070BC704740F200001C
:20CD4000C4F2390001686FF3DF71016001686FF31A610160016811F0E06FFBD101686FF371
:20CD600011410160016811F4403FFBD101686FF392410160016811F4802FFBD1016841F0C5
:20CD800000410160016811F0004FFBD0026C00F1400142F010020264086810F0100FFBD0C9
:20CDA000704700B5FFF7C8FDFFF7CDFEFFF7C6FFFFF73EFD00BD704700B54FF20041C4F23E
:20CDC0002401086840F001000860A1F5704108686FF3DF700860A1F57E71086840F001002F
:20CDE000086051F8080D6FF39240086040F25431C4F221010020086062B6BFF36F8F00BD35
:20CE00007047704738B140F20802C4F2390211680160002070470120704740F20801C4F214
:20CE200039010868704740F20802C4F239021168081A704740F20802C4F23902106844F633
:20CE4000D351C1F26201A0FB01108009704740F20803C4F23903196844F6D352C1F2620286
:20CE6000A1FB0221C0EB911070470020704700B5BFF34F8F4EF60C51CEF20001086800F40E
:20CE8000E06040F20001C0F2FA5108434EF60C51CEF2000140F004000860BFF34F8FFEE764
:20CEA000002070477047002070474CF24002C4F226021168012363F30101116011680223AB
:20CEC00063F301011160002142F83C1C400142F8380C42F8341C52F8300D40F00040106026
:20CEE00010686FF300001060106840F01000106010686FF3082010604CF24002C4F22602F0
:20CF0000106840F0030010601068012161F301001060106863F30100106052F8400D40F091
:20CF200000401060106810F0010FFBD04CF24001C4F22601086840F0030008607047FFF7DA
:20CF4000B4BF4CF24002C4F226021068012161F3010010601068022161F301001060002021
:20CF600042F83C0C40F6CC4142F8381C42F8340C52F8300D6FF3DF701060106840F0100084
:20CF8000106010686FF3082010604CF20002C4F2260210686FF3DF70106052F8400F40F02F
:20CFA0000300106070474CF24001C4F226010868012262F3010008600868022262F30100B0
:20CFC000086051F8400D6FF3DF7008604CF24001C4F22601086840F003000860704700B567
:20CFE0004BF2B801C0F600010120087000F08BF8B0F1FF3F1EBF0028002000BD4BF2B801C1
:20D00000C0F6000100200870012000BD10B54BF2B801C0F600010120087000F074F8041E5A
:20D0200003D0FFF7C9FEA04710BD4BF2B800C0F60000047010BD46F6A032C1F20302116881
:20D0400040F611130A68CAF243539A4206BF002008600120704701884AF21003C0F6000320
:20D06000198000219970C278DA7002791A71597181799971C179D971007A187270474AF21A
:20D080001002C0F6000211880180D178C1701179017191798171D179C171117A017200219F
:20D0A00041721180A2F80310D1801172084670474BF60072C0F6000210684CF6FE21CBF6A1
:20D0C000BE21401A18BF012070474BF2B801C0F60001087801280AD14CF6FE204BF6007125
:20D0E000C0F60001CBF6BE20086001207047002070474BF6BE204BF60071C0F60001CCF679
:20D10000FE200860704700B500F00FF8013801288EBF002048F20100C1F2040000BD002088
:20D120007047002070470020704748F60012C1F20402106842F24241C9F2480188420CBFB9
:20D1400001200020704700207047704701207047704700B582B0002210468DE805000E23B0
:20D1600001210520FFF723FB02B000BD70477047002070477047704700F025B900F05AB862
:20D1800000F05AB800F069B800F079B800F089B800F099B800F0A5B800F0A9B820B582B044
:20D1A000DDF810C09DF814E08DE8005000F0B3F802B020BD00F0C0B800F0C7B800F0CEB805
:20D1C00000F0DDB800F0F1B8E0B584B0089D099EDDF828C0DDF82CE08DE8605000F004F96C
:20D1E00004B0E0BD10B581B0040045F2F843C1F203031A6800924FF0010015D0042913D16F
:20D200004FF0FF3005F052F9694605F0C2F84FF0FF3005F04BF901A905F0BBF869462046F4
:20D22000042205F0BEF8002001B010BD7047704701207047FBF7ACBC10B5040004D11846E3
:20D24000BDE81040FBF73BBD012C04D11846BDE81040FBF75EBD012010BD010005D14BF28B
:20D26000E850C0F60000FBF70CBD012905D14BF24860C0F60000FBF72EBD012070470300B2
:20D2800005D14BF2E850C0F60000FBF702BD012B05D14BF24860C0F60000FBF724BD01204B
:20D2A0007047020005D14BF2E850C0F60000FBF7FCBC012A05D14BF24860C0F60000FBF77C
:20D2C0001EBD0120704700B582B08DE806006A4601464BF2C000C0F60000FBF7B2FC02B03D
:20D2E00000BD4BF2C000C0F60000FBF7B6BC020006D14BF2C000C0F600000122FBF7B5BC48
:20D30000012A06D14BF2C000C0F600000322FBF7ACBC0120704750B582B0DDF814C09DF88C
:20D3200018E001248DE80050FDF787F9002808BF0446204602B050BD10B50124FDF7E3F97F
:20D34000002808BF0446204610BD10B50124FDF7E8F9002808BF0446204610BD00B506F08B
:20D360009DFE06F071FE002818BF00BD4BF28002C0F600020121117000BD012070474BF205
:20D380008002C0F60002117801290CD100B507F009F8012803D100205DF804EB70475DF8A9
:20D3A00004EB07F00AB8012070474BF28002C0F600021178012907F07D80012070470120D6
:20D3C00070470120704700B54BF2800CC0F6000C9CF800300122012B02D107F0AFFF0246AB
:20D3E000104600BD012070472DE9F04C86B005460E461746DDF840B09A464BF28001C0F6A5
:20D40000000108780124012873D1294604A806F0A9FD00286DD10F9B0E9A0D9950468DE8D9
:20D420000F003B463246294604A806F0B3FD00285FD148F66817C0F2090704AD288806F0F5
:20D4400039FE0446032849D1012000F02CFE288806F030FE0446032840D1012000F023FE3F
:20D46000288806F027FE0446032837D1012000F01AFE288806F01EFE044603282ED10120E4
:20D4800000F011FE288806F015FE0446032825D1012000F008FE288806F00CFE044603282D
:20D4A0001CD1012000F0FFFD288806F003FE0446032813D1012000F0F6FD288806F0FAFDD1
:20D4C000044603280AD1012000F0EDFD013FB5D1BDF8100006F034FE20460BE02CB95A4678
:20D4E0003146284606F09EFD04E0BDF8100006F027FE204606B0BDE8F08C012070474BF2A0
:20D50000B462C0F6000201231370507051607047002070474BF2BC61C0F6000100200880DE
:20D5200001200871704770B44BF2BC64C0F6000494F804C0BCF1010F16D12688102E13D29A
:20D54000C6EB86056D004BF6BC3CC0F6000C25F80C006544A970EA70701C20802B7180B2E8
:20D56000102824BF00202080002070BC70474BF61C41C0F6000100200431024603460DC1C4
:20D5800001F8040B844681E80D1001F8140C704730B50C4615460168216041686160D0F8B5
:20D5A0000011A160B0F80421A281B0F80601E08120460C2104F0A8FF21688D4203BFE189A7
:20D5C00088420020012030BD70B5ADF5047D06460D464FF4007245F20C51C1F2030104A8C0
:20D5E000FBF76BF945F2FC44C1F203046A460BCC0BC220681060AA89284600240C2104F072
:20D6000083FF2968049169680591A9684491A989ADF8160146F69C30C1F20300ADF814119F
:20D620000168B6FBF1F000FB1160301A04F04DFB00280DD104A930464FF4007204F0C5FA6C
:20D64000002805D12A6869463046FFF7A1FF002818BF012420460DF5047D70BD2DE9F044FB
:20D6600088B084468A4616461F4645F20C74C1F2030404AA0BCC0BC22068106045F21C7495
:20D68000C1F203046A460BCC0BC220681060002446F26922C6F66F5204A96046FFF778FF60
:20D6A00046F26E52C6F66742694605465046FFF76FFF55BBC0B901980599814205D1306030
:20D6C000029838600425204645E00699814206D10198306002983860032520463BE00625FC
:20D6E00034603C60204636E00699052531603C6046F26E50C6F667408DE81300ADF80C40B6
:20D7000069465046FFF760FF25E0002814BF01250225681E06D9043808D30DD0012818BFC9
:20D72000204618D134603C60204614E0019830600298386020460EE0069931603C6046F25D
:20D740006E50C6F667408DE81300ADF80C4069465046FFF739FF4BF61C41C0F600010D70EA
:20D7600008B0BDE8F08470B5ADF5047D05460E464FF4007245F23C71C1F2030104A8FBF703
:20D780009CF845F22C74C1F203046A460BCC0BC22068106002962868002400906868224604
:20D7A0000190ADF80C4068460C2104F0ADFE02994491BDF80C10ADF80E00ADF81411ADF80A
:20D7C000160144A905F580704FF4807204F0FDF9002805D1009A69462846FFF7D9FE002892
:20D7E00018BF012420460DF5047D70BD00B5FEF7A1FFFEF781FF00BD00B502F070F800F09C
:20D8000084FD00BD00B500F0ABF9FFF74BFB00F044FC00BDFEF7B2BF00B500F0D0F900F094
:20D82000CFF900F0F5F904F017FD06F0A5F805F061FA00BD2DE9F0484BF2C464C0F600042D
:20D84000FFF7EBFA2168421A48F21F50C5F2EB10A2FB000B4FF000054FF001065FEA9B1B7C
:20D8600008BFBDE8F0885FEA9B0700F0858001F1C800206006EB870600F00FFC02F02FF818
:20D8800000F043FDFEF756FFFEF736FF01252068C830206000F001FC02F021F800F035FDA4
:20D8A000FEF748FFFEF728FF0135052D0AD1606800F57A70606000F053F9FFF7F3FA00F057
:20D8C000ECFB00252068C830206000F0E6FB02F006F800F01AFDFEF72DFFFEF70DFF01351C
:20D8E000052D0AD1606800F57A70606000F038F9FFF7D8FA00F0D1FB00252068C8302060EA
:20D9000000F0CBFB01F0EBFF00F0FFFCFEF712FFFEF7F2FE0135052D0AD1606800F57A70B6
:20D92000606000F01DF9FFF7BDFA00F0B6FB0025013F1CD0216801F1C800206000F0ADFB27
:20D9400001F0CDFF00F0E1FCFEF7F4FEFEF7D4FE0135052D9BD1606800F57A70606000F064
:20D96000FFF8FFF79FFA00F098FB00258FE75E4588BFBDE8F088216801F1C800206000F049
:20D980008CFB01F0ACFF00F0C0FCFEF7D3FEFEF7B3FE0135052D0AD1606800F57A706060A2
:20D9A00000F0DEF8FFF77EFA00F077FB3D4601365E4588BFBDE8F088216801F1C80020604D
:20D9C00000F06BFB01F08BFF00F09FFCFEF7B2FEFEF792FE0135052DE9D1DDE700B500F036
:20D9E0005CFB01F07CFF00F090FCFEF7A3FEFEF783FE00BD10B581B04BF2C464C0F600040A
:20DA0000002000906846FFF7FDF90098024603460146844684E80F10606101B010BD10B5F3
:20DA200081B04BF2C464C0F60004002000906846FFF7E8F90099A2688A1A642A07D9A068A4
:20DA40006430A060FEF776FEFEF756FE009920680A1AC82A06D9C830206001F040FF00F0D2
:20DA600054FC0099E0680A1AB2F5FA7F02D900F5FA70E06060680A1AB2F57A7F09D900F554
:20DA80007A70606000F06CF8FFF70CFA00F005FB009920690A1A41F288339A4284BFC01871
:20DAA00020616069091A42F21072914203D980186061FEF763FE00F082F800F081F800F022
:20DAC000A7F804F0C9FB05F057FF05F013F96846FFF798F90099A2688A1A642AB7D9AEE774
:20DAE000FFF78EB900B5FFF7E3FA012818BF00BDFFF7A1FA012808BFFFF788FA00BD10B529
:20DB00004BF2DC64C0F60004FFF723FBFDF73CFEFFF72CFB012003F0E2FF04F017F904F082
:20DB2000ACFA00F041FA002001F02AFEFEF7BAF8FFF744FB05F0B8FE05F036F8FFF717FD27
:20DB400000202070207110BD00B5FFF710FBFDF723FEFFF756F900F04AFA03F0FFFF00BDC5
:20DB600010B54BF2DC64C0F600042078013812D314D0022818D318BF10BDFFF7F8FAFDF77A
:20DB80000BFEFFF73EF900F032FA03F0E7FFBDE81040FFF76CB90120207010BD207901280A
:20DBA00004BF0220207010BD0320207010BD70474BF2E061C0F600010120087070477047B0
:20DBC00070474BF2E861C0F6000188600120C871002048710860704710B44BF2EC64C0F610
:20DBE000000461784BF6D862C0F6000211B90121617009E011784BF6D862C0F600028142F0
:20DC000006BF0021A16001212170107010BC70477047F0B403464BF2E464C0F60004A17A69
:20DC2000002000294CD11946D3185E1E4BF28403C0F600031F6846F67033C1F203031D6897
:20DC4000EB19013BAA4211D38F4206D28B422BD2B74225D8B34223D90CE0B342F8D826681B
:20DC6000012076192660AE4225D127E0B9420AD2BE4211D3F01B421C26680120B61826605A
:20DC8000AE4218D11AE09E4206D826680120B6182660AE420FD111E0994201D89E4203D8C0
:20DCA0002268AA4207D109E0581A421C26680120B6182660AE4218BF994201D30121A172AF
:20DCC000F0BC70472DE9F04F40F60402ADEB020D04468B464BF2E86AC0F6000A00264BF2DC
:20DCE0006001C0F600010A20087046F64941C1F2030191F80080B146B8F1010F40F0C780BD
:20DD00004BF64171C0F600010878012840F0BF80DAF8085046F63E41C1F203014BF62C47F1
:20DD20000878C0F60007012800F0C28046F6B431C1F203013E700868022875D12CE00120B8
:20DD400038704BF62440C0F600004BF62C72C0F6000201681068FFF706FD60B94BF6344081
:20DD6000C0F600004BF63042C0F600020168106803F0ABFF28B138780126022800F0C180F9
:20DD800003E03878022800F0BC8046F6B431C1F203010868022847D146F64F41C1F203018D
:20DDA0000878012826D14BF62871C0F600010A6895420DD346F65043C1F20303197802F5F9
:20DDC0008072012902D1954202D81AE0954218D35A4601A9204604F05FFFE0B3387801267B
:20DDE000022800F09A804BF26001C0F6000101200870A6E04BF62472C0F6000211688D42A4
:20DE0000E6D94FF00109012808D146F65041C1F203010878012808BF4FF4007B5A4621463F
:20DE2000284604F069F90646002E72D1B9F1000F73D1B8F1010F12D14BF64171C0F600011E
:20DE4000087801281BD12A4659462046FFF760FB06005ED161E001AC002EE7D059E05A4686
:20DE600021462846FFF7D5FE012808D14BF26001C0F600010E70B8F1000F57D15CE05A4673
:20DE80002146284604F038F9060042D145E04BF62C47DAF80050DAF8080046F63E41C1F22C
:20DEA00003012D180878C0F6000701287FF43EAF387800287FF466AF4BF62C72C0F600025C
:20DEC000106800F500718D427FF65FAF41684BF62840C0F600004BF62442C0F6000201604A
:20DEE0001068FFF733F901287FF429AF02204CF28B01C0F6000138700878012808D1FFF751
:20DF000099FC4CF28B01C0F6000108780128F6D01EB1387802287FF466AF4BF26001C0F6F7
:20DF2000000100200870B8F1000F05D04BF64171C0F60001087820B9DAF800005844CAF888
:20DF40000000304640F604018D44BDE8F08F10B502464BF2600CC0F6000C9CF800300020BF
:20DF60000A2B19D04BF2E863C0F6000393F807C0BCF1010F10D193F804C0BCF1010F06D070
:20DF8000DC686418DC601B689C4298BF10BD1046BDE81040FFF796BE012010BD4BF26001DF
:20DFA000C0F60001087870474BF28C01C0F600010878012809D100B546F6A831C1F20301EE
:20DFC0000868FEF772FF5DF804EB4BF2F860C0F600000121017101704AF67741C0F6000128
:20DFE000C1604AF6A741C0F60001016170474BF28C01C0F600010878012804D100B5FEF75F
:20E00000A0FF5DF804EB4BF2F861C0F6000100200870704710B54BF2F864C0F600042078D1
:20E0200068B94BF28C01C0F600010878012811D146F6A831C1F203010868FEF736FF4BF210
:20E040008C01C0F600010878012804BF4FF6FC70FEF775FF0020207110BD46F6A832C1F2AF
:20E0600003021168884228BF70474BF28C02C0F60002117801293EF462AF70474BF28C01C0
:20E08000C0F600010878012818BF704746F6A831C1F203010868FEF752BF4BF20471C0F6E8
:20E0A0000001086800474BF20872C0F6000211680847704700B583B0C0EB800246F67C43AA
:20E0C000C1F2030303EB8202136801930B68898802938DF80210ADF8000090886946FEF7F5
:20E0E0006FF903B000BD028846F65C43C1F2030303EB0213428862B1D3F800C0614503D343
:20E10000D3F804C0614519D9013A92B21033002AF2D1828882B1186888420FD01033013A45
:20E1200092B24AB11868884201D1184670471033013A92B2002AF5D110467047184670479B
:20E1400000B582B0037B8B4206D80092ADF804104089694600F038F902B000BD30B584B043
:20E1600002680C790D68808846F65441C1F2030101EBC0008179022917D8012905D122F0D9
:20E18000C041FFF7B0FF08B304E0C2F30A01FFF7AAFFD8B1017BA14218D80295ADF80C407B
:20E1A000408902A900F010F910E0008846F65C41C1F2030101EB0010017BA14206D800951C
:20E1C000ADF804404089694600F0FEF804B030BDC0EB800046F67C41C1F2030101EB800010
:20E1E000C088002100F015B9FFF7E2BC4BF22470C0F60000002101760177418180F8401043
:20E2000080F8441041864BF20C72C0F600020120107070474BF22471C0F600010020087679
:20E22000087781F840004BF20C72C0F6000281F844001070704770B5024646F68843C1F218
:20E24000030303EBC00003784BF2247C03EB8303C0F6000C0CEBC306337E01247BBB347606
:20E26000F2808D88294600F0EAFE012805D13046214600F0F6FC204670BDB5810021B17601
:20E28000072D0BDC35740220707786F824104FF0FF3086F823007476084670BD7574280A70
:20E2A00040F01000F1763074102102207076707786F824104FF0FF3086F8230000242046A8
:20E2C00070BD10B5014646F69442C1F2030212F830004BF2247200EB8000C0F6000202EB1E
:20E2E000C000C288002491420DD1017E59B190F82410002901D081890729DCBF012010BD3D
:20E300000B2100F0DCF9204610BD2DE9F04C4BF22474C0F600044BF21076C0F60006002554
:20E3200046F6884BC1F2030B4BF6DC67C0F60007C5EB8500217E4BF21472C0F6000202EB90
:20E34000400AB9B3617F022903D1204600F0C2FD617F042905D1207F03281CBF204600F035
:20E36000FFFA51462046FCF7E8F9217E022921D83178B9B138780130C0B246F26762C6F2F1
:20E38000666252FB00F2521002EB8202821A04D038702834022D11D20FE0013931703A70A9
:20E3A000090407D1607F012804D1E0880BEBC00000F043FD2834022D00D201360135EDB2E4
:20E3C000022DB5D3BDE8F08C10B503460A46C0EB800046F6BC4C0968C1F2030C40000C78A1
:20E3E00030F80C0004F0F004302C0CD146F69843C1F2030313F83020012A08BF10BDBDE839
:20E40000104000F056BC19460023BDE81040FCF732BAF0B5034646F69040C1F20300C25C86
:20E420004BF2247102EB8200C0F6000101EBC00090F81CC000264BF21474C0F60004BCF182
:20E44000030F1CD1067790F82030214623B1C2EB820252008E52F0BD05230376C088C2EB87
:20E4600082025200C0EB800046F6A44CC1F2030C0CEB80001319008998808E52F0BD46F6A0
:20E480008842C1F2030212F8335005EB850001EBC000077F817E002F08BFF0BD012F07D11C
:20E4A000314600F0DEFBC5EB85056D002E53F0BD022F14D1C27E091842F020020A742021BD
:20E4C00080F824104BF21071C0F6000190F821204A55C5EB85056D0047772E53F0BD042FED
:20E4E00018BFF0BDC27E091842F020020A742021C5EB85025300C28880F8241002EB820233
:20E5000046F6C841C1F2030101EB420203EB040CD288ACF8022002220276E652F0BD01220D
:20E5200080F820200422427790F82220427600F11003AAB111F8012B03F8012B90F822203D
:20E54000013AD2B25AB180F8222011F8012B03F8012B90F82220013AD2B2002AF3D1427EA4
:20E560000621017680F8222070472DE9F04585B00446C0880022C0EB800146F69443C1F266
:20E58000030303EBC00A46F6A443C1F2030394F8205003EB810645F030018DF804109AF8DF
:20E5A00000804BF29001C0F6000101EB400C002D4ED19CF8001071B94FF0FF32E2839CF89B
:20E5C00001008DF805108DF806009AF805100320012952D147E06089A389984220D3FF29CD
:20E5E00026D042F2934EC9F2492E5EFB03F0C01887107A1CC7EBC70EA3EB0E031B0617D15E
:20E60000FAB28A4217D3E1839CF801008DF805108DF806009AF80510032001292DD122E086
:20E6200042F29342C9F2492252FB00F212189208D2B28A42E7D2E2839CF801008DF805100B
:20E640008DF806009AF805100320012915D10AE09CF801008DF805208DF806009AF80510FA
:20E660000320012909D146F6D861C1F203010DF107000522FAF721F90820ADF8100001A88A
:20E680000390022D14D294F82300B18801281ABF94F8240020280131C8EB880040004BF206
:20E6A0001472C0F6000281520420207603202077708803A9FFF7FEFC05B0BDE8F08530B58D
:20E6C00046F6944546F6A442002404760477B0F806C0C480C1F20302CCEB8C008000C1F20A
:20E6E0000305805A05EBCC0501F0C1FA28784BF21471C0F60001C0EB800040000C52401891
:20E70000C0F8024030BDF0B583B0074690F822600024ADF80240ADF808600DF1020280F851
:20E720002040C08846F6A445C1F20305C0EB800080000191405B01A901F049FAF0B9B889B1
:20E74000BDF80210801BB8817981FA8B80B2002A5FD100285DD097F82220914238BF814260
:20E7600009D397F82300012810D087F820403846FFF7FBFE4DE0042078774AE00721797734
:20E78000022829D197F82300012807D187F82000387FF0BB3846FFF7E8FE3AE03C763C77C8
:20E7A000F88846F69442C1F2030202EBC006C0EB80008000FC80405B012101F058FA30788D
:20E7C0004BF21471C0F60001C0EB800040000C524018C0F802401CE03C763C77F88846F688
:20E7E0009442C1F2030202EBC006C0EB80008000FC80405B012101F03AFA30784BF2147165
:20E80000C0F60001C0EB800040000C524018C0F8024003B0F0BD70B504460025428990F8DF
:20E820002230407E9A421BD310B1657604F110010720607794F8240084F82350202804D0A3
:20E840002046BDE87040FFF75EBF207F84F82050002818BF70BD2046BDE87040FFF785BE3F
:20E8600020B194F82300012818BF70BD2046FFF756FE94F82400002808BF70BDE08918BB33
:20E880002583257707206077E18846F69442C1F2030202EBC106C1EB8101880046F6A44178
:20E8A000C1F20301E580405A082101F0E0F930784BF21471C0F60001C0EB800040000D52C4
:20E8C0004018C0F8025070BD012184F82010217F19B92046FFF749FEE0890138E08170BD96
:20E8E00070B504460168407E10B92046FFF717FE94F82400002808BF70BDE08920BB072011
:20E900000025258360772577E18846F69442C1F2030202EBC106C1EB8101880046F6A441F9
:20E92000C1F20301E580405A082101F0A0F930784BF21471C0F60001C0EB800040000D5283
:20E940004018C0F8025070BD012184F82010217F19B92046FFF709FEE0890138E08170BD55
:20E960002DE9F04F85B0044646F6A44B4BF21476D0F8008000250420E1886077ADF8025009
:20E98000C1EB810046F69443C1F2030313F83110C0F60006B71CC1EB81014FEA410916EBF1
:20E9A0000901C1F2030BB1F802A00BEB8000BAF1000F08BFB0F806A027F809A094F8231075
:20E9C0000DF10202012915D194F82210CDF80C80ADF8101013462289008803A901F094F89C
:20E9E00088B102281FD12046FFF77AFFA08900287FD15FE00395ADF81050008803A901F04D
:20EA0000E6F80028EDD1BDF8020094F822106081884228BFAA4641462046FFF7FCFEA08935
:20EA2000002866D146E0032825D1022084F82000072060772046FFF798FD25762577E088E4
:20EA400046F69443C1F2030303EBC008C0EB80008000E58030F80B000A2101F008F998F844
:20EA60000000C0EB8000400035523D5280198580A089F0BB1EE02576257707206077E08808
:20EA800046F69443C1F2030303EBC008C0EB80008000E58030F80B00012101F0E8F898F82E
:20EAA0000000C0EB8000400035523D5280198580A089F0B9207EE0B1257625770720607701
:20EAC000E08846F69443C1F2030303EBC008C0EB80008000E58030F80B00294601F0C7F8EA
:20EAE00098F80000C0EB8000400035523D528019858027F809A005B0BDE8F08FF0B40378A7
:20EB00004BF2247C03EB8303C0F6000C0CEBC305EC8800224BF22073C0F6000307271C5D5D
:20EB20004379AE89012B02D1082938BF0122072E3FD9A14248D03AE0012B42D1082940D0B6
:20EB400035E046F6E864C1F2030494F801C0604502D88C4535D02AE094F803C0604502D8E4
:20EB60008C452ED023E094F805C00023604502D88C4526D01BE094F807C0604502D88C456B
:20EB80001FD014E094F809C0604502D88C4518D00DE094F80BC0604502D88C4511D006E0AA
:20EBA00094F80DC0604598BF63468B4209D001200BE0701CC0B20828C3D8002BBCD188425A
:20EBC000F5D1002A08BF3746104685F82270F0BC7047F0B40578002405EB85054BF2247C9D
:20EBE000C0F6000C0CEBC5070D7890F805C005F0F006BCF1010F02D1082A38BF0124B3F54D
:20EC0000803F2AD254BB4BF2207CC0F6000C36B9591C8A4221D303B3072B1BD91DE0FF880B
:20EC20001CF80770082F18D34978002908BF15F00F0F03D1B3F5805F0CD20EE0082F06D31C
:20EC400002D8082B03D208E0791E8B4205D30179012902D04088834200D201242046F0BCA2
:20EC6000704730B546F6884346F6C842B0F806C0002404760477C1F203020CEB8C004000A9
:20EC8000C1F20303805A03EBCC0501F061F82A784BF21471C0F60001C2EB820040000C52F0
:20ECA0004018C0F802404BF21070C0F60000845430BD70B546F68846C1F2030616F8302081
:20ECC0004BF2247302EB8200C0F6000303EBC000037E022B18BF70BD0C7804F00F0304F05A
:20ECE000F004302C18BF70BD4BF21474C0F600040025013B20D34FD0C18805760577012B62
:20ED00005AD006EBC10601EB8101480046F6C841C1F20301405A062101F01AF83178C1EB46
:20ED20008100400025520019C0F802504BF21070C0F60000455470BD4B78C38389787F298D
:20ED400019D861B1013180F8211001210176C2EB820104EB41014D800221417770BD80F88E
:20ED6000211001210176C2EB820104EB41014D800221417770BDF139092934BF0121802181
:20ED800080F8211001210176C2EB820104EB41014D800221417770BDC088C2EB820200EB97
:20EDA000800004EB420146F6C842C1F2030202EB4000C088488070BD06EBC10601EB810113
:20EDC000480046F6C841C1F20301405A0A2100F0BFFF3178C1EB8100400025520019C0F81E
:20EDE00002504BF21070C0F60000455470BD8189F1B1C17E0131C9B20F2988BF0021C17619
:20EE0000817E4A1C09184276097C11F0100FC18B02D0042269B101E0022251B14FF6FF73F3
:20EE2000994206D00139C183090408BF042200E001220277002141777047F0B582B006467A
:20EE400004784BF2247104EB8400C0F6000101EBC0054BF21070C0F60000005DC0BB05F148
:20EE600010000090717995F82230012901D1082B02D3ADF804300CE0C3F108020821ADF8D4
:20EE80000410D2B246F6D861C1F203011818F9F714FDE88846F6C84100EB8000C1F20301A6
:20EEA00001EB40074BF21470C0F60000C4EB8401490095F82320BB8812F00102D2180A52CD
:20EEC00031462846FFF793FF78886946FFF7F2F802B0F0BD2DE9F04F86B004464FF0000AB9
:20EEE0008DF804A0ADF806A0C08846F68842C1F2030202EBC0010291097894F81990A68972
:20EF0000C1EB81014FEA41084BF21473C0F6000303F1040BC9F108053BF80870ADB25FB1E0
:20EF200000EB8000400004EB09011031049194F82410102911D114E000EB8000400046F6A1
:20EF4000C842C1F2030281180F8904EB09011031049194F82410102903D020293ED1072E96
:20EF60003CD90DF1020301AA46F6C84CC1F2030CADF814503CF8000004A900F0BBFEE8B38E
:20EF8000012854D1E08884F818A084F81CA046F68842C1F2030202EBC00400EB8000400035
:20EFA00046F6C841C1F20301405A012100F0D0FE21784BF21473C1EB81004000C0F6000358
:20EFC000C21823F800A0A2F802A02BF800A04BF21070C0F6000000F801A02BE00DF1020383
:20EFE00001AA46F6C84CC1F2030CADF814603CF8000004A900F07EFE0028C1D1B5420746F0
:20F00000A08934BF29463146401AA08109EB010084F8220094F82300FF2805D10298FFF7A4
:20F020000CFF84F823A005E00120607702E0022808BF60772BF8087006B0BDE8F08F024642
:20F0400043880020994206D31279012A18BF7047072998BF70470120704700B546F69851DD
:20F06000C1F203014CF2A000C0F60000D1F806104181090C418001F0C4FB4CF24C01C0F6DD
:20F0800000010878022808BF00BD4CF24C00C0F60000022101704CF28102C0F600020120D3
:20F0A00010700846FCF790FB00BDF0B583B06846FCF788FB002840F0B0809DF803001028F3
:20F0C00040F088809DF80400022826D146F69853C1F203034CF2A000C0F60000D3F80610E9
:20F0E0004181090C418001F08CFB4CF24C01C0F60001087802280ED04CF24C00C0F60000F6
:20F10000022101704CF28102C0F60002012010700846FCF759FB9DF8040001F05DFB014683
:20F1200003287AD29DF80700012876D14CF25002C0F600024BF27003C0F6000310681A68A1
:20F14000013202604CF6C002C0F60002531C83605023C3749DF80430537046F69853C1F2FC
:20F160000303C1EB81014FEA410C33F80C10C82601FB06F744F6D354C1F26204A7FB041770
:20F1800046F26765B909D1700F0A0CEB030149887143C6F2666555FB01F18910A1FB044190
:20F1A0009770890951710B0A0521C1600021137101829DF808104CF27E02C0F600021170CC
:20F1C0009DF809104CF28302C0F60002117000F00FFE22E0112804BF9DF8070001281CD1D8
:20F1E0004CF25003C0F6000318684BF27003C0F600031968013101604CF6C002C0F600020C
:20F20000511C81605121C1749DF8041051700121C1600021018200F0EBFD03B0F0BD10B5AB
:20F2200085B04CF28001C0F600014CF250040878C0F60004103800F01782013800F0DB8101
:20F24000163828D00A3800F00A81062840F03E820DF10D000221FCF7F9FB002840F0B081EF
:20F2600020680021C27C42F04002C2744CF29202C0F60002C16011704CF28802C0F6000251
:20F28000117000F0B5FD4CF29801C0F60001087801F04FFA1AE2206802220DF10D018DE8DA
:20F2A000060081684A1C00684CF28D0CC0F6000C411C9CF8000004ABFCF799FA00287BD15E
:20F2C00020684CF28D02C17C41F04001C174C0F600028068117801704CF28802C0F60002DB
:20F2E00000201070B1F1120012D2B0F1FF3020D00F3035D0B0F1FF3F1BD0206800F078FD1B
:20F300004CF29801C0F60001087801F012FADDE1003825D02F380CD0012821D0206800F022
:20F3200067FD4CF29801C0F60001087801F001FACCE19DF80D00B0B92068049A0132C2603C
:20F340004CF28202C0F600020131117000F050FD4CF29801C0F60001087801F0EAF9B5E1CB
:20F360009DF80D0050B1206800F042FD4CF29801C0F60001087801F0DCF9A7E1206801222C
:20F380004CF27E03C0F60003013919704CF28303C0F6000300211970C2604CF28202C0F671
:20F3A0000002117000F024FD4CF29801C0F60001087801F0BEF989E1022800F003810128D2
:20F3C00040F084814CF28D01C0F60001087802381CBFB0F11000302808D09DF80D102068C5
:20F3E00000F0F6FC206800F003FD6FE14CF28301C0F6000108784CF28402C0F600020130BD
:20F400001178C0B288420DD24CF28301C0F6000108709DF80D10206800F0DAFC206800F0DF
:20F42000E7FC53E1362146F61C42C1F203028DF80D10106841F2883250434CF25402C0F628
:20F44000000210604CF28302C0F6000200201070206800F0BDFC206800F0CAFC36E1206811
:20F46000022300220DF10D018DE80E008168CA1C00684CF2760CC0F6000CC11CBCF800006C
:20F480000DF10E03FCF715FB002840F099802068816800680078087020688168006840788F
:20F4A000487020688168006846F64A42807888702068C1F20302C17C41F04001C174117856
:20F4C000012969D14CF27602C0F6000246F63843C1F2030311881A88914235D146F6484210
:20F4E000C1F2030211784CF28802C0F60002012912D10421C16081680068C078C8702068AF
:20F500000021117000F074FC4CF29801C0F60001087801F00EF9D9E00521C1608168006892
:20F52000C078C8702068816800680079087120680021117000F05CFC4CF29801C0F6000190
:20F54000087801F0F6F8C1E046F63A43C1F203031A88914224D10621C16081680068C078FE
:20F56000C8702068816800680079087120684CF2880281680068C0F6000240794871206835
:20F580000021117000F034FC4CF29801C0F60001087801F0CEF899E0BDF80E100331C16043
:20F5A0004CF28802C0F600020021117000F020FC4CF29801C0F60001087801F0BAF885E007
:20F5C000022806D14CF28A01C0F60001012008707CE001287AD19DF80D10206800F0F8FB24
:20F5E000206800F005FC4CF29801C0F60001087801F09FF86AE04CF28701C0F600010878B5
:20F60000002863D120684CF289010068C0F6000100780A7800F07F010DF10D00FCF7E5F8DA
:20F62000002853D14CF28901C0F600010B2008704CF28701C0F600010120087046F64B417E
:20F64000C1F203010878012840D1206881680068007808702068C17C41F04001C1740121E2
:20F66000C16000F0C5FB31E04CF28701C0F60001087858BB20684CF289020068C0F6000227
:20F680000078117810F07F00FCF79EF8F0B94CF27E01C0F6000108704CF28901C0F600014D
:20F6A0000B2008704CF28701C0F600010120087046F64C41C1F203010878012806D1206809
:20F6C000C17C41F04001C17400F092FB05B010BD10B54CF29C01C0F600014CF29704087897
:20F6E000C0F6000401280FD14CF29C01C0F60001002008704CF28A01C0F60001207008788D
:20F70000002818BF10BD0BE02078002818BF10BD4CF28A01C0F600010878002818BF10BD02
:20F7200000F0D2FBFF2808BF10BD4CF62021C0F6000101EBC000C179012911D14CF28C0358
:20F74000C0F60003022119704CF2A001C0F600014A88C9884CF27403C0F60003511A198019
:20F7600081884088814218BF10BD01204CF28501C0F6000120700878BDE8104000F05CBEA6
:20F780004CF608214CF25000C0F60000C0F6000101600020C8744CF2A001C0F6000146F278
:20F7A000A8120A8146F69852C1F20302D2F806204A813223120C4A8042F21072CA808B8023
:20F7C0004CF24C02C0F60002012111704CF28002C0F6000210704CF27F02C0F60002107053
:20F7E0004CF28802C0F6000210704CF28702C0F6000210704CF29302C0F6000210704CF2C1
:20F800008A02C0F6000210704CF28B02C0F6000210704CF29202C0F6000210704CF29C023B
:20F82000C0F6000211704CF29801C0F6000108704CF29901C0F6000108704CF29A01C0F6F3
:20F84000000108704CF29B01C0F6000108704CF27A01C0F6000108804CF27C01C0F60001BC
:20F8600008804CF25401C0F6000108604CF27E01C0F6000108704CF28301C0F6000146F6AD
:20F880005142C1F20302087011784CF28402C0F6000211704CF28201C0F6000108704CF2F1
:20F8A0008C01C0F6000108704CF27401C0F6000108804CF29601C0F6000108704CF28902CD
:20F8C000C0F600020C2111704CF26001C0F6000108604CF26401C0F600010860704710B5C6
:20F8E0004CF27401C0F600010888013804D34CF27401C0F6000108804CF25401C0F60001C2
:20F900000868013804D34CF25401C0F6000108604BF6DD64C0F60004FFF7DAFE60780028AB
:20F9200043D1FCF7AFF958B901206070FFF7BDFB4CF28A01C0F600010878012845D13BE00E
:20F94000207890BB4AF21301C0F600010878102829D14878022826D146F69851C1F203014E
:20F960004CF2A000C0F60000D1F806104181090C418000F046FF4CF24C01C0F60001087885
:20F9800002280ED04CF24C00C0F60000022101704CF28102C0F60002012010700846FBF731
:20F9A00013FF00F02EFF012020704CF28A01C0F600010878012808D14CF28B01C0F60001E4
:20F9C0000878002808BFFFF72AFC4CF28C01C0F60001087802286ED14CF27401C0F60001C7
:20F9E0000888002818BF10BD4CF28A01C0F600010878012818BF10BD4CF25003C0F6000394
:20FA0000186800214CF27F03C0F600034174197846F63F43C1F203031A7891422AD34CF26F
:20FA20007F01C0F6000100240C70102100F0D0F900F0B0FE4CF29200C0F6000004704CF22F
:20FA40006400C0F6000004604CF29C04C0F60004012020704CF25004C0F60004206800F01B
:20FA6000C7F94CF28C04C0F600042078032818BF10BD23E04CF27F02C0F6000201311170AA
:20FA8000782100F0A5F94CF2A000C0F600004188C088081A4CF27401C0F6000108804CF248
:20FAA0005001C0F60001086800F0A2F94CF28C01C0F600010878032818BF10BD4CF27401BF
:20FAC000C0F600010888002818BF10BD0A210120FBF77AFE02210120FBF776FE0B21012066
:20FAE000FBF772FE4CF28C01C0F60001002008704CF24C02C0F60002012111704CF27E01E6
:20FB0000C0F60001087010BD70B515461E4646F62043C1F203031A88AA4204D20321002005
:20FB20003080084670BD4CF28703C0F600031A780124002A47D1C0EB80004BF29402C0F66C
:20FB4000000202EB8000827A012A0ED109680B783E2B08D1497811F0800F04D00021022092
:20FB60003080084670BD072D2DD84CF29B03C0F6000319784CF62023C0F6000303EBC1010D
:20FB80008979012908BF012A1DD04CF26E01C0F600010D8000214180284600F002FD4CF2EC
:20FBA0009901C0F600010870FF280CD04CF28C01C0F60001358008780024032805D100F0AD
:20FBC00020FE204670BD00203080204670BDF0B50C461746C0EB80004BF29401C0F6000109
:20FBE00001EB8005216808783E280ED1487810F0800F0AD0A87A012807D1A2884CF26C0026
:20FC0000C0F6000002F0CDFB27E04CF29900C0F60000A288037868884CF620268018688043
:20FC2000C0F60006D8003318A2889B88805B4BF2700CC0F6000C1818DCF8003080B21818AC
:20FC400002F0AFFB4CF29900C0F600000378A28806EBC3008188891881804CF26E01C0F614
:20FC6000000108886988401A38800020F0BD70B5C0EB80024BF29403C0F6000303EB8205CF
:20FC80000026AA7A21BB012A16D14CF26C04C0F6000421783E290FD1617811F0800F0BD0A0
:20FCA0004CF28C01C0F600010878032808BF00F0A8FD267066701BE04CF28501C0F60001D9
:20FCC000087028884CF28601C0F6000108700FE0012A0BD000F05EFD4CF29700C0F600003D
:20FCE00006704CF28A00C0F60000067000F089FD6E8070BD70B50D461E46C0EB80004BF2C5
:20FD00009401C0F600014CF28802C0F6000201EB80041178A088012904D14CF29D01C0F665
:20FD2000000104E04CF6C001C0F600014118AA888018A080AA88286802F033FB4CF2700150
:20FD4000C0F600010888A188401A3080002070BD4CF27203C0F600031A88824218BF70477C
:20FD60004CF28802C0F60002107858B900B54CF29C02C0F600020120107008465DF804EBEE
:20FD800000F0F5BB4CF29D02C0F600029078782811D100B5084600F0EAFB4CF28B01C0F64C
:20FDA0000001002008705DF804EB4CF28801C0F60001087070474CF29C01C0F60001012006
:20FDC00008704CF28801C0F600010020087070474CF29D02C0F600027F231370C07C9170E7
:20FDE00050704CF28801C0F6000101200870704770B505464CF28801C0F6000108780324E0
:20FE000001280DD14CF25003C0F6000319684CF29D06C0F60006CC60B178782916D003E0B4
:20FE20004CF6C006C0F600064CF28A01C0F60001002008704CF29801C0F60001087800F0E8
:20FE400078FC4CF28801C0F600010878297C012908BF01280BD1B078113801381BD91F38A0
:20FE600018BFBF2817D0BDE8704000F02EBD70B96C7C012C08BF68740DD0E87C3070E8689B
:20FE80000130E860AE60BDE8704000F0D3BCBDE8704000F01ABD00F0B4FCE87CA98A22464C
:20FEA00001F0A7FD4CF28801C0F60001002008704CF27F01C0F6000108704CF29C01C0F619
:20FEC00000010120087070BD10B44CF29B03C0F600031A78FF2002244CF62021C0F60001F1
:20FEE00001EBC20393F806C0BCF1000F04D0DB79012B18BF002B6ED0013212F00F0201EB7E
:20FF0000C20393F806C0BCF1000F04D0DB79012B18BF002B5FD0013212F00F0201EBC20393
:20FF200093F806C0BCF1000F04D0DB79012B18BF002B50D0013212F00F0201EBC20393F8BC
:20FF400006C0BCF1000F04D0DB79012B18BF002B41D0013212F00F0201EBC20393F806C070
:20FF6000BCF1000F04D0DB79012B18BF002B32D0013212F00F0201EBC20393F806C0BCF178
:20FF8000000F04D0DB79012B18BF002B23D0013212F00F0201EBC20393F806C0BCF1000F05
:20FFA00004D0DB79012B18BF002B14D0013212F00F0201EBC20393F806C0BCF1000F04D02F
:20FFC000DB79012B18BF002B05D0013212F00F02013C85D10BE001EBC201CB7910460BB9F9
:20FFE0000123CB714CF29B01C0F600010A7010BC704746F6B852C1F203021379834204BF01
:020000041003E7
:2000000000207047137DFF21834204BF0120704792F82430834204BF0220704792F83430CC
:20002000834204BF0320704792F84430834204BF0420704792F85430834204BF052070478B
:2000400092F86430834204BF0620704792F87430834204BF0720704792F88430834204BFC3
:200060000820704792F89430834204BF0920704792F8A420824208BF0A210846704746F6A6
:20008000D842C1F20302515C0840401A18BF0120704710B446F6AC514CF24C03C0F600034D
:2000A000C1F203011C7891F800C0644505D14A781040801A18BF012014E091F803C06445A0
:2000C00005D10A791040801A18BF01200AE091F806C01B780022634508BFCA791040801A5B
:2000E00018BF012010BC7047802828D04CF27E01C0F600010A7846F62451C1F203018B7884
:200100009A4205D149780840884218D0012070474B799A4204D1097908408842F6D10EE0DC
:200120000B7A9A4204D1C97908408842EED106E0CB7A9A4203D1897A08408842E6D10020AF
:200140007047F0B50F4616461D460446FFF751FFFF2848D046F6B851C1F2030101EB001C5C
:200160003246BCE80B000BC2DCF80000106046F6D840C1F20300C05DB179014088422BD1EF
:20018000F079FFF786FF00BB307AFFF7ADFFA8B94CF26E02C0F6000210887179884206D289
:2001A000132129700120362C18BFF0BD21E0002129700846362C18BFF0BD1AE03321297095
:2001C0000120362C18BFF0BD13E07F2129700120362C18BFF0BD0CE0F02129700120362CCC
:2001E00018BFF0BD05E0112129700120362C18BFF0BD002908BFF0BD4CF29202C0F600029D
:20020000002111704CF26402C0F600021160F0BDF0B51C46D568967A0023F20800F0E280FF
:200220004FEA830CACEB03077F007F5BB84213D1ACEB030305EB43039A78D8781D7946F617
:20024000D843C1F20303595C0A40914200F0A180F02020700120F0BD0133DBB24FEA830CF0
:20026000ACEB03077F007F5BB84210D1ACEB030305EB43039A78D8781D7946F6D843C1F2D4
:200280000303595C0A40914200F08380E0E70133DBB24FEA830CACEB03077F007F5BB8424F
:2002A0000FD1ACEB030305EB43039A78D8781D7946F6D843C1F20303595C0A40914268D079
:2002C000C6E70133DBB24FEA830CACEB03077F007F5BB8420FD1ACEB030305EB43039A782F
:2002E000D8781D7946F6D843C1F20303595C0A4091424ED0ACE70133DBB24FEA830CACEB65
:2003000003077F007F5BB8420FD1ACEB030305EB43039A78D8781D7946F6D843C1F20303C5
:20032000595C0A40914234D092E70133DBB24FEA830CACEB03077F007F5BB8420FD1ACEB7A
:20034000030305EB43039A78D8781D7946F6D843C1F20303595C0A4091421AD078E701330A
:20036000DBB24FEA830CACEB03077F007F5BB84219D1ACEB030305EB43039A78D8781D797F
:2003800046F6D843C1F20303595C0A4091427FF45FAFFFF77EFE002846D12846FFF7A4FE43
:2003A000F0BB2070F0BD0133DBB24FEA830CACEB03077F007F5BB8420FD1ACEB030305EB6B
:2003C00043039A78D8781D7946F6D843C1F20303595C0A409142DCD03AE70133DBB2013A34
:2003E0007FF41EAF16F0070222D0C3EB830305EB4303B3F800C060450BD19A78D8781D796E
:2004000046F6D843C1F20303595C0A409142C0D01EE70633013AECD1122020700120F0BDA4
:20042000332020700120F0BD7E2020700120F0BD122020700120F0BD2DE9F04D86B083462D
:20044000C0EB80004BF29401C0F6000101EB8007FFF73AFD8246FF2800F086804CF62021E0
:20046000C0F6000101EBC000C17901297CD181884BF27003C0F6000300881A688618B8791D
:200480004CF27202C0F6000210804CF28000C0F60000357805704CF29602C0F600024FF0FF
:2004A000000C82F800C04CF25002C0F6000214688DF803C0E5744CF6C103C0F6000306F1DB
:2004C0000108A4F814B04A1E414684E80E100DF10203B87A02AA207459462846FFF731FE93
:2004E0004CF28807C0F6000728B19DF803103970012839D124E09DF81100012810D19DF8CC
:2005000003100DF102033970707802AAC009607498F80000594610F07F00FFF779FE68B9AF
:2005200000208DF8020038704CF29800C0F6000080F800A002992046884715E0012813D1F6
:2005400038704CF29800C0F60000E57480F800A09DF802102046FFF73BFC4CF25001C0F677
:2005600000010868FFF744FC06B0BDE8F08D4CF6C002C0F6000211787F294CF25001C0F6CA
:20058000000108D10028086814BF03220222818AC07C01F02EBA08680022818AC07C01F0E3
:2005A00028BAF0B44CF29A02C0F60002FF21137802254CF62022C0F6000202EBC30494F8D5
:2005C00006C0BCF1000F04D194F807C0BCF1000F6FD0013313F00F0302EBC30494F806C027
:2005E000BCF1000F04D194F807C0BCF1000F60D0013313F00F0302EBC30494F806C0BCF12F
:20060000000F04D194F807C0BCF1000F51D0013313F00F0302EBC30494F806C0BCF1000FBB
:2006200004D194F807C0BCF1000F42D0013313F00F0302EBC30494F806C0BCF1000F04D1E4
:2006400094F807C0BCF1000F33D0013313F00F0302EBC30494F806C0BCF1000F04D194F81C
:2006600007C0BCF1000F24D0013313F00F0302EBC30494F806C0BCF1000F04D194F807C0D0
:20068000BCF1000F15D0013313F00F0302EBC30494F806C0BCF1000F04D194F807C0BCF1D9
:2006A000000F06D0013313F00F03013D85D108463DE04CF27A0CC0F6000C4CF27C04C0F613
:2006C0000004BCF800602588AE421BD846F6204CC1F2030CBCF800707F1BB84216DDB0426B
:2006E00024D802EBC302002111805080012191712080002090804CF29A00C0F600000370D5
:20070000184614E0A6EB050C60450FDCD90055525218508028180121917120800020908067
:200720004CF29A00C0F60000194603700846F0BC70474DF8048D411C11F00F01102826D234
:200740004CF62022C0F6000202EBC10393F80680B8F1000F0BD0C900895A4CF27A03C0F6EB
:200760000003198002EBC0000021C1800FE04CF27A01C0F60001A1F800804CF27C03C0F6E3
:20078000000302EBC000A3F80080A0F806805DF8048B7047022000224CF65021C0F6000127
:2007A00021F82A2C21F8222C21F81A2C21F8122C21F80A2C21F8022CCA80CA8140310138D8
:2007C000EED14CF27A01C0F6000108804CF27C01C0F600010A807047014646F69852C1F28F
:2007E00003021379984204BF00207047937A994204BF01207047127CFF20914208BF022008
:2008000070474CF24C01C0F600010878012808BF70474CF28C01C0F60001032008704CF25D
:20082000A001C0F6000108894CF27401C0F600010880704700B582B04CF28601C0F60001C3
:2008400008784CF27F01C0F6000100230B704CF25001C0F600010A689189926800924CF269
:200860007002C0F60002ADF804101180C0EB80014BF29402C0F6000202EB81018B80694624
:20088000FDF7D9FC012807D1FFF771FE4CF29C01C0F60001012008704CF24C01C0F60001BC
:2008A000087801280FD04CF28C01C0F60001032008704CF2A001C0F6000108894CF27401B9
:2008C000C0F60001088002B000BD00B582B00321ADF804104CF29D00C0F600004CF2700265
:2008E000C0F60002009011808078782827D04CF24C01C0F60001087801280FD04CF28C01FB
:20090000C0F60001032008704CF2A001C0F6000108894CF27401C0F60001088000204CF20E
:200920007F01C0F600014CF28602C0F60002087010786946FDF77FFC01281ED10FE00120BC
:200940004CF28B01C0F600014CF28602C0F60002087010786946FDF76EFC01280DD1FFF78E
:2009600006FE4CF29C01C0F60001012008704CF28B01C0F600010020087002B000BDF0B51B
:2009800005460068007800F07F042046FFF724FF032828BFF0BD6968012940F0B4804CF2DE
:2009A0008101C0F6000108700521E960A968C0EB80000C7046F69851C1F2030101EB400354
:2009C0001888C82600FB06F744F6D352C1F26202A7FB0217B909AF684FEA112C87F801C0D1
:2009E000AF68B9705B8846F2676703FB06F1C6F2666757FB01F18910A1FB0221AA68890914
:200A00000E0AD670AA684CF24C0611714CF2A001C0F600014881C0F600064B803470FFF7D4
:200A2000F0FE20460A21FAF7CFFE012C03D0002818BFF0BD0CE040BB4CF27E01C0F6000172
:200A4000087046F64C41C1F203010878012808D1E87C40F04000E8742846BDE8F040FFF7B3
:200A6000C7B94CF28A01C0F600010C704CF28901C0F600010220087028467821FFF7A8F943
:200A80002846BDE8F040FFF7B3B9022818BFF0BD4CF28A01C0F600010C704CF28901C0F689
:200AA0000001087046F64C41C1F203010878012820D14CF25000C0F6000001688A68096893
:200AC000097811700168AA68896852784A700168AA68896892788A700168AA688968D278FE
:200AE000CA700168AA68896812790A7100680521C160F0BD28467821FFF76AF92846BDE87B
:200B0000F040FFF775B928461321FFF761F92846BDE8F040FFF76CB930B581B00446056864
:200B2000287800F07F016068012809D013218DF803102046FFF74CF92046FFF759F935E0AB
:200B40004CF28900C0F600000A2202700DF10300FAF74BFE68B90121A068E1602A7802709F
:200B6000E07C40F04000E074E1602046FFF740F91CE002281AD14CF28A01C0F600010120CD
:200B800008704CF28901C0F600010220087046F64B41C1F20301087840B978218DF803109B
:200BA0002046FFF715F92046FFF722F901B030BD10B5044690E80600012A0CD1A068E260D7
:200BC00009780170E07C40F04000E0742046BDE81040FFF70DB920461321FFF7F9F8204605
:200BE000BDE81040FFF704B970B584B0044600204CF25402C0F600028DF80B00116881B103
:200C000037218DF80B102046FFF7E2F84CF25001C0F600010868FFF7EBF82046FFF7E8F8DB
:200C2000EEE0206846F63C510578C1F2030103220B786B4013F0F00F13D01431013AF7D1E1
:200C400012218DF80B102046FFF7C2F84CF25001C0F600010868FFF7CBF82046FFF7C8F820
:200C6000CEE015F0010F63D00E8A6368721E9A421ED0412D0AD146F6AC3CC1F2030CDCF8BE
:200C800000C0BCF1030F01D19A4211D9039613218DF80B102046FFF79BF84CF25001C0F69C
:200CA00000010868FFF7A4F82046FFF7A1F8A7E089680391A1684CF27E02C0F6000201F8B8
:200CC000015B13780A469D4218D1039B0020591CE1601146984206D2034601F8013B039A7D
:200CE00001309042F9D300208DF80B00E07C40F04000E0742046FFF77BF881E00A230DF1FA
:200D00000B018DE80A0003AB411C2846FAF76FFD012849D0022857D14CF28D00C0F600005D
:200D200005704CF28A01C0F600010120087067E04968039162680131914210D013218DF831
:200D40000B102046FFF744F84CF25001C0F600010868FFF74DF82046FFF74AF850E04CF2E3
:200D60008202C0F600021178A94210D024218DF80B102046FFF72CF84CF25001C0F6000138
:200D80000868FFF735F82046FFF732F838E000220A230DF10B018DE80A0003AB411C2846D1
:200DA000FAF725FD0128B5D19DF80B102046FFF70FF84CF25001C0F600010868FFF718F8A2
:200DC0002046FFF715F81BE00C2812D14CF28D00C0F6000005704CF28A01C0F60001012001
:200DE000087020467821FEF7F3FF2046FFF700F806E0E07C40F04000E0742046FEF7F8FFE9
:200E000004B070BD46F6D442C1F20302138898424FF0000018BF704708700120704770B530
:200E20000446056846F6D442C1F2030202EB8102806811884FF2861399422CD096784CF203
:200E4000890CC0F6000C831C9CF800003246FAF717FF012836D002280CD14CF28A01C0F6D4
:200E60000001012008704CF28901C0F600010220087070BDA06829780170A06869784170DE
:200E8000B01CE060E07C40F04000E0742046BDE87040FEF7ADBF29780170A068697841705E
:200EA000A0684CF24C02C0F60002117881700320E060E07C40F04000E0742046BDE870402E
:200EC000FEF796BF20462221FEF782FF2046BDE87040FEF78DBF10B581B004460020616884
:200EE0008DF8030002291DD820680DF103010278407840EA0220FFF785FF012820460AD15E
:200F00004CF28902C0F600020A2111709DF80310FFF785FF0DE03121FEF75AFF2046FEF79A
:200F200067FF06E020461321FEF752FF2046FEF75FFF01B010BD2DE9F04D85B0054600205B
:200F40008DF80D0095E8400CD8463788B17807F07F0B61F3070746F6F441C1F20301088895
:200F6000874215D1C8780C46FFF793F828B331218DF80D102846FEF72BFF4CF25001C0F60E
:200F800000010868FEF734FF2846FEF731FFFCE00889874207D1C87A01F10804FFF779F870
:200FA0000028E4D109E0088A8742E0D1C87C01F11004FFF76EF80028D9D1A078FFF794F84D
:200FC00000286CD1BBF1010B07D333D0BBF1020F51D302D161798A4550D1E97C41F04001C2
:200FE000E974A96832780A70A96872784A70A968B27846F64A43C1F203038A701978012938
:2010000040F0A28046F63842C1F2030211888F4240F0858046F64842C1F203021178012940
:2010200072D10421E960A968F278CA70022800F0AC80A7E00A22AAF103010DF10D008DE832
:2010400007000DF10E0308F10302F11C3846FAF730FD012834D19DF80D102846FEF7B8FEDA
:201060004CF25001C0F600010868FEF7C1FE2846FEF7BEFE89E0A1798A45AED013218DF85E
:201080000D102846FEF7A4FE4CF25001C0F600010868FEF7ADFE2846FEF7AAFE75E0332124
:2010A0008DF80D102846FEF793FE4CF25001C0F600010868FEF79CFE2846FEF799FE64E017
:2010C00002280BD14CF27600C0F6000007804CF28A01C0F600010120087056E00C287FF423
:2010E0007CAF4CF27600C0F6000007804CF28A00C0F600000121017028467821FEF768FE61
:201100002846FEF775FE40E00521E960A968F278CA70A96832790A71022836D032E046F600
:201120003A42C1F2030211888F4222D10621E960A968F278CA70A96832790A71A9687279C6
:201140004A71022821D01DE046F63C42C1F2030211888F4207D10421E960A9680122CA702C
:20116000022812D00EE00320E8602846FEF740FE0BE046F63C42C1F2030211888F42EAD0E8
:20118000022802D02846FEF733FE05B0BDE8F08D10B504464CF25C02C0F60002106846F6D1
:2011A0004E42C1F20302117801290AD148280AD020461321FEF70CFE2046BDE81040FEF726
:2011C00017BE3D28F4D14CF29202C0F60002012111704CF28F02C0F6000211704CF291010B
:2011E000C0F6000100220A704CF28903C0F600030A2119704CF27801C0F60001831C0B80CD
:201200004CF26403C0F6000318604CF29500C0F6000002700320E060A06820220270A068D6
:201220000A88120A4270A06809888170E07C40F04000E0742046BDE81040FEF7D9BD30B5D9
:2012400083B004464CF28905C0F6000500208DF809000DF109010DF10A008DE803004CF216
:201260005800C0F6000002684CF28E00C0F600004CF25C0301782878C0F60003FAF7EAFA30
:20128000B8BB4CF29201C0F60001012008704CF28F01C0F6000108704CF29101C0F6000136
:2012A000002008700A2028704CF27800C0F60000BDF80A104CF25C02C0F60002018011684B
:2012C0004CF26402C0F6000211600321E160A16820220A70A1680288120A4A70A16800881D
:2012E0008870E07C40F04000E0742046FEF780FD11E0022807D128704CF28A01C0F60001F3
:201300000120087007E09DF809102046FEF760FD2046FEF76DFD03B030BD2DE9F04F83B0FA
:201320004CF28902C0F600020A21117090E8440032F8019B4FEA192404F00F032409E51858
:201340000235AE427DD14CF2640CC0F6000CDCF800C08046BCF1000F69D100200146032BC3
:2013600012D146F6683CC1F2030CDCF80050013D013D84BF033DB5F1010503D9A5F1020C99
:20138000BCF1020F98BF802012F801CF4CEA0020013BDBB2002BF7D1631EDBB20BB90123B6
:2013A00015E05C1CE3080FD092F805C092F806A092F807B04AEA0C2112F808EF4BEA01217D
:2013C0004EEA0121013BEFD114F0070305D012F801CF4CEA0121013BF9D14CF25802C0F64E
:2013E000000210604CF25C02C0F600024CF28E031160C0F6000346F6B432C1F2030283F8D9
:201400000090116802290CD14CF29400C0F600000178012905D1404603B0BDE8F04FFFF7A7
:20142000B7BE404603B0BDE8F04FFFF708BF40462421FEF7CDFC404603B0BDE8F04FFEF7C2
:20144000D7BC82461321FEF7C3FC504603B0BDE8F04FFEF7CDBC70B506464CF29601C0F6A2
:20146000000100200870FEF72FFD4CF62021C0F6000101EBC00080884CF26E01C0F6000160
:20148000841E0888A4B246F6B431C1F20301851E0868ADB2022819D14CF29401C0F60001DC
:2014A0000878012812D14CF26800C0F600004CF29503C0F600030168187822464CF6C0133F
:2014C000C0F60003C01800F06CFF32E046F63E41C1F203010878012806D046F64941C1F2A4
:2014E00003010878012808D130467821FEF770FC3046FEF77DFCFCF771FA4CF28A01C0F635
:2015000000010120087022464CF26800C0F600004CF2900CC0F6000C03689CF80000294663
:20152000FAF728FA4CF28A02C0F600020021117080B90120F060B0684CF29002C0F600022A
:2015400011780170F07C40F04000F0743046FEF74FFC0DE030467221FEF73AFC3046FEF70F
:2015600047FC4CF29801C0F600010878FFF7E1F84CF260034CF264017068C0F60001421E18
:201580000868C0F60003801A08601C6070BDF0B5044690E80C00164631784CF28902C0F680
:2015A00000020A2010704CF29000C0F6000001704CF29202C0F600024CF296001778C0F6E7
:2015C0000000012F79D106EB070C4CF26807C0F60007C7F800C04CF27807C0F600073E8864
:2015E0000025013EB34211D9157031214CF26402C0F60002017015604CF26E02C0F6000229
:2016000010880138984288BFF0BDA0E04CF2640CC0F6000CDCF80070A3F1010C674511D2C7
:20162000157071214CF26402C0F60002017015604CF26E02C0F6000210880138984288BFF9
:20164000F0BD84E04CF2910CC0F6000C9CF800C0BCF1000F08BF002923D04CF28F0CC0F65A
:20166000000C9CF80060A6F1010C614504D101780125002962D12EE08FB9242101704CF206
:2016800064001570C0F600004CF26E02C0F60002056010880138984288BFF0BD57E0B14217
:2016A00017D073214CF26E02C0F60002017010880138984288BFF0BD49E024214CF26E021D
:2016C000C0F60002017010880138984288BFF0BD3DE0017891BB012D07D02046FFF7BBFE46
:2016E0004CF28F00C0F600000678FF2E0CD14CF28F01C0F60001002008704CF29101C0F63C
:20170000000101200870F0BD012D06D04CF28F01C0F60001701C0870F0BD4CF29002C0F6C2
:201720000002A068E56011780170E07C40F04000E0742046BDE8F040FEF75ABB4CF26E024D
:20174000C0F6000210880138984288BFF0BD2046FEF73EFB2046BDE8F040FEF749BB10B5A5
:2017600081B004464CF29200C0F60000017839B101291DD14CF26402C0F600021168B9B1AE
:2017800024218DF8031000224CF26403C0F6000302701A602046FEF71BFB4CF25001C0F64A
:2017A00000010868FEF724FB2046FEF721FB4BE0616891B11321002202708DF80310204631
:2017C000FEF706FB4CF25001C0F600010868FEF70FFB2046FEF70CFB36E00DF103000A21BA
:2017E000FAF734F901280FD19DF803102046FEF7EFFA4CF25001C0F600010868FEF7F8FA39
:201800002046FEF7F5FA1FE0022806D14CF28A01C0F600010120087016E00C280DD14CF21F
:201820008A01C0F600010120087020467821FEF7CFFA2046FEF7DCFA06E0E07C40F040002D
:20184000E0742046FEF7D4FA01B010BD30B5044600680021008800F07F056268C0F3032039
:20186000022A88BF13212A1C0FD0032A20D30CD012212046FEF7ACFA0120E060A06805708E
:201880002046BDE83040FEF7B3BA012810D0022818BF03280CD031212046FEF799FA0120F9
:2018A000E060A06805702046BDE83040FEF7A0BA59B12046FEF78CFA0120E060A0680570D8
:2018C0002046BDE83040FEF793BAE07C40F04000E0740120E060A06805702046BDE83040D2
:2018E000FEF786BA30B5044600686168007800F07F0589B1681E01280CD9E07C40F04000CD
:20190000E0740120E060A06805702046BDE83040FEF76EBA01290CD020461321FEF758FA16
:201920000120E060A06805702046BDE83040FEF75FBAE07C40F04000E074A068E160057062
:201940002046BDE83040FEF753BA00B583B04CF28503C0F6000318784BF29401C0EB800016
:20196000C0F6000101EB800000894BF27003C0F60003ADF80000196808788DF80300497863
:201980008DF8041011F0800F15D1112808D146F64B41C1F20301087801280CD001200BE016
:2019A000102808BF012906D146F64C41C1F2030108780128F2D100204CF27E01C0F60001A7
:2019C0008DF8070008784CF28301C0F600018DF8080008788DF80900FAF756F900280CBFB4
:2019E000012000208DF806006846F9F7E9FE03B000BD70B581B0044615464CF25003C0F6E4
:201A000000031868828A914264D1032D62D046F64C42C1F20302117801290ED1502C29D143
:201A20004CF6C002C0F60002517811F07F01012920D195B1012D1DD108E0102C1AD14CF2D6
:201A40009D02C0F600029178782913D14CF28702C0F60002117801290CD100680678FFF7B6
:201A600074FF4CF28900C0F60000017806F07F00F9F7AAFE46F64B41C1F2030108780128C8
:201A800005D1512C26D195B1012D23D108E0112C20D14CF29D01C0F600018878782819D161
:201AA0004CF28701C0F600010878012812D14CF25001C0F60001086800680578FFF745FF48
:201AC0004CF28900C0F60000027805F07F016846F9F78BFE2046FAF7E3F801B070BD30B57E
:201AE00001464AF25002C0F6000213780020012B01BF9378012BD578012D1CBF092030BD1F
:201B00004BF27874C0F60004A080A570607004F8300B4AF6A743C0F6000344F81C3C4FF0F0
:201B2000FF339C469E46A4E8085044F81039A02324F82C39022912BF0329032030BD01299E
:201B400006D1516820468847A088002818BF30BD4BF27472C0F60002157030BD10B54AF25E
:201B60005000C0F6000081684BF27870C0F6000088474BF27871C0F600018888F0B94AF2FA
:201B80005002C0F6000240F25E010B46C0F2000189B2C0F200031B0408BF0021CB0805D007
:201BA00042F8080B42F8040C013BF9D111F007011CBF02F8013BB1F10101F9D14BF27472DD
:201BC000C0F600020021117010BD70B54BF2747CC0F6000C46F668669CF800C0C1F20306B0
:201BE000BCF1000F10D0034646F6454CC1F2030C00249CF800506420013D08BF70BDD6F8E5
:201C000004C063450BD306E0612070BDD6F818C01436634503D3D6F808C0634504D9013428
:201C2000A4B2AC42F2D170BD4BF27874C0F60004083418460B4684E80D0030680169A4F192
:201C40000800884734F8040C70BD70B54BF2747CC0F6000C46F668669CF800C0C1F2030616
:201C6000BCF1000F10D0034646F6454CC1F2030C00249CF800508420013D08BF70BDD6F844
:201C800004C063450BD306E0812070BDD6F818C01436634503D3D6F808C0634504D9013488
:201CA000A4B2AC42F2D170BD4BF27874C0F60004083418460B4684E80D0030684169A4F1D2
:201CC0000800884734F8040C70BD30B54BF2747CC0F6000C46F668659CF800C0C1F20305D8
:201CE000BCF1000F10D0024646F6454CC1F2030C00239CF800404420013C08BF30BDD5F858
:201D000004C062450BD306E0412030BDD5F818C01435624503D3D5F808C0624504D901338E
:201D20009BB2A342F2D130BD4BF27874C0F600042868E160C168A26020468847A08830BD98
:201D40004BF27871C0F600018888704746F64542C1F2030210780021814209D24BF6427228
:201D6000C0F60002AA2302F8013B01318142FAD34CF6A020C0F600000021017081807047E4
:201D800030B4014646F64543C1F20303FF201A780025954210D246F6A863C1F203035C6848
:201DA000D3F800C06444013CA14201D8E8B203E00C3301359542F2D330BC70472DE9F04C74
:201DC0000B185F1E14468A460646F9F7CAFCB0F1000B23D13046FFF7D3FF05463846FFF79A
:201DE000CFFFFF2D18BFFF2818D0854218D846F6A861C1F20301C5EB850201EB8202127A1D
:201E0000224094420AD10135EDB28542F3D946F64F41C1F203010878C8B907E04FF0010B91
:201E200046F64F41C1F20301087880B9BBF1010F0DD1224651463046F9F735FFB0F1000B87
:201E400005D14CF6A021C0F60001012008705846BDE8F08C00207047F0B446F64544C1F2A7
:201E60000304237800229A4249D246F6CC66C1F2030696F801C0344684450AD00124224684
:201E80009A423CD202EB4204A41994F801C0844530D1A2784BF2B876C0F6000620783270D6
:201EA000307101250020984221D22C4646F6A867C1F2030797F809C012EA0C0F0FD097F817
:201EC00008C01CEA010F06D000240C370130C0B29842EFD308E000217170284610E00C371D
:201EE0000130C0B29842E5D37570204608E07570284605E001240132D2B29A42C2D320468F
:201F0000F0BC704730B505460C4601F047FE30B14168296081684068081A0130206001200E
:201F200030BD2DE9F00C4BF2B874C0F60004002662783546012A56D146F6454CC1F2030C23
:201F40009CF8003032469E424DD294F800C046F6A467C1F2030717F801AB1AEA0C0F1DD02F
:201F60000AEA0C078CEA0A0C227984F800C0013A2271B44646F6A862C1F203029E421BD264
:201F800002F1090A9AF800B0BB450FD1CCEB8C0652F82660AC469D4211D31CE00132D2B298
:201FA0009A42D8D384F800C001201DE00AF10C0A0CF1010C9C45E5D3B4469E420BD292F84B
:201FC00009A0BA4504BFD2F804A055440C320CF1010C9C45F3D306600D602079002808BF45
:201FE0006070002000E00120BDE8F00C7047F0B50F4600240646FFF7C3FE0546B819013822
:20200000FFF7BEFEFF2D10D0FF280ED02A4685420CD84BF64275C0F60005AB5C552B04D1D3
:202020000132D2B28242F8D900E001242046F0BDF0B50F4615460646FFF7A2FE0446B819EA
:202040000138FFF79DFEFF2C08BFF0BDFF2808BFF0BD844288BFF0BD4BF64276C0F600060D
:202060002206012D14BFAA245524130E02F18072F454B0EB126FF8D2F0BD4BF2C072C0F6EA
:202080000002032010700020A2F80100D0804BF64071C0F600015071087001201071704755
:2020A00030B54BF2C075C0F600052B790124012B04BFAB78002B1DD102232B700A236B7052
:2020C0004CF6A02CC0F6000CAB709CF80030012B05D1F9F7FDFD0321297040B904E0FFF7D5
:2020E000B4FD0321297010B96870A87030BD6C700020A870204630BDF0B5064617464BF2DA
:20210000C075C0F6000528790124012804BFA878002831D12C700A2068704CF6A022C0F67B
:202120000002A870107801280CD14CF6A422C0F600021078012805D13A463046F9F7D3FDFA
:20214000A8B904E03A463046FFF73FFD78B939463046FFF74CFF20B9394630460022FFF7C5
:2021600067FF032028700020A5F80100F0BD032028706C700020A8702046F0BD10B44BF2F0
:20218000C074C0F600042179012904BFA178002906D121700A2161700020E080607104E0EF
:2021A00001200321217060700021A17010BC704700B54BF2C47CC0F6000C9CF800300122E9
:2021C000012B13D146F64A43C1F203031A78012A09D14BF64073C0F600031A78012A02D199
:2021E000FFF738FE00BDFFF737FE0246104600BD00B54BF2C47CC0F6000C9CF800C0012304
:20220000BCF1010F02D1FFF7D9FD0346184600BD4BF2C071C0F60001887870474BF2C071B4
:20222000C0F60001487870474CF6A021C0F60001002008704CF6A421C0F6000108704CF6A6
:20224000A521C0F60001087070474BF2C771C0F6000101200870704770B582B04BF2C0748E
:20226000C0F60004A079002840F08680E079012840F0828060780A287ED1207800287BD114
:2022800046F64A40C1F2030006784BF64075C0F60005012E04BF2878012810D1607920B945
:2022A00001A96846FFF72EFE78B1032020700020A4F801000121A171607128705CE001A988
:2022C0006846FFF72EFE0028EFD19DE8030046F63E43C1F203031A78012A20D14BF6307CAD
:2022E000C0F6000CDCF800200B18934217D946F69C3CC1F2030CDCF80010B2FBF1FC0CFBE5
:202300001121511A4BF63042C0F6000211605A1A4BF63443C0F600031A60091A01914BF6EF
:202320003842C0F6000210604BF63C42C0F600021160012E04BF2A78012A02D16279DAB913
:2023400004E0FFF754FEB8B19DE80300FFF7BDFC58B9012E02BF2878012860710CD09DE8B5
:2023600003000122FFF764FE06E003202070012060700021A170A07102B070BDC178027880
:20238000C2EA01618278407801EB024101EB00207047020A4A70020C08708A70000EC870FF
:2023A00070472AB111F8013B00F8013B013AF9D11046704720B40346002062B193F800C065
:2023C0000D78AC4501D0012005E001330131013A92B2002AF2D120BC704732B1120400F85A
:2023E000011BA2F58032130CF9D100207047014602780020002A08BF704711F8012F0130C5
:20240000002AFAD1704770B4034600201646F50830D01C780A78944201BF13F8014F11F81A
:20242000012F944213F8014F01BF11F8012F944213F8014F11F8012F01BF944213F8014FE7
:2024400011F8012F944201BF13F8014F11F8012F944213F8014F01BF11F8012F944213F80E
:20246000014F11F8012F08BF94420AD101330131013DCED116F0070509D01C780A78944241
:2024800001D0A01A03E001330131013DF5D170BC704749B100230A0400F8013BA2F58032D9
:2024A000110CF9D1084670470120704710B581B000210091B0F1FF3F09D2441C6846FAF7F7
:2024C000A1FC00980130B0F5803F0DD309E06846FAF798FC00984FF0FF340130B0F5803F97
:2024E00002D34FF6FF71401A44F2C6114843A1F5E44188429CBF43F239014018B0FBF4F129
:2025000001FB140001B010BD002918BF002860D070B4CC0849D046F60073C1F2030330F834
:20252000085B85EA02063606F60DF65A86EA122282EA15252D06ED0D92B2EE5A96EA222667
:2025400030F8062C82EA06052D06ED0D35F803C08CEA262585EA12221206D20DD65A30F8DA
:20256000042C86EA252682EA06052D06ED0D35F803C08CEA262585EA12221206D20DD65A51
:2025800030F8022C86EA252682EA06052D06ED0D35F803C08CEA262585EA12221206D20D3B
:2025A000D65A86EA2522013CB9D111F007030FD046F60075C1F2030510F8011B5140090653
:2025C000C90D31F805C08CEA122292B2013BF3D170BC104670472DE9F04F83B08146024679
:2025E0008B4601208DF8030046F6BC30C1F20300046832F809AC25460026B04609EBC803F2
:2026000099685F68002918BFB9422CD9B94224BFC91B4E1C08F10108EEB152463846AE421F
:202620000AD23146FFF770FF8246AD1BB9F802100026884513D0E1E72946FFF765FF824660
:20264000BBF1010F02D15846FBF72DFD761B07EB05072546E1D1B9F802108845CED1B9F8A5
:2026600000108A4502D000208DF803009DF8030003B0BDE8F08F00002DE9F04405460E46A9
:202680008FB23A4646F62014C1F203044BF6CE0AC0F6000A00208AF8000021462846FFF709
:2026A00089FE90B33A46211D2846FFF783FE60B3B7B23A4604F108012846FFF77BFE20B303
:2026C0003A4604F10C012846FFF774FEE8B1B7B23A4604F110012846FFF76CFEA8B13A4673
:2026E00004F114012846FFF765FE70B1B7B23A4604F118012846FFF75DFE30B13A4604F1DC
:202700001C012846FFF756FE28B901208AF800000020BDE8F0849AF80040B4B946F6401755
:20272000C1F20307B2B207EB84012846FFF742FE28B902208AF800000020BDE8F08401346A
:20274000A4B20A2CEED39AF80040002C0CBF01200020BDE8F08446F65042C1F203021378F8
:202760004BF6287CC0F6000C8AB2DCF80010012B08BF08313FF415AEFFF713BE2DE9F04F54
:202780008CB0039101208DF8030046F6B830C1F2030004682046FAF7F5FC051E5CD14BF6A1
:2027A0003831C0F600018046D1F800904FEAC8004BF63C31C0F600010A185668DEB151F8BC
:2027C00000A006F0FF0B0120FBF76DFCB6F5807F34BF5F464FF480773A4651462046FAF7F3
:2027E000D3FC051E0CD1F61BBA44ECD108F10108C845DBD304E01DB908F10108C845D5D310
:2028000055BB04A92046FAF7C1FC28BB4BF6CE01C0F600010878012818BF022809D146F67D
:202820006821C1F2030103984FF00112FAF7B0FC90B9FAF7AFFC05460120FBF734FC002D2E
:20284000F7D104A92046FAF7A7FC00289DF8030008BF00208DF803009DF803000CB0BDE8E1
:20286000F08F2DE9F04188B005464BF6D004C0F6000446F64E42C1F203026B461178012061
:2028800001297AD105F108013022FAF779FC002840F0EC809DF800109DF803209DF8013025
:2028A0009DF80260C2EA016000EB034000EB06204CF6CD4CCCF6CC4CA0FB0CC74FF00A08E1
:2028C0004FEAD70C08FB1C00013020704BF60C10C0F6000001709DF8041001719DF80510B3
:2028E00041719DF8061081719DF80710C1719DF8081001729DF8091041729DF80A10817288
:202900009DF80B10C1729DF80C1001739DF80D1041739DF80E1081739DF80F10C173437007
:202920008670C27002214BF6EC00C0F6000005F1380212F8083B00F8083B12F8073C00F86C
:20294000073C12F8063C00F8063C12F8053C00F8053C12F8043C00F8043C12F8033C00F867
:20296000033C12F8023C00F8023C12F8013C00F8013C0139DDD1084679E0691D2822FAF7CE
:20298000FFFB002872D19DF800109DF803209DF801309DF80260C2EA016000EB034000EB92
:2029A00006204CF6CD4CCCF6CC4CA0FB0CC74FF00A084FEAD70C08FB1C00013020704BF6C0
:2029C0000C10C0F6000001709DF8041001719DF8051041719DF8061081719DF80710C171C2
:2029E0009DF8081001729DF8091041729DF80A1081729DF80B10C1729DF80C1001739DF817
:202A00000D1041739DF80E1081739DF80F10C17343708670C27002214BF6EC00C0F6000075
:202A200005F12D0212F8083B00F8083B12F8073C00F8073C12F8063C00F8063C12F8053C90
:202A400000F8053C12F8043C00F8043C12F8033C00F8033C12F8023C00F8023C12F8013C76
:202A600000F8013C0139DDD1084600E0012008B0BDE8F0812DE9F0448CB0054646F66C3073
:202A8000C1F20300046824B1FAF79CFB002840F088804BF6D00046F64E41C1F20301C0F60E
:202AA000000091F800C0002304A903911A4620214FF480670297BCF1010F0AD14FF0300CF2
:202AC00008358DE820100078FAF77EFB002868D109E04FF0280C05358DE820100078FAF72D
:202AE00073FB00285DD102274BF6DC05C0F6000504AE431C811CC9B216F801C0DBB2325CF9
:202B000016F803A02A5405F803A005F801C0C21CD2B2031D411D16F802A0C9B205F802A07E
:202B2000DBB2821D16F803C0D2B205F803C016F802C016F801A0C31DDBB205F801A0F15C7D
:202B400005F802C0E9540830C0B2013FD1D1022306F110024BF6FC01C0F6000132F8080B8D
:202B600001F8080B000A01F8070C32F8060C01F8060C000A01F8050C32F8040C01F8040C95
:202B8000000A01F8030C32F8020C01F8020C000A01F8010C013BE1D1002C0CBF1846FAF7A0
:202BA0000FFB0CB0BDE8F0844BF6CC01C0F6000100200880C870C860087220234BF61C212E
:202BC000C0F600014BF61C12C0F60002907001F8080B22F8080B21F8070C02F8030C01F8B0
:202BE000050C22F8050C21F8040C01F8020C22F8020C01F8010C013BE8D1704703464BF605
:202C0000CC01C0F600010520087000204870CB70704703464BF6CC01C0F600010220087021
:202C200000204870CB60704710B54BF6D404C0F6000422780021012A04D1FAF7BDFA014698
:202C400000202070084610BD10B583B04BF6D404C0F600042078012804D102A8FAF7ACFA07
:202C60000020207010224BF6FC00C0F600008DE805004BF6EC03C0F600034BF6DC01C0F648
:202C800000014BF60C10C0F60000FAF787FA08B90121217003B010BD034608461946FAF7D3
:202CA00089BA10B54BF6CC04C0F6000422780023013A09D0033A0CD0062A0FD06078B0B10F
:202CC00008702370012413E060780870237001240EE003800B7023701C4609E0012202805A
:202CE0000B7023701C461846F8F7D4FF00E00324204610BD30B584B04BF6CC04C0F6000426
:202D000045F67C55C1F203056A460BCD0BC228681060207800250B2800F227810FF2040107
:202D2000D1E810F0230123010C001600230120003A0048007A00CD002301DD00E068FFF724
:202D400090FD002840F0C6800320207065700CE1E068FFF78FFE002840F0BC8004202070C0
:202D6000657002E146F63E41C1F203010878012806D14BF62C41C0F600010878022837D093
:202D800046F6B431C1F20301086810B906202070EBE007202070E8E0E07800F0BBFE38BB2E
:202DA00046F64D41C1F20301087880B3072020706570DAE04BF61C2546F64F41C1F2030194
:202DC000C0F6000508784FF48072012813D146F65040C1F2030003784BF62870C0F60000EA
:202DE00001682846012B08BF0831FFF7DAFA40B10B202070B9E029460020F8F769FF0028B3
:202E0000F6D1E0782946FFF7B9FC0028F0D10820207000206070A8E0FFF7FAF900284AD134
:202E200046F63E41C1F20301087801281AD14BF62440C0F600004BF63072C0F6000201682D
:202E40001068FAF790FC0028D2D14BF63072C0F6000210684BF62842C0F60002406811681B
:202E60008842C5D146F64841C1F203010878A0B94BF61C11C0F6000142F24240C9F24800BF
:202E80004BF28402C0F60002086010684FF48072FFF732F90028ABD104E0E078FAF753F964
:202EA0000006A5D1E078FAF73EF90006A0D1FAF738F900069CD109202070657055E0FFF751
:202EC000ADF928B90A2020706570FAF712F94CE001284AD1012020707220607045E0FFF742
:202EE00097F9B0BB46F63E41C1F203010878012823D14BF63440C0F600004BF63042C0F6F4
:202F0000000201681068FEF7E0FE10BB46F26E50C6F667404BF62441C0F60001009008687A
:202F2000019002954BF63072C0F60002ADF80C5010686946FAF748FB58B94BF63C40C0F6EE
:202F400000004BF63842C0F6000201681068FEF7BCFE4BF62C41C0F600010878022814BF8C
:202F60007220102060700120207004B030BD000000231A4600297DD0F0B4CD0865D04FF087
:202F80006404875C3E0906EB860617F00F0707EB460604FB0363561CF6B2875D3E0906EB2C
:202FA000860617F00F0707EB460604FB0363961CF6B2875D3E0906EB860617F00F0707EBB4
:202FC000460604FB0363D61CF6B2875D3E0906EB860617F00F0707EB460604FB0363161D0B
:202FE000F6B2875D3E0906EB860617F00F0707EB460604FB0363561DF6B2875D3E0906EB8A
:20300000860617F00F0707EB460604FB0363961DF6B2875D3E0906EB860617F00F0707EB52
:20302000460604FB0363D61DF6B2875D3E0906EB860617F00F0707EB460604FB03630832A2
:20304000D2B2013D9DD18A4213D2642412064FEA126C10F80C60350905EB850516F00F06F1
:2030600006EB450504FB035302F18072B1EB126FEDD8F0BC184670472DE9F044DDF818A061
:203080000126071E1CBF0029002A14D0084611461A46FAF77DF870B9FAF77CF80446304619
:2030A000FBF701F8002CF7D139465046FAF774F8002808BF00263046BDE8F084F0B589B03D
:2030C00005460E4690F8BB120124080900EB800011F00F0101EB400395F8BC126422080929
:2030E00000EB800011F00F0101EB400003FB020095F8BD32190901EB810113F00F0303EB19
:20310000410102FB001095F8BE32190901EB810113F00F0303EB410102FB001001AB00F164
:2031200077073A4605F516712046FAF729F800280DD1009446F66812C1F20302781900F50A
:20314000167101A84FF00113FFF796FF040018BFF0203070204609B0F0BDF0B589B00F46D7
:203160000124051E1AD0014646F6B030C1F20300066801AB30464FF4AC72FAF701F868B908
:20318000009646F66812C1F2030205F5AC7101A84FF00113FFF770FF041E00D033203870C6
:2031A000204609B0F0BD10B4024648F20024C1F2020490F812C0A37A002063450ADC0CDB14
:2031C000637A92F813C0634504D806D3237A127D934202D90120372200E002460A7010BC94
:2031E000704710B4024648F20024C1F2020490F8B4C2A37A002063450BDC0DDB637A92F8DC
:20320000B5C2634505D807D3237A92F8B622934202D90120F12200E002460A7010BC7047D0
:203220002DE9F04BCBB00646884690F838200025100900EB800012F00F0202EB400196F850
:20324000393064201A0902EB820213F00F0303EB420201FB002796F83A301A0902EB8202F7
:2032600013F00F0303EB420200FB072796F83B301A0902EB820213F00F0303EB420200FB0F
:20328000072796F88D321A0902EB820213F00F0396F88E4203EB4202230903EB830314F0D6
:2032A0000F0404EB430302FB003296F88F42230903EB830314F00F0404EB430300FB02321D
:2032C00096F89042230903EB830314F00F0404EB430300FB023296F88942230903EB83037A
:2032E00014F00F0496F88AC204EB43034FEA1C1404EB84040CF00F0C0CEB440403FB004331
:2033000096F88B424FEA141C0CEB8C0C14F00F0404EB4C0400FB034396F88CC24FEA1C147E
:2033200004EB84040CF00F0C0CEB440400FB034396F8B742200900EB800014F00F0404EB5E
:20334000400C96F8B8424FEA141B64200BEB8B0B14F00F0404EB4B040CFB004B96F8B942F1
:203360004FEA141C0CEB8C0C14F00F0404EB4C0400FB0B4B96F8BA424FEA141C0CEB8C0C2C
:2033800014F00F0404EB4C0400FB0B4B002A08BF012596F801C096F86F128C4518BF012543
:2033A00096F802C096F870128C4518BF012596F803C096F871128C4518BF012596F804C05D
:2033C00096F872128C4518BF012596F805C096F873128C4518BF012596F806C096F8741271
:2033E0008C4518BF012596F807C096F875128C4518BF012596F808C096F876128C4518BFB3
:20340000012596F809C096F877128C4518BF012596F80AC096F878128C4518BF012596F87E
:203420000BC096F879128C4518BF012596F80CC096F87A128C4518BF012596F80DC096F8AF
:203440007B128C4518BF0125B17B96F87C02814240F0CD80002D40F0D480781EB0FBF2F0C5
:203460000130984240F0C38096F82C1096F87DC2614518BF012596F82D1096F87EC2614555
:2034800018BF012596F82E1096F87FC2614518BF012596F82F1096F880C2614518BF0125B1
:2034A00096F8301096F881C2614518BF012596F8311096F882C2614518BF012596F83210B6
:2034C00096F883C2614518BF012596F8331096F884C2614518BF012596F8341096F885C287
:2034E000614518BF012596F8351096F886C2614518BF012596F8361096F887C2614518BFB5
:20350000012596F8373096F8880283426FD1002D77D1B7FBF2F050430130584567D18DF84C
:20352000085001248DF809408DF80A508DF80B4046F66811C1F2030103A84FF48072FEF750
:2035400030FF43AB02A94FF482722046F9F718FE00284CD143AA40F291203018042312F872
:20356000081B10F808CB614518BF254612F8071C10F807CC614518BF254612F8061C10F841
:2035800006CC614518BF254612F8051C10F805CC614518BF254612F8041C10F804CC6145DD
:2035A00018BF254612F8031C10F803CC614518BF254612F8021C10F802CC614518BF2546FB
:2035C00012F8011C10F801CC614518BF2546013BC5D1B5B9A7EB0B0006EBD00210F0070060
:2035E000802392F8BF2223FA00F0104005D00122222088F80000104607E088F8000028467B
:2036000003E0222088F8000028464BB0BDE8F08B00B584B04FF0FF30FEF748FF6946FEF745
:20362000B8FE4FF0FF30FEF741FF01A9FEF7B1FE4FF0FF30FEF73AFF02A9FEF7AAFE4FF0C0
:20364000FF30FEF733FF03A9FEF7A3FE6846F9F792FD04B000BD70B584B005003AD04BF68B
:203660002834C0F6000420780E4600BB4FF0FF30FEF71CFF6946FEF78CFE4FF0FF30FEF77E
:2036800015FF01A9FEF785FE4FF0FF30FEF70EFF02A9FEF77EFE4FF0FF30FEF707FF03A953
:2036A000FEF777FE6846F9F766FD0120207031462846F9F761FD00380AD0032818BF012086
:2036C00009D10020207031462846FFF7C4FF02E0002000E0012004B070BD00287FF4BBAFD9
:2036E000012070472DE9F04C0E4615461F460124012808D0112818D0412823D0122018702F
:203700002046BDE8F08C4FF0040A51464BF6347BC0F6000B5846FFF79EFFF8B1002028600B
:20372000332038702046BDE8F08C4FF0080A51464BF6087BC0F6000B5846FFF78CFF002853
:20374000ECD10BE04FF0080A51464BF6187BC0F6000B5846FFF77FFF0028DFD15246594623
:203760003046FEF71EFEC5F800A000203870BDE8F08C10B581B00124A1B11C8893F803C01D
:20378000CCEA046C240A0CEB04449B7846F6B03CC1F2030C04EB0323DCF800400094FFF7E6
:2037A0006BFC0446204601B010BDF0B589B00E461D460124022805D1042A0FD013201870F2
:2037C00020466FE0122802D1082AF7D106E00021422808BF4FF480718A42EFD1022807D034
:2037E00012281DD0422830D012201870204659E04BF63877C0F6000739464BF63470C0F618
:203800000000F9F7BBFC012806D1314638460422FEF7D0FD002844D035202870204641E074
:203820004BF61077C0F6000739464BF60870C0F60000F9F7A3FC0028EED131463846082280
:20384000FEF7B8FD0028E7D12BE001A82021FEF720FE4BF61871C0F6000101A80822FEF78D
:20386000A0FD002ED8D046F6B032C1F203024BF648701168C0F60000009130F8041B10F8F7
:20388000013CC3EA0162090A02EB014110F8022C01EB02233146024601A8FFF7EDFB0028E4
:2038A000BAD1287009B0F0BD10B54BF61C34C0F60004F9F75FFC002020732080A060A070C1
:2038C00010BD10B44BF61C34C0F6000494F800C0BCF1000F17D1A07041280BD14FF0020C7A
:2038E000616084F800C0002161701868A0602261084609E00721217084F801C01868A06029
:203900002261604600E0032010BC704710B44BF61C34C0F6000423784BB909232370002368
:203920006370A0701068A0606160184600E0032010BC704710B44BF61C34C0F600042278DE
:20394000013A0AD0073A18BF022A0CD0607880B108700020207001200CE060780870002084
:203960002070012006E0A268026000200870207000E0032010BC704710B581B04BF61C340F
:20398000C0F600042078092878D80FF20801D1E800F000BF75750628343F4A557563606818
:2039A0000DF10301FFF7D9FB002862D1606800F154014BF64870C0F600004FF48272FEF7F7
:2039C000F0FC46F6AC31C1F203010868032804D0072020700020607050E020700020607065
:2039E0004CE060680DF10301FFF7DDFB002840D1042020700020607040E060680DF103013C
:203A0000FFF75CFBA8BB052020700020607035E060680DF10301FFF7E4FB50BB06202070DC
:203A2000002060702AE060680DF10301FFF7F8FBF8B907202070002060701FE00DF103037E
:203A4000A078216904F10802FFF74CFE88B9082020700020607011E0A078A26861680DF1C2
:203A60000303FFF7A2FE20B90A2020700020607004E0012020709DF80300607001B010BDAC
:203A8000B0B4012247880024BC4216D213E000EB5433D1F800C053F8045F654538BF002267
:203AA0005B68D1F804C0634588BF002204F58034B7EB144F01D9012AE9D01046B0BC7047BC
:203AC00030B5056900246DB101462846FFF7D8FF08B9022030BD28460121FEF77CFD0028D9
:203AE00008BF0824204630BD4DF8048D46F64543C1F203031A78904208D2C0EB800046F688
:203B0000D801C1F2030101EBC00000E000205DF8048B7047014646F64543C1F203031A7878
:203B200090424FF0070028BF7047C1EB810146F6D802C1F2030212EBC10108BF7047084648
:203B4000FFF7BEBF4DF8048D46F64543C1F203031A78904208D2C0EB800046F69001C1F2B6
:203B6000030101EBC00000E000205DF8048B704746F64543C1F203031A78002191420BD21A
:203B800046F69003C1F20303D3F804C0604503D0183301319142F7D3C8B270474BF63E7359
:203BA000C0F60003188846F69001C0EB8000C1F2030101EBC000017B8068B0B3CB0825D0C2
:203BC0004BF63C7CC0F6000CBCF80020B0F800C062451FBF30F80CCF624530F80CCF624515
:203BE0001FBF30F80CCF624530F80CCF62451FBF30F80CCF624530F80CCF62451ABF30F860
:203C00000CCF624570470C30013BDFD111F007010BD04BF63C72C0F60002138802889342BE
:203C200008BF70470C300139F8D10020704770B50A2804D10224F9F718F9204670BD0228E0
:203C40000FD1FEF7E5FA0546F9F72DF90646F9F727F9044646EA0500204314BF02202046B6
:203C600070BD01240B2808BFF9F7A2FF204670BD70B50A2A04D10224F9F7F7F8204670BD0E
:203C8000022A0FD1FEF7C4FA0546F9F70CF90646F9F706F9044646EA0500204314BF022013
:203CA000204670BD01240B2A08BFF9F781FF204670BD2DE9F04C82460C4616469DF81CB024
:203CC0001F4646F64940C1F20300057845B9194610460222FEF78CFA40B13121012026E0CB
:203CE0004BF64171C0F6000100200870FEF790FAD8B90BF0F000A0280AD1012D08D139465E
:203D00005846F9F7FCFB4BF64171C0F600010D7046F62241C1F203010888AAF800003046F9
:203D2000F9F74FFF0020014601E0222101202170BDE8F08C10B50446FEF776FA00202070C3
:203D400046F64944C1F20304207838B94BF63832C0F6000211680131116010BD4BF6417118
:203D6000C0F600010020087010BD2DE9F04882B004460D46FEF74CFA002840F0B8802046D9
:203D80000421FEF715FA012803D1312028700120B2E04BF62073C0F60003C4EB840146F664
:203DA000D800C1F2030050F8312010EBC1001A6042684BF62473C0F600031A6046F6900223
:203DC000C1F2030212EBC10739684BF62873C0F60003196046F64843C1F203031E782EB9BA
:203DE00080684BF28401C0F600010860F9F797F95FFA80FBBBF1000F7DD146F66C30C1F212
:203E00000300D0F800B0BBF1000F07D146F63E41C1F20301087801285DD10BE0F9F7D0F9A7
:203E2000B0F1000B67D146F63E41C1F203010878012850D14BF62C71C0F6000138690860C4
:203E400079694BF63072C0F6000211608DE8030046F69C33C1F203031A68B0FBF2F303FB28
:203E60001203A0EB030C6FF4FF73C31AB3FBF2F707FB1233C31A6FF4FF77DB1BB1FBF2F7C2
:203E800007FB12176FF4FF7BA1EB0B0BBBFBF2FE0EFB12B2CF1B8A1A6FF4FF7BA2EB0B0200
:203EA000BB4220D09C4508BF97421CD1012E05D101A96846F9F749F99DE803004BF62043EC
:203EC000C0F600034BF62442C0F60002F9F7C6FBB0F1000B0FD12046FEF750F958B172204E
:203EE0002870012008E072202870012004E0222028704FF0010B584602B0BDE8F08870B53B
:203F000005460E461446FEF789F998B9287001203080002046F6B432C1F203022070116874
:203F2000022918BF70BD4CF29402C0F600020121117070BD012811D1722046F6B432C1F284
:203F40000302207011680120022918BF70BD4CF29402C0F600020021117070BD022070BD59
:203F6000FEF773B938B901204CF61832C0F60002A4215184704700B50622002381B0428086
:203F800000930A4641F2116100F023FC01B05DF804EB70472DE9F04C0E469346ADF5806DD0
:203FA0001F46DDF81CA4DDF82444051E0CD0DDF8200400B944B951EA030005D0BAF5FC7FDF
:203FC00098BFB4F5FC7F07D901204CF61832C0F60002A421518421E068464FF48062002192
:203FE00000F083FECDF800B036B9CDF8FCA15246394601A800F077FEFE942246DDF8201462
:2040000080A800F070FEDDF828046A46FF9041F2126128464FF4806300F020FC0DF5806DA5
:20402000BDE8F08C002818BF002A07D101204CF61832C0F60002A421518470470B4641F224
:20404000136100F050BC000010B583B04FF4FA6000F062FA00F0BEFA04464FF4FA6000F090
:2040600064FAC4B9684600F066F9041E13D19DF808009DF80510884205D19DF809009DF848
:204080000610884207D011244CF61831C0F6000140F607204884204603B010BD00B500F03E
:2040A00096FB4CF61831C0F60001C8696FF30F30C86100BD30B581B001460DF1020000F028
:2040C000F9FD041E39D100F057FFB8B9BDF802004CF67C31C0F6000101EB0010058900F030
:2040E0003DFF01280AD140F2B001C4F222010868C0F30F00A84208BF00F0C3FCBDF802007B
:204100000B281AD24CF61835C0F6000505EB0010B0F8661081B9B0F8680000F0F6FD0446A1
:20412000BDF8020005EB0010B0F872106430012903D10021C18100E0032401B0204630BD9E
:2041400070B583B0044601460DF1020000F0B2FD002840F0EC80BDF802104CF61835C0F607
:20416000000505EB0110B0F8660001280DD14FF0C8062046FFF79EFF032801D1013EF8D119
:20418000002840F0D480BDF8021005F1640205EB011041F21113B0F86C0041F21216861BE8
:2041A000722E06D210F00700022804BF0020C5F818090025ADF8044002EB0112ADF80610CC
:2041C0001289092900F2A0800FF20404D4E801F09C9C9C9C051E47515B74D11A74290AD2EC
:2041E00001A841F28416314600F0C0FB0446022840F09C8091E001A841F29416314600F009
:20420000B5FB0446022840F0918086E041F21121511A04290AD201A841F21426314600F07D
:20422000A5FB0446022840F0818076E041F22121511A042909D201A841F22426314600F06E
:2042400095FB0446022871D167E001A841F23426314600F08BFB0446022867D15DE001A81C
:2042600041F21466314600F081FB044602285DD153E001A841F25436314600F077FB044650
:20428000022853D149E041F21151511A142909D201A841F22456314600F068FB04460228FB
:2042A00044D13AE001A841F23456314600F05EFB044602283AD130E041F25141511A0429BD
:2042C00009D201A841F25446314600F04FFB044602282BD121E041F26141511A042909D223
:2042E00001A841F26446314600F040FB044602281CD112E001A841F24446314600F036FB45
:204300000446022812D108E0012010E001A8314600F02CFB0446022808D140F67C70C0F2F5
:20432000010000F0EBFC0135052DEFD3204603B070BD0000000070B58AB0054607A80C22AE
:20434000002100F0D2FC45B901224CF61831C0F60001A4204884104622E042F60370ADF8E3
:2043600000000320ADF802000120002211468DF8080007AE03A84FF00C0C80E84610684629
:2043800000F02BFB041E04D1314628460C2200F0AAFC02202872052068720420A872204608
:2043A0000AB070BD4CF61831C0F60001C86910F4706F0CBF012000207047F0B54CF61835C9
:2043C000C0F60005E86995B010F4706F04D10121A920688408466BE06846002738223946B6
:2043E00000F083FC684600F087FF041E57D10098042814BF0628022451D0032000F01EFDA6
:20440000041E4AD10426304600F018FD041E40D0013EB6B2022E09D94FEA0646300C00F01E
:204420003BFDA6F58036310C0229F7D8BCBB40F21140ADF838000220ADF83A0001208DF83E
:2044400040003846394611AB3A4683E887000EA800F0C3FA041E22D1E86900F47060B0F5BF
:20446000807F1CD100F088FD50B940F2AC01C4F222010868C0F30660042808BF00F001FBB2
:20448000013748F67C40C0F20100874209D901200EE001360A2EB6D3C8E70028C7D02046B1
:2044A00006E0E86900F47060B0F5807FDAD0204615B0F0BD30B587B00024FFF773FF01280A
:2044C00027D140F22140ADF80000022001218DF80810ADF80200214622460DF10C0C2346D6
:2044E0008CE81E0000F0D8FC684600F076FA041E0FD10225284600F0CFFC01350A2DF9D3CD
:204500004CF61831C0F60001C869012262F30B20C861204607B030BD40F6D22148434CF65C
:204520001832C0F60002506270474FF4577148434CF61832C0F600029062704710B54CF686
:204540001834C0F6000413001ED0228C904206D0A520608401200021C4F8181910BDB1F5B3
:20456000806F06D9A320608401200021C4F8181910BD0A4604F5A361184600F0B4FB002060
:20458000A061C4F8180910BD4FF4506060840120C4F8182910BD30B54CF61833C0F6000383
:2045A00099B10446B0F5806F03D9A3205884012030BD024603F58A75284600F094FB2919DC
:2045C000884214BF0220002030BD40F601505884012030BD2DE9F04C002500F069FC4CF690
:2045E0001834C0F60004D4F828A0D4F824B0E66940F61C1207462046294600F076FBE06902
:20460000360B66F30F30E061C4F828A0C4F824B000F0FCFA00F006FD77BBE0692E4610F0A4
:204620000F0F1BD100F0A8FC002808BF00F029FA013644F22C00C0F2020086420AD94FF49F
:2046400020606084012500F07CFC4FF0FF3000F0A1FCB9E0E06910F00F0FE3D0606941F2BE
:204660003421884204D1A06945F27A61884203D040F601206084012500F063FC4FF0FF3070
:2046800000F088FC002D40F09F804FF48070C4F8140104F5A361C4F81811C4F81C0146F62F
:2046A0000000C0F68910C4F8200104F12C00C4F8240104F13000C4F8280104F58A7000F0DF
:2046C00008FCC7F30F0040F20001C8F2112140EA010740F20000CFF6FF7000F07AFC0128C7
:2046E00016D12E46384600F004FCB4F86E00112812D000F041FC002808BF00F0C2F9606A2B
:204700000136864222D940F60420608401255BE0022540F601606084280036D104F58A713B
:204720000B6840F4803293421DD040F60220608401250020D4F8183504F5A361B3F5003FDF
:204740001ED040F60320608401253DE0B4F86E001128CED104F58A712846D4F8143140F452
:2047600080329342E1D104310130B0F5807FD7D3284604F5A3610B6840F400329342E0D182
:2047800004310130B0F5807FF5D329001CD140F2044204F58A7000F0A8FA40F2044204F5C3
:2047A000A360294600F0A1FAE5622563C4F81455C4F81859E169012060F30B21E161E16965
:2047C00060F30301E16165842846BDE8F08C00F01EBC2DE9F04C0F46924687B00646408834
:2047E0009B4600F029F9051E34D14CF61834C0F60004204600F0BCFA051E2BD1708800F043
:204800001DFB051E23D1708800F029FA01218DF808107188ADF80070ADF80210ADF806A08F
:20482000BDF838205946ADF8040030804FF0000C03A8634680E80E10684600F0A9FD051EE7
:2048400005D0308800F025FA708800F025FB204600F0E4FA284607B0BDE8F08C2DE9F04CE8
:204860000F46924687B0064640889B4600F0E4F8041E34D14CF61835C0F60005284600F044
:2048800077FA040023D102208DF80800ADF800703068010CADF802104FF0000EADF8040099
:2048A000ADF806E003A8F44680E8005C684600F06FFD041E18BF022805D0308800F0E9F938
:2048C000708800F0E9FA284600F0A8FA07E0012805D1308800F0DDF9708800F0DDFA07B033
:2048E0002046BDE8F08C2DE9F04C0F46924687B0064640889B4600F09FF8041E32D14CF698
:204900001835C0F60005284600F032FA040021D101208DF80800ADF800703068010CADF802
:204920000400ADF802100020ADF8060003AA014682E8030C684600F02BFD0446022805D075
:20494000308800F0A6F9708800F0A6FA284600F065FA07E0012805D1308800F09AF97088B2
:2049600000F09AFA07B02046BDE8F08CF0B587B0054640880F4600F05FF8041E2AD14CF68B
:204980001836C0F60006304600F0F2F9041E21D1ADF800702868010CADF802100021ADF879
:2049A00006100A46ADF804008C4603A80B4680E80E1001208DF80800684600F0E9FC041E41
:2049C00005D1288800F065F9688800F065FA304600F024FA204607B0F0BD70B5054640883E
:2049E00000F02AF8041E25D14CF61836C0F60006304600F0BDF9041E1CD1688800F01EFA1E
:204A0000041E14D1688800F02AF9A8800020E880284600F0BDFC0446287A022808BF002CBC
:204A200005D0A88800F035F9688800F035FA304600F0F4F9204670BD4CF61832C0F600021A
:204A4000D36913F00F03012B16D101460B294FF0000028BF70470139643202EB01120029A1
:204A6000D8BF7047D389012B01D102207047103A01390029F6DC7047092040F60621518424
:204A800070472DE9F04481B000F068FA012840F0BA8000F04EFA0446C0F3066717F0010F46
:204AA00009D000F03EFA060C314605460DF1020000F000F9E0B14CF6183AC0F6000A17F04C
:204AC000080F3ED117F0100F63D0DAF81C00012161F31340CAF81C00CAF8104000F021FAA5
:204AE000CAF80C00204600F055FA00F02AFA8AE04CF6183AC0F6000AAAF82060DAF830004D
:204B0000000CCAF81400DAF83000C0F30F00CAF81800BDF802000AEB0010A0F86E50BAF851
:204B20002010A0F87010DAF81410A0F86810DAF81810A0F86A100021A0F8661017F0080FCE
:204B4000C0D004F0FF00032818BF042812D1DAF81C00012161F31750CAF81C00CAF8104006
:204B600000F0DFF9CAF80C00204600F013FA00F0E8F948E0A620AAF82200CAF8104000F0B7
:204B8000D0F9CAF80C00204600F004FA00F0D9F939E017F0040F11D0DAF81C006FF30B20D9
:204BA000CAF81C00CAF8104000F0BBF9CAF80C00204600F0EFF900F0C4F924E017F0020F8C
:204BC00016D000F0AEF9010CCAF81410C0F30F00CAF81800200CAAF82000C4F307401228A3
:204BE00001BFDAF81C00012161F30300CAF81C00CAF8104000F095F9CAF80C00204600F0FC
:204C0000C9F900F09EF901B0BDE8F0844CF61831C0F6000101204863704747F6FF71884245
:204C20002EBF0120013080B2704730B54CF61835C0F60005686B002480B2FFF7EEFF3835A4
:204C4000A100495B814205D10024FFF7E6FF29888142F9D00134A4B20B2CF1D330BD70B5A2
:204C60000546002108464CF61836C0F6000606F1380422883AB9FFF7D8FF7063716B88B2A8
:204C80002180658070BD043401300B28F1D3084670BD00224CF65031C0F600010B88834292
:204CA00003D10020088048807047043101320B2AF4D3704710B40246072000244CF65033C2
:204CC000C0F60003B3F800C08C4506D158880B283ABF10800020012003E0043301340B2CA5
:204CE000F0D310BC704700F000BA002A08BF7047034603F8011B013AFBD17047002181421A
:204D00003CBF01318142FBD370474FF21001884204BF002070474FF22001884204BF022057
:204D200070474FF23001411A082919D201464FF23002801A062807D94CF61831C0F600012F
:204D4000AF2048840120704746F62050C1F20200405C4CF61831C0F60001488401207047FD
:204D60004CF61831C0F60001AF204884012070472DE9F04C074600264CF61835C0F600056F
:204D8000A84208D134464FF00E0A514600F051FA012825D10BE0281D874215D134464FF0F6
:204DA0000F0A5146384600F044FA012818D148F67C4BC0F2010B01365E450BD9022040F6AC
:204DC00004316984BDE8F08C012040F602316984BDE8F08C5146384600F02BFA0128EAD0EB
:204DE000AF4218D1D5F814052646B0F1FA3F12D16A6A0136964209D95146384600F052FAB4
:204E0000022040F603316984BDE8F08CD5F81405B0F1FA3FEDD02046BDE8F08C4CF6183169
:204E2000C0F60001884208BF0E2100F03B820431884218BF70470F2100F034BA30B4014688
:204E40000B2811D24CF61835C0F6000505EB011131F8642F0020012A1AD14FF22014C0F2D7
:204E60000204A24211D90BE04CF61831C0F6000140F60140488401200CE00132A24204D9ED
:204E80004FF440606884022004E00B88012BF4D001220A8030BC70470B2828BF70474CF657
:204EA0007C31C0F6000101EB001000210180704710B5BFF35F8FBFF36F8F41F28800C4F2B3
:204EC00022000468BFF35F8FBFF36F8FC4F3405010BD10B50446BFF35F8FBFF36F8F40F24F
:204EE0008C00C4F222000460BFF35F8FBFF36F8F10BD00B540F29001C4F222010860BFF362
:204F00005F8FBFF36F8F40F28801C4F222010868202262F30F000860BFF35F8FBFF36F8F91
:204F200000BD40F2B001C4F222010868BFF35F8F704740F2AC01C4F222010868BFF35F8F69
:204F4000704700B5BFF36F8F40F2B001C4F222014FF0FF300860BFF36F8F00BD40F2AC0157
:204F6000C4F222010868B0F1FF3F03D0086808B101207047002070474AF21002C4F2200238
:204F800081B01168009111F0004F14BF0120002001B0704700B581B0002000902020ADF88F
:204FA0000200BFF35F8FBFF36F8F009841F28001C4F222010860BFF35F8FBFF36F8F40F290
:204FC000AC01C4F2220100200860BFF36F8F01B000BD30B440F29004C4F22204236801464D
:204FE00003424FF0010010D0002248F67C44C0F2010440F28005C4F22205521CA24201D9B5
:20500000002002E02B690B42F7D130BC70474AF21001C4F2200108686FF3DF700860086825
:2050200000F049B810B542F60001C0F601010620088000F01BF800F032F800F03CF8BFF328
:205040006F8F40F28C04C4F22204002020606060BFF36F8F41F20014C4F22A0420686FF38F
:20506000DF702060BDE8104000F032B84AF21001C4F2200181B008680090009810F0004F56
:2050800005D0009810F0070001B000F002B801B0704742F60001C0F601010880704700B5F4
:2050A000BFF36F8F41F28801C4F2220100200860BFF36F8F00BD00B540F2000041F280011B
:2050C000C4F22201CFF6FF700860BFF36F8F00BD00B5BFF36F8F41F28801C4F222014FF4B1
:2050E00000100860BFF36F8F00BD2DE9F04C8AB004468B464FF0000A171E00F09780A1F10D
:20510000A051B1F5E03F06D31BF8011B00F8011B7F1EF9D18AE0542040F0817040F0405196
:20512000022040F000428DE8060041F28015C4F22A05A5F1800640F20001C4F22A01086813
:2051400010F0004F03D1086840F000400860306810F0004F64D140F2E041C4F2240108682A
:2051600040F002000860FF202860009802AA594682E81300781EADF81400002009903262F2
:2051800001983060BFF34F8FBFF36F8FB06A40F00100B062BFF34F8FBFF36F8F0020296858
:2051A00041F2883211F0010F05D006E02968401C11F0010F01D19042F8D3286810F0010F29
:2051C0001FD0BFF35F8F286810F0020F13D1286810F0040F0FD1286810F0200F0BD128680D
:2051E00010F0800F07D1286810F0080F03D1286810F0100F0BD00AF1010ABAF10A0F9AD30C
:2052000013E00AF1010ABAF10A0F94D30DE040F2E041C4F224010868800758BF381905D516
:205220000AF1010ABAF10A0F85D320460AB0BDE8F08C10B504460E2919D1BFF34F8FBFF399
:205240006F8F40F28001C4F22201086810F0004F07D0012020600024BFF34F8FBFF36F8F29
:205260001EE00124BFF34F8FBFF36F8F18E0BFF34F8FBFF36F8F40F2A001C4F22201086877
:2052800010F0004F07D0012020600024BFF34F8FBFF36F8F04E00124BFF34F8FBFF36F8F9A
:2052A000204610BD10B504460E2912D1BFF34F8FBFF36F8F40F28400C4F2220001686FF3F9
:2052C0000F01016000202060BFF34F8FBFF36F8F10BDBFF34F8FBFF36F8F40F2A400C4F2E4
:2052E000220001686FF30F01016000202060BFF34F8FBFF36F8F10BD00B587B038B90120A5
:205300004CF61832C0F60002A421518414E042F20621ADF800100321ADF8021001218DF829
:20532000081000231A46844603A84FF0380E80E80C506846FFF751FB07B000BD00B588B0C3
:205340000091002818BF5FEA010202D0B2F5806F07D901204CF61831C0F60001A4224A8432
:2053600014E042F22103ADF804300323ADF8063001238DF80C30CDF810D00423844605A8DF
:20538000964680E8085001A8FFF727FB08B000BDF0B505460024A4F58030FFF71AFE0128A7
:2053A00047D14CF61836C0F6000606F58A7000F580674FF0FA31C6F81415286970B1E96864
:2053C000FFF7E9F80446022806D10020386040F6035070842046F0BD98BB2869E988C1EA63
:2053E0000040F0626888012106EB0010A0F866102988A0F86C10A888C1EA00473846FFF79F
:2054000068FD6FF07E01204661F31F60FFF771FD287AB760012804D12846BDE8F04000F0C2
:2054200012B86888012106EB0010A0F872102046F0BD02244CF61831C0F6000140F6025072
:2054400048842046F0BD2DE9F04C002425464CF6183782464088C0F6000707F1640101EB65
:20546000001B0135FFF788FD90B9BBF80860FFF775FD01280CD140F2B001C4F22201086862
:20548000C0F30F00B04203D1786A854210D308E0786A854203D2BBF802100129E1D085422B
:2054A00006D3A121C7F81445ABF8024079840224201E18BFBDE8F08CFFF75EFD002808BFBB
:2054C000FFF7DFFAB86900280BD0DAF81420DAF81810BAF80400FFF731F8002818BFBDE860
:1654E000F08CBAF8020007EB0010B0F86800BDE8F04CFFF70ABCD7
:2054F800000000000000000000000000000000000000000000000000000000000000000094
:20551800000000000000000000000000000000000000000000000000000000000000000073
:20553800000000000000000000000000000000000000000000000000000000000000000053
:20555800000000000000000000000000000000000000000000000000000000000000000033
:20557800000000000000000000000000000000000000000000000000000000000000000013
:205598000000000000000000000000000000000000000000000000000000000000000000F3
:2055B8000000000000000000000000000000000000000000000000000000000000000000D3
:2055D8000000000000000000000000000000000000000000000000000000000000000000B3
:2055F800000000000000000000000000000000000000000000000000000000000000000093
:20561800000000000000000000000000000000000000000000000000000000000000000072
:20563800000000000000000000000000000000000000000000000000000000000000000052
:20565800000000000000000000000000000000000000000000000000000000000000000032
:20567800000000000000000000000000000000000000000000000000000000000000000012
:205698000000000000000000000000000000000000000000000000000000000000000000F2
:2056B8000000000000000000000000000000000000000000000000000000000000000000D2
:2056D8000000000000000000000000000000000000000000000000000000000000000000B2
:2056F800000000000000000000000000000000000000000000000000000000000000000092
:20571800000000000000000000000000000000000000000000000000000000000000000071
:20573800000000000000000000000000000000000000000000000000000000000000000051
:20575800000000000000000000000000000000000000000000000000000000000000000031
:20577800000000000000000000000000000000000000000000000000000000000000000011
:205798000000000000000000000000000000000000000000000000000000000000000000F1
:2057B8000000000000000000000000000000000000000000000000000000000000000000D1
:2057D8000000000000000000000000000000000000000000000000000000000000000000B1
:2057F800000000000000000000000000000000000000000000000000000000000000000091
:20581800000000000000000000000000000000000000000000000000000000000000000070
:20583800000000000000000000000000000000000000000000000000000000000000000050
:20585800000000000000000000000000000000000000000000000000000000000000000030
:20587800000000000000000000000000000000000000000000000000000000000000000010
:205898000000000000000000000000000000000000000000000000000000000000000000F0
:2058B8000000000000000000000000000000000000000000000000000000000000000000D0
:2058D8000000000000000000000000000000000000000000000000000000000000000000B0
:2058F800000000000000000000000000000000000000000000000000000000000000000090
:2059180000000000000000000000000000000000000000000000000000000000000000006F
:20593800000000007A4AF088E5586C457C129691B2440EAC9C513F3600000000000000005E
:2059580000000000000000000000000000000000000000000000000000000000000000002F
:20597800003021300906052B0E03021A05000414003031300D0609608648016503040201BA
:2059980005000420003021300906052B0E03021A05000414003031300D060960864801657B
:2059B800030402010500042000000000000000000000000000000000982F8A42914437718C
:2059D800CFFBC0B5A5DBB5E95BC25639F111F159A4823F92D55E1CAB98AA07D8015B831257
:2059F800BE853124C37D0C55745DBE72FEB1DE80A706DC9B74F19BC1C1699BE48647BEEF40
:205A1800C69DC10FCCA10C246F2CE92DAA84744ADCA9B05CDA88F97652513E986DC631A81A
:205A3800C82703B0C77F59BFF30BE0C64791A7D55163CA0667292914850AB72738211B2EF6
:205A5800FC6D2C4D130D385354730A65BB0A6A762EC9C281852C7292A1E8BFA24B661AA87A
:205A7800708B4BC2A3516CC719E892D1240699D685350EF470A06A1016C1A419086C371E3F
:205A98004C774827B5BCB034B30C1C394AAAD84E4FCA9C5BF36F2E68EE828F746F63A578CF
:205AB8001478C8840802C78CFAFFBE90EB6C50A4F7A3F9BEF27871C622AE28D7982F8A42B3
:205AD800CD65EF23914437712F3B4DECCFFBC0B5BCDB8981A5DBB5E938B548F35BC2563978
:205AF80019D005B6F111F1599B4F19AFA4823F9218816DDAD55E1CAB420203A398AA07D810
:205B1800BE6F7045015B83128CB2E44EBE853124E2B4FFD5C37D0C556F897BF2745DBE7221
:205B3800B196163BFEB1DE803512C725A706DC9B942669CF74F19BC1D24AF19EC1699BE44A
:205B5800E3254F388647BEEFB5D58C8BC69DC10F659CAC77CCA10C2475022B596F2CE92DE3
:205B780083E4A66EAA84744AD4FB41BDDCA9B05CB5531183DA88F976ABDF66EE52513E9884
:205B98001032B42D6DC631A83F21FB98C82703B0E40EEFBEC77F59BFC28FA83DF30BE0C652
:205BB80025A70A934791A7D56F8203E05163CA06706E0E0A67292914FC2FD246850AB72745
:205BD80026C9265C38211B2EED2AC45AFC6D2C4DDFB3959D130D3853DE63AF8B54730A6563
:205BF800A8B2773CBB0A6A76E6AEED472EC9C2813B358214852C72926403F14CA1E8BFA290
:205C1800013042BC4B661AA89197F8D0708B4BC230BE5406A3516CC71852EFD619E892D1D0
:205C380010A96555240699D62A20715785350EF4B8D1BB3270A06A10C8D0D2B816C1A419BC
:205C580053AB4151086C371E99EB8EDF4C774827A8489BE1B5BCB034635AC9C5B30C1C3990
:205C7800CB8A41E34AAAD84E73E363774FCA9C5BA3B8B2D6F36F2E68FCB2EF5DEE828F74F1
:205C9800602F17436F63A57872ABF0A11478C884EC39641A0802C78C281E6323FAFFBE907B
:205CB800E9BD82DEEB6C50A41579C6B2F7A3F9BE2B5372E3F27871C69C6126EACE3E27CAA6
:205CD80007C2C021C7B886D11EEBE0CDD67DDAEA78D16EEE7F4F7DF5BA6F1772AA67F006C1
:205CF800A698C8A2C57D630AAE0DF9BE04983F111B471C13350B711B847D0423F577DB28E3
:205D18009324C7407BABCA32BCBEC9150ABE9E3C4C0D109CC4671D43B6423ECBBED4C54C5D
:205D38002A7E65FC9C297F59ECFAD63AAB6FCB5F1758474A8C19446CA8A2A5A6A7A4A30093
:205D580000000000000000000000000000000000F5CDFD8C25DB1B33110116E7D46FD23935
:205D7800E7610720000000000000000000000000000000000000000000000000637C777BCB
:205D9800F26B6FC53001672BFED7AB76CA82C97DFA5947F0ADD4A2AF9CA472C0B7FD9326D4
:205DB800363FF7CC34A5E5F171D8311504C723C31896059A071280E2EB27B27509832C1AD1
:205DD8001B6E5AA0523BD6B329E32F8453D100ED20FCB15B6ACBBE394A4C58CFD0EFAAFBCD
:205DF800434D338545F9027F503C9FA851A3408F929D38F5BCB6DA2110FFF3D2CD0C13EC79
:205E18005F974417C4A77E3D645D197360814FDC222A908846EEB814DE5E0BDBE0323A0ABE
:205E38004906245CC2D3AC629195E479E7C8376D8DD54EA96C56F4EA657AAE08BA78252EEF
:205E58001CA6B4C6E8DD741F4BBD8B8A703EB5664803F60E613557B986C11D9EE1F8981137
:205E780069D98E949B1E87E9CE5528DF8CA1890DBFE6426841992D0FB054BB166363A5C625
:205E98007C7C84F8777799EE7B7B8DF6F2F20DFF6B6BBDD66F6FB1DEC5C554913030506043
:205EB800010103026767A9CE2B2B7D56FEFE19E7D7D762B5ABABE64D76769AECCACA458F31
:205ED80082829D1FC9C940897D7D87FAFAFA15EF5959EBB24747C98EF0F00BFBADADEC417B
:205EF800D4D467B3A2A2FD5FAFAFEA459C9CBF23A4A4F753727296E4C0C05B9BB7B7C27576
:205F1800FDFD1CE19393AE3D26266A4C36365A6C3F3F417EF7F702F5CCCC4F8334345C6875
:205F3800A5A5F451E5E534D1F1F108F9717193E2D8D873AB3131536215153F2A04040C081D
:205F5800C7C7529523236546C3C35E9D181828309696A13705050F0A9A9AB52F0707090E56
:205F78001212362480809B1BE2E23DDFEBEB26CD2727694EB2B2CD7F75759FEA09091B12C5
:205F980083839E1D2C2C74581A1A2E341B1B2D366E6EB2DC5A5AEEB4A0A0FB5B5252F6A441
:205FB8003B3B4D76D6D661B7B3B3CE7D29297B52E3E33EDD2F2F715E848497135353F5A6FB
:205FD800D1D168B900000000EDED2CC120206040FCFC1FE3B1B1C8795B5BEDB66A6ABED4E3
:205FF800CBCB468DBEBED96739394B724A4ADE944C4CD4985858E8B0CFCF4A85D0D06BBBB0
:20601800EFEF2AC5AAAAE54FFBFB16ED4343C5864D4DD79A33335566858594114545CF8A8B
:20603800F9F910E9020206047F7F81FE5050F0A03C3C44789F9FBA25A8A8E34B5151F3A29C
:20605800A3A3FE5D4040C0808F8F8A059292AD3F9D9DBC2138384870F5F504F1BCBCDF6332
:20607800B6B6C177DADA75AF2121634210103020FFFF1AE5F3F30EFDD2D26DBFCDCD4C8110
:206098000C0C141813133526ECEC2FC35F5FE1BE9797A2354444CC881717392EC4C4579314
:2060B800A7A7F2557E7E82FC3D3D477A6464ACC85D5DE7BA19192B32737395E66060A0C0D7
:2060D800818198194F4FD19EDCDC7FA3222266442A2A7E549090AB3B8888830B4646CA8C74
:2060F800EEEE29C7B8B8D36B14143C28DEDE79A75E5EE2BC0B0B1D16DBDB76ADE0E03BDB54
:20611800323256643A3A4E740A0A1E144949DB9206060A0C24246C485C5CE4B8C2C25D9FDC
:20613800D3D36EBDACACEF436262A6C49191A8399595A431E4E437D379798BF2E7E732D5A6
:20615800C8C8438B3737596E6D6DB7DA8D8D8C01D5D564B14E4ED29CA9A9E0496C6CB4D8DA
:206178005656FAACF4F407F3EAEA25CF6565AFCA7A7A8EF4AEAEE94708081810BABAD56FD6
:20619800787888F025256F4A2E2E725C1C1C2438A6A6F157B4B4C773C6C65197E8E823CB56
:2061B800DDDD7CA174749CE81F1F213E4B4BDD96BDBDDC618B8B860D8A8A850F707090E086
:2061D8003E3E427CB5B5C4716666AACC4848D89003030506F6F601F70E0E121C6161A3C22E
:2061F80035355F6A5757F9AEB9B9D06986869117C1C158991D1D273A9E9EB927E1E138D9A3
:20621800F8F813EB9898B32B111133226969BBD2D9D970A98E8E89079494A7339B9BB62D02
:206238001E1E223C87879215E9E920C9CECE49875555FFAA28287850DFDF7AA58C8C8F03DE
:20625800A1A1F859898980090D0D171ABFBFDA65E6E631D74242C6846868B8D04141C3822F
:206278009999B0292D2D775A0F0F111EB0B0CB7B5454FCA8BBBBD66D16163A2C52096AD5AC
:206298003036A538BF40A39E81F3D7FB7CE339829B2FFF87348E4344C4DEE9CB547B94327F
:2062B800A6C2233DEE4C950B42FAC34E082EA16628D924B2765BA2496D8BD12572F8F66455
:2062D80086689816D4A45CCC5D65B6926C704850FDEDB9DA5E154657A78D9D8490D8AB00F7
:2062F8008CBCD30AF7E45805B8B34506D02C1E8FCA3F0F02C1AFBD0301138A6B3A9111415A
:206318004F67DCEA97F2CFCEF0B4E67396AC7422E7AD3585E2F937E81C75DF6E47F11A7105
:206338001D29C5896FB7620EAA18BE1BFC563E4BC6D279209ADBC0FE78CD5AF41FDDA833D7
:206358008807C731B11210592780EC5F60517FA919B54A0D2DE57A9F93C99CEFA0E03B4D68
:20637800AE2AF5B0C8EBBB3C83539961172B047EBA77D626E169146355210C7D51F4A75021
:206398007E4165531A17A4C33A275E963BAB6BCB1F9D45F1ACFA58AB4BE303932030FA5567
:2063B800AD766DF688CC7691F5024C254FE5D7FCC52ACBD726354480B562A38FDEB15A494A
:2063D80025BA1B6745EA0E985DFEC0E1C32F7502814CF0128D4697A36BD3F9C6038F5FE759
:2063F80015929C95BF6D7AEB955259DAD4BE832D587421D349E069298EC9C84475C2896AB8
:20641800F48E797899583E6B27B971DDBEE14FB6F088AD17C920AC667DCE3AB463DF4A1871
:20643800E51A31829751336062537F45B16477E0BB6BAE84FE81A01CF9082B947048685867
:206458008F45FD1994DE6C87527BF8B7AB73D323724B02E2E31F8F576655AB2AB2EB280760
:206478002FB5C20386C57B9AD33708A5302887F223BFA5B202036ABAED16825C8ACF1C2B90
:20649800A779B492F307F2F04E69E2A165DAF4CD0605BED5D134621FC4A6FE8A342E539D00
:2064B800A2F355A0058AE132A4F6EB750B83EC394060EFAA5E719F06BD6E10513E218AF9D0
:2064D80096DD063DDD3E05AE4DE6BD4691548DB571C45D050406D46F605015FF1998FB244B
:2064F800D6BDE997894043CC67D99E77B0E842BD07898B88E7195B3879C8EEDBA17C0A47FF
:206518007C420FE9F8841EC90000000009808683322BED481E1170AC6C5A724EFD0EFFFB50
:206538000F8538563DAED51E362D39270A0FD964685CA6219B5B54D124362E3A0C0A67B194
:206558009357E70FB4EE96D21B9B919E80C0C54F61DC20A25A774B691C121A16E293BA0AE5
:20657800C0A02AE53C22E043121B171D0E090D0BF28BC7AD2DB6A8B9141EA9C857F11985C5
:20659800AF75074CEE99DDBBA37F60FDF701269F5C72F5BC44663BC55BFB7E348B43297673
:2065B800CB23C6DCB6EDFC68B8E4F163D731DCCA426385101397224084C61120854A247D5D
:2065D800D2BB3DF8AEF93211C729A16D1D9E2F4BDCB230F30D8652EC77C1E3D02BB3166CF7
:2065F800A970B999119448FA47E96422A8FC8CC4A0F03F1A567D2CD8223390EF87494EC70E
:20661800D938D1C18CCAA2FE98D40B36A6F581CFA57ADE28DAB78E263FADBFA42C3A9DE491
:206638005078920D6A5FCC9B547E4662F68D13C290D8B8E82E39F75E82C3AFF59F5D80BEF2
:2066580069D0937C6FD52DA9CF2512B3C8AC993B10187DA7E89C636EDB3BBB7BCD2678095E
:206678006E5918F4EC9AB701834F9AA8E6956E65AAFFE67E21BCCF08EF15E8E6BAE79BD9E7
:206698004A6F36CEEA9F09D429B07CD631A4B2AF2A3F2331C6A5943035A266C0744EBC37C0
:2066B800FC82CAA6E090D0B033A7D815F104984A41ECDAF77FCD500E1791F62F764DD68DAB
:2066D80043EFB04DCCAA4D54E49604DF9ED1B5E34C6A881BC12C1FB84665517F9D5EEA0477
:2066F800018C355DFA877473FB0B412EB3671D5A92DBD252E91056336DD647139AD7618CE7
:2067180037A10C7A59F8148EEB133C89CEA927EEB761C935E11CE5ED7A47B13C9CD2DF5988
:2067380055F2733F1814CE7973C737BF53F7CDEA5FFDAA5BDF3D6F147844DB86CAAFF3819A
:20675800B968C43E3824342CC2A3405F161DC372BCE2250C283C498BFF0D954139A801719A
:20677800080CB3DED8B4E49C6456C1907BCB8461D532B670486C5C74D0B857420000000048
:206798000000000000000000000000000000000000000000000000000000000000000000E1
:2067B8000000000000000000000000000000000000000000000000000000000000000000C1
:2067D8000000000000000000000000000000000000000000000000000000000000000000A1
:2067F800000000000000000000000000000000000000000000000000000000000000000081
:20681800000000000000000000000000000000000000000000000000000000000000000060
:20683800000000000000000000000000000000000000000000000000000000000000000040
:1C6858000000000000000000000000000000000000000000000000000000000024
:206878000600000004000000000000000000000000000000000000000000000000000000F6
:2068980000000000000000000000000000000000008A041001000000000000000000000041
:2068B8000000000000000000000000000200000000000000000000000000000000000000BE
:2068D80000800210FF7F04100083021000820210108202100000000000800410FFFF2010ED
:2068F80000890410008804101088041001070000008D0410FF8E0410208D0410008D0410EF
:206918000C8D0410020700003B49211B3B491B213B49222B3B492B223B49233B3B493B23C3
:206938003B49244B3B494B243B49311C3B491C313B49322C3B492C323B49333C3B493C330D
:206958003B49344C3B494C343B49355C3B495C35B348DFD7A177F5F19D83B29B5C70C0D570
:20697800CC0CFE645926D55E031A9B97B300EE21D11E4E2C730F41AC037D85D99EF47A62DE
:20699800416C9B813018A6CF7267E88557C4AEF82AFBBA6D45181A0F333B14F68A3F8717A1
:2069B8006DFE4A56F18D0BE7ADCDEE87B329BE4F4AED584E40603EE9A89D57F612691D217D
:2069D800CA34A8A4C1B38FCE662FCF8F7246D8FCEBD563C2BC0E428B4C7F78E74FCB24DC45
:2069F8001DE34C52CE0D852E6ADE4A9D3DD7CA100FC9985A809B5E9F7C17590219AFD9B80D
:206A180016A08589904A5139FD0DFDF136998C6421F361077A9FD9339C6A4A46E3CDAE00EA
:206A38004E51EAE70014C0EBC010BAACE86FFF29D49F61432F1E07FA1F5A05C7F0363E94B8
:206A5800B5A61B3FBA5DAEC733B2875CE9E5F6E1B4D084E98C88507C20011837D843C0E470
:206A7800E10A99C75220283FAB7474CD87BA84BFC2E7AD2CB4CCF0C3AB1E5CEA14456B8CE2
:206A9800DCE7CEA11E36D9E7FDA41AD41682D347E85EDB9B6D00FDC81514B3E8B47EEC2C5B
:206AB800FEB7FD9F30BC228063C2407F55344B0465FFD253EF89BEE35CCBA85434D5B5AAF6
:206AD800929AB9222E673AF42A7F48A8E588850716C4374DC3512F652939CE3C7B0B8CE5D9
:206AF80050153EAEEFA30BCE18F8002035C637782EA75CDA7980B5B809DF1E0F0FE4C46249
:206B1800A04E6C331C072E18066EE69E2389ED7A234AC4A1A3F511CA5D84139FC263B91492
:206B3800FC75585152ED77F7E13F69C172EBF1D33E575191BC1913A589BA0C811445FF7768
:206B580032E344C43BF5504C48E77BF8B2A6B59B070000000200000004000000A00000003D
:206B7800100000009F00000007000000000000000300000002000000010000000000000041
:206B9800200000000000000000A0000810A00008C800000001000000000000000200000092
:206BB80001000000001000002000000000000000F4010000000000000E0000000500000084
:206BD8000100000004000000F40100000000000000000000000000000000000000000000A3
:206BF8000000000000000000000000000000000000000000000000000000000000005240EB
:206C180000045240B40000000208020800000000000000000000000000002C072407DF07BA
:206C380000FF01FF00030032020100FF0103010100000001010101000003000000000000F9
:206C58000200000024070000000000000000000008000000DF0700000000000001000100FF
:206C7800080000002C070000000000000000000001000100000108000100000001000100B3
:206C98000001000000000100010100000000000088130000881300000100FF008813000007
:206CB800881300000000FF0000000100FF00000000000000881388138813000086F10100D9
:206CD8000102000001000307800000000000030780000000010003078000000000FF0102F7
:206CF8000400000001FF0102040000000003800703000000000003078000010003078000CF
:206D1800020003078000030003078000008000110109410221010401110003078000120090
:206D380003078000110000000800000008000000000002000200000041000000000100004A
:206D580008000000000002005A0200000100000004000000040000000000020002000000A8
:206D7800010003078000020003078000010003078000020003078000030003058000000042
:206D9800FA00A8610100FA00A8610200FA00A86103000000010100020200030400000000BF
:206DB8007F0903101002030780010301846D0310190B03101102030780010101DC6C031049
:206DD800E90B03102702030780010201306D0310D70E031022030307800001020000000083
:206DF800370F03103104030780010101EC6C03101B13031034050302010000000000000075
:206E18008F1503103602030201000000000000005F1703103701030201000000000000009E
:206E3800B10B03103E02030780010101E46C03104D18031028030307800104010C6D03107C
:206E5800E51803108502030780010201786D031050A0000800800410FFFF20100001000042
:206E78000100000050A00008008D0410FF8E041000010000010000000000000000000000BD
:206E98000000000000000000000000000102040000800210000002000001000000800410AA
:206EB80000801C0006020000008D041000020000060400000100010101020102040000005C
:206ED800AAAAAAAAAAAAAAAAAAAAAAAAAAAAAAAA090C0C1010141418182020303040000081
:206EF80004080200010302000000C1C081C1400101C3C003800241C201C6C006800741C73A
:206F18000005C1C581C4400401CCC00C800D41CD000FC1CF81CE400E000AC1CA81CB400BA9
:206F380001C9C009800841C801D8C018801941D9001BC1DB81DA401A001EC1DE81DF401FC9
:206F580001DDC01D801C41DC0014C1D481D5401501D7C017801641D601D2C012801341D3A9
:206F78000011C1D181D0401001F0C030803141F10033C1F381F240320036C1F681F7403749
:206F980001F5C035803441F4003CC1FC81FD403D01FFC03F803E41FE01FAC03A803B41FB29
:206FB8000039C1F981F840380028C1E881E9402901EBC02B802A41EA01EEC02E802F41EFC9
:206FD800002DC1ED81EC402C01E4C024802541E50027C1E781E640260022C1E281E3402329
:206FF80001E1C021802041E001A0C060806141A10063C1A381A240620066C1A681A7406749
:2070180001A5C065806441A4006CC1AC81AD406D01AFC06F806E41AE01AAC06A806B41ABA8
:207038000069C1A981A840680078C1B881B9407901BBC07B807A41BA01BEC07E807F41BFC8
:20705800007DC1BD81BC407C01B4C074807541B50077C1B781B640760072C1B281B34073A8
:2070780001B1C071807041B00050C190819140510193C053805241920196C0568057419748
:207098000055C19581944054019CC05C805D419D005FC19F819E405E005AC19A819B405B28
:2070B8000199C059805841980188C04880494189004BC18B818A404A004EC18E818F404FC8
:2070D800018DC04D804C418C0044C184818540450187C047804641860182C0428043418328
:2070F8000041C181818040400001020304050607080C101418203040020000000000000076
:2071180008000000000000000000000002000000040000000300000006000000020000003E
:207138000C0000000000000003000000000000000E00000000000000170000000000000003
:207158001100000000000000160000000000000012000000060000001400000003000000C1
:207178000F00000000000000130000000000000003000000060000000C00000004000000BC
:2071980015000000050000001E000000020000000700000003000000140000000600000079
:2071B800200000000600000002000000010000000800000001000000000000000300000082
:2071D800040000000400000006000000030000000C00000001000000030000000100000075
:2071F8000E0000000100000017000000010000001100000001000000160000000100000027
:20721800120000000700000014000000040000000F00000001000000130000000100000001
:2072380003000000070000000C000000050000001E000000030000000700000004000000EF
:207258001400000007000000200000000700000000000000010000000000000000000000D3
:0C727800BAC000080100000012BADCFEE1
:207288000000000000890410FD00000001000000000000FF00000000000000002407000021
:1C72A8000000000000000000DF07010000AA01AA0000000000000000000000008E
:2072D0000100010191A100082BA2000831A20008BDA200080000000010B440F22002C4F27C
:2072F00022024FF0FF3353604BF25003C0F600034FF0000C644683E81010D2F800C0BCF136
:20731000000F1AD040F20014C1F200448C4683E81010D360012191601C3211680029FCD4C4
:207330004FF20442C4F2240211680029FCD11968B1F1204F01D1002100E04121818010BCD7
:207350007047F0B44BF25005C0F600054FF0000C64466646674685E8D010002B4CD0002A69
:207370004AD040F22004C4F22204D4F800C0BCF1000FFAD440F20016C0F201662E60A7689D
:20739000A96047F00107A760EB6004F11C07202A07D2083108334FF0030CC5F804C0083A83
:2073B00014E0B2F5007F07D2203120334FF0050CC5F804C0203A09E001F5007103F5007340
:2073D000A2F500724FF0090CC5F804C0D7F800C0BCF1000FFAD44FF20447C4F22407D7F86A
:2073F00000C0BCF1000FFAD1D5F800C0BCF1204F02D1002AB9D100E061228280F0BC70473E
:207410008178012906BF41780029704740F22403C4F222034FF0FF321A604FF20043C4F283
:20743000240301221A604BF2500240F22C03C4F22203C0F600021A604EF20012CEF2000267
:20745000032313606FF00303C2F880304BF6E4614023C2F80033C0F600014FF0805240F2E4
:207470000003C4F224038A601A68D2040AD440F20003C1F21F0303F5003281E80C00002132
:207490008180704748F20003C1F20F0303F5803281E80C0000218180704700218180704751
:2074B00070B5041E08BF70BDC56881684BF6E4668162C0F60006002033686A189A4225D82B
:2074D000B268914222D3726891421CD2B5F5004F1CD3A0802046FFF7FFFEA18811BB6169FF
:2074F00009B101208847A1687068884211D901F50041A1603068A5F50045884298BF70BD40
:20751000002DE7D170BDB5F5005FE2D24120A08070BD01F50051A1603068A5F50055884245
:20753000EED870BD41F04100A08070BDF0B506464BF6E464C0F600044BF6F065C0F6000504
:207550000020E860A860B16829603369F2686B6012F0070F28D14FF20447C4F2240738682A
:20757000000602D00220B080F0BDD4F800C05018604519D8A068814216D33046FFF7E1FE9B
:20759000B08870B9716909B101208847E8680130E860F26895E80A009B18881885E8090083
:0E75B000F0BD612818BFF0BD6120B080F0BDB5
:2075C0004BF63031C0F60001087801300870C0B2022818BF704740F28C22C4F231021060C6
:2075E00000200870704710B54BF2F864C0F600042079012804BF2078012808D14BF28C013B
:20760000C0F600010878012808BF00F01BF8BDE81040FFF7D5BF02283FF4E5AF012818BFD0
:2076200070474BF2F860C0F600000179012906BF0178012970474DF63501C1F20201816075
:20764000806800474CF24001C4F226010868012262F3010008600868022262F301000860FC
:1C76600051F8040F40F0010008604CF24001C4F22601086840F0030008607047FB
:020000040801F1
:022800000600D0
:0400000510028080E5
:00000001FF
